ISO-10303-21;
HEADER;
FILE_DESCRIPTION(('Open CASCADE Model'),'2;1');
FILE_NAME('Open CASCADE Shape Model','2026-10-04T03:31:49',('Author'),(
    'Open CASCADE'),'Open CASCADE STEP processor 7.9','Open CASCADE 7.9'
  ,'Unknown');
FILE_SCHEMA(('AUTOMOTIVE_DESIGN { 1 0 10303 214 1 1 1 1 }'));
ENDSEC;
DATA;
#1 = APPLICATION_PROTOCOL_DEFINITION('international standard',
  'automotive_design',2000,#2);
#2 = APPLICATION_CONTEXT(
  'core data for automotive mechanical design processes');
#3 = SHAPE_DEFINITION_REPRESENTATION(#4,#10);
#4 = PRODUCT_DEFINITION_SHAPE('','',#5);
#5 = PRODUCT_DEFINITION('design','',#6,#9);
#6 = PRODUCT_DEFINITION_FORMATION('','',#7);
#7 = PRODUCT('Open CASCADE STEP translator 7.9 1',
  'Open CASCADE STEP translator 7.9 1','',(#8));
#8 = PRODUCT_CONTEXT('',#2,'mechanical');
#9 = PRODUCT_DEFINITION_CONTEXT('part definition',#2,'design');
#10 = ADVANCED_BREP_SHAPE_REPRESENTATION('',(#11,#15),#13240);
#11 = AXIS2_PLACEMENT_3D('',#12,#13,#14);
#12 = CARTESIAN_POINT('',(0.,0.,0.));
#13 = DIRECTION('',(0.,0.,1.));
#14 = DIRECTION('',(1.,0.,-0.));
#15 = MANIFOLD_SOLID_BREP('',#16);
#16 = CLOSED_SHELL('',(#17,#1362,#1717,#2109,#2426,#2545,#2600,#2655,
    #2710,#2765,#2820,#2875,#2930,#2985,#3040,#3095,#3150,#3205,#3260,
    #3315,#3370,#3425,#3480,#3535,#3590,#3645,#3700,#3755,#3810,#3865,
    #3920,#3975,#4030,#4085,#4140,#4195,#4250,#4305,#4360,#4415,#4470,
    #4652,#4714,#4985,#5357,#5406,#5665,#5742,#5908,#5967,#6158,#6213,
    #6374,#6433,#7006,#7211,#7253,#7257,#7261,#7265,#7269,#7273,#7277,
    #7281,#7285,#7289,#7293,#7297,#7301,#7305,#7309,#7313,#7317,#7321,
    #7325,#7329,#7333,#7337,#7341,#7345,#7349,#7353,#7357,#7361,#7365,
    #7369,#7373,#7377,#7381,#7385,#7389,#7393,#7807,#7834,#7910,#7964,
    #8013,#8063,#8112,#8162,#8211,#8239,#8318,#8372,#8725,#9064,#9140,
    #9262,#9319,#9395,#9422,#9793,#9857,#9914,#9990,#10365,#11173,#11200
    ,#11257,#11284,#11311,#11415,#11492,#11593,#11665,#11714,#11810,
    #11859,#11886,#11955,#12009,#12056,#12110,#12157,#12211,#12258,
    #12290,#12351,#12412,#12473,#12494,#12549,#12555,#12631,#12637,
    #12692,#12698,#12753,#12759,#12811,#12863,#12915,#12970,#12997,
    #13077,#13122,#13171,#13196,#13203,#13210,#13217,#13221,#13225,
    #13229,#13233));
#17 = ADVANCED_FACE('',(#18,#137,#172,#207,#242,#277,#312,#347,#382,#417
    ,#452,#487,#522,#557,#592,#627,#662,#697,#732,#767,#802,#837,#872,
    #907,#942,#977,#1012,#1047,#1082,#1117,#1152,#1187,#1222,#1257,#1292
    ,#1327),#32,.F.);
#18 = FACE_BOUND('',#19,.F.);
#19 = EDGE_LOOP('',(#20,#55,#83,#111));
#20 = ORIENTED_EDGE('',*,*,#21,.T.);
#21 = EDGE_CURVE('',#22,#24,#26,.T.);
#22 = VERTEX_POINT('',#23);
#23 = CARTESIAN_POINT('',(-1.7763568394E-15,70.,0.));
#24 = VERTEX_POINT('',#25);
#25 = CARTESIAN_POINT('',(-2.6645352591E-15,70.,96.));
#26 = SURFACE_CURVE('',#27,(#31,#43),.PCURVE_S1.);
#27 = LINE('',#28,#29);
#28 = CARTESIAN_POINT('',(-1.7763568394E-15,70.,0.));
#29 = VECTOR('',#30,1.);
#30 = DIRECTION('',(0.,0.,1.));
#31 = PCURVE('',#32,#37);
#32 = PLANE('',#33);
#33 = AXIS2_PLACEMENT_3D('',#34,#35,#36);
#34 = CARTESIAN_POINT('',(0.,0.,0.));
#35 = DIRECTION('',(1.,0.,0.));
#36 = DIRECTION('',(0.,0.,1.));
#37 = DEFINITIONAL_REPRESENTATION('',(#38),#42);
#38 = LINE('',#39,#40);
#39 = CARTESIAN_POINT('',(0.,-70.));
#40 = VECTOR('',#41,1.);
#41 = DIRECTION('',(1.,0.));
#42 = ( GEOMETRIC_REPRESENTATION_CONTEXT(2) 
PARAMETRIC_REPRESENTATION_CONTEXT() REPRESENTATION_CONTEXT('2D SPACE',''
  ) );
#43 = PCURVE('',#44,#49);
#44 = CYLINDRICAL_SURFACE('',#45,10.);
#45 = AXIS2_PLACEMENT_3D('',#46,#47,#48);
#46 = CARTESIAN_POINT('',(10.,70.,0.));
#47 = DIRECTION('',(0.,0.,1.));
#48 = DIRECTION('',(-1.,-0.,0.));
#49 = DEFINITIONAL_REPRESENTATION('',(#50),#54);
#50 = LINE('',#51,#52);
#51 = CARTESIAN_POINT('',(-0.,0.));
#52 = VECTOR('',#53,1.);
#53 = DIRECTION('',(-0.,1.));
#54 = ( GEOMETRIC_REPRESENTATION_CONTEXT(2) 
PARAMETRIC_REPRESENTATION_CONTEXT() REPRESENTATION_CONTEXT('2D SPACE',''
  ) );
#55 = ORIENTED_EDGE('',*,*,#56,.F.);
#56 = EDGE_CURVE('',#57,#24,#59,.T.);
#57 = VERTEX_POINT('',#58);
#58 = CARTESIAN_POINT('',(-2.6645352591E-15,10.,96.));
#59 = SURFACE_CURVE('',#60,(#64,#71),.PCURVE_S1.);
#60 = LINE('',#61,#62);
#61 = CARTESIAN_POINT('',(-3.552713678801E-15,0.,96.));
#62 = VECTOR('',#63,1.);
#63 = DIRECTION('',(-0.,1.,-0.));
#64 = PCURVE('',#32,#65);
#65 = DEFINITIONAL_REPRESENTATION('',(#66),#70);
#66 = LINE('',#67,#68);
#67 = CARTESIAN_POINT('',(96.,0.));
#68 = VECTOR('',#69,1.);
#69 = DIRECTION('',(0.,-1.));
#70 = ( GEOMETRIC_REPRESENTATION_CONTEXT(2) 
PARAMETRIC_REPRESENTATION_CONTEXT() REPRESENTATION_CONTEXT('2D SPACE',''
  ) );
#71 = PCURVE('',#72,#77);
#72 = CYLINDRICAL_SURFACE('',#73,16.);
#73 = AXIS2_PLACEMENT_3D('',#74,#75,#76);
#74 = CARTESIAN_POINT('',(16.,0.,96.));
#75 = DIRECTION('',(-0.,1.,-0.));
#76 = DIRECTION('',(0.,0.,1.));
#77 = DEFINITIONAL_REPRESENTATION('',(#78),#82);
#78 = LINE('',#79,#80);
#79 = CARTESIAN_POINT('',(-1.570796326795,0.));
#80 = VECTOR('',#81,1.);
#81 = DIRECTION('',(-0.,1.));
#82 = ( GEOMETRIC_REPRESENTATION_CONTEXT(2) 
PARAMETRIC_REPRESENTATION_CONTEXT() REPRESENTATION_CONTEXT('2D SPACE',''
  ) );
#83 = ORIENTED_EDGE('',*,*,#84,.F.);
#84 = EDGE_CURVE('',#85,#57,#87,.T.);
#85 = VERTEX_POINT('',#86);
#86 = CARTESIAN_POINT('',(-1.7763568394E-15,10.,0.));
#87 = SURFACE_CURVE('',#88,(#92,#99),.PCURVE_S1.);
#88 = LINE('',#89,#90);
#89 = CARTESIAN_POINT('',(-1.7763568394E-15,10.,0.));
#90 = VECTOR('',#91,1.);
#91 = DIRECTION('',(0.,0.,1.));
#92 = PCURVE('',#32,#93);
#93 = DEFINITIONAL_REPRESENTATION('',(#94),#98);
#94 = LINE('',#95,#96);
#95 = CARTESIAN_POINT('',(0.,-10.));
#96 = VECTOR('',#97,1.);
#97 = DIRECTION('',(1.,0.));
#98 = ( GEOMETRIC_REPRESENTATION_CONTEXT(2) 
PARAMETRIC_REPRESENTATION_CONTEXT() REPRESENTATION_CONTEXT('2D SPACE',''
  ) );
#99 = PCURVE('',#100,#105);
#100 = CYLINDRICAL_SURFACE('',#101,10.);
#101 = AXIS2_PLACEMENT_3D('',#102,#103,#104);
#102 = CARTESIAN_POINT('',(10.,10.,0.));
#103 = DIRECTION('',(0.,0.,1.));
#104 = DIRECTION('',(-1.,-0.,0.));
#105 = DEFINITIONAL_REPRESENTATION('',(#106),#110);
#106 = LINE('',#107,#108);
#107 = CARTESIAN_POINT('',(0.,0.));
#108 = VECTOR('',#109,1.);
#109 = DIRECTION('',(0.,1.));
#110 = ( GEOMETRIC_REPRESENTATION_CONTEXT(2) 
PARAMETRIC_REPRESENTATION_CONTEXT() REPRESENTATION_CONTEXT('2D SPACE',''
  ) );
#111 = ORIENTED_EDGE('',*,*,#112,.T.);
#112 = EDGE_CURVE('',#85,#22,#113,.T.);
#113 = SURFACE_CURVE('',#114,(#118,#125),.PCURVE_S1.);
#114 = LINE('',#115,#116);
#115 = CARTESIAN_POINT('',(0.,0.,0.));
#116 = VECTOR('',#117,1.);
#117 = DIRECTION('',(0.,1.,0.));
#118 = PCURVE('',#32,#119);
#119 = DEFINITIONAL_REPRESENTATION('',(#120),#124);
#120 = LINE('',#121,#122);
#121 = CARTESIAN_POINT('',(0.,0.));
#122 = VECTOR('',#123,1.);
#123 = DIRECTION('',(0.,-1.));
#124 = ( GEOMETRIC_REPRESENTATION_CONTEXT(2) 
PARAMETRIC_REPRESENTATION_CONTEXT() REPRESENTATION_CONTEXT('2D SPACE',''
  ) );
#125 = PCURVE('',#126,#131);
#126 = PLANE('',#127);
#127 = AXIS2_PLACEMENT_3D('',#128,#129,#130);
#128 = CARTESIAN_POINT('',(0.,0.,0.));
#129 = DIRECTION('',(0.,0.,1.));
#130 = DIRECTION('',(1.,0.,0.));
#131 = DEFINITIONAL_REPRESENTATION('',(#132),#136);
#132 = LINE('',#133,#134);
#133 = CARTESIAN_POINT('',(0.,0.));
#134 = VECTOR('',#135,1.);
#135 = DIRECTION('',(0.,1.));
#136 = ( GEOMETRIC_REPRESENTATION_CONTEXT(2) 
PARAMETRIC_REPRESENTATION_CONTEXT() REPRESENTATION_CONTEXT('2D SPACE',''
  ) );
#137 = FACE_BOUND('',#138,.F.);
#138 = EDGE_LOOP('',(#139));
#139 = ORIENTED_EDGE('',*,*,#140,.T.);
#140 = EDGE_CURVE('',#141,#141,#143,.T.);
#141 = VERTEX_POINT('',#142);
#142 = CARTESIAN_POINT('',(0.,59.3,43.));
#143 = SURFACE_CURVE('',#144,(#149,#160),.PCURVE_S1.);
#144 = CIRCLE('',#145,1.3);
#145 = AXIS2_PLACEMENT_3D('',#146,#147,#148);
#146 = CARTESIAN_POINT('',(0.,58.,43.));
#147 = DIRECTION('',(-1.,0.,0.));
#148 = DIRECTION('',(0.,1.,0.));
#149 = PCURVE('',#32,#150);
#150 = DEFINITIONAL_REPRESENTATION('',(#151),#159);
#151 = ( BOUNDED_CURVE() B_SPLINE_CURVE(2,(#152,#153,#154,#155,#156,#157
,#158),.UNSPECIFIED.,.T.,.F.) B_SPLINE_CURVE_WITH_KNOTS((1,2,2,2,2,1),(
    -2.094395102393,0.,2.094395102393,4.188790204786,6.28318530718,
8.377580409573),.UNSPECIFIED.) CURVE() GEOMETRIC_REPRESENTATION_ITEM() 
RATIONAL_B_SPLINE_CURVE((1.,0.5,1.,0.5,1.,0.5,1.)) REPRESENTATION_ITEM(
  '') );
#152 = CARTESIAN_POINT('',(43.,-59.3));
#153 = CARTESIAN_POINT('',(40.74833395016,-59.3));
#154 = CARTESIAN_POINT('',(41.87416697508,-57.35));
#155 = CARTESIAN_POINT('',(43.,-55.4));
#156 = CARTESIAN_POINT('',(44.12583302492,-57.35));
#157 = CARTESIAN_POINT('',(45.25166604984,-59.3));
#158 = CARTESIAN_POINT('',(43.,-59.3));
#159 = ( GEOMETRIC_REPRESENTATION_CONTEXT(2) 
PARAMETRIC_REPRESENTATION_CONTEXT() REPRESENTATION_CONTEXT('2D SPACE',''
  ) );
#160 = PCURVE('',#161,#166);
#161 = CYLINDRICAL_SURFACE('',#162,1.3);
#162 = AXIS2_PLACEMENT_3D('',#163,#164,#165);
#163 = CARTESIAN_POINT('',(-1.,58.,43.));
#164 = DIRECTION('',(-1.,-0.,-0.));
#165 = DIRECTION('',(0.,1.,0.));
#166 = DEFINITIONAL_REPRESENTATION('',(#167),#171);
#167 = LINE('',#168,#169);
#168 = CARTESIAN_POINT('',(-6.28318530718,-1.));
#169 = VECTOR('',#170,1.);
#170 = DIRECTION('',(1.,-0.));
#171 = ( GEOMETRIC_REPRESENTATION_CONTEXT(2) 
PARAMETRIC_REPRESENTATION_CONTEXT() REPRESENTATION_CONTEXT('2D SPACE',''
  ) );
#172 = FACE_BOUND('',#173,.F.);
#173 = EDGE_LOOP('',(#174));
#174 = ORIENTED_EDGE('',*,*,#175,.T.);
#175 = EDGE_CURVE('',#176,#176,#178,.T.);
#176 = VERTEX_POINT('',#177);
#177 = CARTESIAN_POINT('',(0.,53.3,43.));
#178 = SURFACE_CURVE('',#179,(#184,#195),.PCURVE_S1.);
#179 = CIRCLE('',#180,1.3);
#180 = AXIS2_PLACEMENT_3D('',#181,#182,#183);
#181 = CARTESIAN_POINT('',(0.,52.,43.));
#182 = DIRECTION('',(-1.,0.,0.));
#183 = DIRECTION('',(0.,1.,0.));
#184 = PCURVE('',#32,#185);
#185 = DEFINITIONAL_REPRESENTATION('',(#186),#194);
#186 = ( BOUNDED_CURVE() B_SPLINE_CURVE(2,(#187,#188,#189,#190,#191,#192
,#193),.UNSPECIFIED.,.T.,.F.) B_SPLINE_CURVE_WITH_KNOTS((1,2,2,2,2,1),(
    -2.094395102393,0.,2.094395102393,4.188790204786,6.28318530718,
8.377580409573),.UNSPECIFIED.) CURVE() GEOMETRIC_REPRESENTATION_ITEM() 
RATIONAL_B_SPLINE_CURVE((1.,0.5,1.,0.5,1.,0.5,1.)) REPRESENTATION_ITEM(
  '') );
#187 = CARTESIAN_POINT('',(43.,-53.3));
#188 = CARTESIAN_POINT('',(40.74833395016,-53.3));
#189 = CARTESIAN_POINT('',(41.87416697508,-51.35));
#190 = CARTESIAN_POINT('',(43.,-49.4));
#191 = CARTESIAN_POINT('',(44.12583302492,-51.35));
#192 = CARTESIAN_POINT('',(45.25166604984,-53.3));
#193 = CARTESIAN_POINT('',(43.,-53.3));
#194 = ( GEOMETRIC_REPRESENTATION_CONTEXT(2) 
PARAMETRIC_REPRESENTATION_CONTEXT() REPRESENTATION_CONTEXT('2D SPACE',''
  ) );
#195 = PCURVE('',#196,#201);
#196 = CYLINDRICAL_SURFACE('',#197,1.3);
#197 = AXIS2_PLACEMENT_3D('',#198,#199,#200);
#198 = CARTESIAN_POINT('',(-1.,52.,43.));
#199 = DIRECTION('',(-1.,-0.,-0.));
#200 = DIRECTION('',(0.,1.,0.));
#201 = DEFINITIONAL_REPRESENTATION('',(#202),#206);
#202 = LINE('',#203,#204);
#203 = CARTESIAN_POINT('',(-6.28318530718,-1.));
#204 = VECTOR('',#205,1.);
#205 = DIRECTION('',(1.,-0.));
#206 = ( GEOMETRIC_REPRESENTATION_CONTEXT(2) 
PARAMETRIC_REPRESENTATION_CONTEXT() REPRESENTATION_CONTEXT('2D SPACE',''
  ) );
#207 = FACE_BOUND('',#208,.F.);
#208 = EDGE_LOOP('',(#209));
#209 = ORIENTED_EDGE('',*,*,#210,.T.);
#210 = EDGE_CURVE('',#211,#211,#213,.T.);
#211 = VERTEX_POINT('',#212);
#212 = CARTESIAN_POINT('',(0.,59.3,49.));
#213 = SURFACE_CURVE('',#214,(#219,#230),.PCURVE_S1.);
#214 = CIRCLE('',#215,1.3);
#215 = AXIS2_PLACEMENT_3D('',#216,#217,#218);
#216 = CARTESIAN_POINT('',(0.,58.,49.));
#217 = DIRECTION('',(-1.,0.,0.));
#218 = DIRECTION('',(0.,1.,0.));
#219 = PCURVE('',#32,#220);
#220 = DEFINITIONAL_REPRESENTATION('',(#221),#229);
#221 = ( BOUNDED_CURVE() B_SPLINE_CURVE(2,(#222,#223,#224,#225,#226,#227
,#228),.UNSPECIFIED.,.T.,.F.) B_SPLINE_CURVE_WITH_KNOTS((1,2,2,2,2,1),(
    -2.094395102393,0.,2.094395102393,4.188790204786,6.28318530718,
8.377580409573),.UNSPECIFIED.) CURVE() GEOMETRIC_REPRESENTATION_ITEM() 
RATIONAL_B_SPLINE_CURVE((1.,0.5,1.,0.5,1.,0.5,1.)) REPRESENTATION_ITEM(
  '') );
#222 = CARTESIAN_POINT('',(49.,-59.3));
#223 = CARTESIAN_POINT('',(46.74833395016,-59.3));
#224 = CARTESIAN_POINT('',(47.87416697508,-57.35));
#225 = CARTESIAN_POINT('',(49.,-55.4));
#226 = CARTESIAN_POINT('',(50.12583302492,-57.35));
#227 = CARTESIAN_POINT('',(51.25166604984,-59.3));
#228 = CARTESIAN_POINT('',(49.,-59.3));
#229 = ( GEOMETRIC_REPRESENTATION_CONTEXT(2) 
PARAMETRIC_REPRESENTATION_CONTEXT() REPRESENTATION_CONTEXT('2D SPACE',''
  ) );
#230 = PCURVE('',#231,#236);
#231 = CYLINDRICAL_SURFACE('',#232,1.3);
#232 = AXIS2_PLACEMENT_3D('',#233,#234,#235);
#233 = CARTESIAN_POINT('',(-1.,58.,49.));
#234 = DIRECTION('',(-1.,-0.,-0.));
#235 = DIRECTION('',(0.,1.,0.));
#236 = DEFINITIONAL_REPRESENTATION('',(#237),#241);
#237 = LINE('',#238,#239);
#238 = CARTESIAN_POINT('',(-6.28318530718,-1.));
#239 = VECTOR('',#240,1.);
#240 = DIRECTION('',(1.,-0.));
#241 = ( GEOMETRIC_REPRESENTATION_CONTEXT(2) 
PARAMETRIC_REPRESENTATION_CONTEXT() REPRESENTATION_CONTEXT('2D SPACE',''
  ) );
#242 = FACE_BOUND('',#243,.F.);
#243 = EDGE_LOOP('',(#244));
#244 = ORIENTED_EDGE('',*,*,#245,.T.);
#245 = EDGE_CURVE('',#246,#246,#248,.T.);
#246 = VERTEX_POINT('',#247);
#247 = CARTESIAN_POINT('',(0.,59.3,55.));
#248 = SURFACE_CURVE('',#249,(#254,#265),.PCURVE_S1.);
#249 = CIRCLE('',#250,1.3);
#250 = AXIS2_PLACEMENT_3D('',#251,#252,#253);
#251 = CARTESIAN_POINT('',(0.,58.,55.));
#252 = DIRECTION('',(-1.,0.,0.));
#253 = DIRECTION('',(0.,1.,0.));
#254 = PCURVE('',#32,#255);
#255 = DEFINITIONAL_REPRESENTATION('',(#256),#264);
#256 = ( BOUNDED_CURVE() B_SPLINE_CURVE(2,(#257,#258,#259,#260,#261,#262
,#263),.UNSPECIFIED.,.T.,.F.) B_SPLINE_CURVE_WITH_KNOTS((1,2,2,2,2,1),(
    -2.094395102393,0.,2.094395102393,4.188790204786,6.28318530718,
8.377580409573),.UNSPECIFIED.) CURVE() GEOMETRIC_REPRESENTATION_ITEM() 
RATIONAL_B_SPLINE_CURVE((1.,0.5,1.,0.5,1.,0.5,1.)) REPRESENTATION_ITEM(
  '') );
#257 = CARTESIAN_POINT('',(55.,-59.3));
#258 = CARTESIAN_POINT('',(52.74833395016,-59.3));
#259 = CARTESIAN_POINT('',(53.87416697508,-57.35));
#260 = CARTESIAN_POINT('',(55.,-55.4));
#261 = CARTESIAN_POINT('',(56.12583302492,-57.35));
#262 = CARTESIAN_POINT('',(57.25166604984,-59.3));
#263 = CARTESIAN_POINT('',(55.,-59.3));
#264 = ( GEOMETRIC_REPRESENTATION_CONTEXT(2) 
PARAMETRIC_REPRESENTATION_CONTEXT() REPRESENTATION_CONTEXT('2D SPACE',''
  ) );
#265 = PCURVE('',#266,#271);
#266 = CYLINDRICAL_SURFACE('',#267,1.3);
#267 = AXIS2_PLACEMENT_3D('',#268,#269,#270);
#268 = CARTESIAN_POINT('',(-1.,58.,55.));
#269 = DIRECTION('',(-1.,-0.,-0.));
#270 = DIRECTION('',(0.,1.,0.));
#271 = DEFINITIONAL_REPRESENTATION('',(#272),#276);
#272 = LINE('',#273,#274);
#273 = CARTESIAN_POINT('',(-6.28318530718,-1.));
#274 = VECTOR('',#275,1.);
#275 = DIRECTION('',(1.,-0.));
#276 = ( GEOMETRIC_REPRESENTATION_CONTEXT(2) 
PARAMETRIC_REPRESENTATION_CONTEXT() REPRESENTATION_CONTEXT('2D SPACE',''
  ) );
#277 = FACE_BOUND('',#278,.F.);
#278 = EDGE_LOOP('',(#279));
#279 = ORIENTED_EDGE('',*,*,#280,.T.);
#280 = EDGE_CURVE('',#281,#281,#283,.T.);
#281 = VERTEX_POINT('',#282);
#282 = CARTESIAN_POINT('',(0.,53.3,49.));
#283 = SURFACE_CURVE('',#284,(#289,#300),.PCURVE_S1.);
#284 = CIRCLE('',#285,1.3);
#285 = AXIS2_PLACEMENT_3D('',#286,#287,#288);
#286 = CARTESIAN_POINT('',(0.,52.,49.));
#287 = DIRECTION('',(-1.,0.,0.));
#288 = DIRECTION('',(0.,1.,0.));
#289 = PCURVE('',#32,#290);
#290 = DEFINITIONAL_REPRESENTATION('',(#291),#299);
#291 = ( BOUNDED_CURVE() B_SPLINE_CURVE(2,(#292,#293,#294,#295,#296,#297
,#298),.UNSPECIFIED.,.T.,.F.) B_SPLINE_CURVE_WITH_KNOTS((1,2,2,2,2,1),(
    -2.094395102393,0.,2.094395102393,4.188790204786,6.28318530718,
8.377580409573),.UNSPECIFIED.) CURVE() GEOMETRIC_REPRESENTATION_ITEM() 
RATIONAL_B_SPLINE_CURVE((1.,0.5,1.,0.5,1.,0.5,1.)) REPRESENTATION_ITEM(
  '') );
#292 = CARTESIAN_POINT('',(49.,-53.3));
#293 = CARTESIAN_POINT('',(46.74833395016,-53.3));
#294 = CARTESIAN_POINT('',(47.87416697508,-51.35));
#295 = CARTESIAN_POINT('',(49.,-49.4));
#296 = CARTESIAN_POINT('',(50.12583302492,-51.35));
#297 = CARTESIAN_POINT('',(51.25166604984,-53.3));
#298 = CARTESIAN_POINT('',(49.,-53.3));
#299 = ( GEOMETRIC_REPRESENTATION_CONTEXT(2) 
PARAMETRIC_REPRESENTATION_CONTEXT() REPRESENTATION_CONTEXT('2D SPACE',''
  ) );
#300 = PCURVE('',#301,#306);
#301 = CYLINDRICAL_SURFACE('',#302,1.3);
#302 = AXIS2_PLACEMENT_3D('',#303,#304,#305);
#303 = CARTESIAN_POINT('',(-1.,52.,49.));
#304 = DIRECTION('',(-1.,-0.,-0.));
#305 = DIRECTION('',(0.,1.,0.));
#306 = DEFINITIONAL_REPRESENTATION('',(#307),#311);
#307 = LINE('',#308,#309);
#308 = CARTESIAN_POINT('',(-6.28318530718,-1.));
#309 = VECTOR('',#310,1.);
#310 = DIRECTION('',(1.,-0.));
#311 = ( GEOMETRIC_REPRESENTATION_CONTEXT(2) 
PARAMETRIC_REPRESENTATION_CONTEXT() REPRESENTATION_CONTEXT('2D SPACE',''
  ) );
#312 = FACE_BOUND('',#313,.F.);
#313 = EDGE_LOOP('',(#314));
#314 = ORIENTED_EDGE('',*,*,#315,.T.);
#315 = EDGE_CURVE('',#316,#316,#318,.T.);
#316 = VERTEX_POINT('',#317);
#317 = CARTESIAN_POINT('',(0.,53.3,55.));
#318 = SURFACE_CURVE('',#319,(#324,#335),.PCURVE_S1.);
#319 = CIRCLE('',#320,1.3);
#320 = AXIS2_PLACEMENT_3D('',#321,#322,#323);
#321 = CARTESIAN_POINT('',(0.,52.,55.));
#322 = DIRECTION('',(-1.,0.,0.));
#323 = DIRECTION('',(0.,1.,0.));
#324 = PCURVE('',#32,#325);
#325 = DEFINITIONAL_REPRESENTATION('',(#326),#334);
#326 = ( BOUNDED_CURVE() B_SPLINE_CURVE(2,(#327,#328,#329,#330,#331,#332
,#333),.UNSPECIFIED.,.T.,.F.) B_SPLINE_CURVE_WITH_KNOTS((1,2,2,2,2,1),(
    -2.094395102393,0.,2.094395102393,4.188790204786,6.28318530718,
8.377580409573),.UNSPECIFIED.) CURVE() GEOMETRIC_REPRESENTATION_ITEM() 
RATIONAL_B_SPLINE_CURVE((1.,0.5,1.,0.5,1.,0.5,1.)) REPRESENTATION_ITEM(
  '') );
#327 = CARTESIAN_POINT('',(55.,-53.3));
#328 = CARTESIAN_POINT('',(52.74833395016,-53.3));
#329 = CARTESIAN_POINT('',(53.87416697508,-51.35));
#330 = CARTESIAN_POINT('',(55.,-49.4));
#331 = CARTESIAN_POINT('',(56.12583302492,-51.35));
#332 = CARTESIAN_POINT('',(57.25166604984,-53.3));
#333 = CARTESIAN_POINT('',(55.,-53.3));
#334 = ( GEOMETRIC_REPRESENTATION_CONTEXT(2) 
PARAMETRIC_REPRESENTATION_CONTEXT() REPRESENTATION_CONTEXT('2D SPACE',''
  ) );
#335 = PCURVE('',#336,#341);
#336 = CYLINDRICAL_SURFACE('',#337,1.3);
#337 = AXIS2_PLACEMENT_3D('',#338,#339,#340);
#338 = CARTESIAN_POINT('',(-1.,52.,55.));
#339 = DIRECTION('',(-1.,-0.,-0.));
#340 = DIRECTION('',(0.,1.,0.));
#341 = DEFINITIONAL_REPRESENTATION('',(#342),#346);
#342 = LINE('',#343,#344);
#343 = CARTESIAN_POINT('',(-6.28318530718,-1.));
#344 = VECTOR('',#345,1.);
#345 = DIRECTION('',(1.,-0.));
#346 = ( GEOMETRIC_REPRESENTATION_CONTEXT(2) 
PARAMETRIC_REPRESENTATION_CONTEXT() REPRESENTATION_CONTEXT('2D SPACE',''
  ) );
#347 = FACE_BOUND('',#348,.F.);
#348 = EDGE_LOOP('',(#349));
#349 = ORIENTED_EDGE('',*,*,#350,.T.);
#350 = EDGE_CURVE('',#351,#351,#353,.T.);
#351 = VERTEX_POINT('',#352);
#352 = CARTESIAN_POINT('',(0.,47.3,43.));
#353 = SURFACE_CURVE('',#354,(#359,#370),.PCURVE_S1.);
#354 = CIRCLE('',#355,1.3);
#355 = AXIS2_PLACEMENT_3D('',#356,#357,#358);
#356 = CARTESIAN_POINT('',(0.,46.,43.));
#357 = DIRECTION('',(-1.,0.,0.));
#358 = DIRECTION('',(0.,1.,0.));
#359 = PCURVE('',#32,#360);
#360 = DEFINITIONAL_REPRESENTATION('',(#361),#369);
#361 = ( BOUNDED_CURVE() B_SPLINE_CURVE(2,(#362,#363,#364,#365,#366,#367
,#368),.UNSPECIFIED.,.T.,.F.) B_SPLINE_CURVE_WITH_KNOTS((1,2,2,2,2,1),(
    -2.094395102393,0.,2.094395102393,4.188790204786,6.28318530718,
8.377580409573),.UNSPECIFIED.) CURVE() GEOMETRIC_REPRESENTATION_ITEM() 
RATIONAL_B_SPLINE_CURVE((1.,0.5,1.,0.5,1.,0.5,1.)) REPRESENTATION_ITEM(
  '') );
#362 = CARTESIAN_POINT('',(43.,-47.3));
#363 = CARTESIAN_POINT('',(40.74833395016,-47.3));
#364 = CARTESIAN_POINT('',(41.87416697508,-45.35));
#365 = CARTESIAN_POINT('',(43.,-43.4));
#366 = CARTESIAN_POINT('',(44.12583302492,-45.35));
#367 = CARTESIAN_POINT('',(45.25166604984,-47.3));
#368 = CARTESIAN_POINT('',(43.,-47.3));
#369 = ( GEOMETRIC_REPRESENTATION_CONTEXT(2) 
PARAMETRIC_REPRESENTATION_CONTEXT() REPRESENTATION_CONTEXT('2D SPACE',''
  ) );
#370 = PCURVE('',#371,#376);
#371 = CYLINDRICAL_SURFACE('',#372,1.3);
#372 = AXIS2_PLACEMENT_3D('',#373,#374,#375);
#373 = CARTESIAN_POINT('',(-1.,46.,43.));
#374 = DIRECTION('',(-1.,-0.,-0.));
#375 = DIRECTION('',(0.,1.,0.));
#376 = DEFINITIONAL_REPRESENTATION('',(#377),#381);
#377 = LINE('',#378,#379);
#378 = CARTESIAN_POINT('',(-6.28318530718,-1.));
#379 = VECTOR('',#380,1.);
#380 = DIRECTION('',(1.,-0.));
#381 = ( GEOMETRIC_REPRESENTATION_CONTEXT(2) 
PARAMETRIC_REPRESENTATION_CONTEXT() REPRESENTATION_CONTEXT('2D SPACE',''
  ) );
#382 = FACE_BOUND('',#383,.F.);
#383 = EDGE_LOOP('',(#384));
#384 = ORIENTED_EDGE('',*,*,#385,.T.);
#385 = EDGE_CURVE('',#386,#386,#388,.T.);
#386 = VERTEX_POINT('',#387);
#387 = CARTESIAN_POINT('',(0.,47.3,49.));
#388 = SURFACE_CURVE('',#389,(#394,#405),.PCURVE_S1.);
#389 = CIRCLE('',#390,1.3);
#390 = AXIS2_PLACEMENT_3D('',#391,#392,#393);
#391 = CARTESIAN_POINT('',(0.,46.,49.));
#392 = DIRECTION('',(-1.,0.,0.));
#393 = DIRECTION('',(0.,1.,0.));
#394 = PCURVE('',#32,#395);
#395 = DEFINITIONAL_REPRESENTATION('',(#396),#404);
#396 = ( BOUNDED_CURVE() B_SPLINE_CURVE(2,(#397,#398,#399,#400,#401,#402
,#403),.UNSPECIFIED.,.T.,.F.) B_SPLINE_CURVE_WITH_KNOTS((1,2,2,2,2,1),(
    -2.094395102393,0.,2.094395102393,4.188790204786,6.28318530718,
8.377580409573),.UNSPECIFIED.) CURVE() GEOMETRIC_REPRESENTATION_ITEM() 
RATIONAL_B_SPLINE_CURVE((1.,0.5,1.,0.5,1.,0.5,1.)) REPRESENTATION_ITEM(
  '') );
#397 = CARTESIAN_POINT('',(49.,-47.3));
#398 = CARTESIAN_POINT('',(46.74833395016,-47.3));
#399 = CARTESIAN_POINT('',(47.87416697508,-45.35));
#400 = CARTESIAN_POINT('',(49.,-43.4));
#401 = CARTESIAN_POINT('',(50.12583302492,-45.35));
#402 = CARTESIAN_POINT('',(51.25166604984,-47.3));
#403 = CARTESIAN_POINT('',(49.,-47.3));
#404 = ( GEOMETRIC_REPRESENTATION_CONTEXT(2) 
PARAMETRIC_REPRESENTATION_CONTEXT() REPRESENTATION_CONTEXT('2D SPACE',''
  ) );
#405 = PCURVE('',#406,#411);
#406 = CYLINDRICAL_SURFACE('',#407,1.3);
#407 = AXIS2_PLACEMENT_3D('',#408,#409,#410);
#408 = CARTESIAN_POINT('',(-1.,46.,49.));
#409 = DIRECTION('',(-1.,-0.,-0.));
#410 = DIRECTION('',(0.,1.,0.));
#411 = DEFINITIONAL_REPRESENTATION('',(#412),#416);
#412 = LINE('',#413,#414);
#413 = CARTESIAN_POINT('',(-6.28318530718,-1.));
#414 = VECTOR('',#415,1.);
#415 = DIRECTION('',(1.,-0.));
#416 = ( GEOMETRIC_REPRESENTATION_CONTEXT(2) 
PARAMETRIC_REPRESENTATION_CONTEXT() REPRESENTATION_CONTEXT('2D SPACE',''
  ) );
#417 = FACE_BOUND('',#418,.F.);
#418 = EDGE_LOOP('',(#419));
#419 = ORIENTED_EDGE('',*,*,#420,.T.);
#420 = EDGE_CURVE('',#421,#421,#423,.T.);
#421 = VERTEX_POINT('',#422);
#422 = CARTESIAN_POINT('',(0.,47.3,55.));
#423 = SURFACE_CURVE('',#424,(#429,#440),.PCURVE_S1.);
#424 = CIRCLE('',#425,1.3);
#425 = AXIS2_PLACEMENT_3D('',#426,#427,#428);
#426 = CARTESIAN_POINT('',(0.,46.,55.));
#427 = DIRECTION('',(-1.,0.,0.));
#428 = DIRECTION('',(0.,1.,0.));
#429 = PCURVE('',#32,#430);
#430 = DEFINITIONAL_REPRESENTATION('',(#431),#439);
#431 = ( BOUNDED_CURVE() B_SPLINE_CURVE(2,(#432,#433,#434,#435,#436,#437
,#438),.UNSPECIFIED.,.T.,.F.) B_SPLINE_CURVE_WITH_KNOTS((1,2,2,2,2,1),(
    -2.094395102393,0.,2.094395102393,4.188790204786,6.28318530718,
8.377580409573),.UNSPECIFIED.) CURVE() GEOMETRIC_REPRESENTATION_ITEM() 
RATIONAL_B_SPLINE_CURVE((1.,0.5,1.,0.5,1.,0.5,1.)) REPRESENTATION_ITEM(
  '') );
#432 = CARTESIAN_POINT('',(55.,-47.3));
#433 = CARTESIAN_POINT('',(52.74833395016,-47.3));
#434 = CARTESIAN_POINT('',(53.87416697508,-45.35));
#435 = CARTESIAN_POINT('',(55.,-43.4));
#436 = CARTESIAN_POINT('',(56.12583302492,-45.35));
#437 = CARTESIAN_POINT('',(57.25166604984,-47.3));
#438 = CARTESIAN_POINT('',(55.,-47.3));
#439 = ( GEOMETRIC_REPRESENTATION_CONTEXT(2) 
PARAMETRIC_REPRESENTATION_CONTEXT() REPRESENTATION_CONTEXT('2D SPACE',''
  ) );
#440 = PCURVE('',#441,#446);
#441 = CYLINDRICAL_SURFACE('',#442,1.3);
#442 = AXIS2_PLACEMENT_3D('',#443,#444,#445);
#443 = CARTESIAN_POINT('',(-1.,46.,55.));
#444 = DIRECTION('',(-1.,-0.,-0.));
#445 = DIRECTION('',(0.,1.,0.));
#446 = DEFINITIONAL_REPRESENTATION('',(#447),#451);
#447 = LINE('',#448,#449);
#448 = CARTESIAN_POINT('',(-6.28318530718,-1.));
#449 = VECTOR('',#450,1.);
#450 = DIRECTION('',(1.,-0.));
#451 = ( GEOMETRIC_REPRESENTATION_CONTEXT(2) 
PARAMETRIC_REPRESENTATION_CONTEXT() REPRESENTATION_CONTEXT('2D SPACE',''
  ) );
#452 = FACE_BOUND('',#453,.F.);
#453 = EDGE_LOOP('',(#454));
#454 = ORIENTED_EDGE('',*,*,#455,.T.);
#455 = EDGE_CURVE('',#456,#456,#458,.T.);
#456 = VERTEX_POINT('',#457);
#457 = CARTESIAN_POINT('',(0.,59.3,61.));
#458 = SURFACE_CURVE('',#459,(#464,#475),.PCURVE_S1.);
#459 = CIRCLE('',#460,1.3);
#460 = AXIS2_PLACEMENT_3D('',#461,#462,#463);
#461 = CARTESIAN_POINT('',(0.,58.,61.));
#462 = DIRECTION('',(-1.,0.,0.));
#463 = DIRECTION('',(0.,1.,0.));
#464 = PCURVE('',#32,#465);
#465 = DEFINITIONAL_REPRESENTATION('',(#466),#474);
#466 = ( BOUNDED_CURVE() B_SPLINE_CURVE(2,(#467,#468,#469,#470,#471,#472
,#473),.UNSPECIFIED.,.T.,.F.) B_SPLINE_CURVE_WITH_KNOTS((1,2,2,2,2,1),(
    -2.094395102393,0.,2.094395102393,4.188790204786,6.28318530718,
8.377580409573),.UNSPECIFIED.) CURVE() GEOMETRIC_REPRESENTATION_ITEM() 
RATIONAL_B_SPLINE_CURVE((1.,0.5,1.,0.5,1.,0.5,1.)) REPRESENTATION_ITEM(
  '') );
#467 = CARTESIAN_POINT('',(61.,-59.3));
#468 = CARTESIAN_POINT('',(58.74833395016,-59.3));
#469 = CARTESIAN_POINT('',(59.87416697508,-57.35));
#470 = CARTESIAN_POINT('',(61.,-55.4));
#471 = CARTESIAN_POINT('',(62.12583302492,-57.35));
#472 = CARTESIAN_POINT('',(63.25166604984,-59.3));
#473 = CARTESIAN_POINT('',(61.,-59.3));
#474 = ( GEOMETRIC_REPRESENTATION_CONTEXT(2) 
PARAMETRIC_REPRESENTATION_CONTEXT() REPRESENTATION_CONTEXT('2D SPACE',''
  ) );
#475 = PCURVE('',#476,#481);
#476 = CYLINDRICAL_SURFACE('',#477,1.3);
#477 = AXIS2_PLACEMENT_3D('',#478,#479,#480);
#478 = CARTESIAN_POINT('',(-1.,58.,61.));
#479 = DIRECTION('',(-1.,-0.,-0.));
#480 = DIRECTION('',(0.,1.,0.));
#481 = DEFINITIONAL_REPRESENTATION('',(#482),#486);
#482 = LINE('',#483,#484);
#483 = CARTESIAN_POINT('',(-6.28318530718,-1.));
#484 = VECTOR('',#485,1.);
#485 = DIRECTION('',(1.,-0.));
#486 = ( GEOMETRIC_REPRESENTATION_CONTEXT(2) 
PARAMETRIC_REPRESENTATION_CONTEXT() REPRESENTATION_CONTEXT('2D SPACE',''
  ) );
#487 = FACE_BOUND('',#488,.F.);
#488 = EDGE_LOOP('',(#489));
#489 = ORIENTED_EDGE('',*,*,#490,.T.);
#490 = EDGE_CURVE('',#491,#491,#493,.T.);
#491 = VERTEX_POINT('',#492);
#492 = CARTESIAN_POINT('',(0.,53.3,61.));
#493 = SURFACE_CURVE('',#494,(#499,#510),.PCURVE_S1.);
#494 = CIRCLE('',#495,1.3);
#495 = AXIS2_PLACEMENT_3D('',#496,#497,#498);
#496 = CARTESIAN_POINT('',(0.,52.,61.));
#497 = DIRECTION('',(-1.,0.,0.));
#498 = DIRECTION('',(0.,1.,0.));
#499 = PCURVE('',#32,#500);
#500 = DEFINITIONAL_REPRESENTATION('',(#501),#509);
#501 = ( BOUNDED_CURVE() B_SPLINE_CURVE(2,(#502,#503,#504,#505,#506,#507
,#508),.UNSPECIFIED.,.T.,.F.) B_SPLINE_CURVE_WITH_KNOTS((1,2,2,2,2,1),(
    -2.094395102393,0.,2.094395102393,4.188790204786,6.28318530718,
8.377580409573),.UNSPECIFIED.) CURVE() GEOMETRIC_REPRESENTATION_ITEM() 
RATIONAL_B_SPLINE_CURVE((1.,0.5,1.,0.5,1.,0.5,1.)) REPRESENTATION_ITEM(
  '') );
#502 = CARTESIAN_POINT('',(61.,-53.3));
#503 = CARTESIAN_POINT('',(58.74833395016,-53.3));
#504 = CARTESIAN_POINT('',(59.87416697508,-51.35));
#505 = CARTESIAN_POINT('',(61.,-49.4));
#506 = CARTESIAN_POINT('',(62.12583302492,-51.35));
#507 = CARTESIAN_POINT('',(63.25166604984,-53.3));
#508 = CARTESIAN_POINT('',(61.,-53.3));
#509 = ( GEOMETRIC_REPRESENTATION_CONTEXT(2) 
PARAMETRIC_REPRESENTATION_CONTEXT() REPRESENTATION_CONTEXT('2D SPACE',''
  ) );
#510 = PCURVE('',#511,#516);
#511 = CYLINDRICAL_SURFACE('',#512,1.3);
#512 = AXIS2_PLACEMENT_3D('',#513,#514,#515);
#513 = CARTESIAN_POINT('',(-1.,52.,61.));
#514 = DIRECTION('',(-1.,-0.,-0.));
#515 = DIRECTION('',(0.,1.,0.));
#516 = DEFINITIONAL_REPRESENTATION('',(#517),#521);
#517 = LINE('',#518,#519);
#518 = CARTESIAN_POINT('',(-6.28318530718,-1.));
#519 = VECTOR('',#520,1.);
#520 = DIRECTION('',(1.,-0.));
#521 = ( GEOMETRIC_REPRESENTATION_CONTEXT(2) 
PARAMETRIC_REPRESENTATION_CONTEXT() REPRESENTATION_CONTEXT('2D SPACE',''
  ) );
#522 = FACE_BOUND('',#523,.F.);
#523 = EDGE_LOOP('',(#524));
#524 = ORIENTED_EDGE('',*,*,#525,.T.);
#525 = EDGE_CURVE('',#526,#526,#528,.T.);
#526 = VERTEX_POINT('',#527);
#527 = CARTESIAN_POINT('',(0.,59.3,67.));
#528 = SURFACE_CURVE('',#529,(#534,#545),.PCURVE_S1.);
#529 = CIRCLE('',#530,1.3);
#530 = AXIS2_PLACEMENT_3D('',#531,#532,#533);
#531 = CARTESIAN_POINT('',(0.,58.,67.));
#532 = DIRECTION('',(-1.,0.,0.));
#533 = DIRECTION('',(0.,1.,0.));
#534 = PCURVE('',#32,#535);
#535 = DEFINITIONAL_REPRESENTATION('',(#536),#544);
#536 = ( BOUNDED_CURVE() B_SPLINE_CURVE(2,(#537,#538,#539,#540,#541,#542
,#543),.UNSPECIFIED.,.T.,.F.) B_SPLINE_CURVE_WITH_KNOTS((1,2,2,2,2,1),(
    -2.094395102393,0.,2.094395102393,4.188790204786,6.28318530718,
8.377580409573),.UNSPECIFIED.) CURVE() GEOMETRIC_REPRESENTATION_ITEM() 
RATIONAL_B_SPLINE_CURVE((1.,0.5,1.,0.5,1.,0.5,1.)) REPRESENTATION_ITEM(
  '') );
#537 = CARTESIAN_POINT('',(67.,-59.3));
#538 = CARTESIAN_POINT('',(64.74833395016,-59.3));
#539 = CARTESIAN_POINT('',(65.87416697508,-57.35));
#540 = CARTESIAN_POINT('',(67.,-55.4));
#541 = CARTESIAN_POINT('',(68.12583302492,-57.35));
#542 = CARTESIAN_POINT('',(69.25166604984,-59.3));
#543 = CARTESIAN_POINT('',(67.,-59.3));
#544 = ( GEOMETRIC_REPRESENTATION_CONTEXT(2) 
PARAMETRIC_REPRESENTATION_CONTEXT() REPRESENTATION_CONTEXT('2D SPACE',''
  ) );
#545 = PCURVE('',#546,#551);
#546 = CYLINDRICAL_SURFACE('',#547,1.3);
#547 = AXIS2_PLACEMENT_3D('',#548,#549,#550);
#548 = CARTESIAN_POINT('',(-1.,58.,67.));
#549 = DIRECTION('',(-1.,-0.,-0.));
#550 = DIRECTION('',(0.,1.,0.));
#551 = DEFINITIONAL_REPRESENTATION('',(#552),#556);
#552 = LINE('',#553,#554);
#553 = CARTESIAN_POINT('',(-6.28318530718,-1.));
#554 = VECTOR('',#555,1.);
#555 = DIRECTION('',(1.,-0.));
#556 = ( GEOMETRIC_REPRESENTATION_CONTEXT(2) 
PARAMETRIC_REPRESENTATION_CONTEXT() REPRESENTATION_CONTEXT('2D SPACE',''
  ) );
#557 = FACE_BOUND('',#558,.F.);
#558 = EDGE_LOOP('',(#559));
#559 = ORIENTED_EDGE('',*,*,#560,.T.);
#560 = EDGE_CURVE('',#561,#561,#563,.T.);
#561 = VERTEX_POINT('',#562);
#562 = CARTESIAN_POINT('',(0.,53.3,67.));
#563 = SURFACE_CURVE('',#564,(#569,#580),.PCURVE_S1.);
#564 = CIRCLE('',#565,1.3);
#565 = AXIS2_PLACEMENT_3D('',#566,#567,#568);
#566 = CARTESIAN_POINT('',(0.,52.,67.));
#567 = DIRECTION('',(-1.,0.,0.));
#568 = DIRECTION('',(0.,1.,0.));
#569 = PCURVE('',#32,#570);
#570 = DEFINITIONAL_REPRESENTATION('',(#571),#579);
#571 = ( BOUNDED_CURVE() B_SPLINE_CURVE(2,(#572,#573,#574,#575,#576,#577
,#578),.UNSPECIFIED.,.T.,.F.) B_SPLINE_CURVE_WITH_KNOTS((1,2,2,2,2,1),(
    -2.094395102393,0.,2.094395102393,4.188790204786,6.28318530718,
8.377580409573),.UNSPECIFIED.) CURVE() GEOMETRIC_REPRESENTATION_ITEM() 
RATIONAL_B_SPLINE_CURVE((1.,0.5,1.,0.5,1.,0.5,1.)) REPRESENTATION_ITEM(
  '') );
#572 = CARTESIAN_POINT('',(67.,-53.3));
#573 = CARTESIAN_POINT('',(64.74833395016,-53.3));
#574 = CARTESIAN_POINT('',(65.87416697508,-51.35));
#575 = CARTESIAN_POINT('',(67.,-49.4));
#576 = CARTESIAN_POINT('',(68.12583302492,-51.35));
#577 = CARTESIAN_POINT('',(69.25166604984,-53.3));
#578 = CARTESIAN_POINT('',(67.,-53.3));
#579 = ( GEOMETRIC_REPRESENTATION_CONTEXT(2) 
PARAMETRIC_REPRESENTATION_CONTEXT() REPRESENTATION_CONTEXT('2D SPACE',''
  ) );
#580 = PCURVE('',#581,#586);
#581 = CYLINDRICAL_SURFACE('',#582,1.3);
#582 = AXIS2_PLACEMENT_3D('',#583,#584,#585);
#583 = CARTESIAN_POINT('',(-1.,52.,67.));
#584 = DIRECTION('',(-1.,-0.,-0.));
#585 = DIRECTION('',(0.,1.,0.));
#586 = DEFINITIONAL_REPRESENTATION('',(#587),#591);
#587 = LINE('',#588,#589);
#588 = CARTESIAN_POINT('',(-6.28318530718,-1.));
#589 = VECTOR('',#590,1.);
#590 = DIRECTION('',(1.,-0.));
#591 = ( GEOMETRIC_REPRESENTATION_CONTEXT(2) 
PARAMETRIC_REPRESENTATION_CONTEXT() REPRESENTATION_CONTEXT('2D SPACE',''
  ) );
#592 = FACE_BOUND('',#593,.F.);
#593 = EDGE_LOOP('',(#594));
#594 = ORIENTED_EDGE('',*,*,#595,.T.);
#595 = EDGE_CURVE('',#596,#596,#598,.T.);
#596 = VERTEX_POINT('',#597);
#597 = CARTESIAN_POINT('',(0.,47.3,61.));
#598 = SURFACE_CURVE('',#599,(#604,#615),.PCURVE_S1.);
#599 = CIRCLE('',#600,1.3);
#600 = AXIS2_PLACEMENT_3D('',#601,#602,#603);
#601 = CARTESIAN_POINT('',(0.,46.,61.));
#602 = DIRECTION('',(-1.,0.,0.));
#603 = DIRECTION('',(0.,1.,0.));
#604 = PCURVE('',#32,#605);
#605 = DEFINITIONAL_REPRESENTATION('',(#606),#614);
#606 = ( BOUNDED_CURVE() B_SPLINE_CURVE(2,(#607,#608,#609,#610,#611,#612
,#613),.UNSPECIFIED.,.T.,.F.) B_SPLINE_CURVE_WITH_KNOTS((1,2,2,2,2,1),(
    -2.094395102393,0.,2.094395102393,4.188790204786,6.28318530718,
8.377580409573),.UNSPECIFIED.) CURVE() GEOMETRIC_REPRESENTATION_ITEM() 
RATIONAL_B_SPLINE_CURVE((1.,0.5,1.,0.5,1.,0.5,1.)) REPRESENTATION_ITEM(
  '') );
#607 = CARTESIAN_POINT('',(61.,-47.3));
#608 = CARTESIAN_POINT('',(58.74833395016,-47.3));
#609 = CARTESIAN_POINT('',(59.87416697508,-45.35));
#610 = CARTESIAN_POINT('',(61.,-43.4));
#611 = CARTESIAN_POINT('',(62.12583302492,-45.35));
#612 = CARTESIAN_POINT('',(63.25166604984,-47.3));
#613 = CARTESIAN_POINT('',(61.,-47.3));
#614 = ( GEOMETRIC_REPRESENTATION_CONTEXT(2) 
PARAMETRIC_REPRESENTATION_CONTEXT() REPRESENTATION_CONTEXT('2D SPACE',''
  ) );
#615 = PCURVE('',#616,#621);
#616 = CYLINDRICAL_SURFACE('',#617,1.3);
#617 = AXIS2_PLACEMENT_3D('',#618,#619,#620);
#618 = CARTESIAN_POINT('',(-1.,46.,61.));
#619 = DIRECTION('',(-1.,-0.,-0.));
#620 = DIRECTION('',(0.,1.,0.));
#621 = DEFINITIONAL_REPRESENTATION('',(#622),#626);
#622 = LINE('',#623,#624);
#623 = CARTESIAN_POINT('',(-6.28318530718,-1.));
#624 = VECTOR('',#625,1.);
#625 = DIRECTION('',(1.,-0.));
#626 = ( GEOMETRIC_REPRESENTATION_CONTEXT(2) 
PARAMETRIC_REPRESENTATION_CONTEXT() REPRESENTATION_CONTEXT('2D SPACE',''
  ) );
#627 = FACE_BOUND('',#628,.F.);
#628 = EDGE_LOOP('',(#629));
#629 = ORIENTED_EDGE('',*,*,#630,.T.);
#630 = EDGE_CURVE('',#631,#631,#633,.T.);
#631 = VERTEX_POINT('',#632);
#632 = CARTESIAN_POINT('',(0.,47.3,67.));
#633 = SURFACE_CURVE('',#634,(#639,#650),.PCURVE_S1.);
#634 = CIRCLE('',#635,1.3);
#635 = AXIS2_PLACEMENT_3D('',#636,#637,#638);
#636 = CARTESIAN_POINT('',(0.,46.,67.));
#637 = DIRECTION('',(-1.,0.,0.));
#638 = DIRECTION('',(0.,1.,0.));
#639 = PCURVE('',#32,#640);
#640 = DEFINITIONAL_REPRESENTATION('',(#641),#649);
#641 = ( BOUNDED_CURVE() B_SPLINE_CURVE(2,(#642,#643,#644,#645,#646,#647
,#648),.UNSPECIFIED.,.T.,.F.) B_SPLINE_CURVE_WITH_KNOTS((1,2,2,2,2,1),(
    -2.094395102393,0.,2.094395102393,4.188790204786,6.28318530718,
8.377580409573),.UNSPECIFIED.) CURVE() GEOMETRIC_REPRESENTATION_ITEM() 
RATIONAL_B_SPLINE_CURVE((1.,0.5,1.,0.5,1.,0.5,1.)) REPRESENTATION_ITEM(
  '') );
#642 = CARTESIAN_POINT('',(67.,-47.3));
#643 = CARTESIAN_POINT('',(64.74833395016,-47.3));
#644 = CARTESIAN_POINT('',(65.87416697508,-45.35));
#645 = CARTESIAN_POINT('',(67.,-43.4));
#646 = CARTESIAN_POINT('',(68.12583302492,-45.35));
#647 = CARTESIAN_POINT('',(69.25166604984,-47.3));
#648 = CARTESIAN_POINT('',(67.,-47.3));
#649 = ( GEOMETRIC_REPRESENTATION_CONTEXT(2) 
PARAMETRIC_REPRESENTATION_CONTEXT() REPRESENTATION_CONTEXT('2D SPACE',''
  ) );
#650 = PCURVE('',#651,#656);
#651 = CYLINDRICAL_SURFACE('',#652,1.3);
#652 = AXIS2_PLACEMENT_3D('',#653,#654,#655);
#653 = CARTESIAN_POINT('',(-1.,46.,67.));
#654 = DIRECTION('',(-1.,-0.,-0.));
#655 = DIRECTION('',(0.,1.,0.));
#656 = DEFINITIONAL_REPRESENTATION('',(#657),#661);
#657 = LINE('',#658,#659);
#658 = CARTESIAN_POINT('',(-6.28318530718,-1.));
#659 = VECTOR('',#660,1.);
#660 = DIRECTION('',(1.,-0.));
#661 = ( GEOMETRIC_REPRESENTATION_CONTEXT(2) 
PARAMETRIC_REPRESENTATION_CONTEXT() REPRESENTATION_CONTEXT('2D SPACE',''
  ) );
#662 = FACE_BOUND('',#663,.F.);
#663 = EDGE_LOOP('',(#664));
#664 = ORIENTED_EDGE('',*,*,#665,.T.);
#665 = EDGE_CURVE('',#666,#666,#668,.T.);
#666 = VERTEX_POINT('',#667);
#667 = CARTESIAN_POINT('',(0.,41.3,43.));
#668 = SURFACE_CURVE('',#669,(#674,#685),.PCURVE_S1.);
#669 = CIRCLE('',#670,1.3);
#670 = AXIS2_PLACEMENT_3D('',#671,#672,#673);
#671 = CARTESIAN_POINT('',(0.,40.,43.));
#672 = DIRECTION('',(-1.,0.,0.));
#673 = DIRECTION('',(0.,1.,0.));
#674 = PCURVE('',#32,#675);
#675 = DEFINITIONAL_REPRESENTATION('',(#676),#684);
#676 = ( BOUNDED_CURVE() B_SPLINE_CURVE(2,(#677,#678,#679,#680,#681,#682
,#683),.UNSPECIFIED.,.T.,.F.) B_SPLINE_CURVE_WITH_KNOTS((1,2,2,2,2,1),(
    -2.094395102393,0.,2.094395102393,4.188790204786,6.28318530718,
8.377580409573),.UNSPECIFIED.) CURVE() GEOMETRIC_REPRESENTATION_ITEM() 
RATIONAL_B_SPLINE_CURVE((1.,0.5,1.,0.5,1.,0.5,1.)) REPRESENTATION_ITEM(
  '') );
#677 = CARTESIAN_POINT('',(43.,-41.3));
#678 = CARTESIAN_POINT('',(40.74833395016,-41.3));
#679 = CARTESIAN_POINT('',(41.87416697508,-39.35));
#680 = CARTESIAN_POINT('',(43.,-37.4));
#681 = CARTESIAN_POINT('',(44.12583302492,-39.35));
#682 = CARTESIAN_POINT('',(45.25166604984,-41.3));
#683 = CARTESIAN_POINT('',(43.,-41.3));
#684 = ( GEOMETRIC_REPRESENTATION_CONTEXT(2) 
PARAMETRIC_REPRESENTATION_CONTEXT() REPRESENTATION_CONTEXT('2D SPACE',''
  ) );
#685 = PCURVE('',#686,#691);
#686 = CYLINDRICAL_SURFACE('',#687,1.3);
#687 = AXIS2_PLACEMENT_3D('',#688,#689,#690);
#688 = CARTESIAN_POINT('',(-1.,40.,43.));
#689 = DIRECTION('',(-1.,-0.,-0.));
#690 = DIRECTION('',(0.,1.,0.));
#691 = DEFINITIONAL_REPRESENTATION('',(#692),#696);
#692 = LINE('',#693,#694);
#693 = CARTESIAN_POINT('',(-6.28318530718,-1.));
#694 = VECTOR('',#695,1.);
#695 = DIRECTION('',(1.,-0.));
#696 = ( GEOMETRIC_REPRESENTATION_CONTEXT(2) 
PARAMETRIC_REPRESENTATION_CONTEXT() REPRESENTATION_CONTEXT('2D SPACE',''
  ) );
#697 = FACE_BOUND('',#698,.F.);
#698 = EDGE_LOOP('',(#699));
#699 = ORIENTED_EDGE('',*,*,#700,.T.);
#700 = EDGE_CURVE('',#701,#701,#703,.T.);
#701 = VERTEX_POINT('',#702);
#702 = CARTESIAN_POINT('',(0.,35.3,43.));
#703 = SURFACE_CURVE('',#704,(#709,#720),.PCURVE_S1.);
#704 = CIRCLE('',#705,1.3);
#705 = AXIS2_PLACEMENT_3D('',#706,#707,#708);
#706 = CARTESIAN_POINT('',(0.,34.,43.));
#707 = DIRECTION('',(-1.,0.,0.));
#708 = DIRECTION('',(0.,1.,0.));
#709 = PCURVE('',#32,#710);
#710 = DEFINITIONAL_REPRESENTATION('',(#711),#719);
#711 = ( BOUNDED_CURVE() B_SPLINE_CURVE(2,(#712,#713,#714,#715,#716,#717
,#718),.UNSPECIFIED.,.T.,.F.) B_SPLINE_CURVE_WITH_KNOTS((1,2,2,2,2,1),(
    -2.094395102393,0.,2.094395102393,4.188790204786,6.28318530718,
8.377580409573),.UNSPECIFIED.) CURVE() GEOMETRIC_REPRESENTATION_ITEM() 
RATIONAL_B_SPLINE_CURVE((1.,0.5,1.,0.5,1.,0.5,1.)) REPRESENTATION_ITEM(
  '') );
#712 = CARTESIAN_POINT('',(43.,-35.3));
#713 = CARTESIAN_POINT('',(40.74833395016,-35.3));
#714 = CARTESIAN_POINT('',(41.87416697508,-33.35));
#715 = CARTESIAN_POINT('',(43.,-31.4));
#716 = CARTESIAN_POINT('',(44.12583302492,-33.35));
#717 = CARTESIAN_POINT('',(45.25166604984,-35.3));
#718 = CARTESIAN_POINT('',(43.,-35.3));
#719 = ( GEOMETRIC_REPRESENTATION_CONTEXT(2) 
PARAMETRIC_REPRESENTATION_CONTEXT() REPRESENTATION_CONTEXT('2D SPACE',''
  ) );
#720 = PCURVE('',#721,#726);
#721 = CYLINDRICAL_SURFACE('',#722,1.3);
#722 = AXIS2_PLACEMENT_3D('',#723,#724,#725);
#723 = CARTESIAN_POINT('',(-1.,34.,43.));
#724 = DIRECTION('',(-1.,-0.,-0.));
#725 = DIRECTION('',(0.,1.,0.));
#726 = DEFINITIONAL_REPRESENTATION('',(#727),#731);
#727 = LINE('',#728,#729);
#728 = CARTESIAN_POINT('',(-6.28318530718,-1.));
#729 = VECTOR('',#730,1.);
#730 = DIRECTION('',(1.,-0.));
#731 = ( GEOMETRIC_REPRESENTATION_CONTEXT(2) 
PARAMETRIC_REPRESENTATION_CONTEXT() REPRESENTATION_CONTEXT('2D SPACE',''
  ) );
#732 = FACE_BOUND('',#733,.F.);
#733 = EDGE_LOOP('',(#734));
#734 = ORIENTED_EDGE('',*,*,#735,.T.);
#735 = EDGE_CURVE('',#736,#736,#738,.T.);
#736 = VERTEX_POINT('',#737);
#737 = CARTESIAN_POINT('',(0.,41.3,49.));
#738 = SURFACE_CURVE('',#739,(#744,#755),.PCURVE_S1.);
#739 = CIRCLE('',#740,1.3);
#740 = AXIS2_PLACEMENT_3D('',#741,#742,#743);
#741 = CARTESIAN_POINT('',(0.,40.,49.));
#742 = DIRECTION('',(-1.,0.,0.));
#743 = DIRECTION('',(0.,1.,0.));
#744 = PCURVE('',#32,#745);
#745 = DEFINITIONAL_REPRESENTATION('',(#746),#754);
#746 = ( BOUNDED_CURVE() B_SPLINE_CURVE(2,(#747,#748,#749,#750,#751,#752
,#753),.UNSPECIFIED.,.T.,.F.) B_SPLINE_CURVE_WITH_KNOTS((1,2,2,2,2,1),(
    -2.094395102393,0.,2.094395102393,4.188790204786,6.28318530718,
8.377580409573),.UNSPECIFIED.) CURVE() GEOMETRIC_REPRESENTATION_ITEM() 
RATIONAL_B_SPLINE_CURVE((1.,0.5,1.,0.5,1.,0.5,1.)) REPRESENTATION_ITEM(
  '') );
#747 = CARTESIAN_POINT('',(49.,-41.3));
#748 = CARTESIAN_POINT('',(46.74833395016,-41.3));
#749 = CARTESIAN_POINT('',(47.87416697508,-39.35));
#750 = CARTESIAN_POINT('',(49.,-37.4));
#751 = CARTESIAN_POINT('',(50.12583302492,-39.35));
#752 = CARTESIAN_POINT('',(51.25166604984,-41.3));
#753 = CARTESIAN_POINT('',(49.,-41.3));
#754 = ( GEOMETRIC_REPRESENTATION_CONTEXT(2) 
PARAMETRIC_REPRESENTATION_CONTEXT() REPRESENTATION_CONTEXT('2D SPACE',''
  ) );
#755 = PCURVE('',#756,#761);
#756 = CYLINDRICAL_SURFACE('',#757,1.3);
#757 = AXIS2_PLACEMENT_3D('',#758,#759,#760);
#758 = CARTESIAN_POINT('',(-1.,40.,49.));
#759 = DIRECTION('',(-1.,-0.,-0.));
#760 = DIRECTION('',(0.,1.,0.));
#761 = DEFINITIONAL_REPRESENTATION('',(#762),#766);
#762 = LINE('',#763,#764);
#763 = CARTESIAN_POINT('',(-6.28318530718,-1.));
#764 = VECTOR('',#765,1.);
#765 = DIRECTION('',(1.,-0.));
#766 = ( GEOMETRIC_REPRESENTATION_CONTEXT(2) 
PARAMETRIC_REPRESENTATION_CONTEXT() REPRESENTATION_CONTEXT('2D SPACE',''
  ) );
#767 = FACE_BOUND('',#768,.F.);
#768 = EDGE_LOOP('',(#769));
#769 = ORIENTED_EDGE('',*,*,#770,.T.);
#770 = EDGE_CURVE('',#771,#771,#773,.T.);
#771 = VERTEX_POINT('',#772);
#772 = CARTESIAN_POINT('',(0.,41.3,55.));
#773 = SURFACE_CURVE('',#774,(#779,#790),.PCURVE_S1.);
#774 = CIRCLE('',#775,1.3);
#775 = AXIS2_PLACEMENT_3D('',#776,#777,#778);
#776 = CARTESIAN_POINT('',(0.,40.,55.));
#777 = DIRECTION('',(-1.,0.,0.));
#778 = DIRECTION('',(0.,1.,0.));
#779 = PCURVE('',#32,#780);
#780 = DEFINITIONAL_REPRESENTATION('',(#781),#789);
#781 = ( BOUNDED_CURVE() B_SPLINE_CURVE(2,(#782,#783,#784,#785,#786,#787
,#788),.UNSPECIFIED.,.T.,.F.) B_SPLINE_CURVE_WITH_KNOTS((1,2,2,2,2,1),(
    -2.094395102393,0.,2.094395102393,4.188790204786,6.28318530718,
8.377580409573),.UNSPECIFIED.) CURVE() GEOMETRIC_REPRESENTATION_ITEM() 
RATIONAL_B_SPLINE_CURVE((1.,0.5,1.,0.5,1.,0.5,1.)) REPRESENTATION_ITEM(
  '') );
#782 = CARTESIAN_POINT('',(55.,-41.3));
#783 = CARTESIAN_POINT('',(52.74833395016,-41.3));
#784 = CARTESIAN_POINT('',(53.87416697508,-39.35));
#785 = CARTESIAN_POINT('',(55.,-37.4));
#786 = CARTESIAN_POINT('',(56.12583302492,-39.35));
#787 = CARTESIAN_POINT('',(57.25166604984,-41.3));
#788 = CARTESIAN_POINT('',(55.,-41.3));
#789 = ( GEOMETRIC_REPRESENTATION_CONTEXT(2) 
PARAMETRIC_REPRESENTATION_CONTEXT() REPRESENTATION_CONTEXT('2D SPACE',''
  ) );
#790 = PCURVE('',#791,#796);
#791 = CYLINDRICAL_SURFACE('',#792,1.3);
#792 = AXIS2_PLACEMENT_3D('',#793,#794,#795);
#793 = CARTESIAN_POINT('',(-1.,40.,55.));
#794 = DIRECTION('',(-1.,-0.,-0.));
#795 = DIRECTION('',(0.,1.,0.));
#796 = DEFINITIONAL_REPRESENTATION('',(#797),#801);
#797 = LINE('',#798,#799);
#798 = CARTESIAN_POINT('',(-6.28318530718,-1.));
#799 = VECTOR('',#800,1.);
#800 = DIRECTION('',(1.,-0.));
#801 = ( GEOMETRIC_REPRESENTATION_CONTEXT(2) 
PARAMETRIC_REPRESENTATION_CONTEXT() REPRESENTATION_CONTEXT('2D SPACE',''
  ) );
#802 = FACE_BOUND('',#803,.F.);
#803 = EDGE_LOOP('',(#804));
#804 = ORIENTED_EDGE('',*,*,#805,.T.);
#805 = EDGE_CURVE('',#806,#806,#808,.T.);
#806 = VERTEX_POINT('',#807);
#807 = CARTESIAN_POINT('',(0.,35.3,49.));
#808 = SURFACE_CURVE('',#809,(#814,#825),.PCURVE_S1.);
#809 = CIRCLE('',#810,1.3);
#810 = AXIS2_PLACEMENT_3D('',#811,#812,#813);
#811 = CARTESIAN_POINT('',(0.,34.,49.));
#812 = DIRECTION('',(-1.,0.,0.));
#813 = DIRECTION('',(0.,1.,0.));
#814 = PCURVE('',#32,#815);
#815 = DEFINITIONAL_REPRESENTATION('',(#816),#824);
#816 = ( BOUNDED_CURVE() B_SPLINE_CURVE(2,(#817,#818,#819,#820,#821,#822
,#823),.UNSPECIFIED.,.T.,.F.) B_SPLINE_CURVE_WITH_KNOTS((1,2,2,2,2,1),(
    -2.094395102393,0.,2.094395102393,4.188790204786,6.28318530718,
8.377580409573),.UNSPECIFIED.) CURVE() GEOMETRIC_REPRESENTATION_ITEM() 
RATIONAL_B_SPLINE_CURVE((1.,0.5,1.,0.5,1.,0.5,1.)) REPRESENTATION_ITEM(
  '') );
#817 = CARTESIAN_POINT('',(49.,-35.3));
#818 = CARTESIAN_POINT('',(46.74833395016,-35.3));
#819 = CARTESIAN_POINT('',(47.87416697508,-33.35));
#820 = CARTESIAN_POINT('',(49.,-31.4));
#821 = CARTESIAN_POINT('',(50.12583302492,-33.35));
#822 = CARTESIAN_POINT('',(51.25166604984,-35.3));
#823 = CARTESIAN_POINT('',(49.,-35.3));
#824 = ( GEOMETRIC_REPRESENTATION_CONTEXT(2) 
PARAMETRIC_REPRESENTATION_CONTEXT() REPRESENTATION_CONTEXT('2D SPACE',''
  ) );
#825 = PCURVE('',#826,#831);
#826 = CYLINDRICAL_SURFACE('',#827,1.3);
#827 = AXIS2_PLACEMENT_3D('',#828,#829,#830);
#828 = CARTESIAN_POINT('',(-1.,34.,49.));
#829 = DIRECTION('',(-1.,-0.,-0.));
#830 = DIRECTION('',(0.,1.,0.));
#831 = DEFINITIONAL_REPRESENTATION('',(#832),#836);
#832 = LINE('',#833,#834);
#833 = CARTESIAN_POINT('',(-6.28318530718,-1.));
#834 = VECTOR('',#835,1.);
#835 = DIRECTION('',(1.,-0.));
#836 = ( GEOMETRIC_REPRESENTATION_CONTEXT(2) 
PARAMETRIC_REPRESENTATION_CONTEXT() REPRESENTATION_CONTEXT('2D SPACE',''
  ) );
#837 = FACE_BOUND('',#838,.F.);
#838 = EDGE_LOOP('',(#839));
#839 = ORIENTED_EDGE('',*,*,#840,.T.);
#840 = EDGE_CURVE('',#841,#841,#843,.T.);
#841 = VERTEX_POINT('',#842);
#842 = CARTESIAN_POINT('',(0.,35.3,55.));
#843 = SURFACE_CURVE('',#844,(#849,#860),.PCURVE_S1.);
#844 = CIRCLE('',#845,1.3);
#845 = AXIS2_PLACEMENT_3D('',#846,#847,#848);
#846 = CARTESIAN_POINT('',(0.,34.,55.));
#847 = DIRECTION('',(-1.,0.,0.));
#848 = DIRECTION('',(0.,1.,0.));
#849 = PCURVE('',#32,#850);
#850 = DEFINITIONAL_REPRESENTATION('',(#851),#859);
#851 = ( BOUNDED_CURVE() B_SPLINE_CURVE(2,(#852,#853,#854,#855,#856,#857
,#858),.UNSPECIFIED.,.T.,.F.) B_SPLINE_CURVE_WITH_KNOTS((1,2,2,2,2,1),(
    -2.094395102393,0.,2.094395102393,4.188790204786,6.28318530718,
8.377580409573),.UNSPECIFIED.) CURVE() GEOMETRIC_REPRESENTATION_ITEM() 
RATIONAL_B_SPLINE_CURVE((1.,0.5,1.,0.5,1.,0.5,1.)) REPRESENTATION_ITEM(
  '') );
#852 = CARTESIAN_POINT('',(55.,-35.3));
#853 = CARTESIAN_POINT('',(52.74833395016,-35.3));
#854 = CARTESIAN_POINT('',(53.87416697508,-33.35));
#855 = CARTESIAN_POINT('',(55.,-31.4));
#856 = CARTESIAN_POINT('',(56.12583302492,-33.35));
#857 = CARTESIAN_POINT('',(57.25166604984,-35.3));
#858 = CARTESIAN_POINT('',(55.,-35.3));
#859 = ( GEOMETRIC_REPRESENTATION_CONTEXT(2) 
PARAMETRIC_REPRESENTATION_CONTEXT() REPRESENTATION_CONTEXT('2D SPACE',''
  ) );
#860 = PCURVE('',#861,#866);
#861 = CYLINDRICAL_SURFACE('',#862,1.3);
#862 = AXIS2_PLACEMENT_3D('',#863,#864,#865);
#863 = CARTESIAN_POINT('',(-1.,34.,55.));
#864 = DIRECTION('',(-1.,-0.,-0.));
#865 = DIRECTION('',(0.,1.,0.));
#866 = DEFINITIONAL_REPRESENTATION('',(#867),#871);
#867 = LINE('',#868,#869);
#868 = CARTESIAN_POINT('',(-6.28318530718,-1.));
#869 = VECTOR('',#870,1.);
#870 = DIRECTION('',(1.,-0.));
#871 = ( GEOMETRIC_REPRESENTATION_CONTEXT(2) 
PARAMETRIC_REPRESENTATION_CONTEXT() REPRESENTATION_CONTEXT('2D SPACE',''
  ) );
#872 = FACE_BOUND('',#873,.F.);
#873 = EDGE_LOOP('',(#874));
#874 = ORIENTED_EDGE('',*,*,#875,.T.);
#875 = EDGE_CURVE('',#876,#876,#878,.T.);
#876 = VERTEX_POINT('',#877);
#877 = CARTESIAN_POINT('',(0.,29.3,43.));
#878 = SURFACE_CURVE('',#879,(#884,#895),.PCURVE_S1.);
#879 = CIRCLE('',#880,1.3);
#880 = AXIS2_PLACEMENT_3D('',#881,#882,#883);
#881 = CARTESIAN_POINT('',(0.,28.,43.));
#882 = DIRECTION('',(-1.,0.,0.));
#883 = DIRECTION('',(0.,1.,0.));
#884 = PCURVE('',#32,#885);
#885 = DEFINITIONAL_REPRESENTATION('',(#886),#894);
#886 = ( BOUNDED_CURVE() B_SPLINE_CURVE(2,(#887,#888,#889,#890,#891,#892
,#893),.UNSPECIFIED.,.T.,.F.) B_SPLINE_CURVE_WITH_KNOTS((1,2,2,2,2,1),(
    -2.094395102393,0.,2.094395102393,4.188790204786,6.28318530718,
8.377580409573),.UNSPECIFIED.) CURVE() GEOMETRIC_REPRESENTATION_ITEM() 
RATIONAL_B_SPLINE_CURVE((1.,0.5,1.,0.5,1.,0.5,1.)) REPRESENTATION_ITEM(
  '') );
#887 = CARTESIAN_POINT('',(43.,-29.3));
#888 = CARTESIAN_POINT('',(40.74833395016,-29.3));
#889 = CARTESIAN_POINT('',(41.87416697508,-27.35));
#890 = CARTESIAN_POINT('',(43.,-25.4));
#891 = CARTESIAN_POINT('',(44.12583302492,-27.35));
#892 = CARTESIAN_POINT('',(45.25166604984,-29.3));
#893 = CARTESIAN_POINT('',(43.,-29.3));
#894 = ( GEOMETRIC_REPRESENTATION_CONTEXT(2) 
PARAMETRIC_REPRESENTATION_CONTEXT() REPRESENTATION_CONTEXT('2D SPACE',''
  ) );
#895 = PCURVE('',#896,#901);
#896 = CYLINDRICAL_SURFACE('',#897,1.3);
#897 = AXIS2_PLACEMENT_3D('',#898,#899,#900);
#898 = CARTESIAN_POINT('',(-1.,28.,43.));
#899 = DIRECTION('',(-1.,-0.,-0.));
#900 = DIRECTION('',(0.,1.,0.));
#901 = DEFINITIONAL_REPRESENTATION('',(#902),#906);
#902 = LINE('',#903,#904);
#903 = CARTESIAN_POINT('',(-6.28318530718,-1.));
#904 = VECTOR('',#905,1.);
#905 = DIRECTION('',(1.,-0.));
#906 = ( GEOMETRIC_REPRESENTATION_CONTEXT(2) 
PARAMETRIC_REPRESENTATION_CONTEXT() REPRESENTATION_CONTEXT('2D SPACE',''
  ) );
#907 = FACE_BOUND('',#908,.F.);
#908 = EDGE_LOOP('',(#909));
#909 = ORIENTED_EDGE('',*,*,#910,.T.);
#910 = EDGE_CURVE('',#911,#911,#913,.T.);
#911 = VERTEX_POINT('',#912);
#912 = CARTESIAN_POINT('',(0.,23.3,43.));
#913 = SURFACE_CURVE('',#914,(#919,#930),.PCURVE_S1.);
#914 = CIRCLE('',#915,1.3);
#915 = AXIS2_PLACEMENT_3D('',#916,#917,#918);
#916 = CARTESIAN_POINT('',(0.,22.,43.));
#917 = DIRECTION('',(-1.,0.,0.));
#918 = DIRECTION('',(0.,1.,0.));
#919 = PCURVE('',#32,#920);
#920 = DEFINITIONAL_REPRESENTATION('',(#921),#929);
#921 = ( BOUNDED_CURVE() B_SPLINE_CURVE(2,(#922,#923,#924,#925,#926,#927
,#928),.UNSPECIFIED.,.T.,.F.) B_SPLINE_CURVE_WITH_KNOTS((1,2,2,2,2,1),(
    -2.094395102393,0.,2.094395102393,4.188790204786,6.28318530718,
8.377580409573),.UNSPECIFIED.) CURVE() GEOMETRIC_REPRESENTATION_ITEM() 
RATIONAL_B_SPLINE_CURVE((1.,0.5,1.,0.5,1.,0.5,1.)) REPRESENTATION_ITEM(
  '') );
#922 = CARTESIAN_POINT('',(43.,-23.3));
#923 = CARTESIAN_POINT('',(40.74833395016,-23.3));
#924 = CARTESIAN_POINT('',(41.87416697508,-21.35));
#925 = CARTESIAN_POINT('',(43.,-19.4));
#926 = CARTESIAN_POINT('',(44.12583302492,-21.35));
#927 = CARTESIAN_POINT('',(45.25166604984,-23.3));
#928 = CARTESIAN_POINT('',(43.,-23.3));
#929 = ( GEOMETRIC_REPRESENTATION_CONTEXT(2) 
PARAMETRIC_REPRESENTATION_CONTEXT() REPRESENTATION_CONTEXT('2D SPACE',''
  ) );
#930 = PCURVE('',#931,#936);
#931 = CYLINDRICAL_SURFACE('',#932,1.3);
#932 = AXIS2_PLACEMENT_3D('',#933,#934,#935);
#933 = CARTESIAN_POINT('',(-1.,22.,43.));
#934 = DIRECTION('',(-1.,-0.,-0.));
#935 = DIRECTION('',(0.,1.,0.));
#936 = DEFINITIONAL_REPRESENTATION('',(#937),#941);
#937 = LINE('',#938,#939);
#938 = CARTESIAN_POINT('',(-6.28318530718,-1.));
#939 = VECTOR('',#940,1.);
#940 = DIRECTION('',(1.,-0.));
#941 = ( GEOMETRIC_REPRESENTATION_CONTEXT(2) 
PARAMETRIC_REPRESENTATION_CONTEXT() REPRESENTATION_CONTEXT('2D SPACE',''
  ) );
#942 = FACE_BOUND('',#943,.F.);
#943 = EDGE_LOOP('',(#944));
#944 = ORIENTED_EDGE('',*,*,#945,.T.);
#945 = EDGE_CURVE('',#946,#946,#948,.T.);
#946 = VERTEX_POINT('',#947);
#947 = CARTESIAN_POINT('',(0.,29.3,49.));
#948 = SURFACE_CURVE('',#949,(#954,#965),.PCURVE_S1.);
#949 = CIRCLE('',#950,1.3);
#950 = AXIS2_PLACEMENT_3D('',#951,#952,#953);
#951 = CARTESIAN_POINT('',(0.,28.,49.));
#952 = DIRECTION('',(-1.,0.,0.));
#953 = DIRECTION('',(0.,1.,0.));
#954 = PCURVE('',#32,#955);
#955 = DEFINITIONAL_REPRESENTATION('',(#956),#964);
#956 = ( BOUNDED_CURVE() B_SPLINE_CURVE(2,(#957,#958,#959,#960,#961,#962
,#963),.UNSPECIFIED.,.T.,.F.) B_SPLINE_CURVE_WITH_KNOTS((1,2,2,2,2,1),(
    -2.094395102393,0.,2.094395102393,4.188790204786,6.28318530718,
8.377580409573),.UNSPECIFIED.) CURVE() GEOMETRIC_REPRESENTATION_ITEM() 
RATIONAL_B_SPLINE_CURVE((1.,0.5,1.,0.5,1.,0.5,1.)) REPRESENTATION_ITEM(
  '') );
#957 = CARTESIAN_POINT('',(49.,-29.3));
#958 = CARTESIAN_POINT('',(46.74833395016,-29.3));
#959 = CARTESIAN_POINT('',(47.87416697508,-27.35));
#960 = CARTESIAN_POINT('',(49.,-25.4));
#961 = CARTESIAN_POINT('',(50.12583302492,-27.35));
#962 = CARTESIAN_POINT('',(51.25166604984,-29.3));
#963 = CARTESIAN_POINT('',(49.,-29.3));
#964 = ( GEOMETRIC_REPRESENTATION_CONTEXT(2) 
PARAMETRIC_REPRESENTATION_CONTEXT() REPRESENTATION_CONTEXT('2D SPACE',''
  ) );
#965 = PCURVE('',#966,#971);
#966 = CYLINDRICAL_SURFACE('',#967,1.3);
#967 = AXIS2_PLACEMENT_3D('',#968,#969,#970);
#968 = CARTESIAN_POINT('',(-1.,28.,49.));
#969 = DIRECTION('',(-1.,-0.,-0.));
#970 = DIRECTION('',(0.,1.,0.));
#971 = DEFINITIONAL_REPRESENTATION('',(#972),#976);
#972 = LINE('',#973,#974);
#973 = CARTESIAN_POINT('',(-6.28318530718,-1.));
#974 = VECTOR('',#975,1.);
#975 = DIRECTION('',(1.,-0.));
#976 = ( GEOMETRIC_REPRESENTATION_CONTEXT(2) 
PARAMETRIC_REPRESENTATION_CONTEXT() REPRESENTATION_CONTEXT('2D SPACE',''
  ) );
#977 = FACE_BOUND('',#978,.F.);
#978 = EDGE_LOOP('',(#979));
#979 = ORIENTED_EDGE('',*,*,#980,.T.);
#980 = EDGE_CURVE('',#981,#981,#983,.T.);
#981 = VERTEX_POINT('',#982);
#982 = CARTESIAN_POINT('',(0.,29.3,55.));
#983 = SURFACE_CURVE('',#984,(#989,#1000),.PCURVE_S1.);
#984 = CIRCLE('',#985,1.3);
#985 = AXIS2_PLACEMENT_3D('',#986,#987,#988);
#986 = CARTESIAN_POINT('',(0.,28.,55.));
#987 = DIRECTION('',(-1.,0.,0.));
#988 = DIRECTION('',(0.,1.,0.));
#989 = PCURVE('',#32,#990);
#990 = DEFINITIONAL_REPRESENTATION('',(#991),#999);
#991 = ( BOUNDED_CURVE() B_SPLINE_CURVE(2,(#992,#993,#994,#995,#996,#997
,#998),.UNSPECIFIED.,.T.,.F.) B_SPLINE_CURVE_WITH_KNOTS((1,2,2,2,2,1),(
    -2.094395102393,0.,2.094395102393,4.188790204786,6.28318530718,
8.377580409573),.UNSPECIFIED.) CURVE() GEOMETRIC_REPRESENTATION_ITEM() 
RATIONAL_B_SPLINE_CURVE((1.,0.5,1.,0.5,1.,0.5,1.)) REPRESENTATION_ITEM(
  '') );
#992 = CARTESIAN_POINT('',(55.,-29.3));
#993 = CARTESIAN_POINT('',(52.74833395016,-29.3));
#994 = CARTESIAN_POINT('',(53.87416697508,-27.35));
#995 = CARTESIAN_POINT('',(55.,-25.4));
#996 = CARTESIAN_POINT('',(56.12583302492,-27.35));
#997 = CARTESIAN_POINT('',(57.25166604984,-29.3));
#998 = CARTESIAN_POINT('',(55.,-29.3));
#999 = ( GEOMETRIC_REPRESENTATION_CONTEXT(2) 
PARAMETRIC_REPRESENTATION_CONTEXT() REPRESENTATION_CONTEXT('2D SPACE',''
  ) );
#1000 = PCURVE('',#1001,#1006);
#1001 = CYLINDRICAL_SURFACE('',#1002,1.3);
#1002 = AXIS2_PLACEMENT_3D('',#1003,#1004,#1005);
#1003 = CARTESIAN_POINT('',(-1.,28.,55.));
#1004 = DIRECTION('',(-1.,-0.,-0.));
#1005 = DIRECTION('',(0.,1.,0.));
#1006 = DEFINITIONAL_REPRESENTATION('',(#1007),#1011);
#1007 = LINE('',#1008,#1009);
#1008 = CARTESIAN_POINT('',(-6.28318530718,-1.));
#1009 = VECTOR('',#1010,1.);
#1010 = DIRECTION('',(1.,-0.));
#1011 = ( GEOMETRIC_REPRESENTATION_CONTEXT(2) 
PARAMETRIC_REPRESENTATION_CONTEXT() REPRESENTATION_CONTEXT('2D SPACE',''
  ) );
#1012 = FACE_BOUND('',#1013,.F.);
#1013 = EDGE_LOOP('',(#1014));
#1014 = ORIENTED_EDGE('',*,*,#1015,.T.);
#1015 = EDGE_CURVE('',#1016,#1016,#1018,.T.);
#1016 = VERTEX_POINT('',#1017);
#1017 = CARTESIAN_POINT('',(0.,23.3,49.));
#1018 = SURFACE_CURVE('',#1019,(#1024,#1035),.PCURVE_S1.);
#1019 = CIRCLE('',#1020,1.3);
#1020 = AXIS2_PLACEMENT_3D('',#1021,#1022,#1023);
#1021 = CARTESIAN_POINT('',(0.,22.,49.));
#1022 = DIRECTION('',(-1.,0.,0.));
#1023 = DIRECTION('',(0.,1.,0.));
#1024 = PCURVE('',#32,#1025);
#1025 = DEFINITIONAL_REPRESENTATION('',(#1026),#1034);
#1026 = ( BOUNDED_CURVE() B_SPLINE_CURVE(2,(#1027,#1028,#1029,#1030,
#1031,#1032,#1033),.UNSPECIFIED.,.T.,.F.) B_SPLINE_CURVE_WITH_KNOTS((1,2
    ,2,2,2,1),(-2.094395102393,0.,2.094395102393,4.188790204786,
6.28318530718,8.377580409573),.UNSPECIFIED.) CURVE() 
GEOMETRIC_REPRESENTATION_ITEM() RATIONAL_B_SPLINE_CURVE((1.,0.5,1.,0.5,
1.,0.5,1.)) REPRESENTATION_ITEM('') );
#1027 = CARTESIAN_POINT('',(49.,-23.3));
#1028 = CARTESIAN_POINT('',(46.74833395016,-23.3));
#1029 = CARTESIAN_POINT('',(47.87416697508,-21.35));
#1030 = CARTESIAN_POINT('',(49.,-19.4));
#1031 = CARTESIAN_POINT('',(50.12583302492,-21.35));
#1032 = CARTESIAN_POINT('',(51.25166604984,-23.3));
#1033 = CARTESIAN_POINT('',(49.,-23.3));
#1034 = ( GEOMETRIC_REPRESENTATION_CONTEXT(2) 
PARAMETRIC_REPRESENTATION_CONTEXT() REPRESENTATION_CONTEXT('2D SPACE',''
  ) );
#1035 = PCURVE('',#1036,#1041);
#1036 = CYLINDRICAL_SURFACE('',#1037,1.3);
#1037 = AXIS2_PLACEMENT_3D('',#1038,#1039,#1040);
#1038 = CARTESIAN_POINT('',(-1.,22.,49.));
#1039 = DIRECTION('',(-1.,-0.,-0.));
#1040 = DIRECTION('',(0.,1.,0.));
#1041 = DEFINITIONAL_REPRESENTATION('',(#1042),#1046);
#1042 = LINE('',#1043,#1044);
#1043 = CARTESIAN_POINT('',(-6.28318530718,-1.));
#1044 = VECTOR('',#1045,1.);
#1045 = DIRECTION('',(1.,-0.));
#1046 = ( GEOMETRIC_REPRESENTATION_CONTEXT(2) 
PARAMETRIC_REPRESENTATION_CONTEXT() REPRESENTATION_CONTEXT('2D SPACE',''
  ) );
#1047 = FACE_BOUND('',#1048,.F.);
#1048 = EDGE_LOOP('',(#1049));
#1049 = ORIENTED_EDGE('',*,*,#1050,.T.);
#1050 = EDGE_CURVE('',#1051,#1051,#1053,.T.);
#1051 = VERTEX_POINT('',#1052);
#1052 = CARTESIAN_POINT('',(0.,23.3,55.));
#1053 = SURFACE_CURVE('',#1054,(#1059,#1070),.PCURVE_S1.);
#1054 = CIRCLE('',#1055,1.3);
#1055 = AXIS2_PLACEMENT_3D('',#1056,#1057,#1058);
#1056 = CARTESIAN_POINT('',(0.,22.,55.));
#1057 = DIRECTION('',(-1.,0.,0.));
#1058 = DIRECTION('',(0.,1.,0.));
#1059 = PCURVE('',#32,#1060);
#1060 = DEFINITIONAL_REPRESENTATION('',(#1061),#1069);
#1061 = ( BOUNDED_CURVE() B_SPLINE_CURVE(2,(#1062,#1063,#1064,#1065,
#1066,#1067,#1068),.UNSPECIFIED.,.T.,.F.) B_SPLINE_CURVE_WITH_KNOTS((1,2
    ,2,2,2,1),(-2.094395102393,0.,2.094395102393,4.188790204786,
6.28318530718,8.377580409573),.UNSPECIFIED.) CURVE() 
GEOMETRIC_REPRESENTATION_ITEM() RATIONAL_B_SPLINE_CURVE((1.,0.5,1.,0.5,
1.,0.5,1.)) REPRESENTATION_ITEM('') );
#1062 = CARTESIAN_POINT('',(55.,-23.3));
#1063 = CARTESIAN_POINT('',(52.74833395016,-23.3));
#1064 = CARTESIAN_POINT('',(53.87416697508,-21.35));
#1065 = CARTESIAN_POINT('',(55.,-19.4));
#1066 = CARTESIAN_POINT('',(56.12583302492,-21.35));
#1067 = CARTESIAN_POINT('',(57.25166604984,-23.3));
#1068 = CARTESIAN_POINT('',(55.,-23.3));
#1069 = ( GEOMETRIC_REPRESENTATION_CONTEXT(2) 
PARAMETRIC_REPRESENTATION_CONTEXT() REPRESENTATION_CONTEXT('2D SPACE',''
  ) );
#1070 = PCURVE('',#1071,#1076);
#1071 = CYLINDRICAL_SURFACE('',#1072,1.3);
#1072 = AXIS2_PLACEMENT_3D('',#1073,#1074,#1075);
#1073 = CARTESIAN_POINT('',(-1.,22.,55.));
#1074 = DIRECTION('',(-1.,-0.,-0.));
#1075 = DIRECTION('',(0.,1.,0.));
#1076 = DEFINITIONAL_REPRESENTATION('',(#1077),#1081);
#1077 = LINE('',#1078,#1079);
#1078 = CARTESIAN_POINT('',(-6.28318530718,-1.));
#1079 = VECTOR('',#1080,1.);
#1080 = DIRECTION('',(1.,-0.));
#1081 = ( GEOMETRIC_REPRESENTATION_CONTEXT(2) 
PARAMETRIC_REPRESENTATION_CONTEXT() REPRESENTATION_CONTEXT('2D SPACE',''
  ) );
#1082 = FACE_BOUND('',#1083,.F.);
#1083 = EDGE_LOOP('',(#1084));
#1084 = ORIENTED_EDGE('',*,*,#1085,.T.);
#1085 = EDGE_CURVE('',#1086,#1086,#1088,.T.);
#1086 = VERTEX_POINT('',#1087);
#1087 = CARTESIAN_POINT('',(0.,41.3,61.));
#1088 = SURFACE_CURVE('',#1089,(#1094,#1105),.PCURVE_S1.);
#1089 = CIRCLE('',#1090,1.3);
#1090 = AXIS2_PLACEMENT_3D('',#1091,#1092,#1093);
#1091 = CARTESIAN_POINT('',(0.,40.,61.));
#1092 = DIRECTION('',(-1.,0.,0.));
#1093 = DIRECTION('',(0.,1.,0.));
#1094 = PCURVE('',#32,#1095);
#1095 = DEFINITIONAL_REPRESENTATION('',(#1096),#1104);
#1096 = ( BOUNDED_CURVE() B_SPLINE_CURVE(2,(#1097,#1098,#1099,#1100,
#1101,#1102,#1103),.UNSPECIFIED.,.T.,.F.) B_SPLINE_CURVE_WITH_KNOTS((1,2
    ,2,2,2,1),(-2.094395102393,0.,2.094395102393,4.188790204786,
6.28318530718,8.377580409573),.UNSPECIFIED.) CURVE() 
GEOMETRIC_REPRESENTATION_ITEM() RATIONAL_B_SPLINE_CURVE((1.,0.5,1.,0.5,
1.,0.5,1.)) REPRESENTATION_ITEM('') );
#1097 = CARTESIAN_POINT('',(61.,-41.3));
#1098 = CARTESIAN_POINT('',(58.74833395016,-41.3));
#1099 = CARTESIAN_POINT('',(59.87416697508,-39.35));
#1100 = CARTESIAN_POINT('',(61.,-37.4));
#1101 = CARTESIAN_POINT('',(62.12583302492,-39.35));
#1102 = CARTESIAN_POINT('',(63.25166604984,-41.3));
#1103 = CARTESIAN_POINT('',(61.,-41.3));
#1104 = ( GEOMETRIC_REPRESENTATION_CONTEXT(2) 
PARAMETRIC_REPRESENTATION_CONTEXT() REPRESENTATION_CONTEXT('2D SPACE',''
  ) );
#1105 = PCURVE('',#1106,#1111);
#1106 = CYLINDRICAL_SURFACE('',#1107,1.3);
#1107 = AXIS2_PLACEMENT_3D('',#1108,#1109,#1110);
#1108 = CARTESIAN_POINT('',(-1.,40.,61.));
#1109 = DIRECTION('',(-1.,-0.,-0.));
#1110 = DIRECTION('',(0.,1.,0.));
#1111 = DEFINITIONAL_REPRESENTATION('',(#1112),#1116);
#1112 = LINE('',#1113,#1114);
#1113 = CARTESIAN_POINT('',(-6.28318530718,-1.));
#1114 = VECTOR('',#1115,1.);
#1115 = DIRECTION('',(1.,-0.));
#1116 = ( GEOMETRIC_REPRESENTATION_CONTEXT(2) 
PARAMETRIC_REPRESENTATION_CONTEXT() REPRESENTATION_CONTEXT('2D SPACE',''
  ) );
#1117 = FACE_BOUND('',#1118,.F.);
#1118 = EDGE_LOOP('',(#1119));
#1119 = ORIENTED_EDGE('',*,*,#1120,.T.);
#1120 = EDGE_CURVE('',#1121,#1121,#1123,.T.);
#1121 = VERTEX_POINT('',#1122);
#1122 = CARTESIAN_POINT('',(0.,35.3,61.));
#1123 = SURFACE_CURVE('',#1124,(#1129,#1140),.PCURVE_S1.);
#1124 = CIRCLE('',#1125,1.3);
#1125 = AXIS2_PLACEMENT_3D('',#1126,#1127,#1128);
#1126 = CARTESIAN_POINT('',(0.,34.,61.));
#1127 = DIRECTION('',(-1.,0.,0.));
#1128 = DIRECTION('',(0.,1.,0.));
#1129 = PCURVE('',#32,#1130);
#1130 = DEFINITIONAL_REPRESENTATION('',(#1131),#1139);
#1131 = ( BOUNDED_CURVE() B_SPLINE_CURVE(2,(#1132,#1133,#1134,#1135,
#1136,#1137,#1138),.UNSPECIFIED.,.T.,.F.) B_SPLINE_CURVE_WITH_KNOTS((1,2
    ,2,2,2,1),(-2.094395102393,0.,2.094395102393,4.188790204786,
6.28318530718,8.377580409573),.UNSPECIFIED.) CURVE() 
GEOMETRIC_REPRESENTATION_ITEM() RATIONAL_B_SPLINE_CURVE((1.,0.5,1.,0.5,
1.,0.5,1.)) REPRESENTATION_ITEM('') );
#1132 = CARTESIAN_POINT('',(61.,-35.3));
#1133 = CARTESIAN_POINT('',(58.74833395016,-35.3));
#1134 = CARTESIAN_POINT('',(59.87416697508,-33.35));
#1135 = CARTESIAN_POINT('',(61.,-31.4));
#1136 = CARTESIAN_POINT('',(62.12583302492,-33.35));
#1137 = CARTESIAN_POINT('',(63.25166604984,-35.3));
#1138 = CARTESIAN_POINT('',(61.,-35.3));
#1139 = ( GEOMETRIC_REPRESENTATION_CONTEXT(2) 
PARAMETRIC_REPRESENTATION_CONTEXT() REPRESENTATION_CONTEXT('2D SPACE',''
  ) );
#1140 = PCURVE('',#1141,#1146);
#1141 = CYLINDRICAL_SURFACE('',#1142,1.3);
#1142 = AXIS2_PLACEMENT_3D('',#1143,#1144,#1145);
#1143 = CARTESIAN_POINT('',(-1.,34.,61.));
#1144 = DIRECTION('',(-1.,-0.,-0.));
#1145 = DIRECTION('',(0.,1.,0.));
#1146 = DEFINITIONAL_REPRESENTATION('',(#1147),#1151);
#1147 = LINE('',#1148,#1149);
#1148 = CARTESIAN_POINT('',(-6.28318530718,-1.));
#1149 = VECTOR('',#1150,1.);
#1150 = DIRECTION('',(1.,-0.));
#1151 = ( GEOMETRIC_REPRESENTATION_CONTEXT(2) 
PARAMETRIC_REPRESENTATION_CONTEXT() REPRESENTATION_CONTEXT('2D SPACE',''
  ) );
#1152 = FACE_BOUND('',#1153,.F.);
#1153 = EDGE_LOOP('',(#1154));
#1154 = ORIENTED_EDGE('',*,*,#1155,.T.);
#1155 = EDGE_CURVE('',#1156,#1156,#1158,.T.);
#1156 = VERTEX_POINT('',#1157);
#1157 = CARTESIAN_POINT('',(0.,41.3,67.));
#1158 = SURFACE_CURVE('',#1159,(#1164,#1175),.PCURVE_S1.);
#1159 = CIRCLE('',#1160,1.3);
#1160 = AXIS2_PLACEMENT_3D('',#1161,#1162,#1163);
#1161 = CARTESIAN_POINT('',(0.,40.,67.));
#1162 = DIRECTION('',(-1.,0.,0.));
#1163 = DIRECTION('',(0.,1.,0.));
#1164 = PCURVE('',#32,#1165);
#1165 = DEFINITIONAL_REPRESENTATION('',(#1166),#1174);
#1166 = ( BOUNDED_CURVE() B_SPLINE_CURVE(2,(#1167,#1168,#1169,#1170,
#1171,#1172,#1173),.UNSPECIFIED.,.T.,.F.) B_SPLINE_CURVE_WITH_KNOTS((1,2
    ,2,2,2,1),(-2.094395102393,0.,2.094395102393,4.188790204786,
6.28318530718,8.377580409573),.UNSPECIFIED.) CURVE() 
GEOMETRIC_REPRESENTATION_ITEM() RATIONAL_B_SPLINE_CURVE((1.,0.5,1.,0.5,
1.,0.5,1.)) REPRESENTATION_ITEM('') );
#1167 = CARTESIAN_POINT('',(67.,-41.3));
#1168 = CARTESIAN_POINT('',(64.74833395016,-41.3));
#1169 = CARTESIAN_POINT('',(65.87416697508,-39.35));
#1170 = CARTESIAN_POINT('',(67.,-37.4));
#1171 = CARTESIAN_POINT('',(68.12583302492,-39.35));
#1172 = CARTESIAN_POINT('',(69.25166604984,-41.3));
#1173 = CARTESIAN_POINT('',(67.,-41.3));
#1174 = ( GEOMETRIC_REPRESENTATION_CONTEXT(2) 
PARAMETRIC_REPRESENTATION_CONTEXT() REPRESENTATION_CONTEXT('2D SPACE',''
  ) );
#1175 = PCURVE('',#1176,#1181);
#1176 = CYLINDRICAL_SURFACE('',#1177,1.3);
#1177 = AXIS2_PLACEMENT_3D('',#1178,#1179,#1180);
#1178 = CARTESIAN_POINT('',(-1.,40.,67.));
#1179 = DIRECTION('',(-1.,-0.,-0.));
#1180 = DIRECTION('',(0.,1.,0.));
#1181 = DEFINITIONAL_REPRESENTATION('',(#1182),#1186);
#1182 = LINE('',#1183,#1184);
#1183 = CARTESIAN_POINT('',(-6.28318530718,-1.));
#1184 = VECTOR('',#1185,1.);
#1185 = DIRECTION('',(1.,-0.));
#1186 = ( GEOMETRIC_REPRESENTATION_CONTEXT(2) 
PARAMETRIC_REPRESENTATION_CONTEXT() REPRESENTATION_CONTEXT('2D SPACE',''
  ) );
#1187 = FACE_BOUND('',#1188,.F.);
#1188 = EDGE_LOOP('',(#1189));
#1189 = ORIENTED_EDGE('',*,*,#1190,.T.);
#1190 = EDGE_CURVE('',#1191,#1191,#1193,.T.);
#1191 = VERTEX_POINT('',#1192);
#1192 = CARTESIAN_POINT('',(0.,35.3,67.));
#1193 = SURFACE_CURVE('',#1194,(#1199,#1210),.PCURVE_S1.);
#1194 = CIRCLE('',#1195,1.3);
#1195 = AXIS2_PLACEMENT_3D('',#1196,#1197,#1198);
#1196 = CARTESIAN_POINT('',(0.,34.,67.));
#1197 = DIRECTION('',(-1.,0.,0.));
#1198 = DIRECTION('',(0.,1.,0.));
#1199 = PCURVE('',#32,#1200);
#1200 = DEFINITIONAL_REPRESENTATION('',(#1201),#1209);
#1201 = ( BOUNDED_CURVE() B_SPLINE_CURVE(2,(#1202,#1203,#1204,#1205,
#1206,#1207,#1208),.UNSPECIFIED.,.T.,.F.) B_SPLINE_CURVE_WITH_KNOTS((1,2
    ,2,2,2,1),(-2.094395102393,0.,2.094395102393,4.188790204786,
6.28318530718,8.377580409573),.UNSPECIFIED.) CURVE() 
GEOMETRIC_REPRESENTATION_ITEM() RATIONAL_B_SPLINE_CURVE((1.,0.5,1.,0.5,
1.,0.5,1.)) REPRESENTATION_ITEM('') );
#1202 = CARTESIAN_POINT('',(67.,-35.3));
#1203 = CARTESIAN_POINT('',(64.74833395016,-35.3));
#1204 = CARTESIAN_POINT('',(65.87416697508,-33.35));
#1205 = CARTESIAN_POINT('',(67.,-31.4));
#1206 = CARTESIAN_POINT('',(68.12583302492,-33.35));
#1207 = CARTESIAN_POINT('',(69.25166604984,-35.3));
#1208 = CARTESIAN_POINT('',(67.,-35.3));
#1209 = ( GEOMETRIC_REPRESENTATION_CONTEXT(2) 
PARAMETRIC_REPRESENTATION_CONTEXT() REPRESENTATION_CONTEXT('2D SPACE',''
  ) );
#1210 = PCURVE('',#1211,#1216);
#1211 = CYLINDRICAL_SURFACE('',#1212,1.3);
#1212 = AXIS2_PLACEMENT_3D('',#1213,#1214,#1215);
#1213 = CARTESIAN_POINT('',(-1.,34.,67.));
#1214 = DIRECTION('',(-1.,-0.,-0.));
#1215 = DIRECTION('',(0.,1.,0.));
#1216 = DEFINITIONAL_REPRESENTATION('',(#1217),#1221);
#1217 = LINE('',#1218,#1219);
#1218 = CARTESIAN_POINT('',(-6.28318530718,-1.));
#1219 = VECTOR('',#1220,1.);
#1220 = DIRECTION('',(1.,-0.));
#1221 = ( GEOMETRIC_REPRESENTATION_CONTEXT(2) 
PARAMETRIC_REPRESENTATION_CONTEXT() REPRESENTATION_CONTEXT('2D SPACE',''
  ) );
#1222 = FACE_BOUND('',#1223,.F.);
#1223 = EDGE_LOOP('',(#1224));
#1224 = ORIENTED_EDGE('',*,*,#1225,.T.);
#1225 = EDGE_CURVE('',#1226,#1226,#1228,.T.);
#1226 = VERTEX_POINT('',#1227);
#1227 = CARTESIAN_POINT('',(0.,29.3,61.));
#1228 = SURFACE_CURVE('',#1229,(#1234,#1245),.PCURVE_S1.);
#1229 = CIRCLE('',#1230,1.3);
#1230 = AXIS2_PLACEMENT_3D('',#1231,#1232,#1233);
#1231 = CARTESIAN_POINT('',(0.,28.,61.));
#1232 = DIRECTION('',(-1.,0.,0.));
#1233 = DIRECTION('',(0.,1.,0.));
#1234 = PCURVE('',#32,#1235);
#1235 = DEFINITIONAL_REPRESENTATION('',(#1236),#1244);
#1236 = ( BOUNDED_CURVE() B_SPLINE_CURVE(2,(#1237,#1238,#1239,#1240,
#1241,#1242,#1243),.UNSPECIFIED.,.T.,.F.) B_SPLINE_CURVE_WITH_KNOTS((1,2
    ,2,2,2,1),(-2.094395102393,0.,2.094395102393,4.188790204786,
6.28318530718,8.377580409573),.UNSPECIFIED.) CURVE() 
GEOMETRIC_REPRESENTATION_ITEM() RATIONAL_B_SPLINE_CURVE((1.,0.5,1.,0.5,
1.,0.5,1.)) REPRESENTATION_ITEM('') );
#1237 = CARTESIAN_POINT('',(61.,-29.3));
#1238 = CARTESIAN_POINT('',(58.74833395016,-29.3));
#1239 = CARTESIAN_POINT('',(59.87416697508,-27.35));
#1240 = CARTESIAN_POINT('',(61.,-25.4));
#1241 = CARTESIAN_POINT('',(62.12583302492,-27.35));
#1242 = CARTESIAN_POINT('',(63.25166604984,-29.3));
#1243 = CARTESIAN_POINT('',(61.,-29.3));
#1244 = ( GEOMETRIC_REPRESENTATION_CONTEXT(2) 
PARAMETRIC_REPRESENTATION_CONTEXT() REPRESENTATION_CONTEXT('2D SPACE',''
  ) );
#1245 = PCURVE('',#1246,#1251);
#1246 = CYLINDRICAL_SURFACE('',#1247,1.3);
#1247 = AXIS2_PLACEMENT_3D('',#1248,#1249,#1250);
#1248 = CARTESIAN_POINT('',(-1.,28.,61.));
#1249 = DIRECTION('',(-1.,-0.,-0.));
#1250 = DIRECTION('',(0.,1.,0.));
#1251 = DEFINITIONAL_REPRESENTATION('',(#1252),#1256);
#1252 = LINE('',#1253,#1254);
#1253 = CARTESIAN_POINT('',(-6.28318530718,-1.));
#1254 = VECTOR('',#1255,1.);
#1255 = DIRECTION('',(1.,-0.));
#1256 = ( GEOMETRIC_REPRESENTATION_CONTEXT(2) 
PARAMETRIC_REPRESENTATION_CONTEXT() REPRESENTATION_CONTEXT('2D SPACE',''
  ) );
#1257 = FACE_BOUND('',#1258,.F.);
#1258 = EDGE_LOOP('',(#1259));
#1259 = ORIENTED_EDGE('',*,*,#1260,.T.);
#1260 = EDGE_CURVE('',#1261,#1261,#1263,.T.);
#1261 = VERTEX_POINT('',#1262);
#1262 = CARTESIAN_POINT('',(0.,23.3,61.));
#1263 = SURFACE_CURVE('',#1264,(#1269,#1280),.PCURVE_S1.);
#1264 = CIRCLE('',#1265,1.3);
#1265 = AXIS2_PLACEMENT_3D('',#1266,#1267,#1268);
#1266 = CARTESIAN_POINT('',(0.,22.,61.));
#1267 = DIRECTION('',(-1.,0.,0.));
#1268 = DIRECTION('',(0.,1.,0.));
#1269 = PCURVE('',#32,#1270);
#1270 = DEFINITIONAL_REPRESENTATION('',(#1271),#1279);
#1271 = ( BOUNDED_CURVE() B_SPLINE_CURVE(2,(#1272,#1273,#1274,#1275,
#1276,#1277,#1278),.UNSPECIFIED.,.T.,.F.) B_SPLINE_CURVE_WITH_KNOTS((1,2
    ,2,2,2,1),(-2.094395102393,0.,2.094395102393,4.188790204786,
6.28318530718,8.377580409573),.UNSPECIFIED.) CURVE() 
GEOMETRIC_REPRESENTATION_ITEM() RATIONAL_B_SPLINE_CURVE((1.,0.5,1.,0.5,
1.,0.5,1.)) REPRESENTATION_ITEM('') );
#1272 = CARTESIAN_POINT('',(61.,-23.3));
#1273 = CARTESIAN_POINT('',(58.74833395016,-23.3));
#1274 = CARTESIAN_POINT('',(59.87416697508,-21.35));
#1275 = CARTESIAN_POINT('',(61.,-19.4));
#1276 = CARTESIAN_POINT('',(62.12583302492,-21.35));
#1277 = CARTESIAN_POINT('',(63.25166604984,-23.3));
#1278 = CARTESIAN_POINT('',(61.,-23.3));
#1279 = ( GEOMETRIC_REPRESENTATION_CONTEXT(2) 
PARAMETRIC_REPRESENTATION_CONTEXT() REPRESENTATION_CONTEXT('2D SPACE',''
  ) );
#1280 = PCURVE('',#1281,#1286);
#1281 = CYLINDRICAL_SURFACE('',#1282,1.3);
#1282 = AXIS2_PLACEMENT_3D('',#1283,#1284,#1285);
#1283 = CARTESIAN_POINT('',(-1.,22.,61.));
#1284 = DIRECTION('',(-1.,-0.,-0.));
#1285 = DIRECTION('',(0.,1.,0.));
#1286 = DEFINITIONAL_REPRESENTATION('',(#1287),#1291);
#1287 = LINE('',#1288,#1289);
#1288 = CARTESIAN_POINT('',(-6.28318530718,-1.));
#1289 = VECTOR('',#1290,1.);
#1290 = DIRECTION('',(1.,-0.));
#1291 = ( GEOMETRIC_REPRESENTATION_CONTEXT(2) 
PARAMETRIC_REPRESENTATION_CONTEXT() REPRESENTATION_CONTEXT('2D SPACE',''
  ) );
#1292 = FACE_BOUND('',#1293,.F.);
#1293 = EDGE_LOOP('',(#1294));
#1294 = ORIENTED_EDGE('',*,*,#1295,.T.);
#1295 = EDGE_CURVE('',#1296,#1296,#1298,.T.);
#1296 = VERTEX_POINT('',#1297);
#1297 = CARTESIAN_POINT('',(0.,29.3,67.));
#1298 = SURFACE_CURVE('',#1299,(#1304,#1315),.PCURVE_S1.);
#1299 = CIRCLE('',#1300,1.3);
#1300 = AXIS2_PLACEMENT_3D('',#1301,#1302,#1303);
#1301 = CARTESIAN_POINT('',(0.,28.,67.));
#1302 = DIRECTION('',(-1.,0.,0.));
#1303 = DIRECTION('',(0.,1.,0.));
#1304 = PCURVE('',#32,#1305);
#1305 = DEFINITIONAL_REPRESENTATION('',(#1306),#1314);
#1306 = ( BOUNDED_CURVE() B_SPLINE_CURVE(2,(#1307,#1308,#1309,#1310,
#1311,#1312,#1313),.UNSPECIFIED.,.T.,.F.) B_SPLINE_CURVE_WITH_KNOTS((1,2
    ,2,2,2,1),(-2.094395102393,0.,2.094395102393,4.188790204786,
6.28318530718,8.377580409573),.UNSPECIFIED.) CURVE() 
GEOMETRIC_REPRESENTATION_ITEM() RATIONAL_B_SPLINE_CURVE((1.,0.5,1.,0.5,
1.,0.5,1.)) REPRESENTATION_ITEM('') );
#1307 = CARTESIAN_POINT('',(67.,-29.3));
#1308 = CARTESIAN_POINT('',(64.74833395016,-29.3));
#1309 = CARTESIAN_POINT('',(65.87416697508,-27.35));
#1310 = CARTESIAN_POINT('',(67.,-25.4));
#1311 = CARTESIAN_POINT('',(68.12583302492,-27.35));
#1312 = CARTESIAN_POINT('',(69.25166604984,-29.3));
#1313 = CARTESIAN_POINT('',(67.,-29.3));
#1314 = ( GEOMETRIC_REPRESENTATION_CONTEXT(2) 
PARAMETRIC_REPRESENTATION_CONTEXT() REPRESENTATION_CONTEXT('2D SPACE',''
  ) );
#1315 = PCURVE('',#1316,#1321);
#1316 = CYLINDRICAL_SURFACE('',#1317,1.3);
#1317 = AXIS2_PLACEMENT_3D('',#1318,#1319,#1320);
#1318 = CARTESIAN_POINT('',(-1.,28.,67.));
#1319 = DIRECTION('',(-1.,-0.,-0.));
#1320 = DIRECTION('',(0.,1.,0.));
#1321 = DEFINITIONAL_REPRESENTATION('',(#1322),#1326);
#1322 = LINE('',#1323,#1324);
#1323 = CARTESIAN_POINT('',(-6.28318530718,-1.));
#1324 = VECTOR('',#1325,1.);
#1325 = DIRECTION('',(1.,-0.));
#1326 = ( GEOMETRIC_REPRESENTATION_CONTEXT(2) 
PARAMETRIC_REPRESENTATION_CONTEXT() REPRESENTATION_CONTEXT('2D SPACE',''
  ) );
#1327 = FACE_BOUND('',#1328,.F.);
#1328 = EDGE_LOOP('',(#1329));
#1329 = ORIENTED_EDGE('',*,*,#1330,.T.);
#1330 = EDGE_CURVE('',#1331,#1331,#1333,.T.);
#1331 = VERTEX_POINT('',#1332);
#1332 = CARTESIAN_POINT('',(0.,23.3,67.));
#1333 = SURFACE_CURVE('',#1334,(#1339,#1350),.PCURVE_S1.);
#1334 = CIRCLE('',#1335,1.3);
#1335 = AXIS2_PLACEMENT_3D('',#1336,#1337,#1338);
#1336 = CARTESIAN_POINT('',(0.,22.,67.));
#1337 = DIRECTION('',(-1.,0.,0.));
#1338 = DIRECTION('',(0.,1.,0.));
#1339 = PCURVE('',#32,#1340);
#1340 = DEFINITIONAL_REPRESENTATION('',(#1341),#1349);
#1341 = ( BOUNDED_CURVE() B_SPLINE_CURVE(2,(#1342,#1343,#1344,#1345,
#1346,#1347,#1348),.UNSPECIFIED.,.T.,.F.) B_SPLINE_CURVE_WITH_KNOTS((1,2
    ,2,2,2,1),(-2.094395102393,0.,2.094395102393,4.188790204786,
6.28318530718,8.377580409573),.UNSPECIFIED.) CURVE() 
GEOMETRIC_REPRESENTATION_ITEM() RATIONAL_B_SPLINE_CURVE((1.,0.5,1.,0.5,
1.,0.5,1.)) REPRESENTATION_ITEM('') );
#1342 = CARTESIAN_POINT('',(67.,-23.3));
#1343 = CARTESIAN_POINT('',(64.74833395016,-23.3));
#1344 = CARTESIAN_POINT('',(65.87416697508,-21.35));
#1345 = CARTESIAN_POINT('',(67.,-19.4));
#1346 = CARTESIAN_POINT('',(68.12583302492,-21.35));
#1347 = CARTESIAN_POINT('',(69.25166604984,-23.3));
#1348 = CARTESIAN_POINT('',(67.,-23.3));
#1349 = ( GEOMETRIC_REPRESENTATION_CONTEXT(2) 
PARAMETRIC_REPRESENTATION_CONTEXT() REPRESENTATION_CONTEXT('2D SPACE',''
  ) );
#1350 = PCURVE('',#1351,#1356);
#1351 = CYLINDRICAL_SURFACE('',#1352,1.3);
#1352 = AXIS2_PLACEMENT_3D('',#1353,#1354,#1355);
#1353 = CARTESIAN_POINT('',(-1.,22.,67.));
#1354 = DIRECTION('',(-1.,-0.,-0.));
#1355 = DIRECTION('',(0.,1.,0.));
#1356 = DEFINITIONAL_REPRESENTATION('',(#1357),#1361);
#1357 = LINE('',#1358,#1359);
#1358 = CARTESIAN_POINT('',(-6.28318530718,-1.));
#1359 = VECTOR('',#1360,1.);
#1360 = DIRECTION('',(1.,-0.));
#1361 = ( GEOMETRIC_REPRESENTATION_CONTEXT(2) 
PARAMETRIC_REPRESENTATION_CONTEXT() REPRESENTATION_CONTEXT('2D SPACE',''
  ) );
#1362 = ADVANCED_FACE('',(#1363),#44,.T.);
#1363 = FACE_BOUND('',#1364,.F.);
#1364 = EDGE_LOOP('',(#1365,#1366,#1394,#1422,#1519));
#1365 = ORIENTED_EDGE('',*,*,#21,.F.);
#1366 = ORIENTED_EDGE('',*,*,#1367,.T.);
#1367 = EDGE_CURVE('',#22,#1368,#1370,.T.);
#1368 = VERTEX_POINT('',#1369);
#1369 = CARTESIAN_POINT('',(10.,80.,0.));
#1370 = SURFACE_CURVE('',#1371,(#1376,#1383),.PCURVE_S1.);
#1371 = CIRCLE('',#1372,10.);
#1372 = AXIS2_PLACEMENT_3D('',#1373,#1374,#1375);
#1373 = CARTESIAN_POINT('',(10.,70.,0.));
#1374 = DIRECTION('',(-0.,-0.,-1.));
#1375 = DIRECTION('',(0.,-1.,0.));
#1376 = PCURVE('',#44,#1377);
#1377 = DEFINITIONAL_REPRESENTATION('',(#1378),#1382);
#1378 = LINE('',#1379,#1380);
#1379 = CARTESIAN_POINT('',(1.570796326795,-0.));
#1380 = VECTOR('',#1381,1.);
#1381 = DIRECTION('',(-1.,0.));
#1382 = ( GEOMETRIC_REPRESENTATION_CONTEXT(2) 
PARAMETRIC_REPRESENTATION_CONTEXT() REPRESENTATION_CONTEXT('2D SPACE',''
  ) );
#1383 = PCURVE('',#126,#1384);
#1384 = DEFINITIONAL_REPRESENTATION('',(#1385),#1393);
#1385 = ( BOUNDED_CURVE() B_SPLINE_CURVE(2,(#1386,#1387,#1388,#1389,
#1390,#1391,#1392),.UNSPECIFIED.,.T.,.F.) B_SPLINE_CURVE_WITH_KNOTS((1,2
    ,2,2,2,1),(-2.094395102393,0.,2.094395102393,4.188790204786,
6.28318530718,8.377580409573),.UNSPECIFIED.) CURVE() 
GEOMETRIC_REPRESENTATION_ITEM() RATIONAL_B_SPLINE_CURVE((1.,0.5,1.,0.5,
1.,0.5,1.)) REPRESENTATION_ITEM('') );
#1386 = CARTESIAN_POINT('',(10.,60.));
#1387 = CARTESIAN_POINT('',(-7.320508075689,60.));
#1388 = CARTESIAN_POINT('',(1.339745962156,75.));
#1389 = CARTESIAN_POINT('',(10.,90.));
#1390 = CARTESIAN_POINT('',(18.660254037844,75.));
#1391 = CARTESIAN_POINT('',(27.320508075689,60.));
#1392 = CARTESIAN_POINT('',(10.,60.));
#1393 = ( GEOMETRIC_REPRESENTATION_CONTEXT(2) 
PARAMETRIC_REPRESENTATION_CONTEXT() REPRESENTATION_CONTEXT('2D SPACE',''
  ) );
#1394 = ORIENTED_EDGE('',*,*,#1395,.T.);
#1395 = EDGE_CURVE('',#1368,#1396,#1398,.T.);
#1396 = VERTEX_POINT('',#1397);
#1397 = CARTESIAN_POINT('',(10.,80.,96.));
#1398 = SURFACE_CURVE('',#1399,(#1403,#1410),.PCURVE_S1.);
#1399 = LINE('',#1400,#1401);
#1400 = CARTESIAN_POINT('',(10.,80.,0.));
#1401 = VECTOR('',#1402,1.);
#1402 = DIRECTION('',(0.,0.,1.));
#1403 = PCURVE('',#44,#1404);
#1404 = DEFINITIONAL_REPRESENTATION('',(#1405),#1409);
#1405 = LINE('',#1406,#1407);
#1406 = CARTESIAN_POINT('',(-1.570796326795,0.));
#1407 = VECTOR('',#1408,1.);
#1408 = DIRECTION('',(-0.,1.));
#1409 = ( GEOMETRIC_REPRESENTATION_CONTEXT(2) 
PARAMETRIC_REPRESENTATION_CONTEXT() REPRESENTATION_CONTEXT('2D SPACE',''
  ) );
#1410 = PCURVE('',#1411,#1416);
#1411 = PLANE('',#1412);
#1412 = AXIS2_PLACEMENT_3D('',#1413,#1414,#1415);
#1413 = CARTESIAN_POINT('',(0.,80.,0.));
#1414 = DIRECTION('',(0.,1.,0.));
#1415 = DIRECTION('',(0.,0.,1.));
#1416 = DEFINITIONAL_REPRESENTATION('',(#1417),#1421);
#1417 = LINE('',#1418,#1419);
#1418 = CARTESIAN_POINT('',(0.,10.));
#1419 = VECTOR('',#1420,1.);
#1420 = DIRECTION('',(1.,0.));
#1421 = ( GEOMETRIC_REPRESENTATION_CONTEXT(2) 
PARAMETRIC_REPRESENTATION_CONTEXT() REPRESENTATION_CONTEXT('2D SPACE',''
  ) );
#1422 = ORIENTED_EDGE('',*,*,#1423,.F.);
#1423 = EDGE_CURVE('',#1424,#1396,#1426,.T.);
#1424 = VERTEX_POINT('',#1425);
#1425 = CARTESIAN_POINT('',(2.928932189637,77.071067809283,
    105.22752330243));
#1426 = SURFACE_CURVE('',#1427,(#1454,#1484),.PCURVE_S1.);
#1427 = B_SPLINE_CURVE_WITH_KNOTS('',7,(#1428,#1429,#1430,#1431,#1432,
    #1433,#1434,#1435,#1436,#1437,#1438,#1439,#1440,#1441,#1442,#1443,
    #1444,#1445,#1446,#1447,#1448,#1449,#1450,#1451,#1452,#1453),
  .UNSPECIFIED.,.F.,.F.,(8,6,6,6,8),(0.,0.151643031389,0.288849716882,
    0.615228504796,1.),.UNSPECIFIED.);
#1428 = CARTESIAN_POINT('',(-1.7763568394E-15,70.,110.83239697419));
#1429 = CARTESIAN_POINT('',(-1.7763568394E-15,70.534830382768,
    110.61604743188));
#1430 = CARTESIAN_POINT('',(3.337149179115E-02,71.051165061734,
    110.3809985417));
#1431 = CARTESIAN_POINT('',(9.596132834308E-02,71.547405269983,
    110.12955429648));
#1432 = CARTESIAN_POINT('',(0.183929178761,72.022403449756,
    109.86417507183));
#1433 = CARTESIAN_POINT('',(0.293665597598,72.475365433331,
    109.58740240322));
#1434 = CARTESIAN_POINT('',(0.421739973861,72.905780439359,
    109.30181751196));
#1435 = CARTESIAN_POINT('',(0.69439003797,73.682174147918,
    108.74602734224));
#1436 = CARTESIAN_POINT('',(0.836701685318,74.033622417123,
    108.47599226135));
#1437 = CARTESIAN_POINT('',(0.989926054498,74.368356469537,
    108.20102701502));
#1438 = CARTESIAN_POINT('',(1.152513944242,74.68711569194,
    107.92202045926));
#1439 = CARTESIAN_POINT('',(1.32321657724,74.990704423347,
    107.63964573262));
#1440 = CARTESIAN_POINT('',(1.501056053195,75.279955975368,
    107.35436204606));
#1441 = CARTESIAN_POINT('',(2.123581218817,76.211630725643,
    106.38149529809));
#1442 = CARTESIAN_POINT('',(2.599453945063,76.793140020714,
    105.6794609039));
#1443 = CARTESIAN_POINT('',(3.100762716259,77.306469521497,
    104.9678836193));
#1444 = CARTESIAN_POINT('',(3.619813835646,77.758261195496,
    104.25128187774));
#1445 = CARTESIAN_POINT('',(4.152168086954,78.154693501439,
    103.53140563193));
#1446 = CARTESIAN_POINT('',(4.695987717536,78.500929297071,
    102.80775373168));
#1447 = CARTESIAN_POINT('',(5.906260229093,79.153956910782,
    101.21753829898));
#1448 = CARTESIAN_POINT('',(6.574919945682,79.441353914398,
    100.35162613249));
#1449 = CARTESIAN_POINT('',(7.252394832894,79.666902917648,
    99.483074649991));
#1450 = CARTESIAN_POINT('',(7.935424081494,79.833874148645,
    98.613405924713));
#1451 = CARTESIAN_POINT('',(8.621938190486,79.944540976221,
    97.743127930755));
#1452 = CARTESIAN_POINT('',(9.310534991745,80.000000086558,
    96.872111250704));
#1453 = CARTESIAN_POINT('',(10.,80.,96.));
#1454 = PCURVE('',#44,#1455);
#1455 = DEFINITIONAL_REPRESENTATION('',(#1456),#1483);
#1456 = B_SPLINE_CURVE_WITH_KNOTS('',7,(#1457,#1458,#1459,#1460,#1461,
    #1462,#1463,#1464,#1465,#1466,#1467,#1468,#1469,#1470,#1471,#1472,
    #1473,#1474,#1475,#1476,#1477,#1478,#1479,#1480,#1481,#1482),
  .UNSPECIFIED.,.F.,.F.,(8,6,6,6,8),(0.,0.151643031389,0.288849716882,
    0.615228504796,1.),.UNSPECIFIED.);
#1457 = CARTESIAN_POINT('',(0.,110.83239697419));
#1458 = CARTESIAN_POINT('',(-5.348303827684E-02,110.61604743188));
#1459 = CARTESIAN_POINT('',(-0.105116557386,110.3809985417));
#1460 = CARTESIAN_POINT('',(-0.154990261767,110.12955429648));
#1461 = CARTESIAN_POINT('',(-0.203162254164,109.86417507183));
#1462 = CARTESIAN_POINT('',(-0.249667264259,109.58740240322));
#1463 = CARTESIAN_POINT('',(-0.294521084093,109.30181751196));
#1464 = CARTESIAN_POINT('',(-0.376808704556,108.74602734224));
#1465 = CARTESIAN_POINT('',(-0.414683612092,108.47599226135));
#1466 = CARTESIAN_POINT('',(-0.451440578663,108.20102701502));
#1467 = CARTESIAN_POINT('',(-0.487168512945,107.92202045926));
#1468 = CARTESIAN_POINT('',(-0.521954259174,107.63964573262));
#1469 = CARTESIAN_POINT('',(-0.555884890435,107.35436204606));
#1470 = CARTESIAN_POINT('',(-0.667936459908,106.38149529809));
#1471 = CARTESIAN_POINT('',(-0.742725327144,105.6794609039));
#1472 = CARTESIAN_POINT('',(-0.814059825363,104.9678836193));
#1473 = CARTESIAN_POINT('',(-0.882493797835,104.25128187774));
#1474 = CARTESIAN_POINT('',(-0.948580157634,103.53140563193));
#1475 = CARTESIAN_POINT('',(-1.012880889162,102.80775373168));
#1476 = CARTESIAN_POINT('',(-1.15040196451,101.21753829898));
#1477 = CARTESIAN_POINT('',(-1.222895683918,100.35162613249));
#1478 = CARTESIAN_POINT('',(-1.293900117908,99.483074649991));
#1479 = CARTESIAN_POINT('',(-1.363804093556,98.613405924713));
#1480 = CARTESIAN_POINT('',(-1.432989695584,97.743127930755));
#1481 = CARTESIAN_POINT('',(-1.501849955978,96.872111250704));
#1482 = CARTESIAN_POINT('',(-1.570796326795,96.));
#1483 = ( GEOMETRIC_REPRESENTATION_CONTEXT(2) 
PARAMETRIC_REPRESENTATION_CONTEXT() REPRESENTATION_CONTEXT('2D SPACE',''
  ) );
#1484 = PCURVE('',#1485,#1490);
#1485 = CYLINDRICAL_SURFACE('',#1486,16.);
#1486 = AXIS2_PLACEMENT_3D('',#1487,#1488,#1489);
#1487 = CARTESIAN_POINT('',(0.,64.,96.));
#1488 = DIRECTION('',(1.,0.,0.));
#1489 = DIRECTION('',(-0.,1.,0.));
#1490 = DEFINITIONAL_REPRESENTATION('',(#1491),#1518);
#1491 = B_SPLINE_CURVE_WITH_KNOTS('',7,(#1492,#1493,#1494,#1495,#1496,
    #1497,#1498,#1499,#1500,#1501,#1502,#1503,#1504,#1505,#1506,#1507,
    #1508,#1509,#1510,#1511,#1512,#1513,#1514,#1515,#1516,#1517),
  .UNSPECIFIED.,.F.,.F.,(8,6,6,6,8),(0.,0.151643031389,0.288849716882,
    0.615228504796,1.),.UNSPECIFIED.);
#1492 = CARTESIAN_POINT('',(1.186399552299,-1.7763568394E-15));
#1493 = CARTESIAN_POINT('',(1.150341295249,-1.7763568394E-15));
#1494 = CARTESIAN_POINT('',(1.114916406351,3.337149179115E-02));
#1495 = CARTESIAN_POINT('',(1.080194879999,9.596132834308E-02));
#1496 = CARTESIAN_POINT('',(1.046236557395,0.183929178761));
#1497 = CARTESIAN_POINT('',(1.013097462003,0.293665597598));
#1498 = CARTESIAN_POINT('',(0.980833904717,0.421739973861));
#1499 = CARTESIAN_POINT('',(0.921157370925,0.69439003797));
#1500 = CARTESIAN_POINT('',(0.893472634673,0.836701685318));
#1501 = CARTESIAN_POINT('',(0.86642075052,0.989926054498));
#1502 = CARTESIAN_POINT('',(0.839967116019,1.152513944242));
#1503 = CARTESIAN_POINT('',(0.814071999077,1.32321657724));
#1504 = CARTESIAN_POINT('',(0.788690618746,1.501056053195));
#1505 = CARTESIAN_POINT('',(0.704501296439,2.123581218817));
#1506 = CARTESIAN_POINT('',(0.647674240226,2.599453945063));
#1507 = CARTESIAN_POINT('',(0.593023537837,3.100762716259));
#1508 = CARTESIAN_POINT('',(0.540252441042,3.619813835646));
#1509 = CARTESIAN_POINT('',(0.489024966007,4.152168086954));
#1510 = CARTESIAN_POINT('',(0.438966738928,4.695987717536));
#1511 = CARTESIAN_POINT('',(0.331524345449,5.906260229093));
#1512 = CARTESIAN_POINT('',(0.274638249539,6.574919945682));
#1513 = CARTESIAN_POINT('',(0.218747332501,7.252394832894));
#1514 = CARTESIAN_POINT('',(0.16360219081,7.935424081494));
#1515 = CARTESIAN_POINT('',(0.108945614254,8.621938190486));
#1516 = CARTESIAN_POINT('',(5.450691925885E-02,9.310534991745));
#1517 = CARTESIAN_POINT('',(0.,10.));
#1518 = ( GEOMETRIC_REPRESENTATION_CONTEXT(2) 
PARAMETRIC_REPRESENTATION_CONTEXT() REPRESENTATION_CONTEXT('2D SPACE',''
  ) );
#1519 = ORIENTED_EDGE('',*,*,#1520,.F.);
#1520 = EDGE_CURVE('',#24,#1424,#1521,.T.);
#1521 = SURFACE_CURVE('',#1522,(#1585,#1651),.PCURVE_S1.);
#1522 = B_SPLINE_CURVE_WITH_KNOTS('',7,(#1523,#1524,#1525,#1526,#1527,
    #1528,#1529,#1530,#1531,#1532,#1533,#1534,#1535,#1536,#1537,#1538,
    #1539,#1540,#1541,#1542,#1543,#1544,#1545,#1546,#1547,#1548,#1549,
    #1550,#1551,#1552,#1553,#1554,#1555,#1556,#1557,#1558,#1559,#1560,
    #1561,#1562,#1563,#1564,#1565,#1566,#1567,#1568,#1569,#1570,#1571,
    #1572,#1573,#1574,#1575,#1576,#1577,#1578,#1579,#1580,#1581,#1582,
    #1583,#1584),.UNSPECIFIED.,.F.,.F.,(8,6,6,6,6,6,6,6,6,6,8),(0.,
    7.099001700739E-04,1.248444908565E-03,1.958344216026E-03,
    2.594804840657E-03,3.598452064405E-03,5.067197325794E-03,
    0.269312719455,0.644436020631,0.783004092593,1.),.UNSPECIFIED.);
#1523 = CARTESIAN_POINT('',(-2.6645352591E-15,70.,96.));
#1524 = CARTESIAN_POINT('',(-3.115722726053E-15,70.001271012529,
    96.001607717847));
#1525 = CARTESIAN_POINT('',(1.884718347599E-07,70.00254202508,
    96.003215435677));
#1526 = CARTESIAN_POINT('',(5.654155103635E-07,70.003813037625,
    96.004823153498));
#1527 = CARTESIAN_POINT('',(1.130831034786E-06,70.005084050142,
    96.006430871315));
#1528 = CARTESIAN_POINT('',(1.884718430808E-06,70.006355062615,
    96.008038589126));
#1529 = CARTESIAN_POINT('',(2.827077732899E-06,70.007626075034,
    96.009646306926));
#1530 = CARTESIAN_POINT('',(4.815780625804E-06,70.00986130328,
    96.01247367218));
#1531 = CARTESIAN_POINT('',(5.782118793322E-06,70.010825519129,
    96.013693319645));
#1532 = CARTESIAN_POINT('',(6.856923509752E-06,70.011789734937,
    96.014912967098));
#1533 = CARTESIAN_POINT('',(8.04019479882E-06,70.012753950698,
    96.016132614538));
#1534 = CARTESIAN_POINT('',(9.331932688003E-06,70.013718166408,
    96.017352261962));
#1535 = CARTESIAN_POINT('',(1.073213720852E-05,70.014682382061,
    96.01857190937));
#1536 = CARTESIAN_POINT('',(1.422950971241E-05,70.016917608083,
    96.021399272469));
#1537 = CARTESIAN_POINT('',(1.640668276212E-05,70.018188618406,
    96.023006988147));
#1538 = CARTESIAN_POINT('',(1.8772327625E-05,70.019459628609,
    96.024614703789));
#1539 = CARTESIAN_POINT('',(2.13264443929E-05,70.020730638678,
    96.026222419392));
#1540 = CARTESIAN_POINT('',(2.406903316901E-05,70.022001648602,
    96.027830134952));
#1541 = CARTESIAN_POINT('',(2.700009406789E-05,70.023272658368,
    96.029437850465));
#1542 = CARTESIAN_POINT('',(3.29164464189E-05,70.025683192335,
    96.032486964134));
#1543 = CARTESIAN_POINT('',(3.586476016495E-05,70.02682271657,
    96.033928362299));
#1544 = CARTESIAN_POINT('',(3.896456854468E-05,70.027962240659,
    96.035369760421));
#1545 = CARTESIAN_POINT('',(4.221587165642E-05,70.029101764593,
    96.036811158497));
#1546 = CARTESIAN_POINT('',(4.561866960572E-05,70.030241288364,
    96.038252556525));
#1547 = CARTESIAN_POINT('',(4.917296250532E-05,70.031380811964,
    96.039693954502));
#1548 = CARTESIAN_POINT('',(5.872248010106E-05,70.034317272177,
    96.04340832104));
#1549 = CARTESIAN_POINT('',(6.494292878855E-05,70.036114208523,
    96.045681289521));
#1550 = CARTESIAN_POINT('',(7.154009700956E-05,70.037911144384,
    96.047954257858));
#1551 = CARTESIAN_POINT('',(7.851398528162E-05,70.039708079725,
    96.050227226042));
#1552 = CARTESIAN_POINT('',(8.58645941679E-05,70.041505014512,
    96.052500194061));
#1553 = CARTESIAN_POINT('',(9.359192427723E-05,70.04330194871,
    96.054773161906));
#1554 = CARTESIAN_POINT('',(1.135555098454E-04,70.047728529046,
    96.060372408363));
#1555 = CARTESIAN_POINT('',(1.262218169249E-04,70.050358174471,
    96.063698686765));
#1556 = CARTESIAN_POINT('',(1.39694899553E-04,70.052987818451,
    96.067024964738));
#1557 = CARTESIAN_POINT('',(1.539747599896E-04,70.055617460876,
    96.070351242251));
#1558 = CARTESIAN_POINT('',(1.690614007039E-04,70.058247101638,
    96.073677519271));
#1559 = CARTESIAN_POINT('',(1.849548243749E-04,70.060876740628,
    96.077003795766));
#1560 = CARTESIAN_POINT('',(3.206230230967E-03,70.536610767473,
    96.678768442866));
#1561 = CARTESIAN_POINT('',(3.232460944603E-02,71.00954678378,
    97.277052440164));
#1562 = CARTESIAN_POINT('',(8.755254646932E-02,71.481768552525,
    97.875108324889));
#1563 = CARTESIAN_POINT('',(0.169135351821,71.952711313286,
    98.472836575625));
#1564 = CARTESIAN_POINT('',(0.277556142814,72.421718573074,
    99.070058142829));
#1565 = CARTESIAN_POINT('',(0.413524093625,72.887969260047,
    99.666460703421));
#1566 = CARTESIAN_POINT('',(0.811399932926,74.006879105829,
    101.10632726875));
#1567 = CARTESIAN_POINT('',(1.101291901023,74.653075357586,
    101.94512080586));
#1568 = CARTESIAN_POINT('',(1.450614306678,75.289287003931,
    102.78068049824));
#1569 = CARTESIAN_POINT('',(1.864508823826,75.913908084203,
    103.61392534212));
#1570 = CARTESIAN_POINT('',(2.349744944057,76.522589716874,
    104.44339897241));
#1571 = CARTESIAN_POINT('',(2.914106363648,77.107327877228,
    105.26448234908));
#1572 = CARTESIAN_POINT('',(3.806040199351,77.857076594667,
    106.36597884492));
#1573 = CARTESIAN_POINT('',(4.058775494241,78.054466174664,
    106.66115820084));
#1574 = CARTESIAN_POINT('',(4.324367912318,78.246543423664,
    106.95430204606));
#1575 = CARTESIAN_POINT('',(4.603565826661,78.432659100117,
    107.2451611487));
#1576 = CARTESIAN_POINT('',(4.897123524375,78.611953704955,
    107.53331314065));
#1577 = CARTESIAN_POINT('',(5.205776495272,78.783334269479,
    107.81815637118));
#1578 = CARTESIAN_POINT('',(6.038278637398,79.19931201125,
    108.53856183135));
#1579 = CARTESIAN_POINT('',(6.588340790066,79.432092093399,
    108.97102770488));
#1580 = CARTESIAN_POINT('',(7.182100935079,79.63712995406,
    109.39147060312));
#1581 = CARTESIAN_POINT('',(7.820655931451,79.806564342885,
    109.79430317796));
#1582 = CARTESIAN_POINT('',(8.504207156475,79.931136290526,110.173293043
    ));
#1583 = CARTESIAN_POINT('',(9.231713599338,80.,110.52160982279));
#1584 = CARTESIAN_POINT('',(10.,80.,110.83239697419));
#1585 = PCURVE('',#44,#1586);
#1586 = DEFINITIONAL_REPRESENTATION('',(#1587),#1650);
#1587 = B_SPLINE_CURVE_WITH_KNOTS('',7,(#1588,#1589,#1590,#1591,#1592,
    #1593,#1594,#1595,#1596,#1597,#1598,#1599,#1600,#1601,#1602,#1603,
    #1604,#1605,#1606,#1607,#1608,#1609,#1610,#1611,#1612,#1613,#1614,
    #1615,#1616,#1617,#1618,#1619,#1620,#1621,#1622,#1623,#1624,#1625,
    #1626,#1627,#1628,#1629,#1630,#1631,#1632,#1633,#1634,#1635,#1636,
    #1637,#1638,#1639,#1640,#1641,#1642,#1643,#1644,#1645,#1646,#1647,
    #1648,#1649),.UNSPECIFIED.,.F.,.F.,(8,6,6,6,6,6,6,6,6,6,8),(0.,
    7.099001700739E-04,1.248444908565E-03,1.958344216026E-03,
    2.594804840657E-03,3.598452064405E-03,5.067197325794E-03,
    0.269312719455,0.644436020631,0.783004092593,1.),.UNSPECIFIED.);
#1588 = CARTESIAN_POINT('',(0.,96.));
#1589 = CARTESIAN_POINT('',(-1.27101252942E-04,96.001607717847));
#1590 = CARTESIAN_POINT('',(-2.542025080442E-04,96.003215435677));
#1591 = CARTESIAN_POINT('',(-3.813037658703E-04,96.004823153498));
#1592 = CARTESIAN_POINT('',(-5.084050275924E-04,96.006430871315));
#1593 = CARTESIAN_POINT('',(-6.355062949903E-04,96.008038589126));
#1594 = CARTESIAN_POINT('',(-7.62607570452E-04,96.009646306926));
#1595 = CARTESIAN_POINT('',(-9.861304835588E-04,96.01247367218));
#1596 = CARTESIAN_POINT('',(-1.082552116239E-03,96.013693319645));
#1597 = CARTESIAN_POINT('',(-1.178973755944E-03,96.014912967098));
#1598 = CARTESIAN_POINT('',(-1.275395403606E-03,96.016132614538));
#1599 = CARTESIAN_POINT('',(-1.371817060156E-03,96.017352261962));
#1600 = CARTESIAN_POINT('',(-1.468238726525E-03,96.01857190937));
#1601 = CARTESIAN_POINT('',(-1.691761602336E-03,96.021399272469));
#1602 = CARTESIAN_POINT('',(-1.818862819702E-03,96.023006988147));
#1603 = CARTESIAN_POINT('',(-1.945964057849E-03,96.024614703789));
#1604 = CARTESIAN_POINT('',(-2.073065318889E-03,96.026222419392));
#1605 = CARTESIAN_POINT('',(-2.200166604945E-03,96.027830134952));
#1606 = CARTESIAN_POINT('',(-2.327267918143E-03,96.029437850465));
#1607 = CARTESIAN_POINT('',(-2.568322040922E-03,96.032486964134));
#1608 = CARTESIAN_POINT('',(-2.682274844765E-03,96.033928362299));
#1609 = CARTESIAN_POINT('',(-2.796227673658E-03,96.035369760421));
#1610 = CARTESIAN_POINT('',(-2.910180529124E-03,96.036811158497));
#1611 = CARTESIAN_POINT('',(-3.024133412695E-03,96.038252556525));
#1612 = CARTESIAN_POINT('',(-3.13808632591E-03,96.039693954502));
#1613 = CARTESIAN_POINT('',(-3.431733900069E-03,96.04340832104));
#1614 = CARTESIAN_POINT('',(-3.611428607345E-03,96.045681289521));
#1615 = CARTESIAN_POINT('',(-3.791123398138E-03,96.047954257858));
#1616 = CARTESIAN_POINT('',(-3.970818278444E-03,96.050227226042));
#1617 = CARTESIAN_POINT('',(-4.150513254257E-03,96.052500194061));
#1618 = CARTESIAN_POINT('',(-4.330208331572E-03,96.054773161906));
#1619 = CARTESIAN_POINT('',(-4.772870866807E-03,96.060372408363));
#1620 = CARTESIAN_POINT('',(-5.035838447442E-03,96.063698686765));
#1621 = CARTESIAN_POINT('',(-5.298806277098E-03,96.067024964738));
#1622 = CARTESIAN_POINT('',(-5.561774374573E-03,96.070351242251));
#1623 = CARTESIAN_POINT('',(-5.824742758664E-03,96.073677519271));
#1624 = CARTESIAN_POINT('',(-6.087711448161E-03,96.077003795766));
#1625 = CARTESIAN_POINT('',(-5.366207349362E-02,96.678768442866));
#1626 = CARTESIAN_POINT('',(-0.100973143632,97.277052440164));
#1627 = CARTESIAN_POINT('',(-0.148402513708,97.875108324889));
#1628 = CARTESIAN_POINT('',(-0.196066630474,98.472836575625));
#1629 = CARTESIAN_POINT('',(-0.244082093835,99.070058142829));
#1630 = CARTESIAN_POINT('',(-0.292567986073,99.666460703421));
#1631 = CARTESIAN_POINT('',(-0.411322540785,101.10632726875));
#1632 = CARTESIAN_POINT('',(-0.481919858146,101.94512080586));
#1633 = CARTESIAN_POINT('',(-0.554120565701,102.78068049824));
#1634 = CARTESIAN_POINT('',(-0.628561892234,103.61392534212));
#1635 = CARTESIAN_POINT('',(-0.705877553948,104.44339897241));
#1636 = CARTESIAN_POINT('',(-0.786703878768,105.26448234908));
#1637 = CARTESIAN_POINT('',(-0.903222937577,106.36597884492));
#1638 = CARTESIAN_POINT('',(-0.935270555291,106.66115820084));
#1639 = CARTESIAN_POINT('',(-0.968011225532,106.95430204606));
#1640 = CARTESIAN_POINT('',(-1.001520213558,107.2451611487));
#1641 = CARTESIAN_POINT('',(-1.035872242453,107.53331314065));
#1642 = CARTESIAN_POINT('',(-1.071142980223,107.81815637118));
#1643 = CARTESIAN_POINT('',(-1.164207328837,108.53856183135));
#1644 = CARTESIAN_POINT('',(-1.223817542204,108.97102770488));
#1645 = CARTESIAN_POINT('',(-1.286396413642,109.39147060312));
#1646 = CARTESIAN_POINT('',(-1.352121571689,109.79430317796));
#1647 = CARTESIAN_POINT('',(-1.421216969047,110.173293043));
#1648 = CARTESIAN_POINT('',(-1.493967686729,110.52160982279));
#1649 = CARTESIAN_POINT('',(-1.570796326795,110.83239697419));
#1650 = ( GEOMETRIC_REPRESENTATION_CONTEXT(2) 
PARAMETRIC_REPRESENTATION_CONTEXT() REPRESENTATION_CONTEXT('2D SPACE',''
  ) );
#1651 = PCURVE('',#72,#1652);
#1652 = DEFINITIONAL_REPRESENTATION('',(#1653),#1716);
#1653 = B_SPLINE_CURVE_WITH_KNOTS('',7,(#1654,#1655,#1656,#1657,#1658,
    #1659,#1660,#1661,#1662,#1663,#1664,#1665,#1666,#1667,#1668,#1669,
    #1670,#1671,#1672,#1673,#1674,#1675,#1676,#1677,#1678,#1679,#1680,
    #1681,#1682,#1683,#1684,#1685,#1686,#1687,#1688,#1689,#1690,#1691,
    #1692,#1693,#1694,#1695,#1696,#1697,#1698,#1699,#1700,#1701,#1702,
    #1703,#1704,#1705,#1706,#1707,#1708,#1709,#1710,#1711,#1712,#1713,
    #1714,#1715),.UNSPECIFIED.,.F.,.F.,(8,6,6,6,6,6,6,6,6,6,8),(0.,
    7.099001700739E-04,1.248444908565E-03,1.958344216026E-03,
    2.594804840657E-03,3.598452064405E-03,5.067197325794E-03,
    0.269312719455,0.644436020631,0.783004092593,1.),.UNSPECIFIED.);
#1654 = CARTESIAN_POINT('',(-1.570796326795,70.));
#1655 = CARTESIAN_POINT('',(-1.570695844429,70.001271012529));
#1656 = CARTESIAN_POINT('',(-1.570595362065,70.00254202508));
#1657 = CARTESIAN_POINT('',(-1.5704948797,70.003813037625));
#1658 = CARTESIAN_POINT('',(-1.570394397331,70.005084050142));
#1659 = CARTESIAN_POINT('',(-1.570293914958,70.006355062615));
#1660 = CARTESIAN_POINT('',(-1.570193432579,70.007626075034));
#1661 = CARTESIAN_POINT('',(-1.570016722207,70.00986130328));
#1662 = CARTESIAN_POINT('',(-1.569940494217,70.010825519129));
#1663 = CARTESIAN_POINT('',(-1.569864266222,70.011789734937));
#1664 = CARTESIAN_POINT('',(-1.569788038221,70.012753950698));
#1665 = CARTESIAN_POINT('',(-1.569711810215,70.013718166408));
#1666 = CARTESIAN_POINT('',(-1.569635582202,70.014682382061));
#1667 = CARTESIAN_POINT('',(-1.569458871873,70.016917608083));
#1668 = CARTESIAN_POINT('',(-1.569358389552,70.018188618406));
#1669 = CARTESIAN_POINT('',(-1.569257907217,70.019459628609));
#1670 = CARTESIAN_POINT('',(-1.569157424866,70.020730638678));
#1671 = CARTESIAN_POINT('',(-1.569056942498,70.022001648602));
#1672 = CARTESIAN_POINT('',(-1.568956460112,70.023272658368));
#1673 = CARTESIAN_POINT('',(-1.568765890149,70.025683192335));
#1674 = CARTESIAN_POINT('',(-1.568675802576,70.02682271657));
#1675 = CARTESIAN_POINT('',(-1.568585714986,70.027962240659));
#1676 = CARTESIAN_POINT('',(-1.568495627378,70.029101764593));
#1677 = CARTESIAN_POINT('',(-1.568405539751,70.030241288364));
#1678 = CARTESIAN_POINT('',(-1.568315452104,70.031380811964));
#1679 = CARTESIAN_POINT('',(-1.568083303428,70.034317272177));
#1680 = CARTESIAN_POINT('',(-1.567941242368,70.036114208523));
#1681 = CARTESIAN_POINT('',(-1.567799181252,70.037911144384));
#1682 = CARTESIAN_POINT('',(-1.567657120075,70.039708079725));
#1683 = CARTESIAN_POINT('',(-1.567515058834,70.041505014512));
#1684 = CARTESIAN_POINT('',(-1.567372997525,70.04330194871));
#1685 = CARTESIAN_POINT('',(-1.567023042397,70.047728529046));
#1686 = CARTESIAN_POINT('',(-1.566815148496,70.050358174471));
#1687 = CARTESIAN_POINT('',(-1.566607254427,70.052987818451));
#1688 = CARTESIAN_POINT('',(-1.566399360177,70.055617460876));
#1689 = CARTESIAN_POINT('',(-1.566191465735,70.058247101638));
#1690 = CARTESIAN_POINT('',(-1.565983571087,70.060876740628));
#1691 = CARTESIAN_POINT('',(-1.528372806618,70.536610767473));
#1692 = CARTESIAN_POINT('',(-1.490971403643,71.00954678378));
#1693 = CARTESIAN_POINT('',(-1.453490571277,71.481768552525));
#1694 = CARTESIAN_POINT('',(-1.415851037948,71.952711313286));
#1695 = CARTESIAN_POINT('',(-1.377974383628,72.421718573074));
#1696 = CARTESIAN_POINT('',(-1.339782266932,72.887969260047));
#1697 = CARTESIAN_POINT('',(-1.246418041703,74.006879105829));
#1698 = CARTESIAN_POINT('',(-1.191061423065,74.653075357586));
#1699 = CARTESIAN_POINT('',(-1.134641881231,75.289287003931));
#1700 = CARTESIAN_POINT('',(-1.076724240361,75.913908084203));
#1701 = CARTESIAN_POINT('',(-1.016907418919,76.522589716874));
#1702 = CARTESIAN_POINT('',(-0.954828209651,77.107327877228));
#1703 = CARTESIAN_POINT('',(-0.866244728156,77.857076594667));
#1704 = CARTESIAN_POINT('',(-0.841966685871,78.054466174664));
#1705 = CARTESIAN_POINT('',(-0.817259537343,78.246543423664));
#1706 = CARTESIAN_POINT('',(-0.792080460968,78.432659100117));
#1707 = CARTESIAN_POINT('',(-0.766390304079,78.611953704955));
#1708 = CARTESIAN_POINT('',(-0.740153540162,78.783334269479));
#1709 = CARTESIAN_POINT('',(-0.671345500919,79.19931201125));
#1710 = CARTESIAN_POINT('',(-0.627661976823,79.432092093399));
#1711 = CARTESIAN_POINT('',(-0.582284122897,79.63712995406));
#1712 = CARTESIAN_POINT('',(-0.535223297624,79.806564342885));
#1713 = CARTESIAN_POINT('',(-0.486509323205,79.931136290526));
#1714 = CARTESIAN_POINT('',(-0.436194633062,80.));
#1715 = CARTESIAN_POINT('',(-0.384396774496,80.));
#1716 = ( GEOMETRIC_REPRESENTATION_CONTEXT(2) 
PARAMETRIC_REPRESENTATION_CONTEXT() REPRESENTATION_CONTEXT('2D SPACE',''
  ) );
#1717 = ADVANCED_FACE('',(#1718,#1885),#126,.F.);
#1718 = FACE_BOUND('',#1719,.F.);
#1719 = EDGE_LOOP('',(#1720,#1721,#1745,#1773,#1806,#1834,#1863,#1884));
#1720 = ORIENTED_EDGE('',*,*,#112,.F.);
#1721 = ORIENTED_EDGE('',*,*,#1722,.T.);
#1722 = EDGE_CURVE('',#85,#1723,#1725,.T.);
#1723 = VERTEX_POINT('',#1724);
#1724 = CARTESIAN_POINT('',(10.,-1.7763568394E-15,0.));
#1725 = SURFACE_CURVE('',#1726,(#1731,#1738),.PCURVE_S1.);
#1726 = CIRCLE('',#1727,10.);
#1727 = AXIS2_PLACEMENT_3D('',#1728,#1729,#1730);
#1728 = CARTESIAN_POINT('',(10.,10.,0.));
#1729 = DIRECTION('',(0.,0.,1.));
#1730 = DIRECTION('',(0.,-1.,0.));
#1731 = PCURVE('',#126,#1732);
#1732 = DEFINITIONAL_REPRESENTATION('',(#1733),#1737);
#1733 = CIRCLE('',#1734,10.);
#1734 = AXIS2_PLACEMENT_2D('',#1735,#1736);
#1735 = CARTESIAN_POINT('',(10.,10.));
#1736 = DIRECTION('',(0.,-1.));
#1737 = ( GEOMETRIC_REPRESENTATION_CONTEXT(2) 
PARAMETRIC_REPRESENTATION_CONTEXT() REPRESENTATION_CONTEXT('2D SPACE',''
  ) );
#1738 = PCURVE('',#100,#1739);
#1739 = DEFINITIONAL_REPRESENTATION('',(#1740),#1744);
#1740 = LINE('',#1741,#1742);
#1741 = CARTESIAN_POINT('',(-4.712388980385,0.));
#1742 = VECTOR('',#1743,1.);
#1743 = DIRECTION('',(1.,0.));
#1744 = ( GEOMETRIC_REPRESENTATION_CONTEXT(2) 
PARAMETRIC_REPRESENTATION_CONTEXT() REPRESENTATION_CONTEXT('2D SPACE',''
  ) );
#1745 = ORIENTED_EDGE('',*,*,#1746,.T.);
#1746 = EDGE_CURVE('',#1723,#1747,#1749,.T.);
#1747 = VERTEX_POINT('',#1748);
#1748 = CARTESIAN_POINT('',(224.,-1.7763568394E-15,0.));
#1749 = SURFACE_CURVE('',#1750,(#1754,#1761),.PCURVE_S1.);
#1750 = LINE('',#1751,#1752);
#1751 = CARTESIAN_POINT('',(0.,0.,0.));
#1752 = VECTOR('',#1753,1.);
#1753 = DIRECTION('',(1.,0.,0.));
#1754 = PCURVE('',#126,#1755);
#1755 = DEFINITIONAL_REPRESENTATION('',(#1756),#1760);
#1756 = LINE('',#1757,#1758);
#1757 = CARTESIAN_POINT('',(0.,0.));
#1758 = VECTOR('',#1759,1.);
#1759 = DIRECTION('',(1.,0.));
#1760 = ( GEOMETRIC_REPRESENTATION_CONTEXT(2) 
PARAMETRIC_REPRESENTATION_CONTEXT() REPRESENTATION_CONTEXT('2D SPACE',''
  ) );
#1761 = PCURVE('',#1762,#1767);
#1762 = PLANE('',#1763);
#1763 = AXIS2_PLACEMENT_3D('',#1764,#1765,#1766);
#1764 = CARTESIAN_POINT('',(0.,0.,0.));
#1765 = DIRECTION('',(0.,1.,0.));
#1766 = DIRECTION('',(0.,0.,1.));
#1767 = DEFINITIONAL_REPRESENTATION('',(#1768),#1772);
#1768 = LINE('',#1769,#1770);
#1769 = CARTESIAN_POINT('',(0.,0.));
#1770 = VECTOR('',#1771,1.);
#1771 = DIRECTION('',(0.,1.));
#1772 = ( GEOMETRIC_REPRESENTATION_CONTEXT(2) 
PARAMETRIC_REPRESENTATION_CONTEXT() REPRESENTATION_CONTEXT('2D SPACE',''
  ) );
#1773 = ORIENTED_EDGE('',*,*,#1774,.F.);
#1774 = EDGE_CURVE('',#1775,#1747,#1777,.T.);
#1775 = VERTEX_POINT('',#1776);
#1776 = CARTESIAN_POINT('',(234.,10.,0.));
#1777 = SURFACE_CURVE('',#1778,(#1783,#1794),.PCURVE_S1.);
#1778 = CIRCLE('',#1779,10.);
#1779 = AXIS2_PLACEMENT_3D('',#1780,#1781,#1782);
#1780 = CARTESIAN_POINT('',(224.,10.,0.));
#1781 = DIRECTION('',(-0.,-0.,-1.));
#1782 = DIRECTION('',(0.,-1.,0.));
#1783 = PCURVE('',#126,#1784);
#1784 = DEFINITIONAL_REPRESENTATION('',(#1785),#1793);
#1785 = ( BOUNDED_CURVE() B_SPLINE_CURVE(2,(#1786,#1787,#1788,#1789,
#1790,#1791,#1792),.UNSPECIFIED.,.T.,.F.) B_SPLINE_CURVE_WITH_KNOTS((1,2
    ,2,2,2,1),(-2.094395102393,0.,2.094395102393,4.188790204786,
6.28318530718,8.377580409573),.UNSPECIFIED.) CURVE() 
GEOMETRIC_REPRESENTATION_ITEM() RATIONAL_B_SPLINE_CURVE((1.,0.5,1.,0.5,
1.,0.5,1.)) REPRESENTATION_ITEM('') );
#1786 = CARTESIAN_POINT('',(224.,-1.7763568394E-15));
#1787 = CARTESIAN_POINT('',(206.67949192431,-1.7763568394E-15));
#1788 = CARTESIAN_POINT('',(215.33974596215,15.));
#1789 = CARTESIAN_POINT('',(224.,30.));
#1790 = CARTESIAN_POINT('',(232.66025403784,15.));
#1791 = CARTESIAN_POINT('',(241.32050807568,1.42108547152E-14));
#1792 = CARTESIAN_POINT('',(224.,-1.7763568394E-15));
#1793 = ( GEOMETRIC_REPRESENTATION_CONTEXT(2) 
PARAMETRIC_REPRESENTATION_CONTEXT() REPRESENTATION_CONTEXT('2D SPACE',''
  ) );
#1794 = PCURVE('',#1795,#1800);
#1795 = CYLINDRICAL_SURFACE('',#1796,10.);
#1796 = AXIS2_PLACEMENT_3D('',#1797,#1798,#1799);
#1797 = CARTESIAN_POINT('',(224.,10.,0.));
#1798 = DIRECTION('',(0.,0.,1.));
#1799 = DIRECTION('',(1.,0.,-0.));
#1800 = DEFINITIONAL_REPRESENTATION('',(#1801),#1805);
#1801 = LINE('',#1802,#1803);
#1802 = CARTESIAN_POINT('',(4.712388980385,-0.));
#1803 = VECTOR('',#1804,1.);
#1804 = DIRECTION('',(-1.,0.));
#1805 = ( GEOMETRIC_REPRESENTATION_CONTEXT(2) 
PARAMETRIC_REPRESENTATION_CONTEXT() REPRESENTATION_CONTEXT('2D SPACE',''
  ) );
#1806 = ORIENTED_EDGE('',*,*,#1807,.T.);
#1807 = EDGE_CURVE('',#1775,#1808,#1810,.T.);
#1808 = VERTEX_POINT('',#1809);
#1809 = CARTESIAN_POINT('',(234.,70.,0.));
#1810 = SURFACE_CURVE('',#1811,(#1815,#1822),.PCURVE_S1.);
#1811 = LINE('',#1812,#1813);
#1812 = CARTESIAN_POINT('',(234.,0.,0.));
#1813 = VECTOR('',#1814,1.);
#1814 = DIRECTION('',(0.,1.,0.));
#1815 = PCURVE('',#126,#1816);
#1816 = DEFINITIONAL_REPRESENTATION('',(#1817),#1821);
#1817 = LINE('',#1818,#1819);
#1818 = CARTESIAN_POINT('',(234.,0.));
#1819 = VECTOR('',#1820,1.);
#1820 = DIRECTION('',(0.,1.));
#1821 = ( GEOMETRIC_REPRESENTATION_CONTEXT(2) 
PARAMETRIC_REPRESENTATION_CONTEXT() REPRESENTATION_CONTEXT('2D SPACE',''
  ) );
#1822 = PCURVE('',#1823,#1828);
#1823 = PLANE('',#1824);
#1824 = AXIS2_PLACEMENT_3D('',#1825,#1826,#1827);
#1825 = CARTESIAN_POINT('',(234.,0.,0.));
#1826 = DIRECTION('',(1.,0.,0.));
#1827 = DIRECTION('',(0.,0.,1.));
#1828 = DEFINITIONAL_REPRESENTATION('',(#1829),#1833);
#1829 = LINE('',#1830,#1831);
#1830 = CARTESIAN_POINT('',(0.,0.));
#1831 = VECTOR('',#1832,1.);
#1832 = DIRECTION('',(0.,-1.));
#1833 = ( GEOMETRIC_REPRESENTATION_CONTEXT(2) 
PARAMETRIC_REPRESENTATION_CONTEXT() REPRESENTATION_CONTEXT('2D SPACE',''
  ) );
#1834 = ORIENTED_EDGE('',*,*,#1835,.T.);
#1835 = EDGE_CURVE('',#1808,#1836,#1838,.T.);
#1836 = VERTEX_POINT('',#1837);
#1837 = CARTESIAN_POINT('',(224.,80.,0.));
#1838 = SURFACE_CURVE('',#1839,(#1844,#1851),.PCURVE_S1.);
#1839 = CIRCLE('',#1840,10.);
#1840 = AXIS2_PLACEMENT_3D('',#1841,#1842,#1843);
#1841 = CARTESIAN_POINT('',(224.,70.,0.));
#1842 = DIRECTION('',(0.,0.,1.));
#1843 = DIRECTION('',(0.,-1.,0.));
#1844 = PCURVE('',#126,#1845);
#1845 = DEFINITIONAL_REPRESENTATION('',(#1846),#1850);
#1846 = CIRCLE('',#1847,10.);
#1847 = AXIS2_PLACEMENT_2D('',#1848,#1849);
#1848 = CARTESIAN_POINT('',(224.,70.));
#1849 = DIRECTION('',(0.,-1.));
#1850 = ( GEOMETRIC_REPRESENTATION_CONTEXT(2) 
PARAMETRIC_REPRESENTATION_CONTEXT() REPRESENTATION_CONTEXT('2D SPACE',''
  ) );
#1851 = PCURVE('',#1852,#1857);
#1852 = CYLINDRICAL_SURFACE('',#1853,10.);
#1853 = AXIS2_PLACEMENT_3D('',#1854,#1855,#1856);
#1854 = CARTESIAN_POINT('',(224.,70.,0.));
#1855 = DIRECTION('',(0.,0.,1.));
#1856 = DIRECTION('',(1.,0.,-0.));
#1857 = DEFINITIONAL_REPRESENTATION('',(#1858),#1862);
#1858 = LINE('',#1859,#1860);
#1859 = CARTESIAN_POINT('',(-1.570796326795,0.));
#1860 = VECTOR('',#1861,1.);
#1861 = DIRECTION('',(1.,0.));
#1862 = ( GEOMETRIC_REPRESENTATION_CONTEXT(2) 
PARAMETRIC_REPRESENTATION_CONTEXT() REPRESENTATION_CONTEXT('2D SPACE',''
  ) );
#1863 = ORIENTED_EDGE('',*,*,#1864,.F.);
#1864 = EDGE_CURVE('',#1368,#1836,#1865,.T.);
#1865 = SURFACE_CURVE('',#1866,(#1870,#1877),.PCURVE_S1.);
#1866 = LINE('',#1867,#1868);
#1867 = CARTESIAN_POINT('',(0.,80.,0.));
#1868 = VECTOR('',#1869,1.);
#1869 = DIRECTION('',(1.,0.,0.));
#1870 = PCURVE('',#126,#1871);
#1871 = DEFINITIONAL_REPRESENTATION('',(#1872),#1876);
#1872 = LINE('',#1873,#1874);
#1873 = CARTESIAN_POINT('',(0.,80.));
#1874 = VECTOR('',#1875,1.);
#1875 = DIRECTION('',(1.,0.));
#1876 = ( GEOMETRIC_REPRESENTATION_CONTEXT(2) 
PARAMETRIC_REPRESENTATION_CONTEXT() REPRESENTATION_CONTEXT('2D SPACE',''
  ) );
#1877 = PCURVE('',#1411,#1878);
#1878 = DEFINITIONAL_REPRESENTATION('',(#1879),#1883);
#1879 = LINE('',#1880,#1881);
#1880 = CARTESIAN_POINT('',(0.,0.));
#1881 = VECTOR('',#1882,1.);
#1882 = DIRECTION('',(0.,1.));
#1883 = ( GEOMETRIC_REPRESENTATION_CONTEXT(2) 
PARAMETRIC_REPRESENTATION_CONTEXT() REPRESENTATION_CONTEXT('2D SPACE',''
  ) );
#1884 = ORIENTED_EDGE('',*,*,#1367,.F.);
#1885 = FACE_BOUND('',#1886,.F.);
#1886 = EDGE_LOOP('',(#1887,#1918,#1944,#1973,#1999,#2028,#2054,#2083));
#1887 = ORIENTED_EDGE('',*,*,#1888,.F.);
#1888 = EDGE_CURVE('',#1889,#1891,#1893,.T.);
#1889 = VERTEX_POINT('',#1890);
#1890 = CARTESIAN_POINT('',(2.4,10.,0.));
#1891 = VERTEX_POINT('',#1892);
#1892 = CARTESIAN_POINT('',(10.,2.4,0.));
#1893 = SURFACE_CURVE('',#1894,(#1899,#1906),.PCURVE_S1.);
#1894 = CIRCLE('',#1895,7.6);
#1895 = AXIS2_PLACEMENT_3D('',#1896,#1897,#1898);
#1896 = CARTESIAN_POINT('',(10.,10.,0.));
#1897 = DIRECTION('',(0.,0.,1.));
#1898 = DIRECTION('',(-1.,-0.,0.));
#1899 = PCURVE('',#126,#1900);
#1900 = DEFINITIONAL_REPRESENTATION('',(#1901),#1905);
#1901 = CIRCLE('',#1902,7.6);
#1902 = AXIS2_PLACEMENT_2D('',#1903,#1904);
#1903 = CARTESIAN_POINT('',(10.,10.));
#1904 = DIRECTION('',(-1.,0.));
#1905 = ( GEOMETRIC_REPRESENTATION_CONTEXT(2) 
PARAMETRIC_REPRESENTATION_CONTEXT() REPRESENTATION_CONTEXT('2D SPACE',''
  ) );
#1906 = PCURVE('',#1907,#1912);
#1907 = CYLINDRICAL_SURFACE('',#1908,7.6);
#1908 = AXIS2_PLACEMENT_3D('',#1909,#1910,#1911);
#1909 = CARTESIAN_POINT('',(10.,10.,-1.));
#1910 = DIRECTION('',(0.,0.,1.));
#1911 = DIRECTION('',(-1.,-0.,0.));
#1912 = DEFINITIONAL_REPRESENTATION('',(#1913),#1917);
#1913 = LINE('',#1914,#1915);
#1914 = CARTESIAN_POINT('',(0.,1.));
#1915 = VECTOR('',#1916,1.);
#1916 = DIRECTION('',(1.,0.));
#1917 = ( GEOMETRIC_REPRESENTATION_CONTEXT(2) 
PARAMETRIC_REPRESENTATION_CONTEXT() REPRESENTATION_CONTEXT('2D SPACE',''
  ) );
#1918 = ORIENTED_EDGE('',*,*,#1919,.T.);
#1919 = EDGE_CURVE('',#1889,#1920,#1922,.T.);
#1920 = VERTEX_POINT('',#1921);
#1921 = CARTESIAN_POINT('',(2.4,70.,0.));
#1922 = SURFACE_CURVE('',#1923,(#1927,#1933),.PCURVE_S1.);
#1923 = LINE('',#1924,#1925);
#1924 = CARTESIAN_POINT('',(2.4,1.2,0.));
#1925 = VECTOR('',#1926,1.);
#1926 = DIRECTION('',(0.,1.,0.));
#1927 = PCURVE('',#126,#1928);
#1928 = DEFINITIONAL_REPRESENTATION('',(#1929),#1932);
#1929 = B_SPLINE_CURVE_WITH_KNOTS('',1,(#1930,#1931),.UNSPECIFIED.,.F.,
  .F.,(2,2),(8.8,68.8),.PIECEWISE_BEZIER_KNOTS.);
#1930 = CARTESIAN_POINT('',(2.4,10.));
#1931 = CARTESIAN_POINT('',(2.4,70.));
#1932 = ( GEOMETRIC_REPRESENTATION_CONTEXT(2) 
PARAMETRIC_REPRESENTATION_CONTEXT() REPRESENTATION_CONTEXT('2D SPACE',''
  ) );
#1933 = PCURVE('',#1934,#1939);
#1934 = PLANE('',#1935);
#1935 = AXIS2_PLACEMENT_3D('',#1936,#1937,#1938);
#1936 = CARTESIAN_POINT('',(2.4,2.4,-1.));
#1937 = DIRECTION('',(1.,0.,0.));
#1938 = DIRECTION('',(0.,0.,1.));
#1939 = DEFINITIONAL_REPRESENTATION('',(#1940),#1943);
#1940 = B_SPLINE_CURVE_WITH_KNOTS('',1,(#1941,#1942),.UNSPECIFIED.,.F.,
  .F.,(2,2),(8.8,68.8),.PIECEWISE_BEZIER_KNOTS.);
#1941 = CARTESIAN_POINT('',(1.,-7.6));
#1942 = CARTESIAN_POINT('',(1.,-67.6));
#1943 = ( GEOMETRIC_REPRESENTATION_CONTEXT(2) 
PARAMETRIC_REPRESENTATION_CONTEXT() REPRESENTATION_CONTEXT('2D SPACE',''
  ) );
#1944 = ORIENTED_EDGE('',*,*,#1945,.F.);
#1945 = EDGE_CURVE('',#1946,#1920,#1948,.T.);
#1946 = VERTEX_POINT('',#1947);
#1947 = CARTESIAN_POINT('',(10.,77.6,0.));
#1948 = SURFACE_CURVE('',#1949,(#1954,#1961),.PCURVE_S1.);
#1949 = CIRCLE('',#1950,7.6);
#1950 = AXIS2_PLACEMENT_3D('',#1951,#1952,#1953);
#1951 = CARTESIAN_POINT('',(10.,70.,0.));
#1952 = DIRECTION('',(0.,0.,1.));
#1953 = DIRECTION('',(-1.,-0.,0.));
#1954 = PCURVE('',#126,#1955);
#1955 = DEFINITIONAL_REPRESENTATION('',(#1956),#1960);
#1956 = CIRCLE('',#1957,7.6);
#1957 = AXIS2_PLACEMENT_2D('',#1958,#1959);
#1958 = CARTESIAN_POINT('',(10.,70.));
#1959 = DIRECTION('',(-1.,0.));
#1960 = ( GEOMETRIC_REPRESENTATION_CONTEXT(2) 
PARAMETRIC_REPRESENTATION_CONTEXT() REPRESENTATION_CONTEXT('2D SPACE',''
  ) );
#1961 = PCURVE('',#1962,#1967);
#1962 = CYLINDRICAL_SURFACE('',#1963,7.6);
#1963 = AXIS2_PLACEMENT_3D('',#1964,#1965,#1966);
#1964 = CARTESIAN_POINT('',(10.,70.,-1.));
#1965 = DIRECTION('',(0.,0.,1.));
#1966 = DIRECTION('',(-1.,-0.,0.));
#1967 = DEFINITIONAL_REPRESENTATION('',(#1968),#1972);
#1968 = LINE('',#1969,#1970);
#1969 = CARTESIAN_POINT('',(-6.28318530718,1.));
#1970 = VECTOR('',#1971,1.);
#1971 = DIRECTION('',(1.,-0.));
#1972 = ( GEOMETRIC_REPRESENTATION_CONTEXT(2) 
PARAMETRIC_REPRESENTATION_CONTEXT() REPRESENTATION_CONTEXT('2D SPACE',''
  ) );
#1973 = ORIENTED_EDGE('',*,*,#1974,.F.);
#1974 = EDGE_CURVE('',#1975,#1946,#1977,.T.);
#1975 = VERTEX_POINT('',#1976);
#1976 = CARTESIAN_POINT('',(224.,77.6,0.));
#1977 = SURFACE_CURVE('',#1978,(#1982,#1988),.PCURVE_S1.);
#1978 = LINE('',#1979,#1980);
#1979 = CARTESIAN_POINT('',(1.2,77.6,0.));
#1980 = VECTOR('',#1981,1.);
#1981 = DIRECTION('',(-1.,0.,0.));
#1982 = PCURVE('',#126,#1983);
#1983 = DEFINITIONAL_REPRESENTATION('',(#1984),#1987);
#1984 = B_SPLINE_CURVE_WITH_KNOTS('',1,(#1985,#1986),.UNSPECIFIED.,.F.,
  .F.,(2,2),(-222.8,-8.8),.PIECEWISE_BEZIER_KNOTS.);
#1985 = CARTESIAN_POINT('',(224.,77.6));
#1986 = CARTESIAN_POINT('',(10.,77.6));
#1987 = ( GEOMETRIC_REPRESENTATION_CONTEXT(2) 
PARAMETRIC_REPRESENTATION_CONTEXT() REPRESENTATION_CONTEXT('2D SPACE',''
  ) );
#1988 = PCURVE('',#1989,#1994);
#1989 = PLANE('',#1990);
#1990 = AXIS2_PLACEMENT_3D('',#1991,#1992,#1993);
#1991 = CARTESIAN_POINT('',(2.4,77.6,-1.));
#1992 = DIRECTION('',(0.,1.,0.));
#1993 = DIRECTION('',(0.,0.,1.));
#1994 = DEFINITIONAL_REPRESENTATION('',(#1995),#1998);
#1995 = B_SPLINE_CURVE_WITH_KNOTS('',1,(#1996,#1997),.UNSPECIFIED.,.F.,
  .F.,(2,2),(-222.8,-8.8),.PIECEWISE_BEZIER_KNOTS.);
#1996 = CARTESIAN_POINT('',(1.,221.6));
#1997 = CARTESIAN_POINT('',(1.,7.6));
#1998 = ( GEOMETRIC_REPRESENTATION_CONTEXT(2) 
PARAMETRIC_REPRESENTATION_CONTEXT() REPRESENTATION_CONTEXT('2D SPACE',''
  ) );
#1999 = ORIENTED_EDGE('',*,*,#2000,.F.);
#2000 = EDGE_CURVE('',#2001,#1975,#2003,.T.);
#2001 = VERTEX_POINT('',#2002);
#2002 = CARTESIAN_POINT('',(231.6,70.,0.));
#2003 = SURFACE_CURVE('',#2004,(#2009,#2016),.PCURVE_S1.);
#2004 = CIRCLE('',#2005,7.6);
#2005 = AXIS2_PLACEMENT_3D('',#2006,#2007,#2008);
#2006 = CARTESIAN_POINT('',(224.,70.,0.));
#2007 = DIRECTION('',(0.,0.,1.));
#2008 = DIRECTION('',(1.,0.,-0.));
#2009 = PCURVE('',#126,#2010);
#2010 = DEFINITIONAL_REPRESENTATION('',(#2011),#2015);
#2011 = CIRCLE('',#2012,7.6);
#2012 = AXIS2_PLACEMENT_2D('',#2013,#2014);
#2013 = CARTESIAN_POINT('',(224.,70.));
#2014 = DIRECTION('',(1.,0.));
#2015 = ( GEOMETRIC_REPRESENTATION_CONTEXT(2) 
PARAMETRIC_REPRESENTATION_CONTEXT() REPRESENTATION_CONTEXT('2D SPACE',''
  ) );
#2016 = PCURVE('',#2017,#2022);
#2017 = CYLINDRICAL_SURFACE('',#2018,7.6);
#2018 = AXIS2_PLACEMENT_3D('',#2019,#2020,#2021);
#2019 = CARTESIAN_POINT('',(224.,70.,-1.));
#2020 = DIRECTION('',(0.,0.,1.));
#2021 = DIRECTION('',(1.,0.,-0.));
#2022 = DEFINITIONAL_REPRESENTATION('',(#2023),#2027);
#2023 = LINE('',#2024,#2025);
#2024 = CARTESIAN_POINT('',(0.,1.));
#2025 = VECTOR('',#2026,1.);
#2026 = DIRECTION('',(1.,0.));
#2027 = ( GEOMETRIC_REPRESENTATION_CONTEXT(2) 
PARAMETRIC_REPRESENTATION_CONTEXT() REPRESENTATION_CONTEXT('2D SPACE',''
  ) );
#2028 = ORIENTED_EDGE('',*,*,#2029,.F.);
#2029 = EDGE_CURVE('',#2030,#2001,#2032,.T.);
#2030 = VERTEX_POINT('',#2031);
#2031 = CARTESIAN_POINT('',(231.6,10.,0.));
#2032 = SURFACE_CURVE('',#2033,(#2037,#2043),.PCURVE_S1.);
#2033 = LINE('',#2034,#2035);
#2034 = CARTESIAN_POINT('',(231.6,1.2,0.));
#2035 = VECTOR('',#2036,1.);
#2036 = DIRECTION('',(0.,1.,0.));
#2037 = PCURVE('',#126,#2038);
#2038 = DEFINITIONAL_REPRESENTATION('',(#2039),#2042);
#2039 = B_SPLINE_CURVE_WITH_KNOTS('',1,(#2040,#2041),.UNSPECIFIED.,.F.,
  .F.,(2,2),(8.8,68.8),.PIECEWISE_BEZIER_KNOTS.);
#2040 = CARTESIAN_POINT('',(231.6,10.));
#2041 = CARTESIAN_POINT('',(231.6,70.));
#2042 = ( GEOMETRIC_REPRESENTATION_CONTEXT(2) 
PARAMETRIC_REPRESENTATION_CONTEXT() REPRESENTATION_CONTEXT('2D SPACE',''
  ) );
#2043 = PCURVE('',#2044,#2049);
#2044 = PLANE('',#2045);
#2045 = AXIS2_PLACEMENT_3D('',#2046,#2047,#2048);
#2046 = CARTESIAN_POINT('',(231.6,2.4,-1.));
#2047 = DIRECTION('',(1.,0.,0.));
#2048 = DIRECTION('',(0.,0.,1.));
#2049 = DEFINITIONAL_REPRESENTATION('',(#2050),#2053);
#2050 = B_SPLINE_CURVE_WITH_KNOTS('',1,(#2051,#2052),.UNSPECIFIED.,.F.,
  .F.,(2,2),(8.8,68.8),.PIECEWISE_BEZIER_KNOTS.);
#2051 = CARTESIAN_POINT('',(1.,-7.6));
#2052 = CARTESIAN_POINT('',(1.,-67.6));
#2053 = ( GEOMETRIC_REPRESENTATION_CONTEXT(2) 
PARAMETRIC_REPRESENTATION_CONTEXT() REPRESENTATION_CONTEXT('2D SPACE',''
  ) );
#2054 = ORIENTED_EDGE('',*,*,#2055,.F.);
#2055 = EDGE_CURVE('',#2056,#2030,#2058,.T.);
#2056 = VERTEX_POINT('',#2057);
#2057 = CARTESIAN_POINT('',(224.,2.4,0.));
#2058 = SURFACE_CURVE('',#2059,(#2064,#2071),.PCURVE_S1.);
#2059 = CIRCLE('',#2060,7.6);
#2060 = AXIS2_PLACEMENT_3D('',#2061,#2062,#2063);
#2061 = CARTESIAN_POINT('',(224.,10.,0.));
#2062 = DIRECTION('',(0.,0.,1.));
#2063 = DIRECTION('',(1.,0.,-0.));
#2064 = PCURVE('',#126,#2065);
#2065 = DEFINITIONAL_REPRESENTATION('',(#2066),#2070);
#2066 = CIRCLE('',#2067,7.6);
#2067 = AXIS2_PLACEMENT_2D('',#2068,#2069);
#2068 = CARTESIAN_POINT('',(224.,10.));
#2069 = DIRECTION('',(1.,0.));
#2070 = ( GEOMETRIC_REPRESENTATION_CONTEXT(2) 
PARAMETRIC_REPRESENTATION_CONTEXT() REPRESENTATION_CONTEXT('2D SPACE',''
  ) );
#2071 = PCURVE('',#2072,#2077);
#2072 = CYLINDRICAL_SURFACE('',#2073,7.6);
#2073 = AXIS2_PLACEMENT_3D('',#2074,#2075,#2076);
#2074 = CARTESIAN_POINT('',(224.,10.,-1.));
#2075 = DIRECTION('',(0.,0.,1.));
#2076 = DIRECTION('',(1.,0.,-0.));
#2077 = DEFINITIONAL_REPRESENTATION('',(#2078),#2082);
#2078 = LINE('',#2079,#2080);
#2079 = CARTESIAN_POINT('',(-6.28318530718,1.));
#2080 = VECTOR('',#2081,1.);
#2081 = DIRECTION('',(1.,-0.));
#2082 = ( GEOMETRIC_REPRESENTATION_CONTEXT(2) 
PARAMETRIC_REPRESENTATION_CONTEXT() REPRESENTATION_CONTEXT('2D SPACE',''
  ) );
#2083 = ORIENTED_EDGE('',*,*,#2084,.F.);
#2084 = EDGE_CURVE('',#1891,#2056,#2085,.T.);
#2085 = SURFACE_CURVE('',#2086,(#2090,#2097),.PCURVE_S1.);
#2086 = LINE('',#2087,#2088);
#2087 = CARTESIAN_POINT('',(10.,2.4,0.));
#2088 = VECTOR('',#2089,1.);
#2089 = DIRECTION('',(1.,0.,0.));
#2090 = PCURVE('',#126,#2091);
#2091 = DEFINITIONAL_REPRESENTATION('',(#2092),#2096);
#2092 = LINE('',#2093,#2094);
#2093 = CARTESIAN_POINT('',(10.,2.4));
#2094 = VECTOR('',#2095,1.);
#2095 = DIRECTION('',(1.,0.));
#2096 = ( GEOMETRIC_REPRESENTATION_CONTEXT(2) 
PARAMETRIC_REPRESENTATION_CONTEXT() REPRESENTATION_CONTEXT('2D SPACE',''
  ) );
#2097 = PCURVE('',#2098,#2103);
#2098 = PLANE('',#2099);
#2099 = AXIS2_PLACEMENT_3D('',#2100,#2101,#2102);
#2100 = CARTESIAN_POINT('',(2.4,2.4,-1.));
#2101 = DIRECTION('',(0.,1.,0.));
#2102 = DIRECTION('',(0.,0.,1.));
#2103 = DEFINITIONAL_REPRESENTATION('',(#2104),#2108);
#2104 = LINE('',#2105,#2106);
#2105 = CARTESIAN_POINT('',(1.,7.6));
#2106 = VECTOR('',#2107,1.);
#2107 = DIRECTION('',(0.,1.));
#2108 = ( GEOMETRIC_REPRESENTATION_CONTEXT(2) 
PARAMETRIC_REPRESENTATION_CONTEXT() REPRESENTATION_CONTEXT('2D SPACE',''
  ) );
#2109 = ADVANCED_FACE('',(#2110),#72,.T.);
#2110 = FACE_BOUND('',#2111,.F.);
#2111 = EDGE_LOOP('',(#2112,#2142,#2183,#2390,#2391,#2392));
#2112 = ORIENTED_EDGE('',*,*,#2113,.F.);
#2113 = EDGE_CURVE('',#2114,#2116,#2118,.T.);
#2114 = VERTEX_POINT('',#2115);
#2115 = CARTESIAN_POINT('',(16.,16.,112.));
#2116 = VERTEX_POINT('',#2117);
#2117 = CARTESIAN_POINT('',(16.,64.,112.));
#2118 = SURFACE_CURVE('',#2119,(#2123,#2130),.PCURVE_S1.);
#2119 = LINE('',#2120,#2121);
#2120 = CARTESIAN_POINT('',(16.,0.,112.));
#2121 = VECTOR('',#2122,1.);
#2122 = DIRECTION('',(-0.,1.,-0.));
#2123 = PCURVE('',#72,#2124);
#2124 = DEFINITIONAL_REPRESENTATION('',(#2125),#2129);
#2125 = LINE('',#2126,#2127);
#2126 = CARTESIAN_POINT('',(-0.,0.));
#2127 = VECTOR('',#2128,1.);
#2128 = DIRECTION('',(-0.,1.));
#2129 = ( GEOMETRIC_REPRESENTATION_CONTEXT(2) 
PARAMETRIC_REPRESENTATION_CONTEXT() REPRESENTATION_CONTEXT('2D SPACE',''
  ) );
#2130 = PCURVE('',#2131,#2136);
#2131 = PLANE('',#2132);
#2132 = AXIS2_PLACEMENT_3D('',#2133,#2134,#2135);
#2133 = CARTESIAN_POINT('',(0.,80.,112.));
#2134 = DIRECTION('',(0.,0.,-1.));
#2135 = DIRECTION('',(0.,-1.,0.));
#2136 = DEFINITIONAL_REPRESENTATION('',(#2137),#2141);
#2137 = LINE('',#2138,#2139);
#2138 = CARTESIAN_POINT('',(80.,-16.));
#2139 = VECTOR('',#2140,1.);
#2140 = DIRECTION('',(-1.,0.));
#2141 = ( GEOMETRIC_REPRESENTATION_CONTEXT(2) 
PARAMETRIC_REPRESENTATION_CONTEXT() REPRESENTATION_CONTEXT('2D SPACE',''
  ) );
#2142 = ORIENTED_EDGE('',*,*,#2143,.T.);
#2143 = EDGE_CURVE('',#2114,#2144,#2146,.T.);
#2144 = VERTEX_POINT('',#2145);
#2145 = CARTESIAN_POINT('',(2.928932189637,2.928932190717,
    105.22752330243));
#2146 = SURFACE_CURVE('',#2147,(#2152,#2165),.PCURVE_S1.);
#2147 = ELLIPSE('',#2148,22.62741699797,16.);
#2148 = AXIS2_PLACEMENT_3D('',#2149,#2150,#2151);
#2149 = CARTESIAN_POINT('',(16.,16.,96.));
#2150 = DIRECTION('',(0.707106781187,-0.707106781187,0.));
#2151 = DIRECTION('',(0.707106781187,0.707106781187,0.));
#2152 = PCURVE('',#72,#2153);
#2153 = DEFINITIONAL_REPRESENTATION('',(#2154),#2164);
#2154 = B_SPLINE_CURVE_WITH_KNOTS('',8,(#2155,#2156,#2157,#2158,#2159,
    #2160,#2161,#2162,#2163),.UNSPECIFIED.,.F.,.F.,(9,9),(1.570796326795
    ,3.14159265359),.PIECEWISE_BEZIER_KNOTS.);
#2155 = CARTESIAN_POINT('',(0.,16.));
#2156 = CARTESIAN_POINT('',(-0.196349540849,12.85840734641));
#2157 = CARTESIAN_POINT('',(-0.392699081698,9.716813946909));
#2158 = CARTESIAN_POINT('',(-0.589048622548,6.759787820605));
#2159 = CARTESIAN_POINT('',(-0.785398163395,4.171859990765));
#2160 = CARTESIAN_POINT('',(-0.981747704247,2.114911258554));
#2161 = CARTESIAN_POINT('',(-1.178097245096,0.704972415781));
#2162 = CARTESIAN_POINT('',(-1.374446785946,-3.167979540056E-15));
#2163 = CARTESIAN_POINT('',(-1.570796326795,-3.552713678801E-15));
#2164 = ( GEOMETRIC_REPRESENTATION_CONTEXT(2) 
PARAMETRIC_REPRESENTATION_CONTEXT() REPRESENTATION_CONTEXT('2D SPACE',''
  ) );
#2165 = PCURVE('',#2166,#2171);
#2166 = CYLINDRICAL_SURFACE('',#2167,16.);
#2167 = AXIS2_PLACEMENT_3D('',#2168,#2169,#2170);
#2168 = CARTESIAN_POINT('',(0.,16.,96.));
#2169 = DIRECTION('',(1.,0.,0.));
#2170 = DIRECTION('',(0.,-0.,1.));
#2171 = DEFINITIONAL_REPRESENTATION('',(#2172),#2182);
#2172 = B_SPLINE_CURVE_WITH_KNOTS('',8,(#2173,#2174,#2175,#2176,#2177,
    #2178,#2179,#2180,#2181),.UNSPECIFIED.,.F.,.F.,(9,9),(1.570796326795
    ,3.14159265359),.PIECEWISE_BEZIER_KNOTS.);
#2173 = CARTESIAN_POINT('',(0.,16.));
#2174 = CARTESIAN_POINT('',(0.196349540849,12.85840734641));
#2175 = CARTESIAN_POINT('',(0.392699081698,9.716813946909));
#2176 = CARTESIAN_POINT('',(0.589048622548,6.759787820605));
#2177 = CARTESIAN_POINT('',(0.785398163395,4.171859990765));
#2178 = CARTESIAN_POINT('',(0.981747704247,2.114911258554));
#2179 = CARTESIAN_POINT('',(1.178097245096,0.704972415781));
#2180 = CARTESIAN_POINT('',(1.374446785946,-3.167979540056E-15));
#2181 = CARTESIAN_POINT('',(1.570796326795,-3.552713678801E-15));
#2182 = ( GEOMETRIC_REPRESENTATION_CONTEXT(2) 
PARAMETRIC_REPRESENTATION_CONTEXT() REPRESENTATION_CONTEXT('2D SPACE',''
  ) );
#2183 = ORIENTED_EDGE('',*,*,#2184,.F.);
#2184 = EDGE_CURVE('',#57,#2144,#2185,.T.);
#2185 = SURFACE_CURVE('',#2186,(#2252,#2321),.PCURVE_S1.);
#2186 = B_SPLINE_CURVE_WITH_KNOTS('',8,(#2187,#2188,#2189,#2190,#2191,
    #2192,#2193,#2194,#2195,#2196,#2197,#2198,#2199,#2200,#2201,#2202,
    #2203,#2204,#2205,#2206,#2207,#2208,#2209,#2210,#2211,#2212,#2213,
    #2214,#2215,#2216,#2217,#2218,#2219,#2220,#2221,#2222,#2223,#2224,
    #2225,#2226,#2227,#2228,#2229,#2230,#2231,#2232,#2233,#2234,#2235,
    #2236,#2237,#2238,#2239,#2240,#2241,#2242,#2243,#2244,#2245,#2246,
    #2247,#2248,#2249,#2250,#2251),.UNSPECIFIED.,.F.,.F.,(9,7,7,7,7,7,7,
    7,7,9),(0.,7.087151836934E-04,1.246360967358E-03,1.955075289855E-03,
    2.590473515562E-03,3.592445421655E-03,0.177369533534,0.644086121841,
    0.782790554074,1.),.UNSPECIFIED.);
#2187 = CARTESIAN_POINT('',(-2.6645352591E-15,10.,96.));
#2188 = CARTESIAN_POINT('',(-3.066946900995E-15,9.998887864037,
    96.001406753116));
#2189 = CARTESIAN_POINT('',(1.413538752891E-07,9.997775728057,
    96.002813506219));
#2190 = CARTESIAN_POINT('',(4.240616320179E-07,9.996663592079,
    96.004220259315));
#2191 = CARTESIAN_POINT('',(8.481232725831E-07,9.995551456117,
    96.005627012406));
#2192 = CARTESIAN_POINT('',(1.413538808298E-06,9.994439320181,
    96.007033765494));
#2193 = CARTESIAN_POINT('',(2.120308256326E-06,9.993327184281,
    96.008440518576));
#2194 = CARTESIAN_POINT('',(2.968431639678E-06,9.992215048421,
    96.009847271648));
#2195 = CARTESIAN_POINT('',(4.70854667098E-06,9.990259223705,
    96.012321216245));
#2196 = CARTESIAN_POINT('',(5.540534251444E-06,9.989415534833,
    96.013388407779));
#2197 = CARTESIAN_POINT('',(6.453871741094E-06,9.988571845991,
    96.014455599303));
#2198 = CARTESIAN_POINT('',(7.44855915429E-06,9.987728157183,
    96.015522790818));
#2199 = CARTESIAN_POINT('',(8.524596507266E-06,9.986884468411,
    96.016589982322));
#2200 = CARTESIAN_POINT('',(9.681983818133E-06,9.986040779679,
    96.017657173814));
#2201 = CARTESIAN_POINT('',(1.092072110687E-05,9.98519709099,
    96.018724365293));
#2202 = CARTESIAN_POINT('',(1.398092204776E-05,9.983241268221,
    96.021198308005));
#2203 = CARTESIAN_POINT('',(1.586238949969E-05,9.982129134174,
    96.022605059227));
#2204 = CARTESIAN_POINT('',(1.788521080143E-05,9.981017000217,
    96.024011810423));
#2205 = CARTESIAN_POINT('',(2.004938600896E-05,9.979904866357,
    96.02541856159));
#2206 = CARTESIAN_POINT('',(2.235491518395E-05,9.978792732601,
    96.026825312727));
#2207 = CARTESIAN_POINT('',(2.480179839373E-05,9.977680598957,
    96.02823206383));
#2208 = CARTESIAN_POINT('',(2.739003571133E-05,9.976568465432,
    96.029638814898));
#2209 = CARTESIAN_POINT('',(3.256684401848E-05,9.974459248211,
    96.032306789358));
#2210 = CARTESIAN_POINT('',(3.512768172843E-05,9.973462164489,
    96.033568012758));
#2211 = CARTESIAN_POINT('',(3.780214040227E-05,9.972465080875,
    96.034829236125));
#2212 = CARTESIAN_POINT('',(4.059022010053E-05,9.971467997374,
    96.036090459459));
#2213 = CARTESIAN_POINT('',(4.349192088739E-05,9.970470913993,
    96.037351682757));
#2214 = CARTESIAN_POINT('',(4.650724283062E-05,9.969473830736,
    96.038612906019));
#2215 = CARTESIAN_POINT('',(4.963618600157E-05,9.968476747609,
    96.039874129242));
#2216 = CARTESIAN_POINT('',(5.799201389786E-05,9.965907344922,
    96.043124199963));
#2217 = CARTESIAN_POINT('',(6.338781661669E-05,9.964335025563,
    96.045113047401));
#2218 = CARTESIAN_POINT('',(6.906615892667E-05,9.962762706564,
    96.047101894732));
#2219 = CARTESIAN_POINT('',(7.502704114556E-05,9.961190387945,
    96.04909074195));
#2220 = CARTESIAN_POINT('',(8.127046361395E-05,9.95961806973,
    96.051079589049));
#2221 = CARTESIAN_POINT('',(8.779642669523E-05,9.958045751938,
    96.053068436022));
#2222 = CARTESIAN_POINT('',(9.46049307756E-05,9.956473434593,
    96.055057282864));
#2223 = CARTESIAN_POINT('',(1.331532091597E-03,9.682206197995,
    96.401981937228));
#2224 = CARTESIAN_POINT('',(1.105984662478E-02,9.409538281032,
    96.746897203643));
#2225 = CARTESIAN_POINT('',(2.928815707836E-02,9.136999142802,
    97.091773183471));
#2226 = CARTESIAN_POINT('',(5.603933263923E-02,8.8646965171,
    97.436583608211));
#2227 = CARTESIAN_POINT('',(9.135753514692E-02,8.592744917043,
    97.781295295881));
#2228 = CARTESIAN_POINT('',(0.135308160062,8.321266456559,98.12586876071
    ));
#2229 = CARTESIAN_POINT('',(0.187977777434,8.050391671894,
    98.470258822821));
#2230 = CARTESIAN_POINT('',(0.41463589893,7.054763250618,99.738722906046
    ));
#2231 = CARTESIAN_POINT('',(0.642518804559,6.33879483016,100.6560380181)
  );
#2232 = CARTESIAN_POINT('',(0.934719412346,5.631548409433,101.5697608433
    ));
#2233 = CARTESIAN_POINT('',(1.295392046962,4.933596423317,
    102.48192438359));
#2234 = CARTESIAN_POINT('',(1.730706455519,4.247799602692,
    103.39242788315));
#2235 = CARTESIAN_POINT('',(2.248368303475,3.580136965936,
    104.29850642006));
#2236 = CARTESIAN_POINT('',(2.857064286516,2.940620997966,
    105.19403805651));
#2237 = CARTESIAN_POINT('',(3.775965343514,2.168203962801,106.3288378071
    ));
#2238 = CARTESIAN_POINT('',(3.995591670518,1.994881220335,
    106.58736336186));
#2239 = CARTESIAN_POINT('',(4.224770755539,1.825485544711,106.8443731041
    ));
#2240 = CARTESIAN_POINT('',(4.46396686949,1.660398738109,107.09973159738
    ));
#2241 = CARTESIAN_POINT('',(4.713649963305,1.500105423069,
    107.35321814568));
#2242 = CARTESIAN_POINT('',(4.9742867671,1.345201153914,107.60452394828)
  );
#2243 = CARTESIAN_POINT('',(5.246331157524,1.196401714409,
    107.85325033507));
#2244 = CARTESIAN_POINT('',(5.974770531884,0.832421190359,
    108.48360511273));
#2245 = CARTESIAN_POINT('',(6.450825251902,0.626102927137,108.8629112365
    ));
#2246 = CARTESIAN_POINT('',(6.959440880696,0.439759243688,
    109.23380451628));
#2247 = CARTESIAN_POINT('',(7.501378433265,0.278152851528,
    109.59288689054));
#2248 = CARTESIAN_POINT('',(8.076987640839,0.146721176749,
    109.93642437736));
#2249 = CARTESIAN_POINT('',(8.686083767188,5.164778210553E-02,
    110.26037223794));
#2250 = CARTESIAN_POINT('',(9.327749399421,-1.895772534613E-15,
    110.56045821672));
#2251 = CARTESIAN_POINT('',(10.,-1.7763568394E-15,110.83239697419));
#2252 = PCURVE('',#72,#2253);
#2253 = DEFINITIONAL_REPRESENTATION('',(#2254),#2320);
#2254 = B_SPLINE_CURVE_WITH_KNOTS('',8,(#2255,#2256,#2257,#2258,#2259,
    #2260,#2261,#2262,#2263,#2264,#2265,#2266,#2267,#2268,#2269,#2270,
    #2271,#2272,#2273,#2274,#2275,#2276,#2277,#2278,#2279,#2280,#2281,
    #2282,#2283,#2284,#2285,#2286,#2287,#2288,#2289,#2290,#2291,#2292,
    #2293,#2294,#2295,#2296,#2297,#2298,#2299,#2300,#2301,#2302,#2303,
    #2304,#2305,#2306,#2307,#2308,#2309,#2310,#2311,#2312,#2313,#2314,
    #2315,#2316,#2317,#2318,#2319),.UNSPECIFIED.,.F.,.F.,(9,7,7,7,7,7,7,
    7,7,9),(0.,7.087151836934E-04,1.246360967358E-03,1.955075289855E-03,
    2.590473515562E-03,3.592445421655E-03,0.177369533534,0.644086121841,
    0.782790554074,1.),.UNSPECIFIED.);
#2255 = CARTESIAN_POINT('',(-1.570796326795,10.));
#2256 = CARTESIAN_POINT('',(-1.570708404725,9.998887864037));
#2257 = CARTESIAN_POINT('',(-1.570620482656,9.997775728057));
#2258 = CARTESIAN_POINT('',(-1.570532560587,9.996663592079));
#2259 = CARTESIAN_POINT('',(-1.570444638515,9.995551456117));
#2260 = CARTESIAN_POINT('',(-1.570356716441,9.994439320181));
#2261 = CARTESIAN_POINT('',(-1.570268794363,9.993327184281));
#2262 = CARTESIAN_POINT('',(-1.570180872281,9.992215048421));
#2263 = CARTESIAN_POINT('',(-1.570026250705,9.990259223705));
#2264 = CARTESIAN_POINT('',(-1.569959551214,9.989415534833));
#2265 = CARTESIAN_POINT('',(-1.56989285172,9.988571845991));
#2266 = CARTESIAN_POINT('',(-1.569826152221,9.987728157183));
#2267 = CARTESIAN_POINT('',(-1.569759452719,9.986884468411));
#2268 = CARTESIAN_POINT('',(-1.569692753212,9.986040779679));
#2269 = CARTESIAN_POINT('',(-1.5696260537,9.98519709099));
#2270 = CARTESIAN_POINT('',(-1.569471432162,9.983241268221));
#2271 = CARTESIAN_POINT('',(-1.569383510132,9.982129134174));
#2272 = CARTESIAN_POINT('',(-1.569295588092,9.981017000217));
#2273 = CARTESIAN_POINT('',(-1.569207666041,9.979904866357));
#2274 = CARTESIAN_POINT('',(-1.569119743978,9.978792732601));
#2275 = CARTESIAN_POINT('',(-1.569031821902,9.977680598957));
#2276 = CARTESIAN_POINT('',(-1.568943899812,9.976568465432));
#2277 = CARTESIAN_POINT('',(-1.568777151094,9.974459248211));
#2278 = CARTESIAN_POINT('',(-1.568698324469,9.973462164489));
#2279 = CARTESIAN_POINT('',(-1.568619497832,9.972465080875));
#2280 = CARTESIAN_POINT('',(-1.568540671182,9.971467997374));
#2281 = CARTESIAN_POINT('',(-1.568461844518,9.970470913993));
#2282 = CARTESIAN_POINT('',(-1.568383017839,9.969473830736));
#2283 = CARTESIAN_POINT('',(-1.568304191145,9.968476747609));
#2284 = CARTESIAN_POINT('',(-1.568101061054,9.965907344922));
#2285 = CARTESIAN_POINT('',(-1.567976757633,9.964335025563));
#2286 = CARTESIAN_POINT('',(-1.56785245417,9.962762706564));
#2287 = CARTESIAN_POINT('',(-1.567728150663,9.961190387945));
#2288 = CARTESIAN_POINT('',(-1.56760384711,9.95961806973));
#2289 = CARTESIAN_POINT('',(-1.567479543507,9.958045751938));
#2290 = CARTESIAN_POINT('',(-1.567355239852,9.956473434593));
#2291 = CARTESIAN_POINT('',(-1.545672311138,9.682206197995));
#2292 = CARTESIAN_POINT('',(-1.524113077434,9.409538281032));
#2293 = CARTESIAN_POINT('',(-1.502539134846,9.136999142802));
#2294 = CARTESIAN_POINT('',(-1.480936847347,8.8646965171));
#2295 = CARTESIAN_POINT('',(-1.459292822332,8.592744917043));
#2296 = CARTESIAN_POINT('',(-1.437593689879,8.321266456559));
#2297 = CARTESIAN_POINT('',(-1.415825882011,8.050391671894));
#2298 = CARTESIAN_POINT('',(-1.335291169133,7.054763250618));
#2299 = CARTESIAN_POINT('',(-1.276347604419,6.33879483016));
#2300 = CARTESIAN_POINT('',(-1.216609999348,5.631548409433));
#2301 = CARTESIAN_POINT('',(-1.155588211389,4.933596423317));
#2302 = CARTESIAN_POINT('',(-1.092834021947,4.247799602692));
#2303 = CARTESIAN_POINT('',(-1.027932511041,3.580136965936));
#2304 = CARTESIAN_POINT('',(-0.960493412138,2.940620997966));
#2305 = CARTESIAN_POINT('',(-0.86923164863,2.168203962801));
#2306 = CARTESIAN_POINT('',(-0.848036196442,1.994881220335));
#2307 = CARTESIAN_POINT('',(-0.826524718041,1.825485544711));
#2308 = CARTESIAN_POINT('',(-0.804669999155,1.660398738109));
#2309 = CARTESIAN_POINT('',(-0.782446652135,1.500105423069));
#2310 = CARTESIAN_POINT('',(-0.7598311131,1.345201153914));
#2311 = CARTESIAN_POINT('',(-0.736801612701,1.196401714409));
#2312 = CARTESIAN_POINT('',(-0.676594578363,0.832421190359));
#2313 = CARTESIAN_POINT('',(-0.638582857847,0.626102927137));
#2314 = CARTESIAN_POINT('',(-0.599300818119,0.439759243688));
#2315 = CARTESIAN_POINT('',(-0.55875371026,0.278152851528));
#2316 = CARTESIAN_POINT('',(-0.516955557217,0.146721176749));
#2317 = CARTESIAN_POINT('',(-0.473930650669,5.164778210553E-02));
#2318 = CARTESIAN_POINT('',(-0.429719900741,-1.895772534613E-15));
#2319 = CARTESIAN_POINT('',(-0.384396774496,-1.7763568394E-15));
#2320 = ( GEOMETRIC_REPRESENTATION_CONTEXT(2) 
PARAMETRIC_REPRESENTATION_CONTEXT() REPRESENTATION_CONTEXT('2D SPACE',''
  ) );
#2321 = PCURVE('',#100,#2322);
#2322 = DEFINITIONAL_REPRESENTATION('',(#2323),#2389);
#2323 = B_SPLINE_CURVE_WITH_KNOTS('',8,(#2324,#2325,#2326,#2327,#2328,
    #2329,#2330,#2331,#2332,#2333,#2334,#2335,#2336,#2337,#2338,#2339,
    #2340,#2341,#2342,#2343,#2344,#2345,#2346,#2347,#2348,#2349,#2350,
    #2351,#2352,#2353,#2354,#2355,#2356,#2357,#2358,#2359,#2360,#2361,
    #2362,#2363,#2364,#2365,#2366,#2367,#2368,#2369,#2370,#2371,#2372,
    #2373,#2374,#2375,#2376,#2377,#2378,#2379,#2380,#2381,#2382,#2383,
    #2384,#2385,#2386,#2387,#2388),.UNSPECIFIED.,.F.,.F.,(9,7,7,7,7,7,7,
    7,7,9),(0.,7.087151836934E-04,1.246360967358E-03,1.955075289855E-03,
    2.590473515562E-03,3.592445421655E-03,0.177369533534,0.644086121841,
    0.782790554074,1.),.UNSPECIFIED.);
#2324 = CARTESIAN_POINT('',(0.,96.));
#2325 = CARTESIAN_POINT('',(1.112135963231E-04,96.001406753116));
#2326 = CARTESIAN_POINT('',(2.224271942682E-04,96.002813506219));
#2327 = CARTESIAN_POINT('',(3.336407941861E-04,96.004220259315));
#2328 = CARTESIAN_POINT('',(4.448543967324E-04,96.005627012406));
#2329 = CARTESIAN_POINT('',(5.560680028672E-04,96.007033765494));
#2330 = CARTESIAN_POINT('',(6.672816138553E-04,96.008440518576));
#2331 = CARTESIAN_POINT('',(7.784952312661E-04,96.009847271648));
#2332 = CARTESIAN_POINT('',(9.740777802355E-04,96.012321216245));
#2333 = CARTESIAN_POINT('',(1.058446708069E-03,96.013388407779));
#2334 = CARTESIAN_POINT('',(1.142815641055E-03,96.014455599303));
#2335 = CARTESIAN_POINT('',(1.227184579776E-03,96.015522790818));
#2336 = CARTESIAN_POINT('',(1.311553524813E-03,96.016589982322));
#2337 = CARTESIAN_POINT('',(1.395922476748E-03,96.017657173814));
#2338 = CARTESIAN_POINT('',(1.480291436164E-03,96.018724365293));
#2339 = CARTESIAN_POINT('',(1.675873952499E-03,96.021198308005));
#2340 = CARTESIAN_POINT('',(1.78708751536E-03,96.022605059227));
#2341 = CARTESIAN_POINT('',(1.898301093544E-03,96.024011810423));
#2342 = CARTESIAN_POINT('',(2.009514688369E-03,96.02541856159));
#2343 = CARTESIAN_POINT('',(2.12072830116E-03,96.026825312727));
#2344 = CARTESIAN_POINT('',(2.231941933244E-03,96.02823206383));
#2345 = CARTESIAN_POINT('',(2.343155585952E-03,96.029638814898));
#2346 = CARTESIAN_POINT('',(2.554077943385E-03,96.032306789358));
#2347 = CARTESIAN_POINT('',(2.653786643804E-03,96.033568012758));
#2348 = CARTESIAN_POINT('',(2.753495362822E-03,96.034829236125));
#2349 = CARTESIAN_POINT('',(2.85320410139E-03,96.036090459459));
#2350 = CARTESIAN_POINT('',(2.952912860462E-03,96.037351682757));
#2351 = CARTESIAN_POINT('',(3.052621640998E-03,96.038612906019));
#2352 = CARTESIAN_POINT('',(3.152330443961E-03,96.039874129242));
#2353 = CARTESIAN_POINT('',(3.409272071351E-03,96.043124199963));
#2354 = CARTESIAN_POINT('',(3.566504930526E-03,96.045113047401));
#2355 = CARTESIAN_POINT('',(3.723737851591E-03,96.047101894732));
#2356 = CARTESIAN_POINT('',(3.880970838291E-03,96.04909074195));
#2357 = CARTESIAN_POINT('',(4.038203894373E-03,96.051079589049));
#2358 = CARTESIAN_POINT('',(4.195437023586E-03,96.053068436022));
#2359 = CARTESIAN_POINT('',(4.352670229673E-03,96.055057282864));
#2360 = CARTESIAN_POINT('',(3.177967281104E-02,96.401981937228));
#2361 = CARTESIAN_POINT('',(5.905057038762E-02,96.746897203643));
#2362 = CARTESIAN_POINT('',(8.634333168126E-02,97.091773183471));
#2363 = CARTESIAN_POINT('',(0.113678104129,97.436583608211));
#2364 = CARTESIAN_POINT('',(0.141074782926,97.781295295881));
#2365 = CARTESIAN_POINT('',(0.168553346778,98.12586876071));
#2366 = CARTESIAN_POINT('',(0.19613419366,98.470258822821));
#2367 = CARTESIAN_POINT('',(0.298244421223,99.738722906046));
#2368 = CARTESIAN_POINT('',(0.373113562088,100.6560380181));
#2369 = CARTESIAN_POINT('',(0.449187334258,101.5697608433));
#2370 = CARTESIAN_POINT('',(0.527164008154,102.48192438359));
#2371 = CARTESIAN_POINT('',(0.607712807928,103.39242788315));
#2372 = CARTESIAN_POINT('',(0.691507371225,104.29850642006));
#2373 = CARTESIAN_POINT('',(0.779252105022,105.19403805651));
#2374 = CARTESIAN_POINT('',(0.899294065551,106.3288378071));
#2375 = CARTESIAN_POINT('',(0.927258650862,106.58736336186));
#2376 = CARTESIAN_POINT('',(0.955733474192,106.8443731041));
#2377 = CARTESIAN_POINT('',(0.984765719545,107.09973159738));
#2378 = CARTESIAN_POINT('',(1.014402224394,107.35321814568));
#2379 = CARTESIAN_POINT('',(1.044689926896,107.60452394828));
#2380 = CARTESIAN_POINT('',(1.075676533994,107.85325033507));
#2381 = CARTESIAN_POINT('',(1.157107839031,108.48360511273));
#2382 = CARTESIAN_POINT('',(1.208914988862,108.8629112365));
#2383 = CARTESIAN_POINT('',(1.262929336852,109.23380451628));
#2384 = CARTESIAN_POINT('',(1.319258992665,109.59288689054));
#2385 = CARTESIAN_POINT('',(1.378032345698,109.93642437736));
#2386 = CARTESIAN_POINT('',(1.439404648467,110.26037223794));
#2387 = CARTESIAN_POINT('',(1.503571266737,110.56045821672));
#2388 = CARTESIAN_POINT('',(1.570796326795,110.83239697419));
#2389 = ( GEOMETRIC_REPRESENTATION_CONTEXT(2) 
PARAMETRIC_REPRESENTATION_CONTEXT() REPRESENTATION_CONTEXT('2D SPACE',''
  ) );
#2390 = ORIENTED_EDGE('',*,*,#56,.T.);
#2391 = ORIENTED_EDGE('',*,*,#1520,.T.);
#2392 = ORIENTED_EDGE('',*,*,#2393,.T.);
#2393 = EDGE_CURVE('',#1424,#2116,#2394,.T.);
#2394 = SURFACE_CURVE('',#2395,(#2400,#2413),.PCURVE_S1.);
#2395 = ELLIPSE('',#2396,22.62741699797,16.);
#2396 = AXIS2_PLACEMENT_3D('',#2397,#2398,#2399);
#2397 = CARTESIAN_POINT('',(16.,64.,96.));
#2398 = DIRECTION('',(0.707106781187,0.707106781187,0.));
#2399 = DIRECTION('',(0.707106781187,-0.707106781187,0.));
#2400 = PCURVE('',#72,#2401);
#2401 = DEFINITIONAL_REPRESENTATION('',(#2402),#2412);
#2402 = B_SPLINE_CURVE_WITH_KNOTS('',8,(#2403,#2404,#2405,#2406,#2407,
    #2408,#2409,#2410,#2411),.UNSPECIFIED.,.F.,.F.,(9,9),(3.14159265359,
    4.712388980385),.PIECEWISE_BEZIER_KNOTS.);
#2403 = CARTESIAN_POINT('',(-1.570796326795,80.));
#2404 = CARTESIAN_POINT('',(-1.374446785946,80.));
#2405 = CARTESIAN_POINT('',(-1.178097245096,79.295027584172));
#2406 = CARTESIAN_POINT('',(-0.981747704242,77.885088741546));
#2407 = CARTESIAN_POINT('',(-0.785398163399,75.828140008787));
#2408 = CARTESIAN_POINT('',(-0.589048622543,73.240212179371));
#2409 = CARTESIAN_POINT('',(-0.392699081699,70.283186053042));
#2410 = CARTESIAN_POINT('',(-0.196349540849,67.14159265359));
#2411 = CARTESIAN_POINT('',(-2.22044604925E-16,64.));
#2412 = ( GEOMETRIC_REPRESENTATION_CONTEXT(2) 
PARAMETRIC_REPRESENTATION_CONTEXT() REPRESENTATION_CONTEXT('2D SPACE',''
  ) );
#2413 = PCURVE('',#1485,#2414);
#2414 = DEFINITIONAL_REPRESENTATION('',(#2415),#2425);
#2415 = B_SPLINE_CURVE_WITH_KNOTS('',8,(#2416,#2417,#2418,#2419,#2420,
    #2421,#2422,#2423,#2424),.UNSPECIFIED.,.F.,.F.,(9,9),(3.14159265359,
    4.712388980385),.PIECEWISE_BEZIER_KNOTS.);
#2416 = CARTESIAN_POINT('',(0.,-3.552713678801E-15));
#2417 = CARTESIAN_POINT('',(0.196349540849,-3.937447817545E-15));
#2418 = CARTESIAN_POINT('',(0.392699081699,0.704972415786));
#2419 = CARTESIAN_POINT('',(0.589048622547,2.114911258552));
#2420 = CARTESIAN_POINT('',(0.785398163396,4.171859990794));
#2421 = CARTESIAN_POINT('',(0.981747704246,6.759787820592));
#2422 = CARTESIAN_POINT('',(1.178097245096,9.716813946914));
#2423 = CARTESIAN_POINT('',(1.374446785946,12.85840734641));
#2424 = CARTESIAN_POINT('',(1.570796326795,16.));
#2425 = ( GEOMETRIC_REPRESENTATION_CONTEXT(2) 
PARAMETRIC_REPRESENTATION_CONTEXT() REPRESENTATION_CONTEXT('2D SPACE',''
  ) );
#2426 = ADVANCED_FACE('',(#2427),#100,.T.);
#2427 = FACE_BOUND('',#2428,.T.);
#2428 = EDGE_LOOP('',(#2429,#2430,#2431,#2454,#2544));
#2429 = ORIENTED_EDGE('',*,*,#84,.F.);
#2430 = ORIENTED_EDGE('',*,*,#1722,.T.);
#2431 = ORIENTED_EDGE('',*,*,#2432,.T.);
#2432 = EDGE_CURVE('',#1723,#2433,#2435,.T.);
#2433 = VERTEX_POINT('',#2434);
#2434 = CARTESIAN_POINT('',(10.,-2.6645352591E-15,96.));
#2435 = SURFACE_CURVE('',#2436,(#2440,#2447),.PCURVE_S1.);
#2436 = LINE('',#2437,#2438);
#2437 = CARTESIAN_POINT('',(10.,-1.7763568394E-15,0.));
#2438 = VECTOR('',#2439,1.);
#2439 = DIRECTION('',(0.,0.,1.));
#2440 = PCURVE('',#100,#2441);
#2441 = DEFINITIONAL_REPRESENTATION('',(#2442),#2446);
#2442 = LINE('',#2443,#2444);
#2443 = CARTESIAN_POINT('',(1.570796326795,0.));
#2444 = VECTOR('',#2445,1.);
#2445 = DIRECTION('',(0.,1.));
#2446 = ( GEOMETRIC_REPRESENTATION_CONTEXT(2) 
PARAMETRIC_REPRESENTATION_CONTEXT() REPRESENTATION_CONTEXT('2D SPACE',''
  ) );
#2447 = PCURVE('',#1762,#2448);
#2448 = DEFINITIONAL_REPRESENTATION('',(#2449),#2453);
#2449 = LINE('',#2450,#2451);
#2450 = CARTESIAN_POINT('',(0.,10.));
#2451 = VECTOR('',#2452,1.);
#2452 = DIRECTION('',(1.,0.));
#2453 = ( GEOMETRIC_REPRESENTATION_CONTEXT(2) 
PARAMETRIC_REPRESENTATION_CONTEXT() REPRESENTATION_CONTEXT('2D SPACE',''
  ) );
#2454 = ORIENTED_EDGE('',*,*,#2455,.F.);
#2455 = EDGE_CURVE('',#2144,#2433,#2456,.T.);
#2456 = SURFACE_CURVE('',#2457,(#2484,#2514),.PCURVE_S1.);
#2457 = B_SPLINE_CURVE_WITH_KNOTS('',7,(#2458,#2459,#2460,#2461,#2462,
    #2463,#2464,#2465,#2466,#2467,#2468,#2469,#2470,#2471,#2472,#2473,
    #2474,#2475,#2476,#2477,#2478,#2479,#2480,#2481,#2482,#2483),
  .UNSPECIFIED.,.F.,.F.,(8,6,6,6,8),(0.,0.151643031477,0.288849716982,
    0.615228504923,1.),.UNSPECIFIED.);
#2458 = CARTESIAN_POINT('',(-1.7763568394E-15,10.,110.83239697419));
#2459 = CARTESIAN_POINT('',(-1.871361800197E-15,9.465169617445,
    110.61604743197));
#2460 = CARTESIAN_POINT('',(3.337149176485E-02,8.948834938298,
    110.38099854173));
#2461 = CARTESIAN_POINT('',(9.596132835255E-02,8.452594729855,
    110.12955429641));
#2462 = CARTESIAN_POINT('',(0.183929178811,7.977596550075,
    109.86417507172));
#2463 = CARTESIAN_POINT('',(0.293665597615,7.524634566683,
    109.58740240321));
#2464 = CARTESIAN_POINT('',(0.421739973791,7.094219560841,109.3018175121
    ));
#2465 = CARTESIAN_POINT('',(0.694390037969,6.317825852084,
    108.74602734224));
#2466 = CARTESIAN_POINT('',(0.836701685318,5.966377582876,
    108.47599226135));
#2467 = CARTESIAN_POINT('',(0.989926054498,5.631643530464,
    108.20102701502));
#2468 = CARTESIAN_POINT('',(1.152513944242,5.31288430806,107.92202045926
    ));
#2469 = CARTESIAN_POINT('',(1.32321657724,5.009295576652,107.63964573262
    ));
#2470 = CARTESIAN_POINT('',(1.501056053194,4.720044024632,
    107.35436204606));
#2471 = CARTESIAN_POINT('',(2.123581218817,3.788369274357,
    106.38149529809));
#2472 = CARTESIAN_POINT('',(2.599453945062,3.206859979286,105.6794609039
    ));
#2473 = CARTESIAN_POINT('',(3.100762716262,2.693530478501,104.9678836193
    ));
#2474 = CARTESIAN_POINT('',(3.619813835643,2.241738804506,
    104.25128187774));
#2475 = CARTESIAN_POINT('',(4.152168086954,1.845306498561,
    103.53140563193));
#2476 = CARTESIAN_POINT('',(4.695987717536,1.499070702929,
    102.80775373168));
#2477 = CARTESIAN_POINT('',(5.906260228822,0.846043089365,
    101.21753829933));
#2478 = CARTESIAN_POINT('',(6.57491994595,0.558646085405,100.35162613214
    ));
#2479 = CARTESIAN_POINT('',(7.25239483312,0.333097082356,99.483074649707
    ));
#2480 = CARTESIAN_POINT('',(7.935424081277,0.166125851472,
    98.613405924998));
#2481 = CARTESIAN_POINT('',(8.621938190199,5.545902372551E-02,
    97.74312793111));
#2482 = CARTESIAN_POINT('',(9.310534992026,-8.655550985472E-08,
    96.872111250351));
#2483 = CARTESIAN_POINT('',(10.,-2.6645352591E-15,96.));
#2484 = PCURVE('',#100,#2485);
#2485 = DEFINITIONAL_REPRESENTATION('',(#2486),#2513);
#2486 = B_SPLINE_CURVE_WITH_KNOTS('',7,(#2487,#2488,#2489,#2490,#2491,
    #2492,#2493,#2494,#2495,#2496,#2497,#2498,#2499,#2500,#2501,#2502,
    #2503,#2504,#2505,#2506,#2507,#2508,#2509,#2510,#2511,#2512),
  .UNSPECIFIED.,.F.,.F.,(8,6,6,6,8),(0.,0.151643031477,0.288849716982,
    0.615228504923,1.),.UNSPECIFIED.);
#2487 = CARTESIAN_POINT('',(0.,110.83239697419));
#2488 = CARTESIAN_POINT('',(5.348303825546E-02,110.61604743197));
#2489 = CARTESIAN_POINT('',(0.105116557382,110.38099854173));
#2490 = CARTESIAN_POINT('',(0.154990261783,110.12955429641));
#2491 = CARTESIAN_POINT('',(0.203162254182,109.86417507172));
#2492 = CARTESIAN_POINT('',(0.249667264258,109.58740240321));
#2493 = CARTESIAN_POINT('',(0.294521084072,109.3018175121));
#2494 = CARTESIAN_POINT('',(0.376808704556,108.74602734224));
#2495 = CARTESIAN_POINT('',(0.414683612092,108.47599226135));
#2496 = CARTESIAN_POINT('',(0.451440578663,108.20102701502));
#2497 = CARTESIAN_POINT('',(0.487168512945,107.92202045926));
#2498 = CARTESIAN_POINT('',(0.521954259175,107.63964573262));
#2499 = CARTESIAN_POINT('',(0.555884890435,107.35436204606));
#2500 = CARTESIAN_POINT('',(0.667936459908,106.38149529809));
#2501 = CARTESIAN_POINT('',(0.742725327144,105.6794609039));
#2502 = CARTESIAN_POINT('',(0.814059825363,104.9678836193));
#2503 = CARTESIAN_POINT('',(0.882493797834,104.25128187774));
#2504 = CARTESIAN_POINT('',(0.948580157634,103.53140563193));
#2505 = CARTESIAN_POINT('',(1.012880889162,102.80775373168));
#2506 = CARTESIAN_POINT('',(1.150401964479,101.21753829933));
#2507 = CARTESIAN_POINT('',(1.22289568395,100.35162613214));
#2508 = CARTESIAN_POINT('',(1.29390011793,99.483074649707));
#2509 = CARTESIAN_POINT('',(1.363804093531,98.613405924998));
#2510 = CARTESIAN_POINT('',(1.432989695558,97.74312793111));
#2511 = CARTESIAN_POINT('',(1.501849956005,96.872111250351));
#2512 = CARTESIAN_POINT('',(1.570796326795,96.));
#2513 = ( GEOMETRIC_REPRESENTATION_CONTEXT(2) 
PARAMETRIC_REPRESENTATION_CONTEXT() REPRESENTATION_CONTEXT('2D SPACE',''
  ) );
#2514 = PCURVE('',#2166,#2515);
#2515 = DEFINITIONAL_REPRESENTATION('',(#2516),#2543);
#2516 = B_SPLINE_CURVE_WITH_KNOTS('',7,(#2517,#2518,#2519,#2520,#2521,
    #2522,#2523,#2524,#2525,#2526,#2527,#2528,#2529,#2530,#2531,#2532,
    #2533,#2534,#2535,#2536,#2537,#2538,#2539,#2540,#2541,#2542),
  .UNSPECIFIED.,.F.,.F.,(8,6,6,6,8),(0.,0.151643031477,0.288849716982,
    0.615228504923,1.),.UNSPECIFIED.);
#2517 = CARTESIAN_POINT('',(0.384396774496,-1.7763568394E-15));
#2518 = CARTESIAN_POINT('',(0.420455031532,-1.871361800197E-15));
#2519 = CARTESIAN_POINT('',(0.455879920441,3.337149176485E-02));
#2520 = CARTESIAN_POINT('',(0.490601446807,9.596132835255E-02));
#2521 = CARTESIAN_POINT('',(0.524559769412,0.183929178811));
#2522 = CARTESIAN_POINT('',(0.557698864791,0.293665597615));
#2523 = CARTESIAN_POINT('',(0.589962422063,0.421739973791));
#2524 = CARTESIAN_POINT('',(0.64963895587,0.694390037969));
#2525 = CARTESIAN_POINT('',(0.677323692122,0.836701685318));
#2526 = CARTESIAN_POINT('',(0.704375576275,0.989926054498));
#2527 = CARTESIAN_POINT('',(0.730829210776,1.152513944242));
#2528 = CARTESIAN_POINT('',(0.756724327718,1.32321657724));
#2529 = CARTESIAN_POINT('',(0.782105708049,1.501056053194));
#2530 = CARTESIAN_POINT('',(0.866295030356,2.123581218817));
#2531 = CARTESIAN_POINT('',(0.923122086569,2.599453945062));
#2532 = CARTESIAN_POINT('',(0.977772788958,3.100762716262));
#2533 = CARTESIAN_POINT('',(1.030543885753,3.619813835643));
#2534 = CARTESIAN_POINT('',(1.081771360787,4.152168086954));
#2535 = CARTESIAN_POINT('',(1.131829587867,4.695987717536));
#2536 = CARTESIAN_POINT('',(1.239271981322,5.906260228822));
#2537 = CARTESIAN_POINT('',(1.296158077281,6.57491994595));
#2538 = CARTESIAN_POINT('',(1.352048994311,7.25239483312));
#2539 = CARTESIAN_POINT('',(1.407194135966,7.935424081277));
#2540 = CARTESIAN_POINT('',(1.461850712519,8.621938190199));
#2541 = CARTESIAN_POINT('',(1.516289407558,9.310534992026));
#2542 = CARTESIAN_POINT('',(1.570796326795,10.));
#2543 = ( GEOMETRIC_REPRESENTATION_CONTEXT(2) 
PARAMETRIC_REPRESENTATION_CONTEXT() REPRESENTATION_CONTEXT('2D SPACE',''
  ) );
#2544 = ORIENTED_EDGE('',*,*,#2184,.F.);
#2545 = ADVANCED_FACE('',(#2546),#161,.F.);
#2546 = FACE_BOUND('',#2547,.T.);
#2547 = EDGE_LOOP('',(#2548,#2549,#2572,#2599));
#2548 = ORIENTED_EDGE('',*,*,#140,.T.);
#2549 = ORIENTED_EDGE('',*,*,#2550,.T.);
#2550 = EDGE_CURVE('',#141,#2551,#2553,.T.);
#2551 = VERTEX_POINT('',#2552);
#2552 = CARTESIAN_POINT('',(0.8,59.3,43.));
#2553 = SEAM_CURVE('',#2554,(#2558,#2565),.PCURVE_S1.);
#2554 = LINE('',#2555,#2556);
#2555 = CARTESIAN_POINT('',(-1.,59.3,43.));
#2556 = VECTOR('',#2557,1.);
#2557 = DIRECTION('',(1.,0.,0.));
#2558 = PCURVE('',#161,#2559);
#2559 = DEFINITIONAL_REPRESENTATION('',(#2560),#2564);
#2560 = LINE('',#2561,#2562);
#2561 = CARTESIAN_POINT('',(-6.28318530718,0.));
#2562 = VECTOR('',#2563,1.);
#2563 = DIRECTION('',(-0.,-1.));
#2564 = ( GEOMETRIC_REPRESENTATION_CONTEXT(2) 
PARAMETRIC_REPRESENTATION_CONTEXT() REPRESENTATION_CONTEXT('2D SPACE',''
  ) );
#2565 = PCURVE('',#161,#2566);
#2566 = DEFINITIONAL_REPRESENTATION('',(#2567),#2571);
#2567 = LINE('',#2568,#2569);
#2568 = CARTESIAN_POINT('',(-0.,0.));
#2569 = VECTOR('',#2570,1.);
#2570 = DIRECTION('',(-0.,-1.));
#2571 = ( GEOMETRIC_REPRESENTATION_CONTEXT(2) 
PARAMETRIC_REPRESENTATION_CONTEXT() REPRESENTATION_CONTEXT('2D SPACE',''
  ) );
#2572 = ORIENTED_EDGE('',*,*,#2573,.T.);
#2573 = EDGE_CURVE('',#2551,#2551,#2574,.T.);
#2574 = SURFACE_CURVE('',#2575,(#2580,#2587),.PCURVE_S1.);
#2575 = CIRCLE('',#2576,1.3);
#2576 = AXIS2_PLACEMENT_3D('',#2577,#2578,#2579);
#2577 = CARTESIAN_POINT('',(0.8,58.,43.));
#2578 = DIRECTION('',(1.,0.,0.));
#2579 = DIRECTION('',(0.,1.,0.));
#2580 = PCURVE('',#161,#2581);
#2581 = DEFINITIONAL_REPRESENTATION('',(#2582),#2586);
#2582 = LINE('',#2583,#2584);
#2583 = CARTESIAN_POINT('',(-0.,-1.8));
#2584 = VECTOR('',#2585,1.);
#2585 = DIRECTION('',(-1.,0.));
#2586 = ( GEOMETRIC_REPRESENTATION_CONTEXT(2) 
PARAMETRIC_REPRESENTATION_CONTEXT() REPRESENTATION_CONTEXT('2D SPACE',''
  ) );
#2587 = PCURVE('',#2588,#2593);
#2588 = PLANE('',#2589);
#2589 = AXIS2_PLACEMENT_3D('',#2590,#2591,#2592);
#2590 = CARTESIAN_POINT('',(0.8,58.,43.));
#2591 = DIRECTION('',(1.,0.,0.));
#2592 = DIRECTION('',(-0.,0.,1.));
#2593 = DEFINITIONAL_REPRESENTATION('',(#2594),#2598);
#2594 = CIRCLE('',#2595,1.3);
#2595 = AXIS2_PLACEMENT_2D('',#2596,#2597);
#2596 = CARTESIAN_POINT('',(0.,0.));
#2597 = DIRECTION('',(0.,-1.));
#2598 = ( GEOMETRIC_REPRESENTATION_CONTEXT(2) 
PARAMETRIC_REPRESENTATION_CONTEXT() REPRESENTATION_CONTEXT('2D SPACE',''
  ) );
#2599 = ORIENTED_EDGE('',*,*,#2550,.F.);
#2600 = ADVANCED_FACE('',(#2601),#196,.F.);
#2601 = FACE_BOUND('',#2602,.T.);
#2602 = EDGE_LOOP('',(#2603,#2604,#2627,#2654));
#2603 = ORIENTED_EDGE('',*,*,#175,.T.);
#2604 = ORIENTED_EDGE('',*,*,#2605,.T.);
#2605 = EDGE_CURVE('',#176,#2606,#2608,.T.);
#2606 = VERTEX_POINT('',#2607);
#2607 = CARTESIAN_POINT('',(0.8,53.3,43.));
#2608 = SEAM_CURVE('',#2609,(#2613,#2620),.PCURVE_S1.);
#2609 = LINE('',#2610,#2611);
#2610 = CARTESIAN_POINT('',(-1.,53.3,43.));
#2611 = VECTOR('',#2612,1.);
#2612 = DIRECTION('',(1.,0.,0.));
#2613 = PCURVE('',#196,#2614);
#2614 = DEFINITIONAL_REPRESENTATION('',(#2615),#2619);
#2615 = LINE('',#2616,#2617);
#2616 = CARTESIAN_POINT('',(-6.28318530718,0.));
#2617 = VECTOR('',#2618,1.);
#2618 = DIRECTION('',(-0.,-1.));
#2619 = ( GEOMETRIC_REPRESENTATION_CONTEXT(2) 
PARAMETRIC_REPRESENTATION_CONTEXT() REPRESENTATION_CONTEXT('2D SPACE',''
  ) );
#2620 = PCURVE('',#196,#2621);
#2621 = DEFINITIONAL_REPRESENTATION('',(#2622),#2626);
#2622 = LINE('',#2623,#2624);
#2623 = CARTESIAN_POINT('',(-0.,0.));
#2624 = VECTOR('',#2625,1.);
#2625 = DIRECTION('',(-0.,-1.));
#2626 = ( GEOMETRIC_REPRESENTATION_CONTEXT(2) 
PARAMETRIC_REPRESENTATION_CONTEXT() REPRESENTATION_CONTEXT('2D SPACE',''
  ) );
#2627 = ORIENTED_EDGE('',*,*,#2628,.T.);
#2628 = EDGE_CURVE('',#2606,#2606,#2629,.T.);
#2629 = SURFACE_CURVE('',#2630,(#2635,#2642),.PCURVE_S1.);
#2630 = CIRCLE('',#2631,1.3);
#2631 = AXIS2_PLACEMENT_3D('',#2632,#2633,#2634);
#2632 = CARTESIAN_POINT('',(0.8,52.,43.));
#2633 = DIRECTION('',(1.,0.,0.));
#2634 = DIRECTION('',(0.,1.,0.));
#2635 = PCURVE('',#196,#2636);
#2636 = DEFINITIONAL_REPRESENTATION('',(#2637),#2641);
#2637 = LINE('',#2638,#2639);
#2638 = CARTESIAN_POINT('',(-0.,-1.8));
#2639 = VECTOR('',#2640,1.);
#2640 = DIRECTION('',(-1.,0.));
#2641 = ( GEOMETRIC_REPRESENTATION_CONTEXT(2) 
PARAMETRIC_REPRESENTATION_CONTEXT() REPRESENTATION_CONTEXT('2D SPACE',''
  ) );
#2642 = PCURVE('',#2643,#2648);
#2643 = PLANE('',#2644);
#2644 = AXIS2_PLACEMENT_3D('',#2645,#2646,#2647);
#2645 = CARTESIAN_POINT('',(0.8,52.,43.));
#2646 = DIRECTION('',(1.,0.,0.));
#2647 = DIRECTION('',(-0.,0.,1.));
#2648 = DEFINITIONAL_REPRESENTATION('',(#2649),#2653);
#2649 = CIRCLE('',#2650,1.3);
#2650 = AXIS2_PLACEMENT_2D('',#2651,#2652);
#2651 = CARTESIAN_POINT('',(0.,0.));
#2652 = DIRECTION('',(0.,-1.));
#2653 = ( GEOMETRIC_REPRESENTATION_CONTEXT(2) 
PARAMETRIC_REPRESENTATION_CONTEXT() REPRESENTATION_CONTEXT('2D SPACE',''
  ) );
#2654 = ORIENTED_EDGE('',*,*,#2605,.F.);
#2655 = ADVANCED_FACE('',(#2656),#231,.F.);
#2656 = FACE_BOUND('',#2657,.T.);
#2657 = EDGE_LOOP('',(#2658,#2659,#2682,#2709));
#2658 = ORIENTED_EDGE('',*,*,#210,.T.);
#2659 = ORIENTED_EDGE('',*,*,#2660,.T.);
#2660 = EDGE_CURVE('',#211,#2661,#2663,.T.);
#2661 = VERTEX_POINT('',#2662);
#2662 = CARTESIAN_POINT('',(0.8,59.3,49.));
#2663 = SEAM_CURVE('',#2664,(#2668,#2675),.PCURVE_S1.);
#2664 = LINE('',#2665,#2666);
#2665 = CARTESIAN_POINT('',(-1.,59.3,49.));
#2666 = VECTOR('',#2667,1.);
#2667 = DIRECTION('',(1.,0.,0.));
#2668 = PCURVE('',#231,#2669);
#2669 = DEFINITIONAL_REPRESENTATION('',(#2670),#2674);
#2670 = LINE('',#2671,#2672);
#2671 = CARTESIAN_POINT('',(-6.28318530718,0.));
#2672 = VECTOR('',#2673,1.);
#2673 = DIRECTION('',(-0.,-1.));
#2674 = ( GEOMETRIC_REPRESENTATION_CONTEXT(2) 
PARAMETRIC_REPRESENTATION_CONTEXT() REPRESENTATION_CONTEXT('2D SPACE',''
  ) );
#2675 = PCURVE('',#231,#2676);
#2676 = DEFINITIONAL_REPRESENTATION('',(#2677),#2681);
#2677 = LINE('',#2678,#2679);
#2678 = CARTESIAN_POINT('',(-0.,0.));
#2679 = VECTOR('',#2680,1.);
#2680 = DIRECTION('',(-0.,-1.));
#2681 = ( GEOMETRIC_REPRESENTATION_CONTEXT(2) 
PARAMETRIC_REPRESENTATION_CONTEXT() REPRESENTATION_CONTEXT('2D SPACE',''
  ) );
#2682 = ORIENTED_EDGE('',*,*,#2683,.T.);
#2683 = EDGE_CURVE('',#2661,#2661,#2684,.T.);
#2684 = SURFACE_CURVE('',#2685,(#2690,#2697),.PCURVE_S1.);
#2685 = CIRCLE('',#2686,1.3);
#2686 = AXIS2_PLACEMENT_3D('',#2687,#2688,#2689);
#2687 = CARTESIAN_POINT('',(0.8,58.,49.));
#2688 = DIRECTION('',(1.,0.,0.));
#2689 = DIRECTION('',(0.,1.,0.));
#2690 = PCURVE('',#231,#2691);
#2691 = DEFINITIONAL_REPRESENTATION('',(#2692),#2696);
#2692 = LINE('',#2693,#2694);
#2693 = CARTESIAN_POINT('',(-0.,-1.8));
#2694 = VECTOR('',#2695,1.);
#2695 = DIRECTION('',(-1.,0.));
#2696 = ( GEOMETRIC_REPRESENTATION_CONTEXT(2) 
PARAMETRIC_REPRESENTATION_CONTEXT() REPRESENTATION_CONTEXT('2D SPACE',''
  ) );
#2697 = PCURVE('',#2698,#2703);
#2698 = PLANE('',#2699);
#2699 = AXIS2_PLACEMENT_3D('',#2700,#2701,#2702);
#2700 = CARTESIAN_POINT('',(0.8,58.,49.));
#2701 = DIRECTION('',(1.,0.,0.));
#2702 = DIRECTION('',(-0.,0.,1.));
#2703 = DEFINITIONAL_REPRESENTATION('',(#2704),#2708);
#2704 = CIRCLE('',#2705,1.3);
#2705 = AXIS2_PLACEMENT_2D('',#2706,#2707);
#2706 = CARTESIAN_POINT('',(0.,0.));
#2707 = DIRECTION('',(0.,-1.));
#2708 = ( GEOMETRIC_REPRESENTATION_CONTEXT(2) 
PARAMETRIC_REPRESENTATION_CONTEXT() REPRESENTATION_CONTEXT('2D SPACE',''
  ) );
#2709 = ORIENTED_EDGE('',*,*,#2660,.F.);
#2710 = ADVANCED_FACE('',(#2711),#266,.F.);
#2711 = FACE_BOUND('',#2712,.T.);
#2712 = EDGE_LOOP('',(#2713,#2714,#2737,#2764));
#2713 = ORIENTED_EDGE('',*,*,#245,.T.);
#2714 = ORIENTED_EDGE('',*,*,#2715,.T.);
#2715 = EDGE_CURVE('',#246,#2716,#2718,.T.);
#2716 = VERTEX_POINT('',#2717);
#2717 = CARTESIAN_POINT('',(0.8,59.3,55.));
#2718 = SEAM_CURVE('',#2719,(#2723,#2730),.PCURVE_S1.);
#2719 = LINE('',#2720,#2721);
#2720 = CARTESIAN_POINT('',(-1.,59.3,55.));
#2721 = VECTOR('',#2722,1.);
#2722 = DIRECTION('',(1.,0.,0.));
#2723 = PCURVE('',#266,#2724);
#2724 = DEFINITIONAL_REPRESENTATION('',(#2725),#2729);
#2725 = LINE('',#2726,#2727);
#2726 = CARTESIAN_POINT('',(-6.28318530718,0.));
#2727 = VECTOR('',#2728,1.);
#2728 = DIRECTION('',(-0.,-1.));
#2729 = ( GEOMETRIC_REPRESENTATION_CONTEXT(2) 
PARAMETRIC_REPRESENTATION_CONTEXT() REPRESENTATION_CONTEXT('2D SPACE',''
  ) );
#2730 = PCURVE('',#266,#2731);
#2731 = DEFINITIONAL_REPRESENTATION('',(#2732),#2736);
#2732 = LINE('',#2733,#2734);
#2733 = CARTESIAN_POINT('',(-0.,0.));
#2734 = VECTOR('',#2735,1.);
#2735 = DIRECTION('',(-0.,-1.));
#2736 = ( GEOMETRIC_REPRESENTATION_CONTEXT(2) 
PARAMETRIC_REPRESENTATION_CONTEXT() REPRESENTATION_CONTEXT('2D SPACE',''
  ) );
#2737 = ORIENTED_EDGE('',*,*,#2738,.T.);
#2738 = EDGE_CURVE('',#2716,#2716,#2739,.T.);
#2739 = SURFACE_CURVE('',#2740,(#2745,#2752),.PCURVE_S1.);
#2740 = CIRCLE('',#2741,1.3);
#2741 = AXIS2_PLACEMENT_3D('',#2742,#2743,#2744);
#2742 = CARTESIAN_POINT('',(0.8,58.,55.));
#2743 = DIRECTION('',(1.,0.,0.));
#2744 = DIRECTION('',(0.,1.,0.));
#2745 = PCURVE('',#266,#2746);
#2746 = DEFINITIONAL_REPRESENTATION('',(#2747),#2751);
#2747 = LINE('',#2748,#2749);
#2748 = CARTESIAN_POINT('',(-0.,-1.8));
#2749 = VECTOR('',#2750,1.);
#2750 = DIRECTION('',(-1.,0.));
#2751 = ( GEOMETRIC_REPRESENTATION_CONTEXT(2) 
PARAMETRIC_REPRESENTATION_CONTEXT() REPRESENTATION_CONTEXT('2D SPACE',''
  ) );
#2752 = PCURVE('',#2753,#2758);
#2753 = PLANE('',#2754);
#2754 = AXIS2_PLACEMENT_3D('',#2755,#2756,#2757);
#2755 = CARTESIAN_POINT('',(0.8,58.,55.));
#2756 = DIRECTION('',(1.,0.,0.));
#2757 = DIRECTION('',(-0.,0.,1.));
#2758 = DEFINITIONAL_REPRESENTATION('',(#2759),#2763);
#2759 = CIRCLE('',#2760,1.3);
#2760 = AXIS2_PLACEMENT_2D('',#2761,#2762);
#2761 = CARTESIAN_POINT('',(0.,0.));
#2762 = DIRECTION('',(0.,-1.));
#2763 = ( GEOMETRIC_REPRESENTATION_CONTEXT(2) 
PARAMETRIC_REPRESENTATION_CONTEXT() REPRESENTATION_CONTEXT('2D SPACE',''
  ) );
#2764 = ORIENTED_EDGE('',*,*,#2715,.F.);
#2765 = ADVANCED_FACE('',(#2766),#301,.F.);
#2766 = FACE_BOUND('',#2767,.T.);
#2767 = EDGE_LOOP('',(#2768,#2769,#2792,#2819));
#2768 = ORIENTED_EDGE('',*,*,#280,.T.);
#2769 = ORIENTED_EDGE('',*,*,#2770,.T.);
#2770 = EDGE_CURVE('',#281,#2771,#2773,.T.);
#2771 = VERTEX_POINT('',#2772);
#2772 = CARTESIAN_POINT('',(0.8,53.3,49.));
#2773 = SEAM_CURVE('',#2774,(#2778,#2785),.PCURVE_S1.);
#2774 = LINE('',#2775,#2776);
#2775 = CARTESIAN_POINT('',(-1.,53.3,49.));
#2776 = VECTOR('',#2777,1.);
#2777 = DIRECTION('',(1.,0.,0.));
#2778 = PCURVE('',#301,#2779);
#2779 = DEFINITIONAL_REPRESENTATION('',(#2780),#2784);
#2780 = LINE('',#2781,#2782);
#2781 = CARTESIAN_POINT('',(-6.28318530718,0.));
#2782 = VECTOR('',#2783,1.);
#2783 = DIRECTION('',(-0.,-1.));
#2784 = ( GEOMETRIC_REPRESENTATION_CONTEXT(2) 
PARAMETRIC_REPRESENTATION_CONTEXT() REPRESENTATION_CONTEXT('2D SPACE',''
  ) );
#2785 = PCURVE('',#301,#2786);
#2786 = DEFINITIONAL_REPRESENTATION('',(#2787),#2791);
#2787 = LINE('',#2788,#2789);
#2788 = CARTESIAN_POINT('',(-0.,0.));
#2789 = VECTOR('',#2790,1.);
#2790 = DIRECTION('',(-0.,-1.));
#2791 = ( GEOMETRIC_REPRESENTATION_CONTEXT(2) 
PARAMETRIC_REPRESENTATION_CONTEXT() REPRESENTATION_CONTEXT('2D SPACE',''
  ) );
#2792 = ORIENTED_EDGE('',*,*,#2793,.T.);
#2793 = EDGE_CURVE('',#2771,#2771,#2794,.T.);
#2794 = SURFACE_CURVE('',#2795,(#2800,#2807),.PCURVE_S1.);
#2795 = CIRCLE('',#2796,1.3);
#2796 = AXIS2_PLACEMENT_3D('',#2797,#2798,#2799);
#2797 = CARTESIAN_POINT('',(0.8,52.,49.));
#2798 = DIRECTION('',(1.,0.,0.));
#2799 = DIRECTION('',(0.,1.,0.));
#2800 = PCURVE('',#301,#2801);
#2801 = DEFINITIONAL_REPRESENTATION('',(#2802),#2806);
#2802 = LINE('',#2803,#2804);
#2803 = CARTESIAN_POINT('',(-0.,-1.8));
#2804 = VECTOR('',#2805,1.);
#2805 = DIRECTION('',(-1.,0.));
#2806 = ( GEOMETRIC_REPRESENTATION_CONTEXT(2) 
PARAMETRIC_REPRESENTATION_CONTEXT() REPRESENTATION_CONTEXT('2D SPACE',''
  ) );
#2807 = PCURVE('',#2808,#2813);
#2808 = PLANE('',#2809);
#2809 = AXIS2_PLACEMENT_3D('',#2810,#2811,#2812);
#2810 = CARTESIAN_POINT('',(0.8,52.,49.));
#2811 = DIRECTION('',(1.,0.,0.));
#2812 = DIRECTION('',(-0.,0.,1.));
#2813 = DEFINITIONAL_REPRESENTATION('',(#2814),#2818);
#2814 = CIRCLE('',#2815,1.3);
#2815 = AXIS2_PLACEMENT_2D('',#2816,#2817);
#2816 = CARTESIAN_POINT('',(0.,0.));
#2817 = DIRECTION('',(0.,-1.));
#2818 = ( GEOMETRIC_REPRESENTATION_CONTEXT(2) 
PARAMETRIC_REPRESENTATION_CONTEXT() REPRESENTATION_CONTEXT('2D SPACE',''
  ) );
#2819 = ORIENTED_EDGE('',*,*,#2770,.F.);
#2820 = ADVANCED_FACE('',(#2821),#336,.F.);
#2821 = FACE_BOUND('',#2822,.T.);
#2822 = EDGE_LOOP('',(#2823,#2824,#2847,#2874));
#2823 = ORIENTED_EDGE('',*,*,#315,.T.);
#2824 = ORIENTED_EDGE('',*,*,#2825,.T.);
#2825 = EDGE_CURVE('',#316,#2826,#2828,.T.);
#2826 = VERTEX_POINT('',#2827);
#2827 = CARTESIAN_POINT('',(0.8,53.3,55.));
#2828 = SEAM_CURVE('',#2829,(#2833,#2840),.PCURVE_S1.);
#2829 = LINE('',#2830,#2831);
#2830 = CARTESIAN_POINT('',(-1.,53.3,55.));
#2831 = VECTOR('',#2832,1.);
#2832 = DIRECTION('',(1.,0.,0.));
#2833 = PCURVE('',#336,#2834);
#2834 = DEFINITIONAL_REPRESENTATION('',(#2835),#2839);
#2835 = LINE('',#2836,#2837);
#2836 = CARTESIAN_POINT('',(-6.28318530718,0.));
#2837 = VECTOR('',#2838,1.);
#2838 = DIRECTION('',(-0.,-1.));
#2839 = ( GEOMETRIC_REPRESENTATION_CONTEXT(2) 
PARAMETRIC_REPRESENTATION_CONTEXT() REPRESENTATION_CONTEXT('2D SPACE',''
  ) );
#2840 = PCURVE('',#336,#2841);
#2841 = DEFINITIONAL_REPRESENTATION('',(#2842),#2846);
#2842 = LINE('',#2843,#2844);
#2843 = CARTESIAN_POINT('',(-0.,0.));
#2844 = VECTOR('',#2845,1.);
#2845 = DIRECTION('',(-0.,-1.));
#2846 = ( GEOMETRIC_REPRESENTATION_CONTEXT(2) 
PARAMETRIC_REPRESENTATION_CONTEXT() REPRESENTATION_CONTEXT('2D SPACE',''
  ) );
#2847 = ORIENTED_EDGE('',*,*,#2848,.T.);
#2848 = EDGE_CURVE('',#2826,#2826,#2849,.T.);
#2849 = SURFACE_CURVE('',#2850,(#2855,#2862),.PCURVE_S1.);
#2850 = CIRCLE('',#2851,1.3);
#2851 = AXIS2_PLACEMENT_3D('',#2852,#2853,#2854);
#2852 = CARTESIAN_POINT('',(0.8,52.,55.));
#2853 = DIRECTION('',(1.,0.,0.));
#2854 = DIRECTION('',(0.,1.,0.));
#2855 = PCURVE('',#336,#2856);
#2856 = DEFINITIONAL_REPRESENTATION('',(#2857),#2861);
#2857 = LINE('',#2858,#2859);
#2858 = CARTESIAN_POINT('',(-0.,-1.8));
#2859 = VECTOR('',#2860,1.);
#2860 = DIRECTION('',(-1.,0.));
#2861 = ( GEOMETRIC_REPRESENTATION_CONTEXT(2) 
PARAMETRIC_REPRESENTATION_CONTEXT() REPRESENTATION_CONTEXT('2D SPACE',''
  ) );
#2862 = PCURVE('',#2863,#2868);
#2863 = PLANE('',#2864);
#2864 = AXIS2_PLACEMENT_3D('',#2865,#2866,#2867);
#2865 = CARTESIAN_POINT('',(0.8,52.,55.));
#2866 = DIRECTION('',(1.,0.,0.));
#2867 = DIRECTION('',(-0.,0.,1.));
#2868 = DEFINITIONAL_REPRESENTATION('',(#2869),#2873);
#2869 = CIRCLE('',#2870,1.3);
#2870 = AXIS2_PLACEMENT_2D('',#2871,#2872);
#2871 = CARTESIAN_POINT('',(0.,0.));
#2872 = DIRECTION('',(0.,-1.));
#2873 = ( GEOMETRIC_REPRESENTATION_CONTEXT(2) 
PARAMETRIC_REPRESENTATION_CONTEXT() REPRESENTATION_CONTEXT('2D SPACE',''
  ) );
#2874 = ORIENTED_EDGE('',*,*,#2825,.F.);
#2875 = ADVANCED_FACE('',(#2876),#371,.F.);
#2876 = FACE_BOUND('',#2877,.T.);
#2877 = EDGE_LOOP('',(#2878,#2879,#2902,#2929));
#2878 = ORIENTED_EDGE('',*,*,#350,.T.);
#2879 = ORIENTED_EDGE('',*,*,#2880,.T.);
#2880 = EDGE_CURVE('',#351,#2881,#2883,.T.);
#2881 = VERTEX_POINT('',#2882);
#2882 = CARTESIAN_POINT('',(0.8,47.3,43.));
#2883 = SEAM_CURVE('',#2884,(#2888,#2895),.PCURVE_S1.);
#2884 = LINE('',#2885,#2886);
#2885 = CARTESIAN_POINT('',(-1.,47.3,43.));
#2886 = VECTOR('',#2887,1.);
#2887 = DIRECTION('',(1.,0.,0.));
#2888 = PCURVE('',#371,#2889);
#2889 = DEFINITIONAL_REPRESENTATION('',(#2890),#2894);
#2890 = LINE('',#2891,#2892);
#2891 = CARTESIAN_POINT('',(-6.28318530718,0.));
#2892 = VECTOR('',#2893,1.);
#2893 = DIRECTION('',(-0.,-1.));
#2894 = ( GEOMETRIC_REPRESENTATION_CONTEXT(2) 
PARAMETRIC_REPRESENTATION_CONTEXT() REPRESENTATION_CONTEXT('2D SPACE',''
  ) );
#2895 = PCURVE('',#371,#2896);
#2896 = DEFINITIONAL_REPRESENTATION('',(#2897),#2901);
#2897 = LINE('',#2898,#2899);
#2898 = CARTESIAN_POINT('',(-0.,0.));
#2899 = VECTOR('',#2900,1.);
#2900 = DIRECTION('',(-0.,-1.));
#2901 = ( GEOMETRIC_REPRESENTATION_CONTEXT(2) 
PARAMETRIC_REPRESENTATION_CONTEXT() REPRESENTATION_CONTEXT('2D SPACE',''
  ) );
#2902 = ORIENTED_EDGE('',*,*,#2903,.T.);
#2903 = EDGE_CURVE('',#2881,#2881,#2904,.T.);
#2904 = SURFACE_CURVE('',#2905,(#2910,#2917),.PCURVE_S1.);
#2905 = CIRCLE('',#2906,1.3);
#2906 = AXIS2_PLACEMENT_3D('',#2907,#2908,#2909);
#2907 = CARTESIAN_POINT('',(0.8,46.,43.));
#2908 = DIRECTION('',(1.,0.,0.));
#2909 = DIRECTION('',(0.,1.,0.));
#2910 = PCURVE('',#371,#2911);
#2911 = DEFINITIONAL_REPRESENTATION('',(#2912),#2916);
#2912 = LINE('',#2913,#2914);
#2913 = CARTESIAN_POINT('',(-0.,-1.8));
#2914 = VECTOR('',#2915,1.);
#2915 = DIRECTION('',(-1.,0.));
#2916 = ( GEOMETRIC_REPRESENTATION_CONTEXT(2) 
PARAMETRIC_REPRESENTATION_CONTEXT() REPRESENTATION_CONTEXT('2D SPACE',''
  ) );
#2917 = PCURVE('',#2918,#2923);
#2918 = PLANE('',#2919);
#2919 = AXIS2_PLACEMENT_3D('',#2920,#2921,#2922);
#2920 = CARTESIAN_POINT('',(0.8,46.,43.));
#2921 = DIRECTION('',(1.,0.,0.));
#2922 = DIRECTION('',(-0.,0.,1.));
#2923 = DEFINITIONAL_REPRESENTATION('',(#2924),#2928);
#2924 = CIRCLE('',#2925,1.3);
#2925 = AXIS2_PLACEMENT_2D('',#2926,#2927);
#2926 = CARTESIAN_POINT('',(0.,0.));
#2927 = DIRECTION('',(0.,-1.));
#2928 = ( GEOMETRIC_REPRESENTATION_CONTEXT(2) 
PARAMETRIC_REPRESENTATION_CONTEXT() REPRESENTATION_CONTEXT('2D SPACE',''
  ) );
#2929 = ORIENTED_EDGE('',*,*,#2880,.F.);
#2930 = ADVANCED_FACE('',(#2931),#406,.F.);
#2931 = FACE_BOUND('',#2932,.T.);
#2932 = EDGE_LOOP('',(#2933,#2934,#2957,#2984));
#2933 = ORIENTED_EDGE('',*,*,#385,.T.);
#2934 = ORIENTED_EDGE('',*,*,#2935,.T.);
#2935 = EDGE_CURVE('',#386,#2936,#2938,.T.);
#2936 = VERTEX_POINT('',#2937);
#2937 = CARTESIAN_POINT('',(0.8,47.3,49.));
#2938 = SEAM_CURVE('',#2939,(#2943,#2950),.PCURVE_S1.);
#2939 = LINE('',#2940,#2941);
#2940 = CARTESIAN_POINT('',(-1.,47.3,49.));
#2941 = VECTOR('',#2942,1.);
#2942 = DIRECTION('',(1.,0.,0.));
#2943 = PCURVE('',#406,#2944);
#2944 = DEFINITIONAL_REPRESENTATION('',(#2945),#2949);
#2945 = LINE('',#2946,#2947);
#2946 = CARTESIAN_POINT('',(-6.28318530718,0.));
#2947 = VECTOR('',#2948,1.);
#2948 = DIRECTION('',(-0.,-1.));
#2949 = ( GEOMETRIC_REPRESENTATION_CONTEXT(2) 
PARAMETRIC_REPRESENTATION_CONTEXT() REPRESENTATION_CONTEXT('2D SPACE',''
  ) );
#2950 = PCURVE('',#406,#2951);
#2951 = DEFINITIONAL_REPRESENTATION('',(#2952),#2956);
#2952 = LINE('',#2953,#2954);
#2953 = CARTESIAN_POINT('',(-0.,0.));
#2954 = VECTOR('',#2955,1.);
#2955 = DIRECTION('',(-0.,-1.));
#2956 = ( GEOMETRIC_REPRESENTATION_CONTEXT(2) 
PARAMETRIC_REPRESENTATION_CONTEXT() REPRESENTATION_CONTEXT('2D SPACE',''
  ) );
#2957 = ORIENTED_EDGE('',*,*,#2958,.T.);
#2958 = EDGE_CURVE('',#2936,#2936,#2959,.T.);
#2959 = SURFACE_CURVE('',#2960,(#2965,#2972),.PCURVE_S1.);
#2960 = CIRCLE('',#2961,1.3);
#2961 = AXIS2_PLACEMENT_3D('',#2962,#2963,#2964);
#2962 = CARTESIAN_POINT('',(0.8,46.,49.));
#2963 = DIRECTION('',(1.,0.,0.));
#2964 = DIRECTION('',(0.,1.,0.));
#2965 = PCURVE('',#406,#2966);
#2966 = DEFINITIONAL_REPRESENTATION('',(#2967),#2971);
#2967 = LINE('',#2968,#2969);
#2968 = CARTESIAN_POINT('',(-0.,-1.8));
#2969 = VECTOR('',#2970,1.);
#2970 = DIRECTION('',(-1.,0.));
#2971 = ( GEOMETRIC_REPRESENTATION_CONTEXT(2) 
PARAMETRIC_REPRESENTATION_CONTEXT() REPRESENTATION_CONTEXT('2D SPACE',''
  ) );
#2972 = PCURVE('',#2973,#2978);
#2973 = PLANE('',#2974);
#2974 = AXIS2_PLACEMENT_3D('',#2975,#2976,#2977);
#2975 = CARTESIAN_POINT('',(0.8,46.,49.));
#2976 = DIRECTION('',(1.,0.,0.));
#2977 = DIRECTION('',(-0.,0.,1.));
#2978 = DEFINITIONAL_REPRESENTATION('',(#2979),#2983);
#2979 = CIRCLE('',#2980,1.3);
#2980 = AXIS2_PLACEMENT_2D('',#2981,#2982);
#2981 = CARTESIAN_POINT('',(0.,0.));
#2982 = DIRECTION('',(0.,-1.));
#2983 = ( GEOMETRIC_REPRESENTATION_CONTEXT(2) 
PARAMETRIC_REPRESENTATION_CONTEXT() REPRESENTATION_CONTEXT('2D SPACE',''
  ) );
#2984 = ORIENTED_EDGE('',*,*,#2935,.F.);
#2985 = ADVANCED_FACE('',(#2986),#441,.F.);
#2986 = FACE_BOUND('',#2987,.T.);
#2987 = EDGE_LOOP('',(#2988,#2989,#3012,#3039));
#2988 = ORIENTED_EDGE('',*,*,#420,.T.);
#2989 = ORIENTED_EDGE('',*,*,#2990,.T.);
#2990 = EDGE_CURVE('',#421,#2991,#2993,.T.);
#2991 = VERTEX_POINT('',#2992);
#2992 = CARTESIAN_POINT('',(0.8,47.3,55.));
#2993 = SEAM_CURVE('',#2994,(#2998,#3005),.PCURVE_S1.);
#2994 = LINE('',#2995,#2996);
#2995 = CARTESIAN_POINT('',(-1.,47.3,55.));
#2996 = VECTOR('',#2997,1.);
#2997 = DIRECTION('',(1.,0.,0.));
#2998 = PCURVE('',#441,#2999);
#2999 = DEFINITIONAL_REPRESENTATION('',(#3000),#3004);
#3000 = LINE('',#3001,#3002);
#3001 = CARTESIAN_POINT('',(-6.28318530718,0.));
#3002 = VECTOR('',#3003,1.);
#3003 = DIRECTION('',(-0.,-1.));
#3004 = ( GEOMETRIC_REPRESENTATION_CONTEXT(2) 
PARAMETRIC_REPRESENTATION_CONTEXT() REPRESENTATION_CONTEXT('2D SPACE',''
  ) );
#3005 = PCURVE('',#441,#3006);
#3006 = DEFINITIONAL_REPRESENTATION('',(#3007),#3011);
#3007 = LINE('',#3008,#3009);
#3008 = CARTESIAN_POINT('',(-0.,0.));
#3009 = VECTOR('',#3010,1.);
#3010 = DIRECTION('',(-0.,-1.));
#3011 = ( GEOMETRIC_REPRESENTATION_CONTEXT(2) 
PARAMETRIC_REPRESENTATION_CONTEXT() REPRESENTATION_CONTEXT('2D SPACE',''
  ) );
#3012 = ORIENTED_EDGE('',*,*,#3013,.T.);
#3013 = EDGE_CURVE('',#2991,#2991,#3014,.T.);
#3014 = SURFACE_CURVE('',#3015,(#3020,#3027),.PCURVE_S1.);
#3015 = CIRCLE('',#3016,1.3);
#3016 = AXIS2_PLACEMENT_3D('',#3017,#3018,#3019);
#3017 = CARTESIAN_POINT('',(0.8,46.,55.));
#3018 = DIRECTION('',(1.,0.,0.));
#3019 = DIRECTION('',(0.,1.,0.));
#3020 = PCURVE('',#441,#3021);
#3021 = DEFINITIONAL_REPRESENTATION('',(#3022),#3026);
#3022 = LINE('',#3023,#3024);
#3023 = CARTESIAN_POINT('',(-0.,-1.8));
#3024 = VECTOR('',#3025,1.);
#3025 = DIRECTION('',(-1.,0.));
#3026 = ( GEOMETRIC_REPRESENTATION_CONTEXT(2) 
PARAMETRIC_REPRESENTATION_CONTEXT() REPRESENTATION_CONTEXT('2D SPACE',''
  ) );
#3027 = PCURVE('',#3028,#3033);
#3028 = PLANE('',#3029);
#3029 = AXIS2_PLACEMENT_3D('',#3030,#3031,#3032);
#3030 = CARTESIAN_POINT('',(0.8,46.,55.));
#3031 = DIRECTION('',(1.,0.,0.));
#3032 = DIRECTION('',(-0.,0.,1.));
#3033 = DEFINITIONAL_REPRESENTATION('',(#3034),#3038);
#3034 = CIRCLE('',#3035,1.3);
#3035 = AXIS2_PLACEMENT_2D('',#3036,#3037);
#3036 = CARTESIAN_POINT('',(0.,0.));
#3037 = DIRECTION('',(0.,-1.));
#3038 = ( GEOMETRIC_REPRESENTATION_CONTEXT(2) 
PARAMETRIC_REPRESENTATION_CONTEXT() REPRESENTATION_CONTEXT('2D SPACE',''
  ) );
#3039 = ORIENTED_EDGE('',*,*,#2990,.F.);
#3040 = ADVANCED_FACE('',(#3041),#476,.F.);
#3041 = FACE_BOUND('',#3042,.T.);
#3042 = EDGE_LOOP('',(#3043,#3044,#3067,#3094));
#3043 = ORIENTED_EDGE('',*,*,#455,.T.);
#3044 = ORIENTED_EDGE('',*,*,#3045,.T.);
#3045 = EDGE_CURVE('',#456,#3046,#3048,.T.);
#3046 = VERTEX_POINT('',#3047);
#3047 = CARTESIAN_POINT('',(0.8,59.3,61.));
#3048 = SEAM_CURVE('',#3049,(#3053,#3060),.PCURVE_S1.);
#3049 = LINE('',#3050,#3051);
#3050 = CARTESIAN_POINT('',(-1.,59.3,61.));
#3051 = VECTOR('',#3052,1.);
#3052 = DIRECTION('',(1.,0.,0.));
#3053 = PCURVE('',#476,#3054);
#3054 = DEFINITIONAL_REPRESENTATION('',(#3055),#3059);
#3055 = LINE('',#3056,#3057);
#3056 = CARTESIAN_POINT('',(-6.28318530718,0.));
#3057 = VECTOR('',#3058,1.);
#3058 = DIRECTION('',(-0.,-1.));
#3059 = ( GEOMETRIC_REPRESENTATION_CONTEXT(2) 
PARAMETRIC_REPRESENTATION_CONTEXT() REPRESENTATION_CONTEXT('2D SPACE',''
  ) );
#3060 = PCURVE('',#476,#3061);
#3061 = DEFINITIONAL_REPRESENTATION('',(#3062),#3066);
#3062 = LINE('',#3063,#3064);
#3063 = CARTESIAN_POINT('',(-0.,0.));
#3064 = VECTOR('',#3065,1.);
#3065 = DIRECTION('',(-0.,-1.));
#3066 = ( GEOMETRIC_REPRESENTATION_CONTEXT(2) 
PARAMETRIC_REPRESENTATION_CONTEXT() REPRESENTATION_CONTEXT('2D SPACE',''
  ) );
#3067 = ORIENTED_EDGE('',*,*,#3068,.T.);
#3068 = EDGE_CURVE('',#3046,#3046,#3069,.T.);
#3069 = SURFACE_CURVE('',#3070,(#3075,#3082),.PCURVE_S1.);
#3070 = CIRCLE('',#3071,1.3);
#3071 = AXIS2_PLACEMENT_3D('',#3072,#3073,#3074);
#3072 = CARTESIAN_POINT('',(0.8,58.,61.));
#3073 = DIRECTION('',(1.,0.,0.));
#3074 = DIRECTION('',(0.,1.,0.));
#3075 = PCURVE('',#476,#3076);
#3076 = DEFINITIONAL_REPRESENTATION('',(#3077),#3081);
#3077 = LINE('',#3078,#3079);
#3078 = CARTESIAN_POINT('',(-0.,-1.8));
#3079 = VECTOR('',#3080,1.);
#3080 = DIRECTION('',(-1.,0.));
#3081 = ( GEOMETRIC_REPRESENTATION_CONTEXT(2) 
PARAMETRIC_REPRESENTATION_CONTEXT() REPRESENTATION_CONTEXT('2D SPACE',''
  ) );
#3082 = PCURVE('',#3083,#3088);
#3083 = PLANE('',#3084);
#3084 = AXIS2_PLACEMENT_3D('',#3085,#3086,#3087);
#3085 = CARTESIAN_POINT('',(0.8,58.,61.));
#3086 = DIRECTION('',(1.,0.,0.));
#3087 = DIRECTION('',(-0.,0.,1.));
#3088 = DEFINITIONAL_REPRESENTATION('',(#3089),#3093);
#3089 = CIRCLE('',#3090,1.3);
#3090 = AXIS2_PLACEMENT_2D('',#3091,#3092);
#3091 = CARTESIAN_POINT('',(0.,0.));
#3092 = DIRECTION('',(0.,-1.));
#3093 = ( GEOMETRIC_REPRESENTATION_CONTEXT(2) 
PARAMETRIC_REPRESENTATION_CONTEXT() REPRESENTATION_CONTEXT('2D SPACE',''
  ) );
#3094 = ORIENTED_EDGE('',*,*,#3045,.F.);
#3095 = ADVANCED_FACE('',(#3096),#511,.F.);
#3096 = FACE_BOUND('',#3097,.T.);
#3097 = EDGE_LOOP('',(#3098,#3099,#3122,#3149));
#3098 = ORIENTED_EDGE('',*,*,#490,.T.);
#3099 = ORIENTED_EDGE('',*,*,#3100,.T.);
#3100 = EDGE_CURVE('',#491,#3101,#3103,.T.);
#3101 = VERTEX_POINT('',#3102);
#3102 = CARTESIAN_POINT('',(0.8,53.3,61.));
#3103 = SEAM_CURVE('',#3104,(#3108,#3115),.PCURVE_S1.);
#3104 = LINE('',#3105,#3106);
#3105 = CARTESIAN_POINT('',(-1.,53.3,61.));
#3106 = VECTOR('',#3107,1.);
#3107 = DIRECTION('',(1.,0.,0.));
#3108 = PCURVE('',#511,#3109);
#3109 = DEFINITIONAL_REPRESENTATION('',(#3110),#3114);
#3110 = LINE('',#3111,#3112);
#3111 = CARTESIAN_POINT('',(-6.28318530718,0.));
#3112 = VECTOR('',#3113,1.);
#3113 = DIRECTION('',(-0.,-1.));
#3114 = ( GEOMETRIC_REPRESENTATION_CONTEXT(2) 
PARAMETRIC_REPRESENTATION_CONTEXT() REPRESENTATION_CONTEXT('2D SPACE',''
  ) );
#3115 = PCURVE('',#511,#3116);
#3116 = DEFINITIONAL_REPRESENTATION('',(#3117),#3121);
#3117 = LINE('',#3118,#3119);
#3118 = CARTESIAN_POINT('',(-0.,0.));
#3119 = VECTOR('',#3120,1.);
#3120 = DIRECTION('',(-0.,-1.));
#3121 = ( GEOMETRIC_REPRESENTATION_CONTEXT(2) 
PARAMETRIC_REPRESENTATION_CONTEXT() REPRESENTATION_CONTEXT('2D SPACE',''
  ) );
#3122 = ORIENTED_EDGE('',*,*,#3123,.T.);
#3123 = EDGE_CURVE('',#3101,#3101,#3124,.T.);
#3124 = SURFACE_CURVE('',#3125,(#3130,#3137),.PCURVE_S1.);
#3125 = CIRCLE('',#3126,1.3);
#3126 = AXIS2_PLACEMENT_3D('',#3127,#3128,#3129);
#3127 = CARTESIAN_POINT('',(0.8,52.,61.));
#3128 = DIRECTION('',(1.,0.,0.));
#3129 = DIRECTION('',(0.,1.,0.));
#3130 = PCURVE('',#511,#3131);
#3131 = DEFINITIONAL_REPRESENTATION('',(#3132),#3136);
#3132 = LINE('',#3133,#3134);
#3133 = CARTESIAN_POINT('',(-0.,-1.8));
#3134 = VECTOR('',#3135,1.);
#3135 = DIRECTION('',(-1.,0.));
#3136 = ( GEOMETRIC_REPRESENTATION_CONTEXT(2) 
PARAMETRIC_REPRESENTATION_CONTEXT() REPRESENTATION_CONTEXT('2D SPACE',''
  ) );
#3137 = PCURVE('',#3138,#3143);
#3138 = PLANE('',#3139);
#3139 = AXIS2_PLACEMENT_3D('',#3140,#3141,#3142);
#3140 = CARTESIAN_POINT('',(0.8,52.,61.));
#3141 = DIRECTION('',(1.,0.,0.));
#3142 = DIRECTION('',(-0.,0.,1.));
#3143 = DEFINITIONAL_REPRESENTATION('',(#3144),#3148);
#3144 = CIRCLE('',#3145,1.3);
#3145 = AXIS2_PLACEMENT_2D('',#3146,#3147);
#3146 = CARTESIAN_POINT('',(0.,0.));
#3147 = DIRECTION('',(0.,-1.));
#3148 = ( GEOMETRIC_REPRESENTATION_CONTEXT(2) 
PARAMETRIC_REPRESENTATION_CONTEXT() REPRESENTATION_CONTEXT('2D SPACE',''
  ) );
#3149 = ORIENTED_EDGE('',*,*,#3100,.F.);
#3150 = ADVANCED_FACE('',(#3151),#546,.F.);
#3151 = FACE_BOUND('',#3152,.T.);
#3152 = EDGE_LOOP('',(#3153,#3154,#3177,#3204));
#3153 = ORIENTED_EDGE('',*,*,#525,.T.);
#3154 = ORIENTED_EDGE('',*,*,#3155,.T.);
#3155 = EDGE_CURVE('',#526,#3156,#3158,.T.);
#3156 = VERTEX_POINT('',#3157);
#3157 = CARTESIAN_POINT('',(0.8,59.3,67.));
#3158 = SEAM_CURVE('',#3159,(#3163,#3170),.PCURVE_S1.);
#3159 = LINE('',#3160,#3161);
#3160 = CARTESIAN_POINT('',(-1.,59.3,67.));
#3161 = VECTOR('',#3162,1.);
#3162 = DIRECTION('',(1.,0.,0.));
#3163 = PCURVE('',#546,#3164);
#3164 = DEFINITIONAL_REPRESENTATION('',(#3165),#3169);
#3165 = LINE('',#3166,#3167);
#3166 = CARTESIAN_POINT('',(-6.28318530718,0.));
#3167 = VECTOR('',#3168,1.);
#3168 = DIRECTION('',(-0.,-1.));
#3169 = ( GEOMETRIC_REPRESENTATION_CONTEXT(2) 
PARAMETRIC_REPRESENTATION_CONTEXT() REPRESENTATION_CONTEXT('2D SPACE',''
  ) );
#3170 = PCURVE('',#546,#3171);
#3171 = DEFINITIONAL_REPRESENTATION('',(#3172),#3176);
#3172 = LINE('',#3173,#3174);
#3173 = CARTESIAN_POINT('',(-0.,0.));
#3174 = VECTOR('',#3175,1.);
#3175 = DIRECTION('',(-0.,-1.));
#3176 = ( GEOMETRIC_REPRESENTATION_CONTEXT(2) 
PARAMETRIC_REPRESENTATION_CONTEXT() REPRESENTATION_CONTEXT('2D SPACE',''
  ) );
#3177 = ORIENTED_EDGE('',*,*,#3178,.T.);
#3178 = EDGE_CURVE('',#3156,#3156,#3179,.T.);
#3179 = SURFACE_CURVE('',#3180,(#3185,#3192),.PCURVE_S1.);
#3180 = CIRCLE('',#3181,1.3);
#3181 = AXIS2_PLACEMENT_3D('',#3182,#3183,#3184);
#3182 = CARTESIAN_POINT('',(0.8,58.,67.));
#3183 = DIRECTION('',(1.,0.,0.));
#3184 = DIRECTION('',(0.,1.,0.));
#3185 = PCURVE('',#546,#3186);
#3186 = DEFINITIONAL_REPRESENTATION('',(#3187),#3191);
#3187 = LINE('',#3188,#3189);
#3188 = CARTESIAN_POINT('',(-0.,-1.8));
#3189 = VECTOR('',#3190,1.);
#3190 = DIRECTION('',(-1.,0.));
#3191 = ( GEOMETRIC_REPRESENTATION_CONTEXT(2) 
PARAMETRIC_REPRESENTATION_CONTEXT() REPRESENTATION_CONTEXT('2D SPACE',''
  ) );
#3192 = PCURVE('',#3193,#3198);
#3193 = PLANE('',#3194);
#3194 = AXIS2_PLACEMENT_3D('',#3195,#3196,#3197);
#3195 = CARTESIAN_POINT('',(0.8,58.,67.));
#3196 = DIRECTION('',(1.,0.,0.));
#3197 = DIRECTION('',(-0.,0.,1.));
#3198 = DEFINITIONAL_REPRESENTATION('',(#3199),#3203);
#3199 = CIRCLE('',#3200,1.3);
#3200 = AXIS2_PLACEMENT_2D('',#3201,#3202);
#3201 = CARTESIAN_POINT('',(0.,0.));
#3202 = DIRECTION('',(0.,-1.));
#3203 = ( GEOMETRIC_REPRESENTATION_CONTEXT(2) 
PARAMETRIC_REPRESENTATION_CONTEXT() REPRESENTATION_CONTEXT('2D SPACE',''
  ) );
#3204 = ORIENTED_EDGE('',*,*,#3155,.F.);
#3205 = ADVANCED_FACE('',(#3206),#581,.F.);
#3206 = FACE_BOUND('',#3207,.T.);
#3207 = EDGE_LOOP('',(#3208,#3209,#3232,#3259));
#3208 = ORIENTED_EDGE('',*,*,#560,.T.);
#3209 = ORIENTED_EDGE('',*,*,#3210,.T.);
#3210 = EDGE_CURVE('',#561,#3211,#3213,.T.);
#3211 = VERTEX_POINT('',#3212);
#3212 = CARTESIAN_POINT('',(0.8,53.3,67.));
#3213 = SEAM_CURVE('',#3214,(#3218,#3225),.PCURVE_S1.);
#3214 = LINE('',#3215,#3216);
#3215 = CARTESIAN_POINT('',(-1.,53.3,67.));
#3216 = VECTOR('',#3217,1.);
#3217 = DIRECTION('',(1.,0.,0.));
#3218 = PCURVE('',#581,#3219);
#3219 = DEFINITIONAL_REPRESENTATION('',(#3220),#3224);
#3220 = LINE('',#3221,#3222);
#3221 = CARTESIAN_POINT('',(-6.28318530718,0.));
#3222 = VECTOR('',#3223,1.);
#3223 = DIRECTION('',(-0.,-1.));
#3224 = ( GEOMETRIC_REPRESENTATION_CONTEXT(2) 
PARAMETRIC_REPRESENTATION_CONTEXT() REPRESENTATION_CONTEXT('2D SPACE',''
  ) );
#3225 = PCURVE('',#581,#3226);
#3226 = DEFINITIONAL_REPRESENTATION('',(#3227),#3231);
#3227 = LINE('',#3228,#3229);
#3228 = CARTESIAN_POINT('',(-0.,0.));
#3229 = VECTOR('',#3230,1.);
#3230 = DIRECTION('',(-0.,-1.));
#3231 = ( GEOMETRIC_REPRESENTATION_CONTEXT(2) 
PARAMETRIC_REPRESENTATION_CONTEXT() REPRESENTATION_CONTEXT('2D SPACE',''
  ) );
#3232 = ORIENTED_EDGE('',*,*,#3233,.T.);
#3233 = EDGE_CURVE('',#3211,#3211,#3234,.T.);
#3234 = SURFACE_CURVE('',#3235,(#3240,#3247),.PCURVE_S1.);
#3235 = CIRCLE('',#3236,1.3);
#3236 = AXIS2_PLACEMENT_3D('',#3237,#3238,#3239);
#3237 = CARTESIAN_POINT('',(0.8,52.,67.));
#3238 = DIRECTION('',(1.,0.,0.));
#3239 = DIRECTION('',(0.,1.,0.));
#3240 = PCURVE('',#581,#3241);
#3241 = DEFINITIONAL_REPRESENTATION('',(#3242),#3246);
#3242 = LINE('',#3243,#3244);
#3243 = CARTESIAN_POINT('',(-0.,-1.8));
#3244 = VECTOR('',#3245,1.);
#3245 = DIRECTION('',(-1.,0.));
#3246 = ( GEOMETRIC_REPRESENTATION_CONTEXT(2) 
PARAMETRIC_REPRESENTATION_CONTEXT() REPRESENTATION_CONTEXT('2D SPACE',''
  ) );
#3247 = PCURVE('',#3248,#3253);
#3248 = PLANE('',#3249);
#3249 = AXIS2_PLACEMENT_3D('',#3250,#3251,#3252);
#3250 = CARTESIAN_POINT('',(0.8,52.,67.));
#3251 = DIRECTION('',(1.,0.,0.));
#3252 = DIRECTION('',(-0.,0.,1.));
#3253 = DEFINITIONAL_REPRESENTATION('',(#3254),#3258);
#3254 = CIRCLE('',#3255,1.3);
#3255 = AXIS2_PLACEMENT_2D('',#3256,#3257);
#3256 = CARTESIAN_POINT('',(0.,0.));
#3257 = DIRECTION('',(0.,-1.));
#3258 = ( GEOMETRIC_REPRESENTATION_CONTEXT(2) 
PARAMETRIC_REPRESENTATION_CONTEXT() REPRESENTATION_CONTEXT('2D SPACE',''
  ) );
#3259 = ORIENTED_EDGE('',*,*,#3210,.F.);
#3260 = ADVANCED_FACE('',(#3261),#616,.F.);
#3261 = FACE_BOUND('',#3262,.T.);
#3262 = EDGE_LOOP('',(#3263,#3264,#3287,#3314));
#3263 = ORIENTED_EDGE('',*,*,#595,.T.);
#3264 = ORIENTED_EDGE('',*,*,#3265,.T.);
#3265 = EDGE_CURVE('',#596,#3266,#3268,.T.);
#3266 = VERTEX_POINT('',#3267);
#3267 = CARTESIAN_POINT('',(0.8,47.3,61.));
#3268 = SEAM_CURVE('',#3269,(#3273,#3280),.PCURVE_S1.);
#3269 = LINE('',#3270,#3271);
#3270 = CARTESIAN_POINT('',(-1.,47.3,61.));
#3271 = VECTOR('',#3272,1.);
#3272 = DIRECTION('',(1.,0.,0.));
#3273 = PCURVE('',#616,#3274);
#3274 = DEFINITIONAL_REPRESENTATION('',(#3275),#3279);
#3275 = LINE('',#3276,#3277);
#3276 = CARTESIAN_POINT('',(-6.28318530718,0.));
#3277 = VECTOR('',#3278,1.);
#3278 = DIRECTION('',(-0.,-1.));
#3279 = ( GEOMETRIC_REPRESENTATION_CONTEXT(2) 
PARAMETRIC_REPRESENTATION_CONTEXT() REPRESENTATION_CONTEXT('2D SPACE',''
  ) );
#3280 = PCURVE('',#616,#3281);
#3281 = DEFINITIONAL_REPRESENTATION('',(#3282),#3286);
#3282 = LINE('',#3283,#3284);
#3283 = CARTESIAN_POINT('',(-0.,0.));
#3284 = VECTOR('',#3285,1.);
#3285 = DIRECTION('',(-0.,-1.));
#3286 = ( GEOMETRIC_REPRESENTATION_CONTEXT(2) 
PARAMETRIC_REPRESENTATION_CONTEXT() REPRESENTATION_CONTEXT('2D SPACE',''
  ) );
#3287 = ORIENTED_EDGE('',*,*,#3288,.T.);
#3288 = EDGE_CURVE('',#3266,#3266,#3289,.T.);
#3289 = SURFACE_CURVE('',#3290,(#3295,#3302),.PCURVE_S1.);
#3290 = CIRCLE('',#3291,1.3);
#3291 = AXIS2_PLACEMENT_3D('',#3292,#3293,#3294);
#3292 = CARTESIAN_POINT('',(0.8,46.,61.));
#3293 = DIRECTION('',(1.,0.,0.));
#3294 = DIRECTION('',(0.,1.,0.));
#3295 = PCURVE('',#616,#3296);
#3296 = DEFINITIONAL_REPRESENTATION('',(#3297),#3301);
#3297 = LINE('',#3298,#3299);
#3298 = CARTESIAN_POINT('',(-0.,-1.8));
#3299 = VECTOR('',#3300,1.);
#3300 = DIRECTION('',(-1.,0.));
#3301 = ( GEOMETRIC_REPRESENTATION_CONTEXT(2) 
PARAMETRIC_REPRESENTATION_CONTEXT() REPRESENTATION_CONTEXT('2D SPACE',''
  ) );
#3302 = PCURVE('',#3303,#3308);
#3303 = PLANE('',#3304);
#3304 = AXIS2_PLACEMENT_3D('',#3305,#3306,#3307);
#3305 = CARTESIAN_POINT('',(0.8,46.,61.));
#3306 = DIRECTION('',(1.,0.,0.));
#3307 = DIRECTION('',(-0.,0.,1.));
#3308 = DEFINITIONAL_REPRESENTATION('',(#3309),#3313);
#3309 = CIRCLE('',#3310,1.3);
#3310 = AXIS2_PLACEMENT_2D('',#3311,#3312);
#3311 = CARTESIAN_POINT('',(0.,0.));
#3312 = DIRECTION('',(0.,-1.));
#3313 = ( GEOMETRIC_REPRESENTATION_CONTEXT(2) 
PARAMETRIC_REPRESENTATION_CONTEXT() REPRESENTATION_CONTEXT('2D SPACE',''
  ) );
#3314 = ORIENTED_EDGE('',*,*,#3265,.F.);
#3315 = ADVANCED_FACE('',(#3316),#651,.F.);
#3316 = FACE_BOUND('',#3317,.T.);
#3317 = EDGE_LOOP('',(#3318,#3319,#3342,#3369));
#3318 = ORIENTED_EDGE('',*,*,#630,.T.);
#3319 = ORIENTED_EDGE('',*,*,#3320,.T.);
#3320 = EDGE_CURVE('',#631,#3321,#3323,.T.);
#3321 = VERTEX_POINT('',#3322);
#3322 = CARTESIAN_POINT('',(0.8,47.3,67.));
#3323 = SEAM_CURVE('',#3324,(#3328,#3335),.PCURVE_S1.);
#3324 = LINE('',#3325,#3326);
#3325 = CARTESIAN_POINT('',(-1.,47.3,67.));
#3326 = VECTOR('',#3327,1.);
#3327 = DIRECTION('',(1.,0.,0.));
#3328 = PCURVE('',#651,#3329);
#3329 = DEFINITIONAL_REPRESENTATION('',(#3330),#3334);
#3330 = LINE('',#3331,#3332);
#3331 = CARTESIAN_POINT('',(-6.28318530718,0.));
#3332 = VECTOR('',#3333,1.);
#3333 = DIRECTION('',(-0.,-1.));
#3334 = ( GEOMETRIC_REPRESENTATION_CONTEXT(2) 
PARAMETRIC_REPRESENTATION_CONTEXT() REPRESENTATION_CONTEXT('2D SPACE',''
  ) );
#3335 = PCURVE('',#651,#3336);
#3336 = DEFINITIONAL_REPRESENTATION('',(#3337),#3341);
#3337 = LINE('',#3338,#3339);
#3338 = CARTESIAN_POINT('',(-0.,0.));
#3339 = VECTOR('',#3340,1.);
#3340 = DIRECTION('',(-0.,-1.));
#3341 = ( GEOMETRIC_REPRESENTATION_CONTEXT(2) 
PARAMETRIC_REPRESENTATION_CONTEXT() REPRESENTATION_CONTEXT('2D SPACE',''
  ) );
#3342 = ORIENTED_EDGE('',*,*,#3343,.T.);
#3343 = EDGE_CURVE('',#3321,#3321,#3344,.T.);
#3344 = SURFACE_CURVE('',#3345,(#3350,#3357),.PCURVE_S1.);
#3345 = CIRCLE('',#3346,1.3);
#3346 = AXIS2_PLACEMENT_3D('',#3347,#3348,#3349);
#3347 = CARTESIAN_POINT('',(0.8,46.,67.));
#3348 = DIRECTION('',(1.,0.,0.));
#3349 = DIRECTION('',(0.,1.,0.));
#3350 = PCURVE('',#651,#3351);
#3351 = DEFINITIONAL_REPRESENTATION('',(#3352),#3356);
#3352 = LINE('',#3353,#3354);
#3353 = CARTESIAN_POINT('',(-0.,-1.8));
#3354 = VECTOR('',#3355,1.);
#3355 = DIRECTION('',(-1.,0.));
#3356 = ( GEOMETRIC_REPRESENTATION_CONTEXT(2) 
PARAMETRIC_REPRESENTATION_CONTEXT() REPRESENTATION_CONTEXT('2D SPACE',''
  ) );
#3357 = PCURVE('',#3358,#3363);
#3358 = PLANE('',#3359);
#3359 = AXIS2_PLACEMENT_3D('',#3360,#3361,#3362);
#3360 = CARTESIAN_POINT('',(0.8,46.,67.));
#3361 = DIRECTION('',(1.,0.,0.));
#3362 = DIRECTION('',(-0.,0.,1.));
#3363 = DEFINITIONAL_REPRESENTATION('',(#3364),#3368);
#3364 = CIRCLE('',#3365,1.3);
#3365 = AXIS2_PLACEMENT_2D('',#3366,#3367);
#3366 = CARTESIAN_POINT('',(0.,0.));
#3367 = DIRECTION('',(0.,-1.));
#3368 = ( GEOMETRIC_REPRESENTATION_CONTEXT(2) 
PARAMETRIC_REPRESENTATION_CONTEXT() REPRESENTATION_CONTEXT('2D SPACE',''
  ) );
#3369 = ORIENTED_EDGE('',*,*,#3320,.F.);
#3370 = ADVANCED_FACE('',(#3371),#686,.F.);
#3371 = FACE_BOUND('',#3372,.T.);
#3372 = EDGE_LOOP('',(#3373,#3374,#3397,#3424));
#3373 = ORIENTED_EDGE('',*,*,#665,.T.);
#3374 = ORIENTED_EDGE('',*,*,#3375,.T.);
#3375 = EDGE_CURVE('',#666,#3376,#3378,.T.);
#3376 = VERTEX_POINT('',#3377);
#3377 = CARTESIAN_POINT('',(0.8,41.3,43.));
#3378 = SEAM_CURVE('',#3379,(#3383,#3390),.PCURVE_S1.);
#3379 = LINE('',#3380,#3381);
#3380 = CARTESIAN_POINT('',(-1.,41.3,43.));
#3381 = VECTOR('',#3382,1.);
#3382 = DIRECTION('',(1.,0.,0.));
#3383 = PCURVE('',#686,#3384);
#3384 = DEFINITIONAL_REPRESENTATION('',(#3385),#3389);
#3385 = LINE('',#3386,#3387);
#3386 = CARTESIAN_POINT('',(-6.28318530718,0.));
#3387 = VECTOR('',#3388,1.);
#3388 = DIRECTION('',(-0.,-1.));
#3389 = ( GEOMETRIC_REPRESENTATION_CONTEXT(2) 
PARAMETRIC_REPRESENTATION_CONTEXT() REPRESENTATION_CONTEXT('2D SPACE',''
  ) );
#3390 = PCURVE('',#686,#3391);
#3391 = DEFINITIONAL_REPRESENTATION('',(#3392),#3396);
#3392 = LINE('',#3393,#3394);
#3393 = CARTESIAN_POINT('',(-0.,0.));
#3394 = VECTOR('',#3395,1.);
#3395 = DIRECTION('',(-0.,-1.));
#3396 = ( GEOMETRIC_REPRESENTATION_CONTEXT(2) 
PARAMETRIC_REPRESENTATION_CONTEXT() REPRESENTATION_CONTEXT('2D SPACE',''
  ) );
#3397 = ORIENTED_EDGE('',*,*,#3398,.T.);
#3398 = EDGE_CURVE('',#3376,#3376,#3399,.T.);
#3399 = SURFACE_CURVE('',#3400,(#3405,#3412),.PCURVE_S1.);
#3400 = CIRCLE('',#3401,1.3);
#3401 = AXIS2_PLACEMENT_3D('',#3402,#3403,#3404);
#3402 = CARTESIAN_POINT('',(0.8,40.,43.));
#3403 = DIRECTION('',(1.,0.,0.));
#3404 = DIRECTION('',(0.,1.,0.));
#3405 = PCURVE('',#686,#3406);
#3406 = DEFINITIONAL_REPRESENTATION('',(#3407),#3411);
#3407 = LINE('',#3408,#3409);
#3408 = CARTESIAN_POINT('',(-0.,-1.8));
#3409 = VECTOR('',#3410,1.);
#3410 = DIRECTION('',(-1.,0.));
#3411 = ( GEOMETRIC_REPRESENTATION_CONTEXT(2) 
PARAMETRIC_REPRESENTATION_CONTEXT() REPRESENTATION_CONTEXT('2D SPACE',''
  ) );
#3412 = PCURVE('',#3413,#3418);
#3413 = PLANE('',#3414);
#3414 = AXIS2_PLACEMENT_3D('',#3415,#3416,#3417);
#3415 = CARTESIAN_POINT('',(0.8,40.,43.));
#3416 = DIRECTION('',(1.,0.,0.));
#3417 = DIRECTION('',(-0.,0.,1.));
#3418 = DEFINITIONAL_REPRESENTATION('',(#3419),#3423);
#3419 = CIRCLE('',#3420,1.3);
#3420 = AXIS2_PLACEMENT_2D('',#3421,#3422);
#3421 = CARTESIAN_POINT('',(0.,0.));
#3422 = DIRECTION('',(0.,-1.));
#3423 = ( GEOMETRIC_REPRESENTATION_CONTEXT(2) 
PARAMETRIC_REPRESENTATION_CONTEXT() REPRESENTATION_CONTEXT('2D SPACE',''
  ) );
#3424 = ORIENTED_EDGE('',*,*,#3375,.F.);
#3425 = ADVANCED_FACE('',(#3426),#721,.F.);
#3426 = FACE_BOUND('',#3427,.T.);
#3427 = EDGE_LOOP('',(#3428,#3429,#3452,#3479));
#3428 = ORIENTED_EDGE('',*,*,#700,.T.);
#3429 = ORIENTED_EDGE('',*,*,#3430,.T.);
#3430 = EDGE_CURVE('',#701,#3431,#3433,.T.);
#3431 = VERTEX_POINT('',#3432);
#3432 = CARTESIAN_POINT('',(0.8,35.3,43.));
#3433 = SEAM_CURVE('',#3434,(#3438,#3445),.PCURVE_S1.);
#3434 = LINE('',#3435,#3436);
#3435 = CARTESIAN_POINT('',(-1.,35.3,43.));
#3436 = VECTOR('',#3437,1.);
#3437 = DIRECTION('',(1.,0.,0.));
#3438 = PCURVE('',#721,#3439);
#3439 = DEFINITIONAL_REPRESENTATION('',(#3440),#3444);
#3440 = LINE('',#3441,#3442);
#3441 = CARTESIAN_POINT('',(-6.28318530718,0.));
#3442 = VECTOR('',#3443,1.);
#3443 = DIRECTION('',(-0.,-1.));
#3444 = ( GEOMETRIC_REPRESENTATION_CONTEXT(2) 
PARAMETRIC_REPRESENTATION_CONTEXT() REPRESENTATION_CONTEXT('2D SPACE',''
  ) );
#3445 = PCURVE('',#721,#3446);
#3446 = DEFINITIONAL_REPRESENTATION('',(#3447),#3451);
#3447 = LINE('',#3448,#3449);
#3448 = CARTESIAN_POINT('',(-0.,0.));
#3449 = VECTOR('',#3450,1.);
#3450 = DIRECTION('',(-0.,-1.));
#3451 = ( GEOMETRIC_REPRESENTATION_CONTEXT(2) 
PARAMETRIC_REPRESENTATION_CONTEXT() REPRESENTATION_CONTEXT('2D SPACE',''
  ) );
#3452 = ORIENTED_EDGE('',*,*,#3453,.T.);
#3453 = EDGE_CURVE('',#3431,#3431,#3454,.T.);
#3454 = SURFACE_CURVE('',#3455,(#3460,#3467),.PCURVE_S1.);
#3455 = CIRCLE('',#3456,1.3);
#3456 = AXIS2_PLACEMENT_3D('',#3457,#3458,#3459);
#3457 = CARTESIAN_POINT('',(0.8,34.,43.));
#3458 = DIRECTION('',(1.,0.,0.));
#3459 = DIRECTION('',(0.,1.,0.));
#3460 = PCURVE('',#721,#3461);
#3461 = DEFINITIONAL_REPRESENTATION('',(#3462),#3466);
#3462 = LINE('',#3463,#3464);
#3463 = CARTESIAN_POINT('',(-0.,-1.8));
#3464 = VECTOR('',#3465,1.);
#3465 = DIRECTION('',(-1.,0.));
#3466 = ( GEOMETRIC_REPRESENTATION_CONTEXT(2) 
PARAMETRIC_REPRESENTATION_CONTEXT() REPRESENTATION_CONTEXT('2D SPACE',''
  ) );
#3467 = PCURVE('',#3468,#3473);
#3468 = PLANE('',#3469);
#3469 = AXIS2_PLACEMENT_3D('',#3470,#3471,#3472);
#3470 = CARTESIAN_POINT('',(0.8,34.,43.));
#3471 = DIRECTION('',(1.,0.,0.));
#3472 = DIRECTION('',(-0.,0.,1.));
#3473 = DEFINITIONAL_REPRESENTATION('',(#3474),#3478);
#3474 = CIRCLE('',#3475,1.3);
#3475 = AXIS2_PLACEMENT_2D('',#3476,#3477);
#3476 = CARTESIAN_POINT('',(0.,0.));
#3477 = DIRECTION('',(0.,-1.));
#3478 = ( GEOMETRIC_REPRESENTATION_CONTEXT(2) 
PARAMETRIC_REPRESENTATION_CONTEXT() REPRESENTATION_CONTEXT('2D SPACE',''
  ) );
#3479 = ORIENTED_EDGE('',*,*,#3430,.F.);
#3480 = ADVANCED_FACE('',(#3481),#756,.F.);
#3481 = FACE_BOUND('',#3482,.T.);
#3482 = EDGE_LOOP('',(#3483,#3484,#3507,#3534));
#3483 = ORIENTED_EDGE('',*,*,#735,.T.);
#3484 = ORIENTED_EDGE('',*,*,#3485,.T.);
#3485 = EDGE_CURVE('',#736,#3486,#3488,.T.);
#3486 = VERTEX_POINT('',#3487);
#3487 = CARTESIAN_POINT('',(0.8,41.3,49.));
#3488 = SEAM_CURVE('',#3489,(#3493,#3500),.PCURVE_S1.);
#3489 = LINE('',#3490,#3491);
#3490 = CARTESIAN_POINT('',(-1.,41.3,49.));
#3491 = VECTOR('',#3492,1.);
#3492 = DIRECTION('',(1.,0.,0.));
#3493 = PCURVE('',#756,#3494);
#3494 = DEFINITIONAL_REPRESENTATION('',(#3495),#3499);
#3495 = LINE('',#3496,#3497);
#3496 = CARTESIAN_POINT('',(-6.28318530718,0.));
#3497 = VECTOR('',#3498,1.);
#3498 = DIRECTION('',(-0.,-1.));
#3499 = ( GEOMETRIC_REPRESENTATION_CONTEXT(2) 
PARAMETRIC_REPRESENTATION_CONTEXT() REPRESENTATION_CONTEXT('2D SPACE',''
  ) );
#3500 = PCURVE('',#756,#3501);
#3501 = DEFINITIONAL_REPRESENTATION('',(#3502),#3506);
#3502 = LINE('',#3503,#3504);
#3503 = CARTESIAN_POINT('',(-0.,0.));
#3504 = VECTOR('',#3505,1.);
#3505 = DIRECTION('',(-0.,-1.));
#3506 = ( GEOMETRIC_REPRESENTATION_CONTEXT(2) 
PARAMETRIC_REPRESENTATION_CONTEXT() REPRESENTATION_CONTEXT('2D SPACE',''
  ) );
#3507 = ORIENTED_EDGE('',*,*,#3508,.T.);
#3508 = EDGE_CURVE('',#3486,#3486,#3509,.T.);
#3509 = SURFACE_CURVE('',#3510,(#3515,#3522),.PCURVE_S1.);
#3510 = CIRCLE('',#3511,1.3);
#3511 = AXIS2_PLACEMENT_3D('',#3512,#3513,#3514);
#3512 = CARTESIAN_POINT('',(0.8,40.,49.));
#3513 = DIRECTION('',(1.,0.,0.));
#3514 = DIRECTION('',(0.,1.,0.));
#3515 = PCURVE('',#756,#3516);
#3516 = DEFINITIONAL_REPRESENTATION('',(#3517),#3521);
#3517 = LINE('',#3518,#3519);
#3518 = CARTESIAN_POINT('',(-0.,-1.8));
#3519 = VECTOR('',#3520,1.);
#3520 = DIRECTION('',(-1.,0.));
#3521 = ( GEOMETRIC_REPRESENTATION_CONTEXT(2) 
PARAMETRIC_REPRESENTATION_CONTEXT() REPRESENTATION_CONTEXT('2D SPACE',''
  ) );
#3522 = PCURVE('',#3523,#3528);
#3523 = PLANE('',#3524);
#3524 = AXIS2_PLACEMENT_3D('',#3525,#3526,#3527);
#3525 = CARTESIAN_POINT('',(0.8,40.,49.));
#3526 = DIRECTION('',(1.,0.,0.));
#3527 = DIRECTION('',(-0.,0.,1.));
#3528 = DEFINITIONAL_REPRESENTATION('',(#3529),#3533);
#3529 = CIRCLE('',#3530,1.3);
#3530 = AXIS2_PLACEMENT_2D('',#3531,#3532);
#3531 = CARTESIAN_POINT('',(0.,0.));
#3532 = DIRECTION('',(0.,-1.));
#3533 = ( GEOMETRIC_REPRESENTATION_CONTEXT(2) 
PARAMETRIC_REPRESENTATION_CONTEXT() REPRESENTATION_CONTEXT('2D SPACE',''
  ) );
#3534 = ORIENTED_EDGE('',*,*,#3485,.F.);
#3535 = ADVANCED_FACE('',(#3536),#791,.F.);
#3536 = FACE_BOUND('',#3537,.T.);
#3537 = EDGE_LOOP('',(#3538,#3539,#3562,#3589));
#3538 = ORIENTED_EDGE('',*,*,#770,.T.);
#3539 = ORIENTED_EDGE('',*,*,#3540,.T.);
#3540 = EDGE_CURVE('',#771,#3541,#3543,.T.);
#3541 = VERTEX_POINT('',#3542);
#3542 = CARTESIAN_POINT('',(0.8,41.3,55.));
#3543 = SEAM_CURVE('',#3544,(#3548,#3555),.PCURVE_S1.);
#3544 = LINE('',#3545,#3546);
#3545 = CARTESIAN_POINT('',(-1.,41.3,55.));
#3546 = VECTOR('',#3547,1.);
#3547 = DIRECTION('',(1.,0.,0.));
#3548 = PCURVE('',#791,#3549);
#3549 = DEFINITIONAL_REPRESENTATION('',(#3550),#3554);
#3550 = LINE('',#3551,#3552);
#3551 = CARTESIAN_POINT('',(-6.28318530718,0.));
#3552 = VECTOR('',#3553,1.);
#3553 = DIRECTION('',(-0.,-1.));
#3554 = ( GEOMETRIC_REPRESENTATION_CONTEXT(2) 
PARAMETRIC_REPRESENTATION_CONTEXT() REPRESENTATION_CONTEXT('2D SPACE',''
  ) );
#3555 = PCURVE('',#791,#3556);
#3556 = DEFINITIONAL_REPRESENTATION('',(#3557),#3561);
#3557 = LINE('',#3558,#3559);
#3558 = CARTESIAN_POINT('',(-0.,0.));
#3559 = VECTOR('',#3560,1.);
#3560 = DIRECTION('',(-0.,-1.));
#3561 = ( GEOMETRIC_REPRESENTATION_CONTEXT(2) 
PARAMETRIC_REPRESENTATION_CONTEXT() REPRESENTATION_CONTEXT('2D SPACE',''
  ) );
#3562 = ORIENTED_EDGE('',*,*,#3563,.T.);
#3563 = EDGE_CURVE('',#3541,#3541,#3564,.T.);
#3564 = SURFACE_CURVE('',#3565,(#3570,#3577),.PCURVE_S1.);
#3565 = CIRCLE('',#3566,1.3);
#3566 = AXIS2_PLACEMENT_3D('',#3567,#3568,#3569);
#3567 = CARTESIAN_POINT('',(0.8,40.,55.));
#3568 = DIRECTION('',(1.,0.,0.));
#3569 = DIRECTION('',(0.,1.,0.));
#3570 = PCURVE('',#791,#3571);
#3571 = DEFINITIONAL_REPRESENTATION('',(#3572),#3576);
#3572 = LINE('',#3573,#3574);
#3573 = CARTESIAN_POINT('',(-0.,-1.8));
#3574 = VECTOR('',#3575,1.);
#3575 = DIRECTION('',(-1.,0.));
#3576 = ( GEOMETRIC_REPRESENTATION_CONTEXT(2) 
PARAMETRIC_REPRESENTATION_CONTEXT() REPRESENTATION_CONTEXT('2D SPACE',''
  ) );
#3577 = PCURVE('',#3578,#3583);
#3578 = PLANE('',#3579);
#3579 = AXIS2_PLACEMENT_3D('',#3580,#3581,#3582);
#3580 = CARTESIAN_POINT('',(0.8,40.,55.));
#3581 = DIRECTION('',(1.,0.,0.));
#3582 = DIRECTION('',(-0.,0.,1.));
#3583 = DEFINITIONAL_REPRESENTATION('',(#3584),#3588);
#3584 = CIRCLE('',#3585,1.3);
#3585 = AXIS2_PLACEMENT_2D('',#3586,#3587);
#3586 = CARTESIAN_POINT('',(0.,0.));
#3587 = DIRECTION('',(0.,-1.));
#3588 = ( GEOMETRIC_REPRESENTATION_CONTEXT(2) 
PARAMETRIC_REPRESENTATION_CONTEXT() REPRESENTATION_CONTEXT('2D SPACE',''
  ) );
#3589 = ORIENTED_EDGE('',*,*,#3540,.F.);
#3590 = ADVANCED_FACE('',(#3591),#826,.F.);
#3591 = FACE_BOUND('',#3592,.T.);
#3592 = EDGE_LOOP('',(#3593,#3594,#3617,#3644));
#3593 = ORIENTED_EDGE('',*,*,#805,.T.);
#3594 = ORIENTED_EDGE('',*,*,#3595,.T.);
#3595 = EDGE_CURVE('',#806,#3596,#3598,.T.);
#3596 = VERTEX_POINT('',#3597);
#3597 = CARTESIAN_POINT('',(0.8,35.3,49.));
#3598 = SEAM_CURVE('',#3599,(#3603,#3610),.PCURVE_S1.);
#3599 = LINE('',#3600,#3601);
#3600 = CARTESIAN_POINT('',(-1.,35.3,49.));
#3601 = VECTOR('',#3602,1.);
#3602 = DIRECTION('',(1.,0.,0.));
#3603 = PCURVE('',#826,#3604);
#3604 = DEFINITIONAL_REPRESENTATION('',(#3605),#3609);
#3605 = LINE('',#3606,#3607);
#3606 = CARTESIAN_POINT('',(-6.28318530718,0.));
#3607 = VECTOR('',#3608,1.);
#3608 = DIRECTION('',(-0.,-1.));
#3609 = ( GEOMETRIC_REPRESENTATION_CONTEXT(2) 
PARAMETRIC_REPRESENTATION_CONTEXT() REPRESENTATION_CONTEXT('2D SPACE',''
  ) );
#3610 = PCURVE('',#826,#3611);
#3611 = DEFINITIONAL_REPRESENTATION('',(#3612),#3616);
#3612 = LINE('',#3613,#3614);
#3613 = CARTESIAN_POINT('',(-0.,0.));
#3614 = VECTOR('',#3615,1.);
#3615 = DIRECTION('',(-0.,-1.));
#3616 = ( GEOMETRIC_REPRESENTATION_CONTEXT(2) 
PARAMETRIC_REPRESENTATION_CONTEXT() REPRESENTATION_CONTEXT('2D SPACE',''
  ) );
#3617 = ORIENTED_EDGE('',*,*,#3618,.T.);
#3618 = EDGE_CURVE('',#3596,#3596,#3619,.T.);
#3619 = SURFACE_CURVE('',#3620,(#3625,#3632),.PCURVE_S1.);
#3620 = CIRCLE('',#3621,1.3);
#3621 = AXIS2_PLACEMENT_3D('',#3622,#3623,#3624);
#3622 = CARTESIAN_POINT('',(0.8,34.,49.));
#3623 = DIRECTION('',(1.,0.,0.));
#3624 = DIRECTION('',(0.,1.,0.));
#3625 = PCURVE('',#826,#3626);
#3626 = DEFINITIONAL_REPRESENTATION('',(#3627),#3631);
#3627 = LINE('',#3628,#3629);
#3628 = CARTESIAN_POINT('',(-0.,-1.8));
#3629 = VECTOR('',#3630,1.);
#3630 = DIRECTION('',(-1.,0.));
#3631 = ( GEOMETRIC_REPRESENTATION_CONTEXT(2) 
PARAMETRIC_REPRESENTATION_CONTEXT() REPRESENTATION_CONTEXT('2D SPACE',''
  ) );
#3632 = PCURVE('',#3633,#3638);
#3633 = PLANE('',#3634);
#3634 = AXIS2_PLACEMENT_3D('',#3635,#3636,#3637);
#3635 = CARTESIAN_POINT('',(0.8,34.,49.));
#3636 = DIRECTION('',(1.,0.,0.));
#3637 = DIRECTION('',(-0.,0.,1.));
#3638 = DEFINITIONAL_REPRESENTATION('',(#3639),#3643);
#3639 = CIRCLE('',#3640,1.3);
#3640 = AXIS2_PLACEMENT_2D('',#3641,#3642);
#3641 = CARTESIAN_POINT('',(0.,0.));
#3642 = DIRECTION('',(0.,-1.));
#3643 = ( GEOMETRIC_REPRESENTATION_CONTEXT(2) 
PARAMETRIC_REPRESENTATION_CONTEXT() REPRESENTATION_CONTEXT('2D SPACE',''
  ) );
#3644 = ORIENTED_EDGE('',*,*,#3595,.F.);
#3645 = ADVANCED_FACE('',(#3646),#861,.F.);
#3646 = FACE_BOUND('',#3647,.T.);
#3647 = EDGE_LOOP('',(#3648,#3649,#3672,#3699));
#3648 = ORIENTED_EDGE('',*,*,#840,.T.);
#3649 = ORIENTED_EDGE('',*,*,#3650,.T.);
#3650 = EDGE_CURVE('',#841,#3651,#3653,.T.);
#3651 = VERTEX_POINT('',#3652);
#3652 = CARTESIAN_POINT('',(0.8,35.3,55.));
#3653 = SEAM_CURVE('',#3654,(#3658,#3665),.PCURVE_S1.);
#3654 = LINE('',#3655,#3656);
#3655 = CARTESIAN_POINT('',(-1.,35.3,55.));
#3656 = VECTOR('',#3657,1.);
#3657 = DIRECTION('',(1.,0.,0.));
#3658 = PCURVE('',#861,#3659);
#3659 = DEFINITIONAL_REPRESENTATION('',(#3660),#3664);
#3660 = LINE('',#3661,#3662);
#3661 = CARTESIAN_POINT('',(-6.28318530718,0.));
#3662 = VECTOR('',#3663,1.);
#3663 = DIRECTION('',(-0.,-1.));
#3664 = ( GEOMETRIC_REPRESENTATION_CONTEXT(2) 
PARAMETRIC_REPRESENTATION_CONTEXT() REPRESENTATION_CONTEXT('2D SPACE',''
  ) );
#3665 = PCURVE('',#861,#3666);
#3666 = DEFINITIONAL_REPRESENTATION('',(#3667),#3671);
#3667 = LINE('',#3668,#3669);
#3668 = CARTESIAN_POINT('',(-0.,0.));
#3669 = VECTOR('',#3670,1.);
#3670 = DIRECTION('',(-0.,-1.));
#3671 = ( GEOMETRIC_REPRESENTATION_CONTEXT(2) 
PARAMETRIC_REPRESENTATION_CONTEXT() REPRESENTATION_CONTEXT('2D SPACE',''
  ) );
#3672 = ORIENTED_EDGE('',*,*,#3673,.T.);
#3673 = EDGE_CURVE('',#3651,#3651,#3674,.T.);
#3674 = SURFACE_CURVE('',#3675,(#3680,#3687),.PCURVE_S1.);
#3675 = CIRCLE('',#3676,1.3);
#3676 = AXIS2_PLACEMENT_3D('',#3677,#3678,#3679);
#3677 = CARTESIAN_POINT('',(0.8,34.,55.));
#3678 = DIRECTION('',(1.,0.,0.));
#3679 = DIRECTION('',(0.,1.,0.));
#3680 = PCURVE('',#861,#3681);
#3681 = DEFINITIONAL_REPRESENTATION('',(#3682),#3686);
#3682 = LINE('',#3683,#3684);
#3683 = CARTESIAN_POINT('',(-0.,-1.8));
#3684 = VECTOR('',#3685,1.);
#3685 = DIRECTION('',(-1.,0.));
#3686 = ( GEOMETRIC_REPRESENTATION_CONTEXT(2) 
PARAMETRIC_REPRESENTATION_CONTEXT() REPRESENTATION_CONTEXT('2D SPACE',''
  ) );
#3687 = PCURVE('',#3688,#3693);
#3688 = PLANE('',#3689);
#3689 = AXIS2_PLACEMENT_3D('',#3690,#3691,#3692);
#3690 = CARTESIAN_POINT('',(0.8,34.,55.));
#3691 = DIRECTION('',(1.,0.,0.));
#3692 = DIRECTION('',(-0.,0.,1.));
#3693 = DEFINITIONAL_REPRESENTATION('',(#3694),#3698);
#3694 = CIRCLE('',#3695,1.3);
#3695 = AXIS2_PLACEMENT_2D('',#3696,#3697);
#3696 = CARTESIAN_POINT('',(0.,0.));
#3697 = DIRECTION('',(0.,-1.));
#3698 = ( GEOMETRIC_REPRESENTATION_CONTEXT(2) 
PARAMETRIC_REPRESENTATION_CONTEXT() REPRESENTATION_CONTEXT('2D SPACE',''
  ) );
#3699 = ORIENTED_EDGE('',*,*,#3650,.F.);
#3700 = ADVANCED_FACE('',(#3701),#896,.F.);
#3701 = FACE_BOUND('',#3702,.T.);
#3702 = EDGE_LOOP('',(#3703,#3704,#3727,#3754));
#3703 = ORIENTED_EDGE('',*,*,#875,.T.);
#3704 = ORIENTED_EDGE('',*,*,#3705,.T.);
#3705 = EDGE_CURVE('',#876,#3706,#3708,.T.);
#3706 = VERTEX_POINT('',#3707);
#3707 = CARTESIAN_POINT('',(0.8,29.3,43.));
#3708 = SEAM_CURVE('',#3709,(#3713,#3720),.PCURVE_S1.);
#3709 = LINE('',#3710,#3711);
#3710 = CARTESIAN_POINT('',(-1.,29.3,43.));
#3711 = VECTOR('',#3712,1.);
#3712 = DIRECTION('',(1.,0.,0.));
#3713 = PCURVE('',#896,#3714);
#3714 = DEFINITIONAL_REPRESENTATION('',(#3715),#3719);
#3715 = LINE('',#3716,#3717);
#3716 = CARTESIAN_POINT('',(-6.28318530718,0.));
#3717 = VECTOR('',#3718,1.);
#3718 = DIRECTION('',(-0.,-1.));
#3719 = ( GEOMETRIC_REPRESENTATION_CONTEXT(2) 
PARAMETRIC_REPRESENTATION_CONTEXT() REPRESENTATION_CONTEXT('2D SPACE',''
  ) );
#3720 = PCURVE('',#896,#3721);
#3721 = DEFINITIONAL_REPRESENTATION('',(#3722),#3726);
#3722 = LINE('',#3723,#3724);
#3723 = CARTESIAN_POINT('',(-0.,0.));
#3724 = VECTOR('',#3725,1.);
#3725 = DIRECTION('',(-0.,-1.));
#3726 = ( GEOMETRIC_REPRESENTATION_CONTEXT(2) 
PARAMETRIC_REPRESENTATION_CONTEXT() REPRESENTATION_CONTEXT('2D SPACE',''
  ) );
#3727 = ORIENTED_EDGE('',*,*,#3728,.T.);
#3728 = EDGE_CURVE('',#3706,#3706,#3729,.T.);
#3729 = SURFACE_CURVE('',#3730,(#3735,#3742),.PCURVE_S1.);
#3730 = CIRCLE('',#3731,1.3);
#3731 = AXIS2_PLACEMENT_3D('',#3732,#3733,#3734);
#3732 = CARTESIAN_POINT('',(0.8,28.,43.));
#3733 = DIRECTION('',(1.,0.,0.));
#3734 = DIRECTION('',(0.,1.,0.));
#3735 = PCURVE('',#896,#3736);
#3736 = DEFINITIONAL_REPRESENTATION('',(#3737),#3741);
#3737 = LINE('',#3738,#3739);
#3738 = CARTESIAN_POINT('',(-0.,-1.8));
#3739 = VECTOR('',#3740,1.);
#3740 = DIRECTION('',(-1.,0.));
#3741 = ( GEOMETRIC_REPRESENTATION_CONTEXT(2) 
PARAMETRIC_REPRESENTATION_CONTEXT() REPRESENTATION_CONTEXT('2D SPACE',''
  ) );
#3742 = PCURVE('',#3743,#3748);
#3743 = PLANE('',#3744);
#3744 = AXIS2_PLACEMENT_3D('',#3745,#3746,#3747);
#3745 = CARTESIAN_POINT('',(0.8,28.,43.));
#3746 = DIRECTION('',(1.,0.,0.));
#3747 = DIRECTION('',(-0.,0.,1.));
#3748 = DEFINITIONAL_REPRESENTATION('',(#3749),#3753);
#3749 = CIRCLE('',#3750,1.3);
#3750 = AXIS2_PLACEMENT_2D('',#3751,#3752);
#3751 = CARTESIAN_POINT('',(0.,0.));
#3752 = DIRECTION('',(0.,-1.));
#3753 = ( GEOMETRIC_REPRESENTATION_CONTEXT(2) 
PARAMETRIC_REPRESENTATION_CONTEXT() REPRESENTATION_CONTEXT('2D SPACE',''
  ) );
#3754 = ORIENTED_EDGE('',*,*,#3705,.F.);
#3755 = ADVANCED_FACE('',(#3756),#931,.F.);
#3756 = FACE_BOUND('',#3757,.T.);
#3757 = EDGE_LOOP('',(#3758,#3759,#3782,#3809));
#3758 = ORIENTED_EDGE('',*,*,#910,.T.);
#3759 = ORIENTED_EDGE('',*,*,#3760,.T.);
#3760 = EDGE_CURVE('',#911,#3761,#3763,.T.);
#3761 = VERTEX_POINT('',#3762);
#3762 = CARTESIAN_POINT('',(0.8,23.3,43.));
#3763 = SEAM_CURVE('',#3764,(#3768,#3775),.PCURVE_S1.);
#3764 = LINE('',#3765,#3766);
#3765 = CARTESIAN_POINT('',(-1.,23.3,43.));
#3766 = VECTOR('',#3767,1.);
#3767 = DIRECTION('',(1.,0.,0.));
#3768 = PCURVE('',#931,#3769);
#3769 = DEFINITIONAL_REPRESENTATION('',(#3770),#3774);
#3770 = LINE('',#3771,#3772);
#3771 = CARTESIAN_POINT('',(-6.28318530718,0.));
#3772 = VECTOR('',#3773,1.);
#3773 = DIRECTION('',(-0.,-1.));
#3774 = ( GEOMETRIC_REPRESENTATION_CONTEXT(2) 
PARAMETRIC_REPRESENTATION_CONTEXT() REPRESENTATION_CONTEXT('2D SPACE',''
  ) );
#3775 = PCURVE('',#931,#3776);
#3776 = DEFINITIONAL_REPRESENTATION('',(#3777),#3781);
#3777 = LINE('',#3778,#3779);
#3778 = CARTESIAN_POINT('',(-0.,0.));
#3779 = VECTOR('',#3780,1.);
#3780 = DIRECTION('',(-0.,-1.));
#3781 = ( GEOMETRIC_REPRESENTATION_CONTEXT(2) 
PARAMETRIC_REPRESENTATION_CONTEXT() REPRESENTATION_CONTEXT('2D SPACE',''
  ) );
#3782 = ORIENTED_EDGE('',*,*,#3783,.T.);
#3783 = EDGE_CURVE('',#3761,#3761,#3784,.T.);
#3784 = SURFACE_CURVE('',#3785,(#3790,#3797),.PCURVE_S1.);
#3785 = CIRCLE('',#3786,1.3);
#3786 = AXIS2_PLACEMENT_3D('',#3787,#3788,#3789);
#3787 = CARTESIAN_POINT('',(0.8,22.,43.));
#3788 = DIRECTION('',(1.,0.,0.));
#3789 = DIRECTION('',(0.,1.,0.));
#3790 = PCURVE('',#931,#3791);
#3791 = DEFINITIONAL_REPRESENTATION('',(#3792),#3796);
#3792 = LINE('',#3793,#3794);
#3793 = CARTESIAN_POINT('',(-0.,-1.8));
#3794 = VECTOR('',#3795,1.);
#3795 = DIRECTION('',(-1.,0.));
#3796 = ( GEOMETRIC_REPRESENTATION_CONTEXT(2) 
PARAMETRIC_REPRESENTATION_CONTEXT() REPRESENTATION_CONTEXT('2D SPACE',''
  ) );
#3797 = PCURVE('',#3798,#3803);
#3798 = PLANE('',#3799);
#3799 = AXIS2_PLACEMENT_3D('',#3800,#3801,#3802);
#3800 = CARTESIAN_POINT('',(0.8,22.,43.));
#3801 = DIRECTION('',(1.,0.,0.));
#3802 = DIRECTION('',(-0.,0.,1.));
#3803 = DEFINITIONAL_REPRESENTATION('',(#3804),#3808);
#3804 = CIRCLE('',#3805,1.3);
#3805 = AXIS2_PLACEMENT_2D('',#3806,#3807);
#3806 = CARTESIAN_POINT('',(0.,0.));
#3807 = DIRECTION('',(0.,-1.));
#3808 = ( GEOMETRIC_REPRESENTATION_CONTEXT(2) 
PARAMETRIC_REPRESENTATION_CONTEXT() REPRESENTATION_CONTEXT('2D SPACE',''
  ) );
#3809 = ORIENTED_EDGE('',*,*,#3760,.F.);
#3810 = ADVANCED_FACE('',(#3811),#966,.F.);
#3811 = FACE_BOUND('',#3812,.T.);
#3812 = EDGE_LOOP('',(#3813,#3814,#3837,#3864));
#3813 = ORIENTED_EDGE('',*,*,#945,.T.);
#3814 = ORIENTED_EDGE('',*,*,#3815,.T.);
#3815 = EDGE_CURVE('',#946,#3816,#3818,.T.);
#3816 = VERTEX_POINT('',#3817);
#3817 = CARTESIAN_POINT('',(0.8,29.3,49.));
#3818 = SEAM_CURVE('',#3819,(#3823,#3830),.PCURVE_S1.);
#3819 = LINE('',#3820,#3821);
#3820 = CARTESIAN_POINT('',(-1.,29.3,49.));
#3821 = VECTOR('',#3822,1.);
#3822 = DIRECTION('',(1.,0.,0.));
#3823 = PCURVE('',#966,#3824);
#3824 = DEFINITIONAL_REPRESENTATION('',(#3825),#3829);
#3825 = LINE('',#3826,#3827);
#3826 = CARTESIAN_POINT('',(-6.28318530718,0.));
#3827 = VECTOR('',#3828,1.);
#3828 = DIRECTION('',(-0.,-1.));
#3829 = ( GEOMETRIC_REPRESENTATION_CONTEXT(2) 
PARAMETRIC_REPRESENTATION_CONTEXT() REPRESENTATION_CONTEXT('2D SPACE',''
  ) );
#3830 = PCURVE('',#966,#3831);
#3831 = DEFINITIONAL_REPRESENTATION('',(#3832),#3836);
#3832 = LINE('',#3833,#3834);
#3833 = CARTESIAN_POINT('',(-0.,0.));
#3834 = VECTOR('',#3835,1.);
#3835 = DIRECTION('',(-0.,-1.));
#3836 = ( GEOMETRIC_REPRESENTATION_CONTEXT(2) 
PARAMETRIC_REPRESENTATION_CONTEXT() REPRESENTATION_CONTEXT('2D SPACE',''
  ) );
#3837 = ORIENTED_EDGE('',*,*,#3838,.T.);
#3838 = EDGE_CURVE('',#3816,#3816,#3839,.T.);
#3839 = SURFACE_CURVE('',#3840,(#3845,#3852),.PCURVE_S1.);
#3840 = CIRCLE('',#3841,1.3);
#3841 = AXIS2_PLACEMENT_3D('',#3842,#3843,#3844);
#3842 = CARTESIAN_POINT('',(0.8,28.,49.));
#3843 = DIRECTION('',(1.,0.,0.));
#3844 = DIRECTION('',(0.,1.,0.));
#3845 = PCURVE('',#966,#3846);
#3846 = DEFINITIONAL_REPRESENTATION('',(#3847),#3851);
#3847 = LINE('',#3848,#3849);
#3848 = CARTESIAN_POINT('',(-0.,-1.8));
#3849 = VECTOR('',#3850,1.);
#3850 = DIRECTION('',(-1.,0.));
#3851 = ( GEOMETRIC_REPRESENTATION_CONTEXT(2) 
PARAMETRIC_REPRESENTATION_CONTEXT() REPRESENTATION_CONTEXT('2D SPACE',''
  ) );
#3852 = PCURVE('',#3853,#3858);
#3853 = PLANE('',#3854);
#3854 = AXIS2_PLACEMENT_3D('',#3855,#3856,#3857);
#3855 = CARTESIAN_POINT('',(0.8,28.,49.));
#3856 = DIRECTION('',(1.,0.,0.));
#3857 = DIRECTION('',(-0.,0.,1.));
#3858 = DEFINITIONAL_REPRESENTATION('',(#3859),#3863);
#3859 = CIRCLE('',#3860,1.3);
#3860 = AXIS2_PLACEMENT_2D('',#3861,#3862);
#3861 = CARTESIAN_POINT('',(0.,0.));
#3862 = DIRECTION('',(0.,-1.));
#3863 = ( GEOMETRIC_REPRESENTATION_CONTEXT(2) 
PARAMETRIC_REPRESENTATION_CONTEXT() REPRESENTATION_CONTEXT('2D SPACE',''
  ) );
#3864 = ORIENTED_EDGE('',*,*,#3815,.F.);
#3865 = ADVANCED_FACE('',(#3866),#1001,.F.);
#3866 = FACE_BOUND('',#3867,.T.);
#3867 = EDGE_LOOP('',(#3868,#3869,#3892,#3919));
#3868 = ORIENTED_EDGE('',*,*,#980,.T.);
#3869 = ORIENTED_EDGE('',*,*,#3870,.T.);
#3870 = EDGE_CURVE('',#981,#3871,#3873,.T.);
#3871 = VERTEX_POINT('',#3872);
#3872 = CARTESIAN_POINT('',(0.8,29.3,55.));
#3873 = SEAM_CURVE('',#3874,(#3878,#3885),.PCURVE_S1.);
#3874 = LINE('',#3875,#3876);
#3875 = CARTESIAN_POINT('',(-1.,29.3,55.));
#3876 = VECTOR('',#3877,1.);
#3877 = DIRECTION('',(1.,0.,0.));
#3878 = PCURVE('',#1001,#3879);
#3879 = DEFINITIONAL_REPRESENTATION('',(#3880),#3884);
#3880 = LINE('',#3881,#3882);
#3881 = CARTESIAN_POINT('',(-6.28318530718,0.));
#3882 = VECTOR('',#3883,1.);
#3883 = DIRECTION('',(-0.,-1.));
#3884 = ( GEOMETRIC_REPRESENTATION_CONTEXT(2) 
PARAMETRIC_REPRESENTATION_CONTEXT() REPRESENTATION_CONTEXT('2D SPACE',''
  ) );
#3885 = PCURVE('',#1001,#3886);
#3886 = DEFINITIONAL_REPRESENTATION('',(#3887),#3891);
#3887 = LINE('',#3888,#3889);
#3888 = CARTESIAN_POINT('',(-0.,0.));
#3889 = VECTOR('',#3890,1.);
#3890 = DIRECTION('',(-0.,-1.));
#3891 = ( GEOMETRIC_REPRESENTATION_CONTEXT(2) 
PARAMETRIC_REPRESENTATION_CONTEXT() REPRESENTATION_CONTEXT('2D SPACE',''
  ) );
#3892 = ORIENTED_EDGE('',*,*,#3893,.T.);
#3893 = EDGE_CURVE('',#3871,#3871,#3894,.T.);
#3894 = SURFACE_CURVE('',#3895,(#3900,#3907),.PCURVE_S1.);
#3895 = CIRCLE('',#3896,1.3);
#3896 = AXIS2_PLACEMENT_3D('',#3897,#3898,#3899);
#3897 = CARTESIAN_POINT('',(0.8,28.,55.));
#3898 = DIRECTION('',(1.,0.,0.));
#3899 = DIRECTION('',(0.,1.,0.));
#3900 = PCURVE('',#1001,#3901);
#3901 = DEFINITIONAL_REPRESENTATION('',(#3902),#3906);
#3902 = LINE('',#3903,#3904);
#3903 = CARTESIAN_POINT('',(-0.,-1.8));
#3904 = VECTOR('',#3905,1.);
#3905 = DIRECTION('',(-1.,0.));
#3906 = ( GEOMETRIC_REPRESENTATION_CONTEXT(2) 
PARAMETRIC_REPRESENTATION_CONTEXT() REPRESENTATION_CONTEXT('2D SPACE',''
  ) );
#3907 = PCURVE('',#3908,#3913);
#3908 = PLANE('',#3909);
#3909 = AXIS2_PLACEMENT_3D('',#3910,#3911,#3912);
#3910 = CARTESIAN_POINT('',(0.8,28.,55.));
#3911 = DIRECTION('',(1.,0.,0.));
#3912 = DIRECTION('',(-0.,0.,1.));
#3913 = DEFINITIONAL_REPRESENTATION('',(#3914),#3918);
#3914 = CIRCLE('',#3915,1.3);
#3915 = AXIS2_PLACEMENT_2D('',#3916,#3917);
#3916 = CARTESIAN_POINT('',(0.,0.));
#3917 = DIRECTION('',(0.,-1.));
#3918 = ( GEOMETRIC_REPRESENTATION_CONTEXT(2) 
PARAMETRIC_REPRESENTATION_CONTEXT() REPRESENTATION_CONTEXT('2D SPACE',''
  ) );
#3919 = ORIENTED_EDGE('',*,*,#3870,.F.);
#3920 = ADVANCED_FACE('',(#3921),#1036,.F.);
#3921 = FACE_BOUND('',#3922,.T.);
#3922 = EDGE_LOOP('',(#3923,#3924,#3947,#3974));
#3923 = ORIENTED_EDGE('',*,*,#1015,.T.);
#3924 = ORIENTED_EDGE('',*,*,#3925,.T.);
#3925 = EDGE_CURVE('',#1016,#3926,#3928,.T.);
#3926 = VERTEX_POINT('',#3927);
#3927 = CARTESIAN_POINT('',(0.8,23.3,49.));
#3928 = SEAM_CURVE('',#3929,(#3933,#3940),.PCURVE_S1.);
#3929 = LINE('',#3930,#3931);
#3930 = CARTESIAN_POINT('',(-1.,23.3,49.));
#3931 = VECTOR('',#3932,1.);
#3932 = DIRECTION('',(1.,0.,0.));
#3933 = PCURVE('',#1036,#3934);
#3934 = DEFINITIONAL_REPRESENTATION('',(#3935),#3939);
#3935 = LINE('',#3936,#3937);
#3936 = CARTESIAN_POINT('',(-6.28318530718,0.));
#3937 = VECTOR('',#3938,1.);
#3938 = DIRECTION('',(-0.,-1.));
#3939 = ( GEOMETRIC_REPRESENTATION_CONTEXT(2) 
PARAMETRIC_REPRESENTATION_CONTEXT() REPRESENTATION_CONTEXT('2D SPACE',''
  ) );
#3940 = PCURVE('',#1036,#3941);
#3941 = DEFINITIONAL_REPRESENTATION('',(#3942),#3946);
#3942 = LINE('',#3943,#3944);
#3943 = CARTESIAN_POINT('',(-0.,0.));
#3944 = VECTOR('',#3945,1.);
#3945 = DIRECTION('',(-0.,-1.));
#3946 = ( GEOMETRIC_REPRESENTATION_CONTEXT(2) 
PARAMETRIC_REPRESENTATION_CONTEXT() REPRESENTATION_CONTEXT('2D SPACE',''
  ) );
#3947 = ORIENTED_EDGE('',*,*,#3948,.T.);
#3948 = EDGE_CURVE('',#3926,#3926,#3949,.T.);
#3949 = SURFACE_CURVE('',#3950,(#3955,#3962),.PCURVE_S1.);
#3950 = CIRCLE('',#3951,1.3);
#3951 = AXIS2_PLACEMENT_3D('',#3952,#3953,#3954);
#3952 = CARTESIAN_POINT('',(0.8,22.,49.));
#3953 = DIRECTION('',(1.,0.,0.));
#3954 = DIRECTION('',(0.,1.,0.));
#3955 = PCURVE('',#1036,#3956);
#3956 = DEFINITIONAL_REPRESENTATION('',(#3957),#3961);
#3957 = LINE('',#3958,#3959);
#3958 = CARTESIAN_POINT('',(-0.,-1.8));
#3959 = VECTOR('',#3960,1.);
#3960 = DIRECTION('',(-1.,0.));
#3961 = ( GEOMETRIC_REPRESENTATION_CONTEXT(2) 
PARAMETRIC_REPRESENTATION_CONTEXT() REPRESENTATION_CONTEXT('2D SPACE',''
  ) );
#3962 = PCURVE('',#3963,#3968);
#3963 = PLANE('',#3964);
#3964 = AXIS2_PLACEMENT_3D('',#3965,#3966,#3967);
#3965 = CARTESIAN_POINT('',(0.8,22.,49.));
#3966 = DIRECTION('',(1.,0.,0.));
#3967 = DIRECTION('',(-0.,0.,1.));
#3968 = DEFINITIONAL_REPRESENTATION('',(#3969),#3973);
#3969 = CIRCLE('',#3970,1.3);
#3970 = AXIS2_PLACEMENT_2D('',#3971,#3972);
#3971 = CARTESIAN_POINT('',(0.,0.));
#3972 = DIRECTION('',(0.,-1.));
#3973 = ( GEOMETRIC_REPRESENTATION_CONTEXT(2) 
PARAMETRIC_REPRESENTATION_CONTEXT() REPRESENTATION_CONTEXT('2D SPACE',''
  ) );
#3974 = ORIENTED_EDGE('',*,*,#3925,.F.);
#3975 = ADVANCED_FACE('',(#3976),#1071,.F.);
#3976 = FACE_BOUND('',#3977,.T.);
#3977 = EDGE_LOOP('',(#3978,#3979,#4002,#4029));
#3978 = ORIENTED_EDGE('',*,*,#1050,.T.);
#3979 = ORIENTED_EDGE('',*,*,#3980,.T.);
#3980 = EDGE_CURVE('',#1051,#3981,#3983,.T.);
#3981 = VERTEX_POINT('',#3982);
#3982 = CARTESIAN_POINT('',(0.8,23.3,55.));
#3983 = SEAM_CURVE('',#3984,(#3988,#3995),.PCURVE_S1.);
#3984 = LINE('',#3985,#3986);
#3985 = CARTESIAN_POINT('',(-1.,23.3,55.));
#3986 = VECTOR('',#3987,1.);
#3987 = DIRECTION('',(1.,0.,0.));
#3988 = PCURVE('',#1071,#3989);
#3989 = DEFINITIONAL_REPRESENTATION('',(#3990),#3994);
#3990 = LINE('',#3991,#3992);
#3991 = CARTESIAN_POINT('',(-6.28318530718,0.));
#3992 = VECTOR('',#3993,1.);
#3993 = DIRECTION('',(-0.,-1.));
#3994 = ( GEOMETRIC_REPRESENTATION_CONTEXT(2) 
PARAMETRIC_REPRESENTATION_CONTEXT() REPRESENTATION_CONTEXT('2D SPACE',''
  ) );
#3995 = PCURVE('',#1071,#3996);
#3996 = DEFINITIONAL_REPRESENTATION('',(#3997),#4001);
#3997 = LINE('',#3998,#3999);
#3998 = CARTESIAN_POINT('',(-0.,0.));
#3999 = VECTOR('',#4000,1.);
#4000 = DIRECTION('',(-0.,-1.));
#4001 = ( GEOMETRIC_REPRESENTATION_CONTEXT(2) 
PARAMETRIC_REPRESENTATION_CONTEXT() REPRESENTATION_CONTEXT('2D SPACE',''
  ) );
#4002 = ORIENTED_EDGE('',*,*,#4003,.T.);
#4003 = EDGE_CURVE('',#3981,#3981,#4004,.T.);
#4004 = SURFACE_CURVE('',#4005,(#4010,#4017),.PCURVE_S1.);
#4005 = CIRCLE('',#4006,1.3);
#4006 = AXIS2_PLACEMENT_3D('',#4007,#4008,#4009);
#4007 = CARTESIAN_POINT('',(0.8,22.,55.));
#4008 = DIRECTION('',(1.,0.,0.));
#4009 = DIRECTION('',(0.,1.,0.));
#4010 = PCURVE('',#1071,#4011);
#4011 = DEFINITIONAL_REPRESENTATION('',(#4012),#4016);
#4012 = LINE('',#4013,#4014);
#4013 = CARTESIAN_POINT('',(-0.,-1.8));
#4014 = VECTOR('',#4015,1.);
#4015 = DIRECTION('',(-1.,0.));
#4016 = ( GEOMETRIC_REPRESENTATION_CONTEXT(2) 
PARAMETRIC_REPRESENTATION_CONTEXT() REPRESENTATION_CONTEXT('2D SPACE',''
  ) );
#4017 = PCURVE('',#4018,#4023);
#4018 = PLANE('',#4019);
#4019 = AXIS2_PLACEMENT_3D('',#4020,#4021,#4022);
#4020 = CARTESIAN_POINT('',(0.8,22.,55.));
#4021 = DIRECTION('',(1.,0.,0.));
#4022 = DIRECTION('',(-0.,0.,1.));
#4023 = DEFINITIONAL_REPRESENTATION('',(#4024),#4028);
#4024 = CIRCLE('',#4025,1.3);
#4025 = AXIS2_PLACEMENT_2D('',#4026,#4027);
#4026 = CARTESIAN_POINT('',(0.,0.));
#4027 = DIRECTION('',(0.,-1.));
#4028 = ( GEOMETRIC_REPRESENTATION_CONTEXT(2) 
PARAMETRIC_REPRESENTATION_CONTEXT() REPRESENTATION_CONTEXT('2D SPACE',''
  ) );
#4029 = ORIENTED_EDGE('',*,*,#3980,.F.);
#4030 = ADVANCED_FACE('',(#4031),#1106,.F.);
#4031 = FACE_BOUND('',#4032,.T.);
#4032 = EDGE_LOOP('',(#4033,#4034,#4057,#4084));
#4033 = ORIENTED_EDGE('',*,*,#1085,.T.);
#4034 = ORIENTED_EDGE('',*,*,#4035,.T.);
#4035 = EDGE_CURVE('',#1086,#4036,#4038,.T.);
#4036 = VERTEX_POINT('',#4037);
#4037 = CARTESIAN_POINT('',(0.8,41.3,61.));
#4038 = SEAM_CURVE('',#4039,(#4043,#4050),.PCURVE_S1.);
#4039 = LINE('',#4040,#4041);
#4040 = CARTESIAN_POINT('',(-1.,41.3,61.));
#4041 = VECTOR('',#4042,1.);
#4042 = DIRECTION('',(1.,0.,0.));
#4043 = PCURVE('',#1106,#4044);
#4044 = DEFINITIONAL_REPRESENTATION('',(#4045),#4049);
#4045 = LINE('',#4046,#4047);
#4046 = CARTESIAN_POINT('',(-6.28318530718,0.));
#4047 = VECTOR('',#4048,1.);
#4048 = DIRECTION('',(-0.,-1.));
#4049 = ( GEOMETRIC_REPRESENTATION_CONTEXT(2) 
PARAMETRIC_REPRESENTATION_CONTEXT() REPRESENTATION_CONTEXT('2D SPACE',''
  ) );
#4050 = PCURVE('',#1106,#4051);
#4051 = DEFINITIONAL_REPRESENTATION('',(#4052),#4056);
#4052 = LINE('',#4053,#4054);
#4053 = CARTESIAN_POINT('',(-0.,0.));
#4054 = VECTOR('',#4055,1.);
#4055 = DIRECTION('',(-0.,-1.));
#4056 = ( GEOMETRIC_REPRESENTATION_CONTEXT(2) 
PARAMETRIC_REPRESENTATION_CONTEXT() REPRESENTATION_CONTEXT('2D SPACE',''
  ) );
#4057 = ORIENTED_EDGE('',*,*,#4058,.T.);
#4058 = EDGE_CURVE('',#4036,#4036,#4059,.T.);
#4059 = SURFACE_CURVE('',#4060,(#4065,#4072),.PCURVE_S1.);
#4060 = CIRCLE('',#4061,1.3);
#4061 = AXIS2_PLACEMENT_3D('',#4062,#4063,#4064);
#4062 = CARTESIAN_POINT('',(0.8,40.,61.));
#4063 = DIRECTION('',(1.,0.,0.));
#4064 = DIRECTION('',(0.,1.,0.));
#4065 = PCURVE('',#1106,#4066);
#4066 = DEFINITIONAL_REPRESENTATION('',(#4067),#4071);
#4067 = LINE('',#4068,#4069);
#4068 = CARTESIAN_POINT('',(-0.,-1.8));
#4069 = VECTOR('',#4070,1.);
#4070 = DIRECTION('',(-1.,0.));
#4071 = ( GEOMETRIC_REPRESENTATION_CONTEXT(2) 
PARAMETRIC_REPRESENTATION_CONTEXT() REPRESENTATION_CONTEXT('2D SPACE',''
  ) );
#4072 = PCURVE('',#4073,#4078);
#4073 = PLANE('',#4074);
#4074 = AXIS2_PLACEMENT_3D('',#4075,#4076,#4077);
#4075 = CARTESIAN_POINT('',(0.8,40.,61.));
#4076 = DIRECTION('',(1.,0.,0.));
#4077 = DIRECTION('',(-0.,0.,1.));
#4078 = DEFINITIONAL_REPRESENTATION('',(#4079),#4083);
#4079 = CIRCLE('',#4080,1.3);
#4080 = AXIS2_PLACEMENT_2D('',#4081,#4082);
#4081 = CARTESIAN_POINT('',(0.,0.));
#4082 = DIRECTION('',(0.,-1.));
#4083 = ( GEOMETRIC_REPRESENTATION_CONTEXT(2) 
PARAMETRIC_REPRESENTATION_CONTEXT() REPRESENTATION_CONTEXT('2D SPACE',''
  ) );
#4084 = ORIENTED_EDGE('',*,*,#4035,.F.);
#4085 = ADVANCED_FACE('',(#4086),#1141,.F.);
#4086 = FACE_BOUND('',#4087,.T.);
#4087 = EDGE_LOOP('',(#4088,#4089,#4112,#4139));
#4088 = ORIENTED_EDGE('',*,*,#1120,.T.);
#4089 = ORIENTED_EDGE('',*,*,#4090,.T.);
#4090 = EDGE_CURVE('',#1121,#4091,#4093,.T.);
#4091 = VERTEX_POINT('',#4092);
#4092 = CARTESIAN_POINT('',(0.8,35.3,61.));
#4093 = SEAM_CURVE('',#4094,(#4098,#4105),.PCURVE_S1.);
#4094 = LINE('',#4095,#4096);
#4095 = CARTESIAN_POINT('',(-1.,35.3,61.));
#4096 = VECTOR('',#4097,1.);
#4097 = DIRECTION('',(1.,0.,0.));
#4098 = PCURVE('',#1141,#4099);
#4099 = DEFINITIONAL_REPRESENTATION('',(#4100),#4104);
#4100 = LINE('',#4101,#4102);
#4101 = CARTESIAN_POINT('',(-6.28318530718,0.));
#4102 = VECTOR('',#4103,1.);
#4103 = DIRECTION('',(-0.,-1.));
#4104 = ( GEOMETRIC_REPRESENTATION_CONTEXT(2) 
PARAMETRIC_REPRESENTATION_CONTEXT() REPRESENTATION_CONTEXT('2D SPACE',''
  ) );
#4105 = PCURVE('',#1141,#4106);
#4106 = DEFINITIONAL_REPRESENTATION('',(#4107),#4111);
#4107 = LINE('',#4108,#4109);
#4108 = CARTESIAN_POINT('',(-0.,0.));
#4109 = VECTOR('',#4110,1.);
#4110 = DIRECTION('',(-0.,-1.));
#4111 = ( GEOMETRIC_REPRESENTATION_CONTEXT(2) 
PARAMETRIC_REPRESENTATION_CONTEXT() REPRESENTATION_CONTEXT('2D SPACE',''
  ) );
#4112 = ORIENTED_EDGE('',*,*,#4113,.T.);
#4113 = EDGE_CURVE('',#4091,#4091,#4114,.T.);
#4114 = SURFACE_CURVE('',#4115,(#4120,#4127),.PCURVE_S1.);
#4115 = CIRCLE('',#4116,1.3);
#4116 = AXIS2_PLACEMENT_3D('',#4117,#4118,#4119);
#4117 = CARTESIAN_POINT('',(0.8,34.,61.));
#4118 = DIRECTION('',(1.,0.,0.));
#4119 = DIRECTION('',(0.,1.,0.));
#4120 = PCURVE('',#1141,#4121);
#4121 = DEFINITIONAL_REPRESENTATION('',(#4122),#4126);
#4122 = LINE('',#4123,#4124);
#4123 = CARTESIAN_POINT('',(-0.,-1.8));
#4124 = VECTOR('',#4125,1.);
#4125 = DIRECTION('',(-1.,0.));
#4126 = ( GEOMETRIC_REPRESENTATION_CONTEXT(2) 
PARAMETRIC_REPRESENTATION_CONTEXT() REPRESENTATION_CONTEXT('2D SPACE',''
  ) );
#4127 = PCURVE('',#4128,#4133);
#4128 = PLANE('',#4129);
#4129 = AXIS2_PLACEMENT_3D('',#4130,#4131,#4132);
#4130 = CARTESIAN_POINT('',(0.8,34.,61.));
#4131 = DIRECTION('',(1.,0.,0.));
#4132 = DIRECTION('',(-0.,0.,1.));
#4133 = DEFINITIONAL_REPRESENTATION('',(#4134),#4138);
#4134 = CIRCLE('',#4135,1.3);
#4135 = AXIS2_PLACEMENT_2D('',#4136,#4137);
#4136 = CARTESIAN_POINT('',(0.,0.));
#4137 = DIRECTION('',(0.,-1.));
#4138 = ( GEOMETRIC_REPRESENTATION_CONTEXT(2) 
PARAMETRIC_REPRESENTATION_CONTEXT() REPRESENTATION_CONTEXT('2D SPACE',''
  ) );
#4139 = ORIENTED_EDGE('',*,*,#4090,.F.);
#4140 = ADVANCED_FACE('',(#4141),#1176,.F.);
#4141 = FACE_BOUND('',#4142,.T.);
#4142 = EDGE_LOOP('',(#4143,#4144,#4167,#4194));
#4143 = ORIENTED_EDGE('',*,*,#1155,.T.);
#4144 = ORIENTED_EDGE('',*,*,#4145,.T.);
#4145 = EDGE_CURVE('',#1156,#4146,#4148,.T.);
#4146 = VERTEX_POINT('',#4147);
#4147 = CARTESIAN_POINT('',(0.8,41.3,67.));
#4148 = SEAM_CURVE('',#4149,(#4153,#4160),.PCURVE_S1.);
#4149 = LINE('',#4150,#4151);
#4150 = CARTESIAN_POINT('',(-1.,41.3,67.));
#4151 = VECTOR('',#4152,1.);
#4152 = DIRECTION('',(1.,0.,0.));
#4153 = PCURVE('',#1176,#4154);
#4154 = DEFINITIONAL_REPRESENTATION('',(#4155),#4159);
#4155 = LINE('',#4156,#4157);
#4156 = CARTESIAN_POINT('',(-6.28318530718,0.));
#4157 = VECTOR('',#4158,1.);
#4158 = DIRECTION('',(-0.,-1.));
#4159 = ( GEOMETRIC_REPRESENTATION_CONTEXT(2) 
PARAMETRIC_REPRESENTATION_CONTEXT() REPRESENTATION_CONTEXT('2D SPACE',''
  ) );
#4160 = PCURVE('',#1176,#4161);
#4161 = DEFINITIONAL_REPRESENTATION('',(#4162),#4166);
#4162 = LINE('',#4163,#4164);
#4163 = CARTESIAN_POINT('',(-0.,0.));
#4164 = VECTOR('',#4165,1.);
#4165 = DIRECTION('',(-0.,-1.));
#4166 = ( GEOMETRIC_REPRESENTATION_CONTEXT(2) 
PARAMETRIC_REPRESENTATION_CONTEXT() REPRESENTATION_CONTEXT('2D SPACE',''
  ) );
#4167 = ORIENTED_EDGE('',*,*,#4168,.T.);
#4168 = EDGE_CURVE('',#4146,#4146,#4169,.T.);
#4169 = SURFACE_CURVE('',#4170,(#4175,#4182),.PCURVE_S1.);
#4170 = CIRCLE('',#4171,1.3);
#4171 = AXIS2_PLACEMENT_3D('',#4172,#4173,#4174);
#4172 = CARTESIAN_POINT('',(0.8,40.,67.));
#4173 = DIRECTION('',(1.,0.,0.));
#4174 = DIRECTION('',(0.,1.,0.));
#4175 = PCURVE('',#1176,#4176);
#4176 = DEFINITIONAL_REPRESENTATION('',(#4177),#4181);
#4177 = LINE('',#4178,#4179);
#4178 = CARTESIAN_POINT('',(-0.,-1.8));
#4179 = VECTOR('',#4180,1.);
#4180 = DIRECTION('',(-1.,0.));
#4181 = ( GEOMETRIC_REPRESENTATION_CONTEXT(2) 
PARAMETRIC_REPRESENTATION_CONTEXT() REPRESENTATION_CONTEXT('2D SPACE',''
  ) );
#4182 = PCURVE('',#4183,#4188);
#4183 = PLANE('',#4184);
#4184 = AXIS2_PLACEMENT_3D('',#4185,#4186,#4187);
#4185 = CARTESIAN_POINT('',(0.8,40.,67.));
#4186 = DIRECTION('',(1.,0.,0.));
#4187 = DIRECTION('',(-0.,0.,1.));
#4188 = DEFINITIONAL_REPRESENTATION('',(#4189),#4193);
#4189 = CIRCLE('',#4190,1.3);
#4190 = AXIS2_PLACEMENT_2D('',#4191,#4192);
#4191 = CARTESIAN_POINT('',(0.,0.));
#4192 = DIRECTION('',(0.,-1.));
#4193 = ( GEOMETRIC_REPRESENTATION_CONTEXT(2) 
PARAMETRIC_REPRESENTATION_CONTEXT() REPRESENTATION_CONTEXT('2D SPACE',''
  ) );
#4194 = ORIENTED_EDGE('',*,*,#4145,.F.);
#4195 = ADVANCED_FACE('',(#4196),#1211,.F.);
#4196 = FACE_BOUND('',#4197,.T.);
#4197 = EDGE_LOOP('',(#4198,#4199,#4222,#4249));
#4198 = ORIENTED_EDGE('',*,*,#1190,.T.);
#4199 = ORIENTED_EDGE('',*,*,#4200,.T.);
#4200 = EDGE_CURVE('',#1191,#4201,#4203,.T.);
#4201 = VERTEX_POINT('',#4202);
#4202 = CARTESIAN_POINT('',(0.8,35.3,67.));
#4203 = SEAM_CURVE('',#4204,(#4208,#4215),.PCURVE_S1.);
#4204 = LINE('',#4205,#4206);
#4205 = CARTESIAN_POINT('',(-1.,35.3,67.));
#4206 = VECTOR('',#4207,1.);
#4207 = DIRECTION('',(1.,0.,0.));
#4208 = PCURVE('',#1211,#4209);
#4209 = DEFINITIONAL_REPRESENTATION('',(#4210),#4214);
#4210 = LINE('',#4211,#4212);
#4211 = CARTESIAN_POINT('',(-6.28318530718,0.));
#4212 = VECTOR('',#4213,1.);
#4213 = DIRECTION('',(-0.,-1.));
#4214 = ( GEOMETRIC_REPRESENTATION_CONTEXT(2) 
PARAMETRIC_REPRESENTATION_CONTEXT() REPRESENTATION_CONTEXT('2D SPACE',''
  ) );
#4215 = PCURVE('',#1211,#4216);
#4216 = DEFINITIONAL_REPRESENTATION('',(#4217),#4221);
#4217 = LINE('',#4218,#4219);
#4218 = CARTESIAN_POINT('',(-0.,0.));
#4219 = VECTOR('',#4220,1.);
#4220 = DIRECTION('',(-0.,-1.));
#4221 = ( GEOMETRIC_REPRESENTATION_CONTEXT(2) 
PARAMETRIC_REPRESENTATION_CONTEXT() REPRESENTATION_CONTEXT('2D SPACE',''
  ) );
#4222 = ORIENTED_EDGE('',*,*,#4223,.T.);
#4223 = EDGE_CURVE('',#4201,#4201,#4224,.T.);
#4224 = SURFACE_CURVE('',#4225,(#4230,#4237),.PCURVE_S1.);
#4225 = CIRCLE('',#4226,1.3);
#4226 = AXIS2_PLACEMENT_3D('',#4227,#4228,#4229);
#4227 = CARTESIAN_POINT('',(0.8,34.,67.));
#4228 = DIRECTION('',(1.,0.,0.));
#4229 = DIRECTION('',(0.,1.,0.));
#4230 = PCURVE('',#1211,#4231);
#4231 = DEFINITIONAL_REPRESENTATION('',(#4232),#4236);
#4232 = LINE('',#4233,#4234);
#4233 = CARTESIAN_POINT('',(-0.,-1.8));
#4234 = VECTOR('',#4235,1.);
#4235 = DIRECTION('',(-1.,0.));
#4236 = ( GEOMETRIC_REPRESENTATION_CONTEXT(2) 
PARAMETRIC_REPRESENTATION_CONTEXT() REPRESENTATION_CONTEXT('2D SPACE',''
  ) );
#4237 = PCURVE('',#4238,#4243);
#4238 = PLANE('',#4239);
#4239 = AXIS2_PLACEMENT_3D('',#4240,#4241,#4242);
#4240 = CARTESIAN_POINT('',(0.8,34.,67.));
#4241 = DIRECTION('',(1.,0.,0.));
#4242 = DIRECTION('',(-0.,0.,1.));
#4243 = DEFINITIONAL_REPRESENTATION('',(#4244),#4248);
#4244 = CIRCLE('',#4245,1.3);
#4245 = AXIS2_PLACEMENT_2D('',#4246,#4247);
#4246 = CARTESIAN_POINT('',(0.,0.));
#4247 = DIRECTION('',(0.,-1.));
#4248 = ( GEOMETRIC_REPRESENTATION_CONTEXT(2) 
PARAMETRIC_REPRESENTATION_CONTEXT() REPRESENTATION_CONTEXT('2D SPACE',''
  ) );
#4249 = ORIENTED_EDGE('',*,*,#4200,.F.);
#4250 = ADVANCED_FACE('',(#4251),#1246,.F.);
#4251 = FACE_BOUND('',#4252,.T.);
#4252 = EDGE_LOOP('',(#4253,#4254,#4277,#4304));
#4253 = ORIENTED_EDGE('',*,*,#1225,.T.);
#4254 = ORIENTED_EDGE('',*,*,#4255,.T.);
#4255 = EDGE_CURVE('',#1226,#4256,#4258,.T.);
#4256 = VERTEX_POINT('',#4257);
#4257 = CARTESIAN_POINT('',(0.8,29.3,61.));
#4258 = SEAM_CURVE('',#4259,(#4263,#4270),.PCURVE_S1.);
#4259 = LINE('',#4260,#4261);
#4260 = CARTESIAN_POINT('',(-1.,29.3,61.));
#4261 = VECTOR('',#4262,1.);
#4262 = DIRECTION('',(1.,0.,0.));
#4263 = PCURVE('',#1246,#4264);
#4264 = DEFINITIONAL_REPRESENTATION('',(#4265),#4269);
#4265 = LINE('',#4266,#4267);
#4266 = CARTESIAN_POINT('',(-6.28318530718,0.));
#4267 = VECTOR('',#4268,1.);
#4268 = DIRECTION('',(-0.,-1.));
#4269 = ( GEOMETRIC_REPRESENTATION_CONTEXT(2) 
PARAMETRIC_REPRESENTATION_CONTEXT() REPRESENTATION_CONTEXT('2D SPACE',''
  ) );
#4270 = PCURVE('',#1246,#4271);
#4271 = DEFINITIONAL_REPRESENTATION('',(#4272),#4276);
#4272 = LINE('',#4273,#4274);
#4273 = CARTESIAN_POINT('',(-0.,0.));
#4274 = VECTOR('',#4275,1.);
#4275 = DIRECTION('',(-0.,-1.));
#4276 = ( GEOMETRIC_REPRESENTATION_CONTEXT(2) 
PARAMETRIC_REPRESENTATION_CONTEXT() REPRESENTATION_CONTEXT('2D SPACE',''
  ) );
#4277 = ORIENTED_EDGE('',*,*,#4278,.T.);
#4278 = EDGE_CURVE('',#4256,#4256,#4279,.T.);
#4279 = SURFACE_CURVE('',#4280,(#4285,#4292),.PCURVE_S1.);
#4280 = CIRCLE('',#4281,1.3);
#4281 = AXIS2_PLACEMENT_3D('',#4282,#4283,#4284);
#4282 = CARTESIAN_POINT('',(0.8,28.,61.));
#4283 = DIRECTION('',(1.,0.,0.));
#4284 = DIRECTION('',(0.,1.,0.));
#4285 = PCURVE('',#1246,#4286);
#4286 = DEFINITIONAL_REPRESENTATION('',(#4287),#4291);
#4287 = LINE('',#4288,#4289);
#4288 = CARTESIAN_POINT('',(-0.,-1.8));
#4289 = VECTOR('',#4290,1.);
#4290 = DIRECTION('',(-1.,0.));
#4291 = ( GEOMETRIC_REPRESENTATION_CONTEXT(2) 
PARAMETRIC_REPRESENTATION_CONTEXT() REPRESENTATION_CONTEXT('2D SPACE',''
  ) );
#4292 = PCURVE('',#4293,#4298);
#4293 = PLANE('',#4294);
#4294 = AXIS2_PLACEMENT_3D('',#4295,#4296,#4297);
#4295 = CARTESIAN_POINT('',(0.8,28.,61.));
#4296 = DIRECTION('',(1.,0.,0.));
#4297 = DIRECTION('',(-0.,0.,1.));
#4298 = DEFINITIONAL_REPRESENTATION('',(#4299),#4303);
#4299 = CIRCLE('',#4300,1.3);
#4300 = AXIS2_PLACEMENT_2D('',#4301,#4302);
#4301 = CARTESIAN_POINT('',(0.,0.));
#4302 = DIRECTION('',(0.,-1.));
#4303 = ( GEOMETRIC_REPRESENTATION_CONTEXT(2) 
PARAMETRIC_REPRESENTATION_CONTEXT() REPRESENTATION_CONTEXT('2D SPACE',''
  ) );
#4304 = ORIENTED_EDGE('',*,*,#4255,.F.);
#4305 = ADVANCED_FACE('',(#4306),#1281,.F.);
#4306 = FACE_BOUND('',#4307,.T.);
#4307 = EDGE_LOOP('',(#4308,#4309,#4332,#4359));
#4308 = ORIENTED_EDGE('',*,*,#1260,.T.);
#4309 = ORIENTED_EDGE('',*,*,#4310,.T.);
#4310 = EDGE_CURVE('',#1261,#4311,#4313,.T.);
#4311 = VERTEX_POINT('',#4312);
#4312 = CARTESIAN_POINT('',(0.8,23.3,61.));
#4313 = SEAM_CURVE('',#4314,(#4318,#4325),.PCURVE_S1.);
#4314 = LINE('',#4315,#4316);
#4315 = CARTESIAN_POINT('',(-1.,23.3,61.));
#4316 = VECTOR('',#4317,1.);
#4317 = DIRECTION('',(1.,0.,0.));
#4318 = PCURVE('',#1281,#4319);
#4319 = DEFINITIONAL_REPRESENTATION('',(#4320),#4324);
#4320 = LINE('',#4321,#4322);
#4321 = CARTESIAN_POINT('',(-6.28318530718,0.));
#4322 = VECTOR('',#4323,1.);
#4323 = DIRECTION('',(-0.,-1.));
#4324 = ( GEOMETRIC_REPRESENTATION_CONTEXT(2) 
PARAMETRIC_REPRESENTATION_CONTEXT() REPRESENTATION_CONTEXT('2D SPACE',''
  ) );
#4325 = PCURVE('',#1281,#4326);
#4326 = DEFINITIONAL_REPRESENTATION('',(#4327),#4331);
#4327 = LINE('',#4328,#4329);
#4328 = CARTESIAN_POINT('',(-0.,0.));
#4329 = VECTOR('',#4330,1.);
#4330 = DIRECTION('',(-0.,-1.));
#4331 = ( GEOMETRIC_REPRESENTATION_CONTEXT(2) 
PARAMETRIC_REPRESENTATION_CONTEXT() REPRESENTATION_CONTEXT('2D SPACE',''
  ) );
#4332 = ORIENTED_EDGE('',*,*,#4333,.T.);
#4333 = EDGE_CURVE('',#4311,#4311,#4334,.T.);
#4334 = SURFACE_CURVE('',#4335,(#4340,#4347),.PCURVE_S1.);
#4335 = CIRCLE('',#4336,1.3);
#4336 = AXIS2_PLACEMENT_3D('',#4337,#4338,#4339);
#4337 = CARTESIAN_POINT('',(0.8,22.,61.));
#4338 = DIRECTION('',(1.,0.,0.));
#4339 = DIRECTION('',(0.,1.,0.));
#4340 = PCURVE('',#1281,#4341);
#4341 = DEFINITIONAL_REPRESENTATION('',(#4342),#4346);
#4342 = LINE('',#4343,#4344);
#4343 = CARTESIAN_POINT('',(-0.,-1.8));
#4344 = VECTOR('',#4345,1.);
#4345 = DIRECTION('',(-1.,0.));
#4346 = ( GEOMETRIC_REPRESENTATION_CONTEXT(2) 
PARAMETRIC_REPRESENTATION_CONTEXT() REPRESENTATION_CONTEXT('2D SPACE',''
  ) );
#4347 = PCURVE('',#4348,#4353);
#4348 = PLANE('',#4349);
#4349 = AXIS2_PLACEMENT_3D('',#4350,#4351,#4352);
#4350 = CARTESIAN_POINT('',(0.8,22.,61.));
#4351 = DIRECTION('',(1.,0.,0.));
#4352 = DIRECTION('',(-0.,0.,1.));
#4353 = DEFINITIONAL_REPRESENTATION('',(#4354),#4358);
#4354 = CIRCLE('',#4355,1.3);
#4355 = AXIS2_PLACEMENT_2D('',#4356,#4357);
#4356 = CARTESIAN_POINT('',(0.,0.));
#4357 = DIRECTION('',(0.,-1.));
#4358 = ( GEOMETRIC_REPRESENTATION_CONTEXT(2) 
PARAMETRIC_REPRESENTATION_CONTEXT() REPRESENTATION_CONTEXT('2D SPACE',''
  ) );
#4359 = ORIENTED_EDGE('',*,*,#4310,.F.);
#4360 = ADVANCED_FACE('',(#4361),#1316,.F.);
#4361 = FACE_BOUND('',#4362,.T.);
#4362 = EDGE_LOOP('',(#4363,#4364,#4387,#4414));
#4363 = ORIENTED_EDGE('',*,*,#1295,.T.);
#4364 = ORIENTED_EDGE('',*,*,#4365,.T.);
#4365 = EDGE_CURVE('',#1296,#4366,#4368,.T.);
#4366 = VERTEX_POINT('',#4367);
#4367 = CARTESIAN_POINT('',(0.8,29.3,67.));
#4368 = SEAM_CURVE('',#4369,(#4373,#4380),.PCURVE_S1.);
#4369 = LINE('',#4370,#4371);
#4370 = CARTESIAN_POINT('',(-1.,29.3,67.));
#4371 = VECTOR('',#4372,1.);
#4372 = DIRECTION('',(1.,0.,0.));
#4373 = PCURVE('',#1316,#4374);
#4374 = DEFINITIONAL_REPRESENTATION('',(#4375),#4379);
#4375 = LINE('',#4376,#4377);
#4376 = CARTESIAN_POINT('',(-6.28318530718,0.));
#4377 = VECTOR('',#4378,1.);
#4378 = DIRECTION('',(-0.,-1.));
#4379 = ( GEOMETRIC_REPRESENTATION_CONTEXT(2) 
PARAMETRIC_REPRESENTATION_CONTEXT() REPRESENTATION_CONTEXT('2D SPACE',''
  ) );
#4380 = PCURVE('',#1316,#4381);
#4381 = DEFINITIONAL_REPRESENTATION('',(#4382),#4386);
#4382 = LINE('',#4383,#4384);
#4383 = CARTESIAN_POINT('',(-0.,0.));
#4384 = VECTOR('',#4385,1.);
#4385 = DIRECTION('',(-0.,-1.));
#4386 = ( GEOMETRIC_REPRESENTATION_CONTEXT(2) 
PARAMETRIC_REPRESENTATION_CONTEXT() REPRESENTATION_CONTEXT('2D SPACE',''
  ) );
#4387 = ORIENTED_EDGE('',*,*,#4388,.T.);
#4388 = EDGE_CURVE('',#4366,#4366,#4389,.T.);
#4389 = SURFACE_CURVE('',#4390,(#4395,#4402),.PCURVE_S1.);
#4390 = CIRCLE('',#4391,1.3);
#4391 = AXIS2_PLACEMENT_3D('',#4392,#4393,#4394);
#4392 = CARTESIAN_POINT('',(0.8,28.,67.));
#4393 = DIRECTION('',(1.,0.,0.));
#4394 = DIRECTION('',(0.,1.,0.));
#4395 = PCURVE('',#1316,#4396);
#4396 = DEFINITIONAL_REPRESENTATION('',(#4397),#4401);
#4397 = LINE('',#4398,#4399);
#4398 = CARTESIAN_POINT('',(-0.,-1.8));
#4399 = VECTOR('',#4400,1.);
#4400 = DIRECTION('',(-1.,0.));
#4401 = ( GEOMETRIC_REPRESENTATION_CONTEXT(2) 
PARAMETRIC_REPRESENTATION_CONTEXT() REPRESENTATION_CONTEXT('2D SPACE',''
  ) );
#4402 = PCURVE('',#4403,#4408);
#4403 = PLANE('',#4404);
#4404 = AXIS2_PLACEMENT_3D('',#4405,#4406,#4407);
#4405 = CARTESIAN_POINT('',(0.8,28.,67.));
#4406 = DIRECTION('',(1.,0.,0.));
#4407 = DIRECTION('',(-0.,0.,1.));
#4408 = DEFINITIONAL_REPRESENTATION('',(#4409),#4413);
#4409 = CIRCLE('',#4410,1.3);
#4410 = AXIS2_PLACEMENT_2D('',#4411,#4412);
#4411 = CARTESIAN_POINT('',(0.,0.));
#4412 = DIRECTION('',(0.,-1.));
#4413 = ( GEOMETRIC_REPRESENTATION_CONTEXT(2) 
PARAMETRIC_REPRESENTATION_CONTEXT() REPRESENTATION_CONTEXT('2D SPACE',''
  ) );
#4414 = ORIENTED_EDGE('',*,*,#4365,.F.);
#4415 = ADVANCED_FACE('',(#4416),#1351,.F.);
#4416 = FACE_BOUND('',#4417,.T.);
#4417 = EDGE_LOOP('',(#4418,#4419,#4442,#4469));
#4418 = ORIENTED_EDGE('',*,*,#1330,.T.);
#4419 = ORIENTED_EDGE('',*,*,#4420,.T.);
#4420 = EDGE_CURVE('',#1331,#4421,#4423,.T.);
#4421 = VERTEX_POINT('',#4422);
#4422 = CARTESIAN_POINT('',(0.8,23.3,67.));
#4423 = SEAM_CURVE('',#4424,(#4428,#4435),.PCURVE_S1.);
#4424 = LINE('',#4425,#4426);
#4425 = CARTESIAN_POINT('',(-1.,23.3,67.));
#4426 = VECTOR('',#4427,1.);
#4427 = DIRECTION('',(1.,0.,0.));
#4428 = PCURVE('',#1351,#4429);
#4429 = DEFINITIONAL_REPRESENTATION('',(#4430),#4434);
#4430 = LINE('',#4431,#4432);
#4431 = CARTESIAN_POINT('',(-6.28318530718,0.));
#4432 = VECTOR('',#4433,1.);
#4433 = DIRECTION('',(-0.,-1.));
#4434 = ( GEOMETRIC_REPRESENTATION_CONTEXT(2) 
PARAMETRIC_REPRESENTATION_CONTEXT() REPRESENTATION_CONTEXT('2D SPACE',''
  ) );
#4435 = PCURVE('',#1351,#4436);
#4436 = DEFINITIONAL_REPRESENTATION('',(#4437),#4441);
#4437 = LINE('',#4438,#4439);
#4438 = CARTESIAN_POINT('',(-0.,0.));
#4439 = VECTOR('',#4440,1.);
#4440 = DIRECTION('',(-0.,-1.));
#4441 = ( GEOMETRIC_REPRESENTATION_CONTEXT(2) 
PARAMETRIC_REPRESENTATION_CONTEXT() REPRESENTATION_CONTEXT('2D SPACE',''
  ) );
#4442 = ORIENTED_EDGE('',*,*,#4443,.T.);
#4443 = EDGE_CURVE('',#4421,#4421,#4444,.T.);
#4444 = SURFACE_CURVE('',#4445,(#4450,#4457),.PCURVE_S1.);
#4445 = CIRCLE('',#4446,1.3);
#4446 = AXIS2_PLACEMENT_3D('',#4447,#4448,#4449);
#4447 = CARTESIAN_POINT('',(0.8,22.,67.));
#4448 = DIRECTION('',(1.,0.,0.));
#4449 = DIRECTION('',(0.,1.,0.));
#4450 = PCURVE('',#1351,#4451);
#4451 = DEFINITIONAL_REPRESENTATION('',(#4452),#4456);
#4452 = LINE('',#4453,#4454);
#4453 = CARTESIAN_POINT('',(-0.,-1.8));
#4454 = VECTOR('',#4455,1.);
#4455 = DIRECTION('',(-1.,0.));
#4456 = ( GEOMETRIC_REPRESENTATION_CONTEXT(2) 
PARAMETRIC_REPRESENTATION_CONTEXT() REPRESENTATION_CONTEXT('2D SPACE',''
  ) );
#4457 = PCURVE('',#4458,#4463);
#4458 = PLANE('',#4459);
#4459 = AXIS2_PLACEMENT_3D('',#4460,#4461,#4462);
#4460 = CARTESIAN_POINT('',(0.8,22.,67.));
#4461 = DIRECTION('',(1.,0.,0.));
#4462 = DIRECTION('',(-0.,0.,1.));
#4463 = DEFINITIONAL_REPRESENTATION('',(#4464),#4468);
#4464 = CIRCLE('',#4465,1.3);
#4465 = AXIS2_PLACEMENT_2D('',#4466,#4467);
#4466 = CARTESIAN_POINT('',(0.,0.));
#4467 = DIRECTION('',(0.,-1.));
#4468 = ( GEOMETRIC_REPRESENTATION_CONTEXT(2) 
PARAMETRIC_REPRESENTATION_CONTEXT() REPRESENTATION_CONTEXT('2D SPACE',''
  ) );
#4469 = ORIENTED_EDGE('',*,*,#4420,.F.);
#4470 = ADVANCED_FACE('',(#4471),#1485,.T.);
#4471 = FACE_BOUND('',#4472,.T.);
#4472 = EDGE_LOOP('',(#4473,#4474,#4475,#4498,#4539,#4631));
#4473 = ORIENTED_EDGE('',*,*,#1423,.F.);
#4474 = ORIENTED_EDGE('',*,*,#2393,.T.);
#4475 = ORIENTED_EDGE('',*,*,#4476,.T.);
#4476 = EDGE_CURVE('',#2116,#4477,#4479,.T.);
#4477 = VERTEX_POINT('',#4478);
#4478 = CARTESIAN_POINT('',(218.,64.,112.));
#4479 = SURFACE_CURVE('',#4480,(#4484,#4491),.PCURVE_S1.);
#4480 = LINE('',#4481,#4482);
#4481 = CARTESIAN_POINT('',(0.,64.,112.));
#4482 = VECTOR('',#4483,1.);
#4483 = DIRECTION('',(1.,0.,0.));
#4484 = PCURVE('',#1485,#4485);
#4485 = DEFINITIONAL_REPRESENTATION('',(#4486),#4490);
#4486 = LINE('',#4487,#4488);
#4487 = CARTESIAN_POINT('',(1.570796326795,0.));
#4488 = VECTOR('',#4489,1.);
#4489 = DIRECTION('',(0.,1.));
#4490 = ( GEOMETRIC_REPRESENTATION_CONTEXT(2) 
PARAMETRIC_REPRESENTATION_CONTEXT() REPRESENTATION_CONTEXT('2D SPACE',''
  ) );
#4491 = PCURVE('',#2131,#4492);
#4492 = DEFINITIONAL_REPRESENTATION('',(#4493),#4497);
#4493 = LINE('',#4494,#4495);
#4494 = CARTESIAN_POINT('',(16.,0.));
#4495 = VECTOR('',#4496,1.);
#4496 = DIRECTION('',(0.,-1.));
#4497 = ( GEOMETRIC_REPRESENTATION_CONTEXT(2) 
PARAMETRIC_REPRESENTATION_CONTEXT() REPRESENTATION_CONTEXT('2D SPACE',''
  ) );
#4498 = ORIENTED_EDGE('',*,*,#4499,.F.);
#4499 = EDGE_CURVE('',#4500,#4477,#4502,.T.);
#4500 = VERTEX_POINT('',#4501);
#4501 = CARTESIAN_POINT('',(231.07106781036,77.071067809283,
    105.22752330243));
#4502 = SURFACE_CURVE('',#4503,(#4508,#4521),.PCURVE_S1.);
#4503 = ELLIPSE('',#4504,22.62741699797,16.);
#4504 = AXIS2_PLACEMENT_3D('',#4505,#4506,#4507);
#4505 = CARTESIAN_POINT('',(218.,64.,96.));
#4506 = DIRECTION('',(0.707106781187,-0.707106781187,0.));
#4507 = DIRECTION('',(0.707106781187,0.707106781187,0.));
#4508 = PCURVE('',#1485,#4509);
#4509 = DEFINITIONAL_REPRESENTATION('',(#4510),#4520);
#4510 = B_SPLINE_CURVE_WITH_KNOTS('',8,(#4511,#4512,#4513,#4514,#4515,
    #4516,#4517,#4518,#4519),.UNSPECIFIED.,.F.,.F.,(9,9),(0.,
    1.570796326795),.PIECEWISE_BEZIER_KNOTS.);
#4511 = CARTESIAN_POINT('',(0.,234.));
#4512 = CARTESIAN_POINT('',(0.196349540849,234.));
#4513 = CARTESIAN_POINT('',(0.392699081698,233.29502758407));
#4514 = CARTESIAN_POINT('',(0.589048622548,231.88508874084));
#4515 = CARTESIAN_POINT('',(0.785398163398,229.82814001012));
#4516 = CARTESIAN_POINT('',(0.981747704245,227.24021217867));
#4517 = CARTESIAN_POINT('',(1.178097245096,224.28318605304));
#4518 = CARTESIAN_POINT('',(1.374446785946,221.14159265359));
#4519 = CARTESIAN_POINT('',(1.570796326795,218.));
#4520 = ( GEOMETRIC_REPRESENTATION_CONTEXT(2) 
PARAMETRIC_REPRESENTATION_CONTEXT() REPRESENTATION_CONTEXT('2D SPACE',''
  ) );
#4521 = PCURVE('',#4522,#4527);
#4522 = CYLINDRICAL_SURFACE('',#4523,16.);
#4523 = AXIS2_PLACEMENT_3D('',#4524,#4525,#4526);
#4524 = CARTESIAN_POINT('',(218.,0.,96.));
#4525 = DIRECTION('',(-0.,1.,-0.));
#4526 = DIRECTION('',(1.,0.,-0.));
#4527 = DEFINITIONAL_REPRESENTATION('',(#4528),#4538);
#4528 = B_SPLINE_CURVE_WITH_KNOTS('',8,(#4529,#4530,#4531,#4532,#4533,
    #4534,#4535,#4536,#4537),.UNSPECIFIED.,.F.,.F.,(9,9),(0.,
    1.570796326795),.PIECEWISE_BEZIER_KNOTS.);
#4529 = CARTESIAN_POINT('',(0.,80.));
#4530 = CARTESIAN_POINT('',(-0.196349540849,80.));
#4531 = CARTESIAN_POINT('',(-0.392699081699,79.295027584172));
#4532 = CARTESIAN_POINT('',(-0.589048622548,77.885088741546));
#4533 = CARTESIAN_POINT('',(-0.785398163397,75.828140008787));
#4534 = CARTESIAN_POINT('',(-0.981747704247,73.240212179371));
#4535 = CARTESIAN_POINT('',(-1.178097245096,70.283186053042));
#4536 = CARTESIAN_POINT('',(-1.374446785946,67.14159265359));
#4537 = CARTESIAN_POINT('',(-1.570796326795,64.));
#4538 = ( GEOMETRIC_REPRESENTATION_CONTEXT(2) 
PARAMETRIC_REPRESENTATION_CONTEXT() REPRESENTATION_CONTEXT('2D SPACE',''
  ) );
#4539 = ORIENTED_EDGE('',*,*,#4540,.T.);
#4540 = EDGE_CURVE('',#4500,#4541,#4543,.T.);
#4541 = VERTEX_POINT('',#4542);
#4542 = CARTESIAN_POINT('',(224.,80.,96.));
#4543 = SURFACE_CURVE('',#4544,(#4571,#4601),.PCURVE_S1.);
#4544 = B_SPLINE_CURVE_WITH_KNOTS('',7,(#4545,#4546,#4547,#4548,#4549,
    #4550,#4551,#4552,#4553,#4554,#4555,#4556,#4557,#4558,#4559,#4560,
    #4561,#4562,#4563,#4564,#4565,#4566,#4567,#4568,#4569,#4570),
  .UNSPECIFIED.,.F.,.F.,(8,6,6,6,8),(0.,0.151643031389,0.288849716882,
    0.615228504796,1.),.UNSPECIFIED.);
#4545 = CARTESIAN_POINT('',(234.,70.,110.83239697419));
#4546 = CARTESIAN_POINT('',(234.,70.534830382768,110.61604743188));
#4547 = CARTESIAN_POINT('',(233.9666285082,71.051165061735,
    110.3809985417));
#4548 = CARTESIAN_POINT('',(233.90403867165,71.547405269983,
    110.12955429648));
#4549 = CARTESIAN_POINT('',(233.81607082123,72.022403449755,
    109.86417507183));
#4550 = CARTESIAN_POINT('',(233.7063344024,72.475365433332,
    109.58740240322));
#4551 = CARTESIAN_POINT('',(233.57826002613,72.905780439358,
    109.30181751196));
#4552 = CARTESIAN_POINT('',(233.30560996203,73.682174147919,
    108.74602734224));
#4553 = CARTESIAN_POINT('',(233.16329831468,74.033622417123,
    108.47599226135));
#4554 = CARTESIAN_POINT('',(233.0100739455,74.368356469536,
    108.20102701502));
#4555 = CARTESIAN_POINT('',(232.84748605575,74.687115691939,
    107.92202045926));
#4556 = CARTESIAN_POINT('',(232.67678342276,74.990704423347,
    107.63964573262));
#4557 = CARTESIAN_POINT('',(232.4989439468,75.279955975369,
    107.35436204606));
#4558 = CARTESIAN_POINT('',(231.87641878118,76.211630725644,
    106.38149529809));
#4559 = CARTESIAN_POINT('',(231.40054605493,76.793140020714,
    105.6794609039));
#4560 = CARTESIAN_POINT('',(230.89923728374,77.306469521497,
    104.9678836193));
#4561 = CARTESIAN_POINT('',(230.38018616435,77.758261195497,
    104.25128187774));
#4562 = CARTESIAN_POINT('',(229.84783191304,78.154693501439,
    103.53140563193));
#4563 = CARTESIAN_POINT('',(229.30401228246,78.50092929707,
    102.80775373168));
#4564 = CARTESIAN_POINT('',(228.0937397709,79.153956910782,
    101.21753829898));
#4565 = CARTESIAN_POINT('',(227.42508005431,79.441353914398,
    100.35162613249));
#4566 = CARTESIAN_POINT('',(226.7476051671,79.666902917647,
    99.483074649992));
#4567 = CARTESIAN_POINT('',(226.0645759185,79.833874148645,
    98.613405924714));
#4568 = CARTESIAN_POINT('',(225.37806180951,79.944540976221,
    97.743127930754));
#4569 = CARTESIAN_POINT('',(224.68946500825,80.000000086558,
    96.872111250703));
#4570 = CARTESIAN_POINT('',(224.,80.,96.));
#4571 = PCURVE('',#1485,#4572);
#4572 = DEFINITIONAL_REPRESENTATION('',(#4573),#4600);
#4573 = B_SPLINE_CURVE_WITH_KNOTS('',7,(#4574,#4575,#4576,#4577,#4578,
    #4579,#4580,#4581,#4582,#4583,#4584,#4585,#4586,#4587,#4588,#4589,
    #4590,#4591,#4592,#4593,#4594,#4595,#4596,#4597,#4598,#4599),
  .UNSPECIFIED.,.F.,.F.,(8,6,6,6,8),(0.,0.151643031389,0.288849716882,
    0.615228504796,1.),.UNSPECIFIED.);
#4574 = CARTESIAN_POINT('',(1.186399552299,234.));
#4575 = CARTESIAN_POINT('',(1.150341295249,234.));
#4576 = CARTESIAN_POINT('',(1.114916406351,233.9666285082));
#4577 = CARTESIAN_POINT('',(1.080194879999,233.90403867165));
#4578 = CARTESIAN_POINT('',(1.046236557395,233.81607082123));
#4579 = CARTESIAN_POINT('',(1.013097462003,233.7063344024));
#4580 = CARTESIAN_POINT('',(0.980833904717,233.57826002613));
#4581 = CARTESIAN_POINT('',(0.921157370925,233.30560996203));
#4582 = CARTESIAN_POINT('',(0.893472634673,233.16329831468));
#4583 = CARTESIAN_POINT('',(0.86642075052,233.0100739455));
#4584 = CARTESIAN_POINT('',(0.839967116019,232.84748605575));
#4585 = CARTESIAN_POINT('',(0.814071999077,232.67678342276));
#4586 = CARTESIAN_POINT('',(0.788690618746,232.4989439468));
#4587 = CARTESIAN_POINT('',(0.704501296438,231.87641878118));
#4588 = CARTESIAN_POINT('',(0.647674240226,231.40054605493));
#4589 = CARTESIAN_POINT('',(0.593023537837,230.89923728374));
#4590 = CARTESIAN_POINT('',(0.540252441042,230.38018616435));
#4591 = CARTESIAN_POINT('',(0.489024966007,229.84783191304));
#4592 = CARTESIAN_POINT('',(0.438966738928,229.30401228246));
#4593 = CARTESIAN_POINT('',(0.331524345449,228.0937397709));
#4594 = CARTESIAN_POINT('',(0.274638249539,227.42508005431));
#4595 = CARTESIAN_POINT('',(0.218747332501,226.7476051671));
#4596 = CARTESIAN_POINT('',(0.16360219081,226.0645759185));
#4597 = CARTESIAN_POINT('',(0.108945614254,225.37806180951));
#4598 = CARTESIAN_POINT('',(5.450691925877E-02,224.68946500825));
#4599 = CARTESIAN_POINT('',(0.,224.));
#4600 = ( GEOMETRIC_REPRESENTATION_CONTEXT(2) 
PARAMETRIC_REPRESENTATION_CONTEXT() REPRESENTATION_CONTEXT('2D SPACE',''
  ) );
#4601 = PCURVE('',#1852,#4602);
#4602 = DEFINITIONAL_REPRESENTATION('',(#4603),#4630);
#4603 = B_SPLINE_CURVE_WITH_KNOTS('',7,(#4604,#4605,#4606,#4607,#4608,
    #4609,#4610,#4611,#4612,#4613,#4614,#4615,#4616,#4617,#4618,#4619,
    #4620,#4621,#4622,#4623,#4624,#4625,#4626,#4627,#4628,#4629),
  .UNSPECIFIED.,.F.,.F.,(8,6,6,6,8),(0.,0.151643031389,0.288849716882,
    0.615228504796,1.),.UNSPECIFIED.);
#4604 = CARTESIAN_POINT('',(0.,110.83239697419));
#4605 = CARTESIAN_POINT('',(5.348303827676E-02,110.61604743188));
#4606 = CARTESIAN_POINT('',(0.105116557386,110.3809985417));
#4607 = CARTESIAN_POINT('',(0.154990261767,110.12955429648));
#4608 = CARTESIAN_POINT('',(0.203162254164,109.86417507183));
#4609 = CARTESIAN_POINT('',(0.249667264259,109.58740240322));
#4610 = CARTESIAN_POINT('',(0.294521084093,109.30181751196));
#4611 = CARTESIAN_POINT('',(0.376808704557,108.74602734224));
#4612 = CARTESIAN_POINT('',(0.414683612092,108.47599226135));
#4613 = CARTESIAN_POINT('',(0.451440578663,108.20102701502));
#4614 = CARTESIAN_POINT('',(0.487168512945,107.92202045926));
#4615 = CARTESIAN_POINT('',(0.521954259174,107.63964573262));
#4616 = CARTESIAN_POINT('',(0.555884890435,107.35436204606));
#4617 = CARTESIAN_POINT('',(0.667936459908,106.38149529809));
#4618 = CARTESIAN_POINT('',(0.742725327144,105.6794609039));
#4619 = CARTESIAN_POINT('',(0.814059825363,104.9678836193));
#4620 = CARTESIAN_POINT('',(0.882493797835,104.25128187774));
#4621 = CARTESIAN_POINT('',(0.948580157634,103.53140563193));
#4622 = CARTESIAN_POINT('',(1.012880889161,102.80775373168));
#4623 = CARTESIAN_POINT('',(1.15040196451,101.21753829898));
#4624 = CARTESIAN_POINT('',(1.222895683918,100.35162613249));
#4625 = CARTESIAN_POINT('',(1.293900117908,99.483074649992));
#4626 = CARTESIAN_POINT('',(1.363804093555,98.613405924714));
#4627 = CARTESIAN_POINT('',(1.432989695585,97.743127930754));
#4628 = CARTESIAN_POINT('',(1.501849955978,96.872111250703));
#4629 = CARTESIAN_POINT('',(1.570796326795,96.));
#4630 = ( GEOMETRIC_REPRESENTATION_CONTEXT(2) 
PARAMETRIC_REPRESENTATION_CONTEXT() REPRESENTATION_CONTEXT('2D SPACE',''
  ) );
#4631 = ORIENTED_EDGE('',*,*,#4632,.F.);
#4632 = EDGE_CURVE('',#1396,#4541,#4633,.T.);
#4633 = SURFACE_CURVE('',#4634,(#4638,#4645),.PCURVE_S1.);
#4634 = LINE('',#4635,#4636);
#4635 = CARTESIAN_POINT('',(0.,80.,96.));
#4636 = VECTOR('',#4637,1.);
#4637 = DIRECTION('',(1.,0.,0.));
#4638 = PCURVE('',#1485,#4639);
#4639 = DEFINITIONAL_REPRESENTATION('',(#4640),#4644);
#4640 = LINE('',#4641,#4642);
#4641 = CARTESIAN_POINT('',(0.,0.));
#4642 = VECTOR('',#4643,1.);
#4643 = DIRECTION('',(0.,1.));
#4644 = ( GEOMETRIC_REPRESENTATION_CONTEXT(2) 
PARAMETRIC_REPRESENTATION_CONTEXT() REPRESENTATION_CONTEXT('2D SPACE',''
  ) );
#4645 = PCURVE('',#1411,#4646);
#4646 = DEFINITIONAL_REPRESENTATION('',(#4647),#4651);
#4647 = LINE('',#4648,#4649);
#4648 = CARTESIAN_POINT('',(96.,0.));
#4649 = VECTOR('',#4650,1.);
#4650 = DIRECTION('',(0.,1.));
#4651 = ( GEOMETRIC_REPRESENTATION_CONTEXT(2) 
PARAMETRIC_REPRESENTATION_CONTEXT() REPRESENTATION_CONTEXT('2D SPACE',''
  ) );
#4652 = ADVANCED_FACE('',(#4653,#4679),#1411,.T.);
#4653 = FACE_BOUND('',#4654,.T.);
#4654 = EDGE_LOOP('',(#4655,#4656,#4657,#4658));
#4655 = ORIENTED_EDGE('',*,*,#1864,.F.);
#4656 = ORIENTED_EDGE('',*,*,#1395,.T.);
#4657 = ORIENTED_EDGE('',*,*,#4632,.T.);
#4658 = ORIENTED_EDGE('',*,*,#4659,.F.);
#4659 = EDGE_CURVE('',#1836,#4541,#4660,.T.);
#4660 = SURFACE_CURVE('',#4661,(#4665,#4672),.PCURVE_S1.);
#4661 = LINE('',#4662,#4663);
#4662 = CARTESIAN_POINT('',(224.,80.,0.));
#4663 = VECTOR('',#4664,1.);
#4664 = DIRECTION('',(0.,0.,1.));
#4665 = PCURVE('',#1411,#4666);
#4666 = DEFINITIONAL_REPRESENTATION('',(#4667),#4671);
#4667 = LINE('',#4668,#4669);
#4668 = CARTESIAN_POINT('',(0.,224.));
#4669 = VECTOR('',#4670,1.);
#4670 = DIRECTION('',(1.,0.));
#4671 = ( GEOMETRIC_REPRESENTATION_CONTEXT(2) 
PARAMETRIC_REPRESENTATION_CONTEXT() REPRESENTATION_CONTEXT('2D SPACE',''
  ) );
#4672 = PCURVE('',#1852,#4673);
#4673 = DEFINITIONAL_REPRESENTATION('',(#4674),#4678);
#4674 = LINE('',#4675,#4676);
#4675 = CARTESIAN_POINT('',(1.570796326795,0.));
#4676 = VECTOR('',#4677,1.);
#4677 = DIRECTION('',(0.,1.));
#4678 = ( GEOMETRIC_REPRESENTATION_CONTEXT(2) 
PARAMETRIC_REPRESENTATION_CONTEXT() REPRESENTATION_CONTEXT('2D SPACE',''
  ) );
#4679 = FACE_BOUND('',#4680,.T.);
#4680 = EDGE_LOOP('',(#4681));
#4681 = ORIENTED_EDGE('',*,*,#4682,.T.);
#4682 = EDGE_CURVE('',#4683,#4683,#4685,.T.);
#4683 = VERTEX_POINT('',#4684);
#4684 = CARTESIAN_POINT('',(206.1,80.,5.8));
#4685 = SURFACE_CURVE('',#4686,(#4691,#4702),.PCURVE_S1.);
#4686 = CIRCLE('',#4687,2.1);
#4687 = AXIS2_PLACEMENT_3D('',#4688,#4689,#4690);
#4688 = CARTESIAN_POINT('',(204.,80.,5.8));
#4689 = DIRECTION('',(0.,-1.,0.));
#4690 = DIRECTION('',(1.,0.,0.));
#4691 = PCURVE('',#1411,#4692);
#4692 = DEFINITIONAL_REPRESENTATION('',(#4693),#4701);
#4693 = ( BOUNDED_CURVE() B_SPLINE_CURVE(2,(#4694,#4695,#4696,#4697,
#4698,#4699,#4700),.UNSPECIFIED.,.T.,.F.) B_SPLINE_CURVE_WITH_KNOTS((1,2
    ,2,2,2,1),(-2.094395102393,0.,2.094395102393,4.188790204786,
6.28318530718,8.377580409573),.UNSPECIFIED.) CURVE() 
GEOMETRIC_REPRESENTATION_ITEM() RATIONAL_B_SPLINE_CURVE((1.,0.5,1.,0.5,
1.,0.5,1.)) REPRESENTATION_ITEM('') );
#4694 = CARTESIAN_POINT('',(5.8,206.1));
#4695 = CARTESIAN_POINT('',(9.437306695895,206.1));
#4696 = CARTESIAN_POINT('',(7.618653347947,202.95));
#4697 = CARTESIAN_POINT('',(5.8,199.8));
#4698 = CARTESIAN_POINT('',(3.981346652053,202.95));
#4699 = CARTESIAN_POINT('',(2.162693304105,206.1));
#4700 = CARTESIAN_POINT('',(5.8,206.1));
#4701 = ( GEOMETRIC_REPRESENTATION_CONTEXT(2) 
PARAMETRIC_REPRESENTATION_CONTEXT() REPRESENTATION_CONTEXT('2D SPACE',''
  ) );
#4702 = PCURVE('',#4703,#4708);
#4703 = CYLINDRICAL_SURFACE('',#4704,2.1);
#4704 = AXIS2_PLACEMENT_3D('',#4705,#4706,#4707);
#4705 = CARTESIAN_POINT('',(204.,76.4,5.8));
#4706 = DIRECTION('',(0.,-1.,0.));
#4707 = DIRECTION('',(1.,0.,0.));
#4708 = DEFINITIONAL_REPRESENTATION('',(#4709),#4713);
#4709 = LINE('',#4710,#4711);
#4710 = CARTESIAN_POINT('',(0.,-3.6));
#4711 = VECTOR('',#4712,1.);
#4712 = DIRECTION('',(1.,0.));
#4713 = ( GEOMETRIC_REPRESENTATION_CONTEXT(2) 
PARAMETRIC_REPRESENTATION_CONTEXT() REPRESENTATION_CONTEXT('2D SPACE',''
  ) );
#4714 = ADVANCED_FACE('',(#4715,#4763),#1762,.F.);
#4715 = FACE_BOUND('',#4716,.F.);
#4716 = EDGE_LOOP('',(#4717,#4718,#4719,#4742));
#4717 = ORIENTED_EDGE('',*,*,#1746,.F.);
#4718 = ORIENTED_EDGE('',*,*,#2432,.T.);
#4719 = ORIENTED_EDGE('',*,*,#4720,.T.);
#4720 = EDGE_CURVE('',#2433,#4721,#4723,.T.);
#4721 = VERTEX_POINT('',#4722);
#4722 = CARTESIAN_POINT('',(224.,-2.6645352591E-15,96.));
#4723 = SURFACE_CURVE('',#4724,(#4728,#4735),.PCURVE_S1.);
#4724 = LINE('',#4725,#4726);
#4725 = CARTESIAN_POINT('',(0.,-3.552713678801E-15,96.));
#4726 = VECTOR('',#4727,1.);
#4727 = DIRECTION('',(1.,0.,0.));
#4728 = PCURVE('',#1762,#4729);
#4729 = DEFINITIONAL_REPRESENTATION('',(#4730),#4734);
#4730 = LINE('',#4731,#4732);
#4731 = CARTESIAN_POINT('',(96.,0.));
#4732 = VECTOR('',#4733,1.);
#4733 = DIRECTION('',(0.,1.));
#4734 = ( GEOMETRIC_REPRESENTATION_CONTEXT(2) 
PARAMETRIC_REPRESENTATION_CONTEXT() REPRESENTATION_CONTEXT('2D SPACE',''
  ) );
#4735 = PCURVE('',#2166,#4736);
#4736 = DEFINITIONAL_REPRESENTATION('',(#4737),#4741);
#4737 = LINE('',#4738,#4739);
#4738 = CARTESIAN_POINT('',(1.570796326795,0.));
#4739 = VECTOR('',#4740,1.);
#4740 = DIRECTION('',(0.,1.));
#4741 = ( GEOMETRIC_REPRESENTATION_CONTEXT(2) 
PARAMETRIC_REPRESENTATION_CONTEXT() REPRESENTATION_CONTEXT('2D SPACE',''
  ) );
#4742 = ORIENTED_EDGE('',*,*,#4743,.F.);
#4743 = EDGE_CURVE('',#1747,#4721,#4744,.T.);
#4744 = SURFACE_CURVE('',#4745,(#4749,#4756),.PCURVE_S1.);
#4745 = LINE('',#4746,#4747);
#4746 = CARTESIAN_POINT('',(224.,-1.7763568394E-15,0.));
#4747 = VECTOR('',#4748,1.);
#4748 = DIRECTION('',(0.,0.,1.));
#4749 = PCURVE('',#1762,#4750);
#4750 = DEFINITIONAL_REPRESENTATION('',(#4751),#4755);
#4751 = LINE('',#4752,#4753);
#4752 = CARTESIAN_POINT('',(0.,224.));
#4753 = VECTOR('',#4754,1.);
#4754 = DIRECTION('',(1.,0.));
#4755 = ( GEOMETRIC_REPRESENTATION_CONTEXT(2) 
PARAMETRIC_REPRESENTATION_CONTEXT() REPRESENTATION_CONTEXT('2D SPACE',''
  ) );
#4756 = PCURVE('',#1795,#4757);
#4757 = DEFINITIONAL_REPRESENTATION('',(#4758),#4762);
#4758 = LINE('',#4759,#4760);
#4759 = CARTESIAN_POINT('',(-1.570796326795,0.));
#4760 = VECTOR('',#4761,1.);
#4761 = DIRECTION('',(-0.,1.));
#4762 = ( GEOMETRIC_REPRESENTATION_CONTEXT(2) 
PARAMETRIC_REPRESENTATION_CONTEXT() REPRESENTATION_CONTEXT('2D SPACE',''
  ) );
#4763 = FACE_BOUND('',#4764,.F.);
#4764 = EDGE_LOOP('',(#4765,#4793,#4822,#4848,#4877,#4903,#4932,#4958));
#4765 = ORIENTED_EDGE('',*,*,#4766,.F.);
#4766 = EDGE_CURVE('',#4767,#4769,#4771,.T.);
#4767 = VERTEX_POINT('',#4768);
#4768 = CARTESIAN_POINT('',(204.,0.,25.));
#4769 = VERTEX_POINT('',#4770);
#4770 = CARTESIAN_POINT('',(30.,0.,25.));
#4771 = SURFACE_CURVE('',#4772,(#4776,#4782),.PCURVE_S1.);
#4772 = LINE('',#4773,#4774);
#4773 = CARTESIAN_POINT('',(8.5,0.,25.));
#4774 = VECTOR('',#4775,1.);
#4775 = DIRECTION('',(-1.,0.,0.));
#4776 = PCURVE('',#1762,#4777);
#4777 = DEFINITIONAL_REPRESENTATION('',(#4778),#4781);
#4778 = B_SPLINE_CURVE_WITH_KNOTS('',1,(#4779,#4780),.UNSPECIFIED.,.F.,
  .F.,(2,2),(-195.5,-21.5),.PIECEWISE_BEZIER_KNOTS.);
#4779 = CARTESIAN_POINT('',(25.,204.));
#4780 = CARTESIAN_POINT('',(25.,30.));
#4781 = ( GEOMETRIC_REPRESENTATION_CONTEXT(2) 
PARAMETRIC_REPRESENTATION_CONTEXT() REPRESENTATION_CONTEXT('2D SPACE',''
  ) );
#4782 = PCURVE('',#4783,#4788);
#4783 = PLANE('',#4784);
#4784 = AXIS2_PLACEMENT_3D('',#4785,#4786,#4787);
#4785 = CARTESIAN_POINT('',(17.,-1.,25.));
#4786 = DIRECTION('',(0.,0.,-1.));
#4787 = DIRECTION('',(1.,0.,0.));
#4788 = DEFINITIONAL_REPRESENTATION('',(#4789),#4792);
#4789 = B_SPLINE_CURVE_WITH_KNOTS('',1,(#4790,#4791),.UNSPECIFIED.,.F.,
  .F.,(2,2),(-195.5,-21.5),.PIECEWISE_BEZIER_KNOTS.);
#4790 = CARTESIAN_POINT('',(187.,-1.));
#4791 = CARTESIAN_POINT('',(13.,-1.));
#4792 = ( GEOMETRIC_REPRESENTATION_CONTEXT(2) 
PARAMETRIC_REPRESENTATION_CONTEXT() REPRESENTATION_CONTEXT('2D SPACE',''
  ) );
#4793 = ORIENTED_EDGE('',*,*,#4794,.F.);
#4794 = EDGE_CURVE('',#4795,#4767,#4797,.T.);
#4795 = VERTEX_POINT('',#4796);
#4796 = CARTESIAN_POINT('',(217.,0.,38.));
#4797 = SURFACE_CURVE('',#4798,(#4803,#4810),.PCURVE_S1.);
#4798 = CIRCLE('',#4799,13.);
#4799 = AXIS2_PLACEMENT_3D('',#4800,#4801,#4802);
#4800 = CARTESIAN_POINT('',(204.,0.,38.));
#4801 = DIRECTION('',(-0.,1.,0.));
#4802 = DIRECTION('',(0.,0.,-1.));
#4803 = PCURVE('',#1762,#4804);
#4804 = DEFINITIONAL_REPRESENTATION('',(#4805),#4809);
#4805 = CIRCLE('',#4806,13.);
#4806 = AXIS2_PLACEMENT_2D('',#4807,#4808);
#4807 = CARTESIAN_POINT('',(38.,204.));
#4808 = DIRECTION('',(-1.,0.));
#4809 = ( GEOMETRIC_REPRESENTATION_CONTEXT(2) 
PARAMETRIC_REPRESENTATION_CONTEXT() REPRESENTATION_CONTEXT('2D SPACE',''
  ) );
#4810 = PCURVE('',#4811,#4816);
#4811 = CYLINDRICAL_SURFACE('',#4812,13.);
#4812 = AXIS2_PLACEMENT_3D('',#4813,#4814,#4815);
#4813 = CARTESIAN_POINT('',(204.,-1.,38.));
#4814 = DIRECTION('',(-0.,1.,-0.));
#4815 = DIRECTION('',(0.,0.,-1.));
#4816 = DEFINITIONAL_REPRESENTATION('',(#4817),#4821);
#4817 = LINE('',#4818,#4819);
#4818 = CARTESIAN_POINT('',(-6.28318530718,1.));
#4819 = VECTOR('',#4820,1.);
#4820 = DIRECTION('',(1.,-0.));
#4821 = ( GEOMETRIC_REPRESENTATION_CONTEXT(2) 
PARAMETRIC_REPRESENTATION_CONTEXT() REPRESENTATION_CONTEXT('2D SPACE',''
  ) );
#4822 = ORIENTED_EDGE('',*,*,#4823,.F.);
#4823 = EDGE_CURVE('',#4824,#4795,#4826,.T.);
#4824 = VERTEX_POINT('',#4825);
#4825 = CARTESIAN_POINT('',(217.,0.,82.));
#4826 = SURFACE_CURVE('',#4827,(#4831,#4837),.PCURVE_S1.);
#4827 = LINE('',#4828,#4829);
#4828 = CARTESIAN_POINT('',(217.,0.,12.5));
#4829 = VECTOR('',#4830,1.);
#4830 = DIRECTION('',(-0.,0.,-1.));
#4831 = PCURVE('',#1762,#4832);
#4832 = DEFINITIONAL_REPRESENTATION('',(#4833),#4836);
#4833 = B_SPLINE_CURVE_WITH_KNOTS('',1,(#4834,#4835),.UNSPECIFIED.,.F.,
  .F.,(2,2),(-69.5,-25.5),.PIECEWISE_BEZIER_KNOTS.);
#4834 = CARTESIAN_POINT('',(82.,217.));
#4835 = CARTESIAN_POINT('',(38.,217.));
#4836 = ( GEOMETRIC_REPRESENTATION_CONTEXT(2) 
PARAMETRIC_REPRESENTATION_CONTEXT() REPRESENTATION_CONTEXT('2D SPACE',''
  ) );
#4837 = PCURVE('',#4838,#4843);
#4838 = PLANE('',#4839);
#4839 = AXIS2_PLACEMENT_3D('',#4840,#4841,#4842);
#4840 = CARTESIAN_POINT('',(217.,-1.,25.));
#4841 = DIRECTION('',(1.,0.,-0.));
#4842 = DIRECTION('',(0.,0.,1.));
#4843 = DEFINITIONAL_REPRESENTATION('',(#4844),#4847);
#4844 = B_SPLINE_CURVE_WITH_KNOTS('',1,(#4845,#4846),.UNSPECIFIED.,.F.,
  .F.,(2,2),(-69.5,-25.5),.PIECEWISE_BEZIER_KNOTS.);
#4845 = CARTESIAN_POINT('',(57.,-1.));
#4846 = CARTESIAN_POINT('',(13.,-1.));
#4847 = ( GEOMETRIC_REPRESENTATION_CONTEXT(2) 
PARAMETRIC_REPRESENTATION_CONTEXT() REPRESENTATION_CONTEXT('2D SPACE',''
  ) );
#4848 = ORIENTED_EDGE('',*,*,#4849,.F.);
#4849 = EDGE_CURVE('',#4850,#4824,#4852,.T.);
#4850 = VERTEX_POINT('',#4851);
#4851 = CARTESIAN_POINT('',(204.,0.,95.));
#4852 = SURFACE_CURVE('',#4853,(#4858,#4865),.PCURVE_S1.);
#4853 = CIRCLE('',#4854,13.);
#4854 = AXIS2_PLACEMENT_3D('',#4855,#4856,#4857);
#4855 = CARTESIAN_POINT('',(204.,0.,82.));
#4856 = DIRECTION('',(-0.,1.,-0.));
#4857 = DIRECTION('',(1.,0.,-0.));
#4858 = PCURVE('',#1762,#4859);
#4859 = DEFINITIONAL_REPRESENTATION('',(#4860),#4864);
#4860 = CIRCLE('',#4861,13.);
#4861 = AXIS2_PLACEMENT_2D('',#4862,#4863);
#4862 = CARTESIAN_POINT('',(82.,204.));
#4863 = DIRECTION('',(0.,1.));
#4864 = ( GEOMETRIC_REPRESENTATION_CONTEXT(2) 
PARAMETRIC_REPRESENTATION_CONTEXT() REPRESENTATION_CONTEXT('2D SPACE',''
  ) );
#4865 = PCURVE('',#4866,#4871);
#4866 = CYLINDRICAL_SURFACE('',#4867,13.);
#4867 = AXIS2_PLACEMENT_3D('',#4868,#4869,#4870);
#4868 = CARTESIAN_POINT('',(204.,-1.,82.));
#4869 = DIRECTION('',(-0.,1.,-0.));
#4870 = DIRECTION('',(1.,0.,-0.));
#4871 = DEFINITIONAL_REPRESENTATION('',(#4872),#4876);
#4872 = LINE('',#4873,#4874);
#4873 = CARTESIAN_POINT('',(-6.28318530718,1.));
#4874 = VECTOR('',#4875,1.);
#4875 = DIRECTION('',(1.,-0.));
#4876 = ( GEOMETRIC_REPRESENTATION_CONTEXT(2) 
PARAMETRIC_REPRESENTATION_CONTEXT() REPRESENTATION_CONTEXT('2D SPACE',''
  ) );
#4877 = ORIENTED_EDGE('',*,*,#4878,.F.);
#4878 = EDGE_CURVE('',#4879,#4850,#4881,.T.);
#4879 = VERTEX_POINT('',#4880);
#4880 = CARTESIAN_POINT('',(30.,0.,95.));
#4881 = SURFACE_CURVE('',#4882,(#4886,#4892),.PCURVE_S1.);
#4882 = LINE('',#4883,#4884);
#4883 = CARTESIAN_POINT('',(108.5,0.,95.));
#4884 = VECTOR('',#4885,1.);
#4885 = DIRECTION('',(1.,0.,0.));
#4886 = PCURVE('',#1762,#4887);
#4887 = DEFINITIONAL_REPRESENTATION('',(#4888),#4891);
#4888 = B_SPLINE_CURVE_WITH_KNOTS('',1,(#4889,#4890),.UNSPECIFIED.,.F.,
  .F.,(2,2),(-78.5,95.5),.PIECEWISE_BEZIER_KNOTS.);
#4889 = CARTESIAN_POINT('',(95.,30.));
#4890 = CARTESIAN_POINT('',(95.,204.));
#4891 = ( GEOMETRIC_REPRESENTATION_CONTEXT(2) 
PARAMETRIC_REPRESENTATION_CONTEXT() REPRESENTATION_CONTEXT('2D SPACE',''
  ) );
#4892 = PCURVE('',#4893,#4898);
#4893 = PLANE('',#4894);
#4894 = AXIS2_PLACEMENT_3D('',#4895,#4896,#4897);
#4895 = CARTESIAN_POINT('',(217.,-1.,95.));
#4896 = DIRECTION('',(0.,0.,1.));
#4897 = DIRECTION('',(-1.,0.,0.));
#4898 = DEFINITIONAL_REPRESENTATION('',(#4899),#4902);
#4899 = B_SPLINE_CURVE_WITH_KNOTS('',1,(#4900,#4901),.UNSPECIFIED.,.F.,
  .F.,(2,2),(-78.5,95.5),.PIECEWISE_BEZIER_KNOTS.);
#4900 = CARTESIAN_POINT('',(187.,-1.));
#4901 = CARTESIAN_POINT('',(13.,-1.));
#4902 = ( GEOMETRIC_REPRESENTATION_CONTEXT(2) 
PARAMETRIC_REPRESENTATION_CONTEXT() REPRESENTATION_CONTEXT('2D SPACE',''
  ) );
#4903 = ORIENTED_EDGE('',*,*,#4904,.F.);
#4904 = EDGE_CURVE('',#4905,#4879,#4907,.T.);
#4905 = VERTEX_POINT('',#4906);
#4906 = CARTESIAN_POINT('',(17.,0.,82.));
#4907 = SURFACE_CURVE('',#4908,(#4913,#4920),.PCURVE_S1.);
#4908 = CIRCLE('',#4909,13.);
#4909 = AXIS2_PLACEMENT_3D('',#4910,#4911,#4912);
#4910 = CARTESIAN_POINT('',(30.,0.,82.));
#4911 = DIRECTION('',(-0.,1.,0.));
#4912 = DIRECTION('',(0.,0.,1.));
#4913 = PCURVE('',#1762,#4914);
#4914 = DEFINITIONAL_REPRESENTATION('',(#4915),#4919);
#4915 = CIRCLE('',#4916,13.);
#4916 = AXIS2_PLACEMENT_2D('',#4917,#4918);
#4917 = CARTESIAN_POINT('',(82.,30.));
#4918 = DIRECTION('',(1.,0.));
#4919 = ( GEOMETRIC_REPRESENTATION_CONTEXT(2) 
PARAMETRIC_REPRESENTATION_CONTEXT() REPRESENTATION_CONTEXT('2D SPACE',''
  ) );
#4920 = PCURVE('',#4921,#4926);
#4921 = CYLINDRICAL_SURFACE('',#4922,13.);
#4922 = AXIS2_PLACEMENT_3D('',#4923,#4924,#4925);
#4923 = CARTESIAN_POINT('',(30.,-1.,82.));
#4924 = DIRECTION('',(-0.,1.,-0.));
#4925 = DIRECTION('',(0.,0.,1.));
#4926 = DEFINITIONAL_REPRESENTATION('',(#4927),#4931);
#4927 = LINE('',#4928,#4929);
#4928 = CARTESIAN_POINT('',(-6.28318530718,1.));
#4929 = VECTOR('',#4930,1.);
#4930 = DIRECTION('',(1.,-0.));
#4931 = ( GEOMETRIC_REPRESENTATION_CONTEXT(2) 
PARAMETRIC_REPRESENTATION_CONTEXT() REPRESENTATION_CONTEXT('2D SPACE',''
  ) );
#4932 = ORIENTED_EDGE('',*,*,#4933,.F.);
#4933 = EDGE_CURVE('',#4934,#4905,#4936,.T.);
#4934 = VERTEX_POINT('',#4935);
#4935 = CARTESIAN_POINT('',(17.,0.,38.));
#4936 = SURFACE_CURVE('',#4937,(#4941,#4947),.PCURVE_S1.);
#4937 = LINE('',#4938,#4939);
#4938 = CARTESIAN_POINT('',(17.,0.,47.5));
#4939 = VECTOR('',#4940,1.);
#4940 = DIRECTION('',(0.,0.,1.));
#4941 = PCURVE('',#1762,#4942);
#4942 = DEFINITIONAL_REPRESENTATION('',(#4943),#4946);
#4943 = B_SPLINE_CURVE_WITH_KNOTS('',1,(#4944,#4945),.UNSPECIFIED.,.F.,
  .F.,(2,2),(-9.5,34.5),.PIECEWISE_BEZIER_KNOTS.);
#4944 = CARTESIAN_POINT('',(38.,17.));
#4945 = CARTESIAN_POINT('',(82.,17.));
#4946 = ( GEOMETRIC_REPRESENTATION_CONTEXT(2) 
PARAMETRIC_REPRESENTATION_CONTEXT() REPRESENTATION_CONTEXT('2D SPACE',''
  ) );
#4947 = PCURVE('',#4948,#4953);
#4948 = PLANE('',#4949);
#4949 = AXIS2_PLACEMENT_3D('',#4950,#4951,#4952);
#4950 = CARTESIAN_POINT('',(17.,-1.,95.));
#4951 = DIRECTION('',(-1.,-0.,-0.));
#4952 = DIRECTION('',(0.,0.,-1.));
#4953 = DEFINITIONAL_REPRESENTATION('',(#4954),#4957);
#4954 = B_SPLINE_CURVE_WITH_KNOTS('',1,(#4955,#4956),.UNSPECIFIED.,.F.,
  .F.,(2,2),(-9.5,34.5),.PIECEWISE_BEZIER_KNOTS.);
#4955 = CARTESIAN_POINT('',(57.,-1.));
#4956 = CARTESIAN_POINT('',(13.,-1.));
#4957 = ( GEOMETRIC_REPRESENTATION_CONTEXT(2) 
PARAMETRIC_REPRESENTATION_CONTEXT() REPRESENTATION_CONTEXT('2D SPACE',''
  ) );
#4958 = ORIENTED_EDGE('',*,*,#4959,.F.);
#4959 = EDGE_CURVE('',#4769,#4934,#4960,.T.);
#4960 = SURFACE_CURVE('',#4961,(#4966,#4973),.PCURVE_S1.);
#4961 = CIRCLE('',#4962,13.);
#4962 = AXIS2_PLACEMENT_3D('',#4963,#4964,#4965);
#4963 = CARTESIAN_POINT('',(30.,0.,38.));
#4964 = DIRECTION('',(-0.,1.,0.));
#4965 = DIRECTION('',(0.,0.,-1.));
#4966 = PCURVE('',#1762,#4967);
#4967 = DEFINITIONAL_REPRESENTATION('',(#4968),#4972);
#4968 = CIRCLE('',#4969,13.);
#4969 = AXIS2_PLACEMENT_2D('',#4970,#4971);
#4970 = CARTESIAN_POINT('',(38.,30.));
#4971 = DIRECTION('',(-1.,0.));
#4972 = ( GEOMETRIC_REPRESENTATION_CONTEXT(2) 
PARAMETRIC_REPRESENTATION_CONTEXT() REPRESENTATION_CONTEXT('2D SPACE',''
  ) );
#4973 = PCURVE('',#4974,#4979);
#4974 = CYLINDRICAL_SURFACE('',#4975,13.);
#4975 = AXIS2_PLACEMENT_3D('',#4976,#4977,#4978);
#4976 = CARTESIAN_POINT('',(30.,-1.,38.));
#4977 = DIRECTION('',(-0.,1.,-0.));
#4978 = DIRECTION('',(0.,0.,-1.));
#4979 = DEFINITIONAL_REPRESENTATION('',(#4980),#4984);
#4980 = LINE('',#4981,#4982);
#4981 = CARTESIAN_POINT('',(0.,1.));
#4982 = VECTOR('',#4983,1.);
#4983 = DIRECTION('',(1.,0.));
#4984 = ( GEOMETRIC_REPRESENTATION_CONTEXT(2) 
PARAMETRIC_REPRESENTATION_CONTEXT() REPRESENTATION_CONTEXT('2D SPACE',''
  ) );
#4985 = ADVANCED_FACE('',(#4986),#1795,.T.);
#4986 = FACE_BOUND('',#4987,.F.);
#4987 = EDGE_LOOP('',(#4988,#5011,#5012,#5013,#5105));
#4988 = ORIENTED_EDGE('',*,*,#4989,.F.);
#4989 = EDGE_CURVE('',#1775,#4990,#4992,.T.);
#4990 = VERTEX_POINT('',#4991);
#4991 = CARTESIAN_POINT('',(234.,10.,96.));
#4992 = SURFACE_CURVE('',#4993,(#4997,#5004),.PCURVE_S1.);
#4993 = LINE('',#4994,#4995);
#4994 = CARTESIAN_POINT('',(234.,10.,0.));
#4995 = VECTOR('',#4996,1.);
#4996 = DIRECTION('',(0.,0.,1.));
#4997 = PCURVE('',#1795,#4998);
#4998 = DEFINITIONAL_REPRESENTATION('',(#4999),#5003);
#4999 = LINE('',#5000,#5001);
#5000 = CARTESIAN_POINT('',(-0.,0.));
#5001 = VECTOR('',#5002,1.);
#5002 = DIRECTION('',(-0.,1.));
#5003 = ( GEOMETRIC_REPRESENTATION_CONTEXT(2) 
PARAMETRIC_REPRESENTATION_CONTEXT() REPRESENTATION_CONTEXT('2D SPACE',''
  ) );
#5004 = PCURVE('',#1823,#5005);
#5005 = DEFINITIONAL_REPRESENTATION('',(#5006),#5010);
#5006 = LINE('',#5007,#5008);
#5007 = CARTESIAN_POINT('',(0.,-10.));
#5008 = VECTOR('',#5009,1.);
#5009 = DIRECTION('',(1.,0.));
#5010 = ( GEOMETRIC_REPRESENTATION_CONTEXT(2) 
PARAMETRIC_REPRESENTATION_CONTEXT() REPRESENTATION_CONTEXT('2D SPACE',''
  ) );
#5011 = ORIENTED_EDGE('',*,*,#1774,.T.);
#5012 = ORIENTED_EDGE('',*,*,#4743,.T.);
#5013 = ORIENTED_EDGE('',*,*,#5014,.F.);
#5014 = EDGE_CURVE('',#5015,#4721,#5017,.T.);
#5015 = VERTEX_POINT('',#5016);
#5016 = CARTESIAN_POINT('',(231.07106781036,2.928932190717,
    105.22752330243));
#5017 = SURFACE_CURVE('',#5018,(#5045,#5075),.PCURVE_S1.);
#5018 = B_SPLINE_CURVE_WITH_KNOTS('',7,(#5019,#5020,#5021,#5022,#5023,
    #5024,#5025,#5026,#5027,#5028,#5029,#5030,#5031,#5032,#5033,#5034,
    #5035,#5036,#5037,#5038,#5039,#5040,#5041,#5042,#5043,#5044),
  .UNSPECIFIED.,.F.,.F.,(8,6,6,6,8),(0.,0.151643031432,0.288849716918,
    0.615228504816,1.),.UNSPECIFIED.);
#5019 = CARTESIAN_POINT('',(234.,10.,110.83239697419));
#5020 = CARTESIAN_POINT('',(234.,9.46516961738,110.61604743194));
#5021 = CARTESIAN_POINT('',(233.96662850822,8.948834938287,
    110.38099854172));
#5022 = CARTESIAN_POINT('',(233.90403867165,8.452594729905,
    110.12955429643));
#5023 = CARTESIAN_POINT('',(233.8160708212,7.977596550127,
    109.86417507175));
#5024 = CARTESIAN_POINT('',(233.70633440239,7.524634566678,
    109.58740240321));
#5025 = CARTESIAN_POINT('',(233.57826002618,7.09421956078,
    109.30181751206));
#5026 = CARTESIAN_POINT('',(233.30560996203,6.317825852082,
    108.74602734224));
#5027 = CARTESIAN_POINT('',(233.16329831468,5.966377582877,
    108.47599226135));
#5028 = CARTESIAN_POINT('',(233.0100739455,5.631643530464,
    108.20102701502));
#5029 = CARTESIAN_POINT('',(232.84748605575,5.312884308061,
    107.92202045926));
#5030 = CARTESIAN_POINT('',(232.67678342276,5.009295576652,
    107.63964573262));
#5031 = CARTESIAN_POINT('',(232.4989439468,4.720044024631,
    107.35436204606));
#5032 = CARTESIAN_POINT('',(231.87641878118,3.788369274356,
    106.38149529809));
#5033 = CARTESIAN_POINT('',(231.40054605493,3.206859979287,
    105.6794609039));
#5034 = CARTESIAN_POINT('',(230.89923728374,2.693530478504,
    104.96788361931));
#5035 = CARTESIAN_POINT('',(230.38018616435,2.241738804502,
    104.25128187774));
#5036 = CARTESIAN_POINT('',(229.84783191304,1.84530649856,
    103.53140563193));
#5037 = CARTESIAN_POINT('',(229.30401228246,1.499070702931,
    102.80775373168));
#5038 = CARTESIAN_POINT('',(228.0937397709,0.846043089218,
    101.21753829898));
#5039 = CARTESIAN_POINT('',(227.42508005431,0.558646085602,
    100.35162613249));
#5040 = CARTESIAN_POINT('',(226.7476051671,0.333097082353,
    99.483074649994));
#5041 = CARTESIAN_POINT('',(226.0645759185,0.166125851355,
    98.613405924716));
#5042 = CARTESIAN_POINT('',(225.37806180951,5.545902377869E-02,
    97.743127930754));
#5043 = CARTESIAN_POINT('',(224.68946500825,-8.655828056695E-08,
    96.872111250702));
#5044 = CARTESIAN_POINT('',(224.,-2.6645352591E-15,96.));
#5045 = PCURVE('',#1795,#5046);
#5046 = DEFINITIONAL_REPRESENTATION('',(#5047),#5074);
#5047 = B_SPLINE_CURVE_WITH_KNOTS('',7,(#5048,#5049,#5050,#5051,#5052,
    #5053,#5054,#5055,#5056,#5057,#5058,#5059,#5060,#5061,#5062,#5063,
    #5064,#5065,#5066,#5067,#5068,#5069,#5070,#5071,#5072,#5073),
  .UNSPECIFIED.,.F.,.F.,(8,6,6,6,8),(0.,0.151643031432,0.288849716918,
    0.615228504816,1.),.UNSPECIFIED.);
#5048 = CARTESIAN_POINT('',(0.,110.83239697419));
#5049 = CARTESIAN_POINT('',(-5.348303826196E-02,110.61604743194));
#5050 = CARTESIAN_POINT('',(-0.105116557383,110.38099854172));
#5051 = CARTESIAN_POINT('',(-0.154990261778,110.12955429643));
#5052 = CARTESIAN_POINT('',(-0.203162254176,109.86417507175));
#5053 = CARTESIAN_POINT('',(-0.249667264259,109.58740240321));
#5054 = CARTESIAN_POINT('',(-0.294521084079,109.30181751206));
#5055 = CARTESIAN_POINT('',(-0.376808704556,108.74602734224));
#5056 = CARTESIAN_POINT('',(-0.414683612092,108.47599226135));
#5057 = CARTESIAN_POINT('',(-0.451440578663,108.20102701502));
#5058 = CARTESIAN_POINT('',(-0.487168512945,107.92202045926));
#5059 = CARTESIAN_POINT('',(-0.521954259174,107.63964573262));
#5060 = CARTESIAN_POINT('',(-0.555884890435,107.35436204606));
#5061 = CARTESIAN_POINT('',(-0.667936459908,106.38149529809));
#5062 = CARTESIAN_POINT('',(-0.742725327144,105.6794609039));
#5063 = CARTESIAN_POINT('',(-0.814059825362,104.96788361931));
#5064 = CARTESIAN_POINT('',(-0.882493797835,104.25128187774));
#5065 = CARTESIAN_POINT('',(-0.948580157634,103.53140563193));
#5066 = CARTESIAN_POINT('',(-1.012880889161,102.80775373168));
#5067 = CARTESIAN_POINT('',(-1.15040196451,101.21753829898));
#5068 = CARTESIAN_POINT('',(-1.222895683918,100.35162613249));
#5069 = CARTESIAN_POINT('',(-1.293900117908,99.483074649994));
#5070 = CARTESIAN_POINT('',(-1.363804093555,98.613405924716));
#5071 = CARTESIAN_POINT('',(-1.432989695585,97.743127930754));
#5072 = CARTESIAN_POINT('',(-1.501849955978,96.872111250702));
#5073 = CARTESIAN_POINT('',(-1.570796326795,96.));
#5074 = ( GEOMETRIC_REPRESENTATION_CONTEXT(2) 
PARAMETRIC_REPRESENTATION_CONTEXT() REPRESENTATION_CONTEXT('2D SPACE',''
  ) );
#5075 = PCURVE('',#2166,#5076);
#5076 = DEFINITIONAL_REPRESENTATION('',(#5077),#5104);
#5077 = B_SPLINE_CURVE_WITH_KNOTS('',7,(#5078,#5079,#5080,#5081,#5082,
    #5083,#5084,#5085,#5086,#5087,#5088,#5089,#5090,#5091,#5092,#5093,
    #5094,#5095,#5096,#5097,#5098,#5099,#5100,#5101,#5102,#5103),
  .UNSPECIFIED.,.F.,.F.,(8,6,6,6,8),(0.,0.151643031432,0.288849716918,
    0.615228504816,1.),.UNSPECIFIED.);
#5078 = CARTESIAN_POINT('',(0.384396774496,234.));
#5079 = CARTESIAN_POINT('',(0.420455031536,234.));
#5080 = CARTESIAN_POINT('',(0.455879920442,233.96662850822));
#5081 = CARTESIAN_POINT('',(0.490601446803,233.90403867165));
#5082 = CARTESIAN_POINT('',(0.524559769408,233.8160708212));
#5083 = CARTESIAN_POINT('',(0.557698864791,233.70633440239));
#5084 = CARTESIAN_POINT('',(0.589962422068,233.57826002618));
#5085 = CARTESIAN_POINT('',(0.64963895587,233.30560996203));
#5086 = CARTESIAN_POINT('',(0.677323692122,233.16329831468));
#5087 = CARTESIAN_POINT('',(0.704375576275,233.0100739455));
#5088 = CARTESIAN_POINT('',(0.730829210776,232.84748605575));
#5089 = CARTESIAN_POINT('',(0.756724327717,232.67678342276));
#5090 = CARTESIAN_POINT('',(0.782105708049,232.4989439468));
#5091 = CARTESIAN_POINT('',(0.866295030356,231.87641878118));
#5092 = CARTESIAN_POINT('',(0.923122086569,231.40054605493));
#5093 = CARTESIAN_POINT('',(0.977772788958,230.89923728374));
#5094 = CARTESIAN_POINT('',(1.030543885753,230.38018616435));
#5095 = CARTESIAN_POINT('',(1.081771360788,229.84783191304));
#5096 = CARTESIAN_POINT('',(1.131829587866,229.30401228246));
#5097 = CARTESIAN_POINT('',(1.239271981346,228.0937397709));
#5098 = CARTESIAN_POINT('',(1.296158077256,227.42508005431));
#5099 = CARTESIAN_POINT('',(1.352048994293,226.7476051671));
#5100 = CARTESIAN_POINT('',(1.407194135985,226.0645759185));
#5101 = CARTESIAN_POINT('',(1.46185071254,225.37806180951));
#5102 = CARTESIAN_POINT('',(1.516289407536,224.68946500825));
#5103 = CARTESIAN_POINT('',(1.570796326795,224.));
#5104 = ( GEOMETRIC_REPRESENTATION_CONTEXT(2) 
PARAMETRIC_REPRESENTATION_CONTEXT() REPRESENTATION_CONTEXT('2D SPACE',''
  ) );
#5105 = ORIENTED_EDGE('',*,*,#5106,.F.);
#5106 = EDGE_CURVE('',#4990,#5015,#5107,.T.);
#5107 = SURFACE_CURVE('',#5108,(#5189,#5273),.PCURVE_S1.);
#5108 = B_SPLINE_CURVE_WITH_KNOTS('',7,(#5109,#5110,#5111,#5112,#5113,
    #5114,#5115,#5116,#5117,#5118,#5119,#5120,#5121,#5122,#5123,#5124,
    #5125,#5126,#5127,#5128,#5129,#5130,#5131,#5132,#5133,#5134,#5135,
    #5136,#5137,#5138,#5139,#5140,#5141,#5142,#5143,#5144,#5145,#5146,
    #5147,#5148,#5149,#5150,#5151,#5152,#5153,#5154,#5155,#5156,#5157,
    #5158,#5159,#5160,#5161,#5162,#5163,#5164,#5165,#5166,#5167,#5168,
    #5169,#5170,#5171,#5172,#5173,#5174,#5175,#5176,#5177,#5178,#5179,
    #5180,#5181,#5182,#5183,#5184,#5185,#5186,#5187,#5188),
  .UNSPECIFIED.,.F.,.F.,(8,6,6,6,6,6,6,6,6,6,6,6,6,8),(0.,
    7.104099330953E-04,1.420819510443E-03,2.106731534385E-03,
    2.743648968399E-03,3.380565297777E-03,4.090970355597E-03,
    4.801373364351E-03,5.511773968227E-03,6.222171811457E-03,
    0.341304579601,0.64466922491,0.783146414039,1.),.UNSPECIFIED.);
#5109 = CARTESIAN_POINT('',(234.,10.,96.));
#5110 = CARTESIAN_POINT('',(234.,9.998728987455,96.001607717834));
#5111 = CARTESIAN_POINT('',(233.99999981152,9.997457974908,
    96.003215435667));
#5112 = CARTESIAN_POINT('',(233.99999943458,9.996186962373,
    96.004823153495));
#5113 = CARTESIAN_POINT('',(233.99999886916,9.994915949863,
    96.006430871317));
#5114 = CARTESIAN_POINT('',(233.99999811528,9.993644937389,
    96.008038589127));
#5115 = CARTESIAN_POINT('',(233.99999717292,9.992373924966,
    96.009646306923));
#5116 = CARTESIAN_POINT('',(233.99999491126,9.989831900879,
    96.012861741675));
#5117 = CARTESIAN_POINT('',(233.99999359195,9.988560889215,
    96.01446945863));
#5118 = CARTESIAN_POINT('',(233.99999208418,9.987289877626,
    96.016077175563));
#5119 = CARTESIAN_POINT('',(233.99999038793,9.986018866122,
    96.01768489247));
#5120 = CARTESIAN_POINT('',(233.99998850321,9.984747854717,
    96.019292609348));
#5121 = CARTESIAN_POINT('',(233.99998643002,9.983476843422,
    96.020900326193));
#5122 = CARTESIAN_POINT('',(233.99998198469,9.980978650252,
    96.024060319781));
#5123 = CARTESIAN_POINT('',(233.99997962532,9.979751468369,
    96.025612596526));
#5124 = CARTESIAN_POINT('',(233.99997709025,9.978524286611,
    96.027164873233));
#5125 = CARTESIAN_POINT('',(233.99997437949,9.97729710499,96.0287171499)
  );
#5126 = CARTESIAN_POINT('',(233.99997149303,9.976069923517,
    96.030269426523));
#5127 = CARTESIAN_POINT('',(233.99996843086,9.974842742204,
    96.031821703098));
#5128 = CARTESIAN_POINT('',(233.99996218642,9.972476037277,
    96.034815377277));
#5129 = CARTESIAN_POINT('',(233.99995902835,9.97133651364,
    96.036256774886));
#5130 = CARTESIAN_POINT('',(233.99995571878,9.970196990159,
    96.03769817245));
#5131 = CARTESIAN_POINT('',(233.99995225772,9.969057466842,
    96.039139569964));
#5132 = CARTESIAN_POINT('',(233.99994864516,9.967917943699,
    96.040580967427));
#5133 = CARTESIAN_POINT('',(233.9999448811,9.966778420738,
    96.042022364836));
#5134 = CARTESIAN_POINT('',(233.99993705001,9.964499377174,
    96.044905157042));
#5135 = CARTESIAN_POINT('',(233.99993298298,9.963359856572,
    96.046346551838));
#5136 = CARTESIAN_POINT('',(233.99992876444,9.96222033617,
    96.047787946575));
#5137 = CARTESIAN_POINT('',(233.99992439442,9.961080815976,
    96.04922934125));
#5138 = CARTESIAN_POINT('',(233.9999198729,9.959941296001,96.05067073586
    ));
#5139 = CARTESIAN_POINT('',(233.99991519988,9.958801776252,
    96.052112130403));
#5140 = CARTESIAN_POINT('',(233.99990499419,9.956391257098,
    96.055161230437));
#5141 = CARTESIAN_POINT('',(233.99989942455,9.95512025775,
    96.056768935911));
#5142 = CARTESIAN_POINT('',(233.99989366643,9.953849258708,
    96.058376641294));
#5143 = CARTESIAN_POINT('',(233.99988771984,9.952578259983,
    96.059984346583));
#5144 = CARTESIAN_POINT('',(233.99988158478,9.951307261589,
    96.061592051774));
#5145 = CARTESIAN_POINT('',(233.99987526124,9.950036263537,
    96.063199756864));
#5146 = CARTESIAN_POINT('',(233.99986223725,9.947494271807,
    96.066415162197));
#5147 = CARTESIAN_POINT('',(233.99985553678,9.94622327813,96.06802286244
    ));
#5148 = CARTESIAN_POINT('',(233.99984864785,9.94495228482,
    96.069630562573));
#5149 = CARTESIAN_POINT('',(233.99984157044,9.94368129189,
    96.071238262595));
#5150 = CARTESIAN_POINT('',(233.99983430456,9.942410299351,
    96.072845962501));
#5151 = CARTESIAN_POINT('',(233.99982685021,9.941139307215,
    96.074453662287));
#5152 = CARTESIAN_POINT('',(233.99981156459,9.93859732808,96.07766905617
    ));
#5153 = CARTESIAN_POINT('',(233.99980373332,9.93732634108,
    96.079276750267));
#5154 = CARTESIAN_POINT('',(233.99979571357,9.936055354508,
    96.080884444237));
#5155 = CARTESIAN_POINT('',(233.99978750535,9.934784368377,
    96.082492138076));
#5156 = CARTESIAN_POINT('',(233.99977910866,9.933513382699,
    96.084099831781));
#5157 = CARTESIAN_POINT('',(233.9997705235,9.932242397487,
    96.085707525349));
#5158 = CARTESIAN_POINT('',(233.99975297626,9.929700432957,
    96.088922905953));
#5159 = CARTESIAN_POINT('',(233.99974401419,9.92842945364,
    96.090530592989));
#5160 = CARTESIAN_POINT('',(233.99973486364,9.927158474813,
    96.092138279881));
#5161 = CARTESIAN_POINT('',(233.99972552462,9.925887496488,
    96.093745966624));
#5162 = CARTESIAN_POINT('',(233.99971599712,9.924616518678,
    96.095353653214));
#5163 = CARTESIAN_POINT('',(233.99970628115,9.923345541395,
    96.096961339648));
#5164 = CARTESIAN_POINT('',(233.99502462212,9.322576759891,
    96.856886907789));
#5165 = CARTESIAN_POINT('',(233.94842295483,8.723567217629,
    97.614703916385));
#5166 = CARTESIAN_POINT('',(233.85994050749,8.126030178989,
    98.372024396505));
#5167 = CARTESIAN_POINT('',(233.72893059291,7.531016951434,
    99.12877596948));
#5168 = CARTESIAN_POINT('',(233.55410174611,6.939884461047,
    99.884609458002));
#5169 = CARTESIAN_POINT('',(233.33357123329,6.354551447041,
    100.63871208969));
#5170 = CARTESIAN_POINT('',(232.8217003378,5.255589104899,
    102.06947615386));
#5171 = CARTESIAN_POINT('',(232.53951562986,4.7414418603,102.74537731096
    ));
#5172 = CARTESIAN_POINT('',(232.21602044673,4.235548168661,
    103.41859700448));
#5173 = CARTESIAN_POINT('',(231.84793572423,3.739231811487,
    104.08936474231));
#5174 = CARTESIAN_POINT('',(231.43128112585,3.255260763259,
    104.75666063074));
#5175 = CARTESIAN_POINT('',(230.96164317473,2.78822869826,
    105.41792584746));
#5176 = CARTESIAN_POINT('',(230.19395980064,2.142923405333,
    106.36597884491));
#5177 = CARTESIAN_POINT('',(229.94122450576,1.945533825336,
    106.66115820084));
#5178 = CARTESIAN_POINT('',(229.67563208768,1.753456576336,
    106.95430204606));
#5179 = CARTESIAN_POINT('',(229.39643417333,1.567340899882,
    107.2451611487));
#5180 = CARTESIAN_POINT('',(229.10287647562,1.388046295045,
    107.53331314065));
#5181 = CARTESIAN_POINT('',(228.79422350472,1.216665730521,
    107.81815637118));
#5182 = CARTESIAN_POINT('',(227.96172136269,0.800687988797,
    108.53856183127));
#5183 = CARTESIAN_POINT('',(227.41165920993,0.567907906588,
    108.97102770489));
#5184 = CARTESIAN_POINT('',(226.81789906484,0.362870045909,
    109.39147060318));
#5185 = CARTESIAN_POINT('',(226.17934406846,0.193435657107,
    109.79430317801));
#5186 = CARTESIAN_POINT('',(225.49579284354,6.886370949276E-02,
    110.17329304297));
#5187 = CARTESIAN_POINT('',(224.76828640076,-1.7763568394E-15,
    110.52160982275));
#5188 = CARTESIAN_POINT('',(224.,-1.7763568394E-15,110.83239697419));
#5189 = PCURVE('',#1795,#5190);
#5190 = DEFINITIONAL_REPRESENTATION('',(#5191),#5272);
#5191 = B_SPLINE_CURVE_WITH_KNOTS('',7,(#5192,#5193,#5194,#5195,#5196,
    #5197,#5198,#5199,#5200,#5201,#5202,#5203,#5204,#5205,#5206,#5207,
    #5208,#5209,#5210,#5211,#5212,#5213,#5214,#5215,#5216,#5217,#5218,
    #5219,#5220,#5221,#5222,#5223,#5224,#5225,#5226,#5227,#5228,#5229,
    #5230,#5231,#5232,#5233,#5234,#5235,#5236,#5237,#5238,#5239,#5240,
    #5241,#5242,#5243,#5244,#5245,#5246,#5247,#5248,#5249,#5250,#5251,
    #5252,#5253,#5254,#5255,#5256,#5257,#5258,#5259,#5260,#5261,#5262,
    #5263,#5264,#5265,#5266,#5267,#5268,#5269,#5270,#5271),
  .UNSPECIFIED.,.F.,.F.,(8,6,6,6,6,6,6,6,6,6,6,6,6,8),(0.,
    7.104099330953E-04,1.420819510443E-03,2.106731534385E-03,
    2.743648968399E-03,3.380565297777E-03,4.090970355597E-03,
    4.801373364351E-03,5.511773968227E-03,6.222171811457E-03,
    0.341304579601,0.64466922491,0.783146414039,1.),.UNSPECIFIED.);
#5192 = CARTESIAN_POINT('',(0.,96.));
#5193 = CARTESIAN_POINT('',(-1.271012545306E-04,96.001607717834));
#5194 = CARTESIAN_POINT('',(-2.542025092019E-04,96.003215435667));
#5195 = CARTESIAN_POINT('',(-3.813037660549E-04,96.004823153495));
#5196 = CARTESIAN_POINT('',(-5.084050271551E-04,96.006430871317));
#5197 = CARTESIAN_POINT('',(-6.355062945936E-04,96.008038589127));
#5198 = CARTESIAN_POINT('',(-7.626075704861E-04,96.009646306923));
#5199 = CARTESIAN_POINT('',(-1.016810079813E-03,96.012861741675));
#5200 = CARTESIAN_POINT('',(-1.14391131324E-03,96.01446945863));
#5201 = CARTESIAN_POINT('',(-1.271012559403E-03,96.016077175563));
#5202 = CARTESIAN_POINT('',(-1.398113820439E-03,96.01768489247));
#5203 = CARTESIAN_POINT('',(-1.52521509847E-03,96.019292609348));
#5204 = CARTESIAN_POINT('',(-1.652316395608E-03,96.020900326193));
#5205 = CARTESIAN_POINT('',(-1.90213610808E-03,96.024060319781));
#5206 = CARTESIAN_POINT('',(-2.024854521979E-03,96.025612596526));
#5207 = CARTESIAN_POINT('',(-2.147572957576E-03,96.027164873233));
#5208 = CARTESIAN_POINT('',(-2.270291416789E-03,96.0287171499));
#5209 = CARTESIAN_POINT('',(-2.393009901529E-03,96.030269426523));
#5210 = CARTESIAN_POINT('',(-2.515728413691E-03,96.031821703098));
#5211 = CARTESIAN_POINT('',(-2.752399730173E-03,96.034815377277));
#5212 = CARTESIAN_POINT('',(-2.866352530459E-03,96.036256774886));
#5213 = CARTESIAN_POINT('',(-2.980305357566E-03,96.03769817245));
#5214 = CARTESIAN_POINT('',(-3.094258213034E-03,96.039139569964));
#5215 = CARTESIAN_POINT('',(-3.208211098392E-03,96.040580967427));
#5216 = CARTESIAN_POINT('',(-3.322164015163E-03,96.042022364836));
#5217 = CARTESIAN_POINT('',(-3.55006971693E-03,96.044905157042));
#5218 = CARTESIAN_POINT('',(-3.664022501928E-03,96.046346551838));
#5219 = CARTESIAN_POINT('',(-3.777975321396E-03,96.047787946575));
#5220 = CARTESIAN_POINT('',(-3.891928176868E-03,96.04922934125));
#5221 = CARTESIAN_POINT('',(-4.005881069872E-03,96.05067073586));
#5222 = CARTESIAN_POINT('',(-4.119834001931E-03,96.052112130403));
#5223 = CARTESIAN_POINT('',(-4.360888077769E-03,96.055161230437));
#5224 = CARTESIAN_POINT('',(-4.487989231455E-03,96.056768935911));
#5225 = CARTESIAN_POINT('',(-4.615090437753E-03,96.058376641294));
#5226 = CARTESIAN_POINT('',(-4.742191698789E-03,96.059984346583));
#5227 = CARTESIAN_POINT('',(-4.869293016685E-03,96.061592051774));
#5228 = CARTESIAN_POINT('',(-4.996394393562E-03,96.063199756864));
#5229 = CARTESIAN_POINT('',(-5.250596902907E-03,96.066415162197));
#5230 = CARTESIAN_POINT('',(-5.377698035382E-03,96.06802286244));
#5231 = CARTESIAN_POINT('',(-5.504799231078E-03,96.069630562573));
#5232 = CARTESIAN_POINT('',(-5.631900492116E-03,96.071238262595));
#5233 = CARTESIAN_POINT('',(-5.759001820617E-03,96.072845962501));
#5234 = CARTESIAN_POINT('',(-5.886103218707E-03,96.074453662287));
#5235 = CARTESIAN_POINT('',(-6.14030572805E-03,96.07766905617));
#5236 = CARTESIAN_POINT('',(-6.267406839296E-03,96.079276750267));
#5237 = CARTESIAN_POINT('',(-6.394508024377E-03,96.080884444237));
#5238 = CARTESIAN_POINT('',(-6.521609285417E-03,96.082492138076));
#5239 = CARTESIAN_POINT('',(-6.648710624536E-03,96.084099831781));
#5240 = CARTESIAN_POINT('',(-6.775812043853E-03,96.085707525349));
#5241 = CARTESIAN_POINT('',(-7.030014553194E-03,96.088922905953));
#5242 = CARTESIAN_POINT('',(-7.157115643216E-03,96.090530592989));
#5243 = CARTESIAN_POINT('',(-7.284216817681E-03,96.092138279881));
#5244 = CARTESIAN_POINT('',(-7.411318078718E-03,96.093745966624));
#5245 = CARTESIAN_POINT('',(-7.538419428449E-03,96.095353653214));
#5246 = CARTESIAN_POINT('',(-7.665520868991E-03,96.096961339648));
#5247 = CARTESIAN_POINT('',(-6.77442231486E-02,96.856886907789));
#5248 = CARTESIAN_POINT('',(-0.12767977074,97.614703916385));
#5249 = CARTESIAN_POINT('',(-0.187852224902,98.372024396505));
#5250 = CARTESIAN_POINT('',(-0.248509261515,99.12877596948));
#5251 = CARTESIAN_POINT('',(-0.309897010827,99.884609458002));
#5252 = CARTESIAN_POINT('',(-0.372268382962,100.63871208969));
#5253 = CARTESIAN_POINT('',(-0.493500806145,102.06947615386));
#5254 = CARTESIAN_POINT('',(-0.552022306797,102.74537731096));
#5255 = CARTESIAN_POINT('',(-0.611852197749,103.41859700448));
#5256 = CARTESIAN_POINT('',(-0.673365338255,104.08936474231));
#5257 = CARTESIAN_POINT('',(-0.736934046297,104.75666063074));
#5258 = CARTESIAN_POINT('',(-0.802935516435,105.41792584746));
#5259 = CARTESIAN_POINT('',(-0.903222937576,106.36597884491));
#5260 = CARTESIAN_POINT('',(-0.935270555291,106.66115820084));
#5261 = CARTESIAN_POINT('',(-0.968011225532,106.95430204606));
#5262 = CARTESIAN_POINT('',(-1.001520213558,107.2451611487));
#5263 = CARTESIAN_POINT('',(-1.035872242453,107.53331314065));
#5264 = CARTESIAN_POINT('',(-1.071142980223,107.81815637118));
#5265 = CARTESIAN_POINT('',(-1.164207328826,108.53856183127));
#5266 = CARTESIAN_POINT('',(-1.223817542204,108.97102770489));
#5267 = CARTESIAN_POINT('',(-1.28639641365,109.39147060318));
#5268 = CARTESIAN_POINT('',(-1.352121571697,109.79430317801));
#5269 = CARTESIAN_POINT('',(-1.421216969045,110.17329304297));
#5270 = CARTESIAN_POINT('',(-1.493967686718,110.52160982275));
#5271 = CARTESIAN_POINT('',(-1.570796326795,110.83239697419));
#5272 = ( GEOMETRIC_REPRESENTATION_CONTEXT(2) 
PARAMETRIC_REPRESENTATION_CONTEXT() REPRESENTATION_CONTEXT('2D SPACE',''
  ) );
#5273 = PCURVE('',#4522,#5274);
#5274 = DEFINITIONAL_REPRESENTATION('',(#5275),#5356);
#5275 = B_SPLINE_CURVE_WITH_KNOTS('',7,(#5276,#5277,#5278,#5279,#5280,
    #5281,#5282,#5283,#5284,#5285,#5286,#5287,#5288,#5289,#5290,#5291,
    #5292,#5293,#5294,#5295,#5296,#5297,#5298,#5299,#5300,#5301,#5302,
    #5303,#5304,#5305,#5306,#5307,#5308,#5309,#5310,#5311,#5312,#5313,
    #5314,#5315,#5316,#5317,#5318,#5319,#5320,#5321,#5322,#5323,#5324,
    #5325,#5326,#5327,#5328,#5329,#5330,#5331,#5332,#5333,#5334,#5335,
    #5336,#5337,#5338,#5339,#5340,#5341,#5342,#5343,#5344,#5345,#5346,
    #5347,#5348,#5349,#5350,#5351,#5352,#5353,#5354,#5355),
  .UNSPECIFIED.,.F.,.F.,(8,6,6,6,6,6,6,6,6,6,6,6,6,8),(0.,
    7.104099330953E-04,1.420819510443E-03,2.106731534385E-03,
    2.743648968399E-03,3.380565297777E-03,4.090970355597E-03,
    4.801373364351E-03,5.511773968227E-03,6.222171811457E-03,
    0.341304579601,0.64466922491,0.783146414039,1.),.UNSPECIFIED.);
#5276 = CARTESIAN_POINT('',(0.,10.));
#5277 = CARTESIAN_POINT('',(-1.004823646143E-04,9.998728987455));
#5278 = CARTESIAN_POINT('',(-2.009647291626E-04,9.997457974908));
#5279 = CARTESIAN_POINT('',(-3.014470951106E-04,9.996186962373));
#5280 = CARTESIAN_POINT('',(-4.019294639138E-04,9.994915949863));
#5281 = CARTESIAN_POINT('',(-5.024118370164E-04,9.993644937389));
#5282 = CARTESIAN_POINT('',(-6.028942158521E-04,9.992373924966));
#5283 = CARTESIAN_POINT('',(-8.03858937517E-04,9.989831900879));
#5284 = CARTESIAN_POINT('',(-9.043412803473E-04,9.988560889215));
#5285 = CARTESIAN_POINT('',(-1.00482363175E-03,9.987289877626));
#5286 = CARTESIAN_POINT('',(-1.105305993148E-03,9.986018866122));
#5287 = CARTESIAN_POINT('',(-1.205788365969E-03,9.984747854717));
#5288 = CARTESIAN_POINT('',(-1.306270751648E-03,9.983476843422));
#5289 = CARTESIAN_POINT('',(-1.503770546291E-03,9.980978650252));
#5290 = CARTESIAN_POINT('',(-1.600787954282E-03,9.979751468369));
#5291 = CARTESIAN_POINT('',(-1.697805376878E-03,9.978524286611));
#5292 = CARTESIAN_POINT('',(-1.794822815364E-03,9.97729710499));
#5293 = CARTESIAN_POINT('',(-1.891840271027E-03,9.976069923517));
#5294 = CARTESIAN_POINT('',(-1.988857745156E-03,9.974842742204));
#5295 = CARTESIAN_POINT('',(-2.175962788332E-03,9.972476037277));
#5296 = CARTESIAN_POINT('',(-2.266050354659E-03,9.97133651364));
#5297 = CARTESIAN_POINT('',(-2.356137939047E-03,9.970196990159));
#5298 = CARTESIAN_POINT('',(-2.446225542522E-03,9.969057466842));
#5299 = CARTESIAN_POINT('',(-2.536313166113E-03,9.967917943699));
#5300 = CARTESIAN_POINT('',(-2.626400810854E-03,9.966778420738));
#5301 = CARTESIAN_POINT('',(-2.806575988467E-03,9.964499377174));
#5302 = CARTESIAN_POINT('',(-2.896663521337E-03,9.963359856572));
#5303 = CARTESIAN_POINT('',(-2.986751077416E-03,9.96222033617));
#5304 = CARTESIAN_POINT('',(-3.076838657734E-03,9.961080815976));
#5305 = CARTESIAN_POINT('',(-3.166926263319E-03,9.959941296001));
#5306 = CARTESIAN_POINT('',(-3.257013895205E-03,9.958801776252));
#5307 = CARTESIAN_POINT('',(-3.447583714811E-03,9.956391257098));
#5308 = CARTESIAN_POINT('',(-3.548065909198E-03,9.95512025775));
#5309 = CARTESIAN_POINT('',(-3.648548139016E-03,9.953849258708));
#5310 = CARTESIAN_POINT('',(-3.749030405693E-03,9.952578259983));
#5311 = CARTESIAN_POINT('',(-3.849512710659E-03,9.951307261589));
#5312 = CARTESIAN_POINT('',(-3.949995055343E-03,9.950036263537));
#5313 = CARTESIAN_POINT('',(-4.150959537174E-03,9.947494271807));
#5314 = CARTESIAN_POINT('',(-4.251441674322E-03,9.94622327813));
#5315 = CARTESIAN_POINT('',(-4.351923854047E-03,9.94495228482));
#5316 = CARTESIAN_POINT('',(-4.452406077779E-03,9.94368129189));
#5317 = CARTESIAN_POINT('',(-4.552888346946E-03,9.942410299351));
#5318 = CARTESIAN_POINT('',(-4.653370662977E-03,9.941139307215));
#5319 = CARTESIAN_POINT('',(-4.854335051467E-03,9.93859732808));
#5320 = CARTESIAN_POINT('',(-4.954817123925E-03,9.93732634108));
#5321 = CARTESIAN_POINT('',(-5.055299246104E-03,9.936055354508));
#5322 = CARTESIAN_POINT('',(-5.155781419433E-03,9.934784368377));
#5323 = CARTESIAN_POINT('',(-5.256263645342E-03,9.933513382699));
#5324 = CARTESIAN_POINT('',(-5.35674592526E-03,9.932242397487));
#5325 = CARTESIAN_POINT('',(-5.557710205495E-03,9.929700432957));
#5326 = CARTESIAN_POINT('',(-5.658192205814E-03,9.92842945364));
#5327 = CARTESIAN_POINT('',(-5.758674263E-03,9.927158474813));
#5328 = CARTESIAN_POINT('',(-5.859156378479E-03,9.925887496488));
#5329 = CARTESIAN_POINT('',(-5.95963855368E-03,9.924616518678));
#5330 = CARTESIAN_POINT('',(-6.060120790034E-03,9.923345541395));
#5331 = CARTESIAN_POINT('',(-5.355637010933E-02,9.322576759891));
#5332 = CARTESIAN_POINT('',(-0.100937004699,8.723567217629));
#5333 = CARTESIAN_POINT('',(-0.148476510206,8.126030178989));
#5334 = CARTESIAN_POINT('',(-0.196344346318,7.531016951434));
#5335 = CARTESIAN_POINT('',(-0.244706050357,6.939884461047));
#5336 = CARTESIAN_POINT('',(-0.293725901032,6.354551447041));
#5337 = CARTESIAN_POINT('',(-0.388699121374,5.255589104899));
#5338 = CARTESIAN_POINT('',(-0.434415021071,4.7414418603));
#5339 = CARTESIAN_POINT('',(-0.480992937008,4.235548168661));
#5340 = CARTESIAN_POINT('',(-0.528683192209,3.739231811487));
#5341 = CARTESIAN_POINT('',(-0.577717362167,3.255260763259));
#5342 = CARTESIAN_POINT('',(-0.628308201158,2.78822869826));
#5343 = CARTESIAN_POINT('',(-0.704551598639,2.142923405333));
#5344 = CARTESIAN_POINT('',(-0.728829640924,1.945533825336));
#5345 = CARTESIAN_POINT('',(-0.753536789452,1.753456576336));
#5346 = CARTESIAN_POINT('',(-0.778715865827,1.567340899882));
#5347 = CARTESIAN_POINT('',(-0.804406022716,1.388046295045));
#5348 = CARTESIAN_POINT('',(-0.830642786633,1.216665730521));
#5349 = CARTESIAN_POINT('',(-0.899450825868,0.800687988797));
#5350 = CARTESIAN_POINT('',(-0.943134349972,0.567907906588));
#5351 = CARTESIAN_POINT('',(-0.988512203904,0.362870045909));
#5352 = CARTESIAN_POINT('',(-1.035573029177,0.193435657107));
#5353 = CARTESIAN_POINT('',(-1.084287003588,6.886370949276E-02));
#5354 = CARTESIAN_POINT('',(-1.134601693726,-1.7763568394E-15));
#5355 = CARTESIAN_POINT('',(-1.186399552299,-1.7763568394E-15));
#5356 = ( GEOMETRIC_REPRESENTATION_CONTEXT(2) 
PARAMETRIC_REPRESENTATION_CONTEXT() REPRESENTATION_CONTEXT('2D SPACE',''
  ) );
#5357 = ADVANCED_FACE('',(#5358),#1823,.T.);
#5358 = FACE_BOUND('',#5359,.T.);
#5359 = EDGE_LOOP('',(#5360,#5383,#5404,#5405));
#5360 = ORIENTED_EDGE('',*,*,#5361,.T.);
#5361 = EDGE_CURVE('',#1808,#5362,#5364,.T.);
#5362 = VERTEX_POINT('',#5363);
#5363 = CARTESIAN_POINT('',(234.,70.,96.));
#5364 = SURFACE_CURVE('',#5365,(#5369,#5376),.PCURVE_S1.);
#5365 = LINE('',#5366,#5367);
#5366 = CARTESIAN_POINT('',(234.,70.,0.));
#5367 = VECTOR('',#5368,1.);
#5368 = DIRECTION('',(0.,0.,1.));
#5369 = PCURVE('',#1823,#5370);
#5370 = DEFINITIONAL_REPRESENTATION('',(#5371),#5375);
#5371 = LINE('',#5372,#5373);
#5372 = CARTESIAN_POINT('',(0.,-70.));
#5373 = VECTOR('',#5374,1.);
#5374 = DIRECTION('',(1.,0.));
#5375 = ( GEOMETRIC_REPRESENTATION_CONTEXT(2) 
PARAMETRIC_REPRESENTATION_CONTEXT() REPRESENTATION_CONTEXT('2D SPACE',''
  ) );
#5376 = PCURVE('',#1852,#5377);
#5377 = DEFINITIONAL_REPRESENTATION('',(#5378),#5382);
#5378 = LINE('',#5379,#5380);
#5379 = CARTESIAN_POINT('',(0.,0.));
#5380 = VECTOR('',#5381,1.);
#5381 = DIRECTION('',(0.,1.));
#5382 = ( GEOMETRIC_REPRESENTATION_CONTEXT(2) 
PARAMETRIC_REPRESENTATION_CONTEXT() REPRESENTATION_CONTEXT('2D SPACE',''
  ) );
#5383 = ORIENTED_EDGE('',*,*,#5384,.F.);
#5384 = EDGE_CURVE('',#4990,#5362,#5385,.T.);
#5385 = SURFACE_CURVE('',#5386,(#5390,#5397),.PCURVE_S1.);
#5386 = LINE('',#5387,#5388);
#5387 = CARTESIAN_POINT('',(234.,0.,96.));
#5388 = VECTOR('',#5389,1.);
#5389 = DIRECTION('',(-0.,1.,-0.));
#5390 = PCURVE('',#1823,#5391);
#5391 = DEFINITIONAL_REPRESENTATION('',(#5392),#5396);
#5392 = LINE('',#5393,#5394);
#5393 = CARTESIAN_POINT('',(96.,0.));
#5394 = VECTOR('',#5395,1.);
#5395 = DIRECTION('',(0.,-1.));
#5396 = ( GEOMETRIC_REPRESENTATION_CONTEXT(2) 
PARAMETRIC_REPRESENTATION_CONTEXT() REPRESENTATION_CONTEXT('2D SPACE',''
  ) );
#5397 = PCURVE('',#4522,#5398);
#5398 = DEFINITIONAL_REPRESENTATION('',(#5399),#5403);
#5399 = LINE('',#5400,#5401);
#5400 = CARTESIAN_POINT('',(-0.,0.));
#5401 = VECTOR('',#5402,1.);
#5402 = DIRECTION('',(-0.,1.));
#5403 = ( GEOMETRIC_REPRESENTATION_CONTEXT(2) 
PARAMETRIC_REPRESENTATION_CONTEXT() REPRESENTATION_CONTEXT('2D SPACE',''
  ) );
#5404 = ORIENTED_EDGE('',*,*,#4989,.F.);
#5405 = ORIENTED_EDGE('',*,*,#1807,.T.);
#5406 = ADVANCED_FACE('',(#5407),#1852,.T.);
#5407 = FACE_BOUND('',#5408,.T.);
#5408 = EDGE_LOOP('',(#5409,#5410,#5411,#5412,#5413));
#5409 = ORIENTED_EDGE('',*,*,#5361,.F.);
#5410 = ORIENTED_EDGE('',*,*,#1835,.T.);
#5411 = ORIENTED_EDGE('',*,*,#4659,.T.);
#5412 = ORIENTED_EDGE('',*,*,#4540,.F.);
#5413 = ORIENTED_EDGE('',*,*,#5414,.F.);
#5414 = EDGE_CURVE('',#5362,#4500,#5415,.T.);
#5415 = SURFACE_CURVE('',#5416,(#5497,#5581),.PCURVE_S1.);
#5416 = B_SPLINE_CURVE_WITH_KNOTS('',7,(#5417,#5418,#5419,#5420,#5421,
    #5422,#5423,#5424,#5425,#5426,#5427,#5428,#5429,#5430,#5431,#5432,
    #5433,#5434,#5435,#5436,#5437,#5438,#5439,#5440,#5441,#5442,#5443,
    #5444,#5445,#5446,#5447,#5448,#5449,#5450,#5451,#5452,#5453,#5454,
    #5455,#5456,#5457,#5458,#5459,#5460,#5461,#5462,#5463,#5464,#5465,
    #5466,#5467,#5468,#5469,#5470,#5471,#5472,#5473,#5474,#5475,#5476,
    #5477,#5478,#5479,#5480,#5481,#5482,#5483,#5484,#5485,#5486,#5487,
    #5488,#5489,#5490,#5491,#5492,#5493,#5494,#5495,#5496),
  .UNSPECIFIED.,.F.,.F.,(8,6,6,6,6,6,6,6,6,6,6,6,6,8),(0.,
    7.104099284755E-04,1.42081950121E-03,2.106731520685E-03,
    2.743648950547E-03,3.380565275774E-03,4.090970328965E-03,
    4.801373333086E-03,5.511773932336E-03,6.222171770931E-03,
    0.341304577473,0.644669222674,0.783146412661,1.),.UNSPECIFIED.);
#5417 = CARTESIAN_POINT('',(234.,70.,96.));
#5418 = CARTESIAN_POINT('',(234.,70.001271012545,96.001607717834));
#5419 = CARTESIAN_POINT('',(233.99999981152,70.002542025092,
    96.003215435667));
#5420 = CARTESIAN_POINT('',(233.99999943458,70.003813037627,
    96.004823153495));
#5421 = CARTESIAN_POINT('',(233.99999886916,70.005084050137,
    96.006430871317));
#5422 = CARTESIAN_POINT('',(233.99999811528,70.006355062611,
    96.008038589127));
#5423 = CARTESIAN_POINT('',(233.99999717292,70.007626075034,
    96.009646306923));
#5424 = CARTESIAN_POINT('',(233.99999491126,70.010168099121,
    96.012861741675));
#5425 = CARTESIAN_POINT('',(233.99999359195,70.011439110785,
    96.01446945863));
#5426 = CARTESIAN_POINT('',(233.99999208418,70.012710122374,
    96.016077175563));
#5427 = CARTESIAN_POINT('',(233.99999038793,70.013981133878,
    96.01768489247));
#5428 = CARTESIAN_POINT('',(233.99998850321,70.015252145283,
    96.019292609348));
#5429 = CARTESIAN_POINT('',(233.99998643002,70.016523156578,
    96.020900326193));
#5430 = CARTESIAN_POINT('',(233.99998198469,70.019021349748,
    96.024060319781));
#5431 = CARTESIAN_POINT('',(233.99997962532,70.020248531631,
    96.025612596526));
#5432 = CARTESIAN_POINT('',(233.99997709025,70.021475713389,
    96.027164873233));
#5433 = CARTESIAN_POINT('',(233.99997437949,70.02270289501,96.0287171499
    ));
#5434 = CARTESIAN_POINT('',(233.99997149303,70.023930076483,
    96.030269426523));
#5435 = CARTESIAN_POINT('',(233.99996843086,70.025157257796,
    96.031821703098));
#5436 = CARTESIAN_POINT('',(233.99996218642,70.027523962723,
    96.034815377277));
#5437 = CARTESIAN_POINT('',(233.99995902835,70.02866348636,
    96.036256774886));
#5438 = CARTESIAN_POINT('',(233.99995571878,70.029803009841,
    96.03769817245));
#5439 = CARTESIAN_POINT('',(233.99995225772,70.030942533158,
    96.039139569964));
#5440 = CARTESIAN_POINT('',(233.99994864516,70.032082056301,
    96.040580967427));
#5441 = CARTESIAN_POINT('',(233.9999448811,70.033221579262,
    96.042022364836));
#5442 = CARTESIAN_POINT('',(233.99993705001,70.035500622826,
    96.044905157042));
#5443 = CARTESIAN_POINT('',(233.99993298298,70.036640143428,
    96.046346551838));
#5444 = CARTESIAN_POINT('',(233.99992876444,70.03777966383,
    96.047787946575));
#5445 = CARTESIAN_POINT('',(233.99992439442,70.038919184024,
    96.04922934125));
#5446 = CARTESIAN_POINT('',(233.9999198729,70.040058703999,
    96.05067073586));
#5447 = CARTESIAN_POINT('',(233.99991519988,70.041198223748,
    96.052112130403));
#5448 = CARTESIAN_POINT('',(233.99990499419,70.043608742902,
    96.055161230437));
#5449 = CARTESIAN_POINT('',(233.99989942455,70.04487974225,
    96.056768935911));
#5450 = CARTESIAN_POINT('',(233.99989366643,70.046150741292,
    96.058376641294));
#5451 = CARTESIAN_POINT('',(233.99988771984,70.047421740017,
    96.059984346583));
#5452 = CARTESIAN_POINT('',(233.99988158478,70.048692738411,
    96.061592051774));
#5453 = CARTESIAN_POINT('',(233.99987526124,70.049963736463,
    96.063199756864));
#5454 = CARTESIAN_POINT('',(233.99986223725,70.052505728193,
    96.066415162197));
#5455 = CARTESIAN_POINT('',(233.99985553678,70.05377672187,
    96.06802286244));
#5456 = CARTESIAN_POINT('',(233.99984864785,70.05504771518,
    96.069630562573));
#5457 = CARTESIAN_POINT('',(233.99984157044,70.05631870811,
    96.071238262595));
#5458 = CARTESIAN_POINT('',(233.99983430456,70.057589700649,
    96.072845962501));
#5459 = CARTESIAN_POINT('',(233.99982685021,70.058860692785,
    96.074453662287));
#5460 = CARTESIAN_POINT('',(233.99981156459,70.06140267192,
    96.07766905617));
#5461 = CARTESIAN_POINT('',(233.99980373332,70.06267365892,
    96.079276750267));
#5462 = CARTESIAN_POINT('',(233.99979571357,70.063944645492,
    96.080884444237));
#5463 = CARTESIAN_POINT('',(233.99978750535,70.065215631623,
    96.082492138076));
#5464 = CARTESIAN_POINT('',(233.99977910866,70.066486617301,
    96.084099831781));
#5465 = CARTESIAN_POINT('',(233.9997705235,70.067757602513,
    96.085707525349));
#5466 = CARTESIAN_POINT('',(233.99975297626,70.070299567043,
    96.088922905953));
#5467 = CARTESIAN_POINT('',(233.99974401419,70.07157054636,
    96.090530592989));
#5468 = CARTESIAN_POINT('',(233.99973486364,70.072841525187,
    96.092138279881));
#5469 = CARTESIAN_POINT('',(233.99972552462,70.074112503512,
    96.093745966624));
#5470 = CARTESIAN_POINT('',(233.99971599712,70.075383481322,
    96.095353653214));
#5471 = CARTESIAN_POINT('',(233.99970628115,70.076654458605,
    96.096961339648));
#5472 = CARTESIAN_POINT('',(233.99502462212,70.677423240284,
    96.856886908011));
#5473 = CARTESIAN_POINT('',(233.9484229548,71.276432782192,
    97.614703916161));
#5474 = CARTESIAN_POINT('',(233.85994050755,71.873969820876,
    98.372024396329));
#5475 = CARTESIAN_POINT('',(233.72893059291,72.468983048708,
    99.12877596966));
#5476 = CARTESIAN_POINT('',(233.554101746,73.060115539121,
    99.884609458221));
#5477 = CARTESIAN_POINT('',(233.33357123337,73.645448552788,
    100.63871208946));
#5478 = CARTESIAN_POINT('',(232.8217003363,74.744410898322,
    102.06947615805));
#5479 = CARTESIAN_POINT('',(232.53951563279,75.258558131868,
    102.74537730095));
#5480 = CARTESIAN_POINT('',(232.21602044743,75.764451836893,
    103.41859701093));
#5481 = CARTESIAN_POINT('',(231.8479357167,76.260768191568,
    104.0893647477));
#5482 = CARTESIAN_POINT('',(231.43128113436,76.744739230247,
    104.75666062103));
#5483 = CARTESIAN_POINT('',(230.96164317128,77.21177130464,
    105.41792585172));
#5484 = CARTESIAN_POINT('',(230.19395980064,77.857076594667,
    106.36597884492));
#5485 = CARTESIAN_POINT('',(229.94122450575,78.054466174665,
    106.66115820084));
#5486 = CARTESIAN_POINT('',(229.67563208768,78.246543423663,
    106.95430204606));
#5487 = CARTESIAN_POINT('',(229.39643417333,78.432659100117,
    107.2451611487));
#5488 = CARTESIAN_POINT('',(229.10287647562,78.611953704956,
    107.53331314066));
#5489 = CARTESIAN_POINT('',(228.79422350472,78.783334269479,
    107.81815637118));
#5490 = CARTESIAN_POINT('',(227.96172136261,79.199312011244,
    108.53856183134));
#5491 = CARTESIAN_POINT('',(227.41165920993,79.432092093399,
    108.97102770488));
#5492 = CARTESIAN_POINT('',(226.8178990649,79.637129954067,
    109.39147060313));
#5493 = CARTESIAN_POINT('',(226.17934406854,79.806564342883,
    109.79430317796));
#5494 = CARTESIAN_POINT('',(225.49579284352,79.931136290525,
    110.173293043));
#5495 = CARTESIAN_POINT('',(224.76828640067,80.,110.52160982279));
#5496 = CARTESIAN_POINT('',(224.,80.,110.83239697419));
#5497 = PCURVE('',#1852,#5498);
#5498 = DEFINITIONAL_REPRESENTATION('',(#5499),#5580);
#5499 = B_SPLINE_CURVE_WITH_KNOTS('',7,(#5500,#5501,#5502,#5503,#5504,
    #5505,#5506,#5507,#5508,#5509,#5510,#5511,#5512,#5513,#5514,#5515,
    #5516,#5517,#5518,#5519,#5520,#5521,#5522,#5523,#5524,#5525,#5526,
    #5527,#5528,#5529,#5530,#5531,#5532,#5533,#5534,#5535,#5536,#5537,
    #5538,#5539,#5540,#5541,#5542,#5543,#5544,#5545,#5546,#5547,#5548,
    #5549,#5550,#5551,#5552,#5553,#5554,#5555,#5556,#5557,#5558,#5559,
    #5560,#5561,#5562,#5563,#5564,#5565,#5566,#5567,#5568,#5569,#5570,
    #5571,#5572,#5573,#5574,#5575,#5576,#5577,#5578,#5579),
  .UNSPECIFIED.,.F.,.F.,(8,6,6,6,6,6,6,6,6,6,6,6,6,8),(0.,
    7.104099284755E-04,1.42081950121E-03,2.106731520685E-03,
    2.743648950547E-03,3.380565275774E-03,4.090970328965E-03,
    4.801373333086E-03,5.511773932336E-03,6.222171770931E-03,
    0.341304577473,0.644669222674,0.783146412661,1.),.UNSPECIFIED.);
#5500 = CARTESIAN_POINT('',(0.,96.));
#5501 = CARTESIAN_POINT('',(1.271012545323E-04,96.001607717834));
#5502 = CARTESIAN_POINT('',(2.542025092024E-04,96.003215435667));
#5503 = CARTESIAN_POINT('',(3.813037660538E-04,96.004823153495));
#5504 = CARTESIAN_POINT('',(5.084050271538E-04,96.006430871317));
#5505 = CARTESIAN_POINT('',(6.355062945934E-04,96.008038589127));
#5506 = CARTESIAN_POINT('',(7.626075704872E-04,96.009646306923));
#5507 = CARTESIAN_POINT('',(1.016810079814E-03,96.012861741675));
#5508 = CARTESIAN_POINT('',(1.14391131324E-03,96.01446945863));
#5509 = CARTESIAN_POINT('',(1.271012559403E-03,96.016077175563));
#5510 = CARTESIAN_POINT('',(1.398113820439E-03,96.01768489247));
#5511 = CARTESIAN_POINT('',(1.52521509847E-03,96.019292609348));
#5512 = CARTESIAN_POINT('',(1.652316395607E-03,96.020900326193));
#5513 = CARTESIAN_POINT('',(1.902136108078E-03,96.024060319781));
#5514 = CARTESIAN_POINT('',(2.024854521979E-03,96.025612596526));
#5515 = CARTESIAN_POINT('',(2.147572957577E-03,96.027164873233));
#5516 = CARTESIAN_POINT('',(2.270291416791E-03,96.0287171499));
#5517 = CARTESIAN_POINT('',(2.393009901528E-03,96.030269426523));
#5518 = CARTESIAN_POINT('',(2.515728413689E-03,96.031821703098));
#5519 = CARTESIAN_POINT('',(2.752399730173E-03,96.034815377277));
#5520 = CARTESIAN_POINT('',(2.866352530458E-03,96.036256774886));
#5521 = CARTESIAN_POINT('',(2.980305357566E-03,96.03769817245));
#5522 = CARTESIAN_POINT('',(3.094258213033E-03,96.039139569964));
#5523 = CARTESIAN_POINT('',(3.208211098392E-03,96.040580967427));
#5524 = CARTESIAN_POINT('',(3.322164015164E-03,96.042022364836));
#5525 = CARTESIAN_POINT('',(3.55006971693E-03,96.044905157042));
#5526 = CARTESIAN_POINT('',(3.664022501928E-03,96.046346551838));
#5527 = CARTESIAN_POINT('',(3.777975321396E-03,96.047787946575));
#5528 = CARTESIAN_POINT('',(3.891928176867E-03,96.04922934125));
#5529 = CARTESIAN_POINT('',(4.005881069871E-03,96.05067073586));
#5530 = CARTESIAN_POINT('',(4.119834001931E-03,96.052112130403));
#5531 = CARTESIAN_POINT('',(4.360888077768E-03,96.055161230437));
#5532 = CARTESIAN_POINT('',(4.487989231455E-03,96.056768935911));
#5533 = CARTESIAN_POINT('',(4.615090437754E-03,96.058376641294));
#5534 = CARTESIAN_POINT('',(4.742191698789E-03,96.059984346583));
#5535 = CARTESIAN_POINT('',(4.869293016685E-03,96.061592051774));
#5536 = CARTESIAN_POINT('',(4.996394393562E-03,96.063199756864));
#5537 = CARTESIAN_POINT('',(5.250596902908E-03,96.066415162197));
#5538 = CARTESIAN_POINT('',(5.377698035382E-03,96.06802286244));
#5539 = CARTESIAN_POINT('',(5.504799231078E-03,96.069630562573));
#5540 = CARTESIAN_POINT('',(5.631900492115E-03,96.071238262595));
#5541 = CARTESIAN_POINT('',(5.759001820617E-03,96.072845962501));
#5542 = CARTESIAN_POINT('',(5.886103218707E-03,96.074453662287));
#5543 = CARTESIAN_POINT('',(6.140305728049E-03,96.07766905617));
#5544 = CARTESIAN_POINT('',(6.267406839296E-03,96.079276750267));
#5545 = CARTESIAN_POINT('',(6.394508024378E-03,96.080884444237));
#5546 = CARTESIAN_POINT('',(6.521609285418E-03,96.082492138076));
#5547 = CARTESIAN_POINT('',(6.648710624536E-03,96.084099831781));
#5548 = CARTESIAN_POINT('',(6.775812043852E-03,96.085707525349));
#5549 = CARTESIAN_POINT('',(7.030014553194E-03,96.088922905953));
#5550 = CARTESIAN_POINT('',(7.157115643216E-03,96.090530592989));
#5551 = CARTESIAN_POINT('',(7.284216817681E-03,96.092138279881));
#5552 = CARTESIAN_POINT('',(7.411318078718E-03,96.093745966624));
#5553 = CARTESIAN_POINT('',(7.538419428449E-03,96.095353653214));
#5554 = CARTESIAN_POINT('',(7.665520868991E-03,96.096961339648));
#5555 = CARTESIAN_POINT('',(6.774422316611E-02,96.856886908011));
#5556 = CARTESIAN_POINT('',(0.127679770722,97.614703916161));
#5557 = CARTESIAN_POINT('',(0.187852224887,98.372024396329));
#5558 = CARTESIAN_POINT('',(0.248509261529,99.12877596966));
#5559 = CARTESIAN_POINT('',(0.309897010846,99.884609458221));
#5560 = CARTESIAN_POINT('',(0.372268382943,100.63871208946));
#5561 = CARTESIAN_POINT('',(0.493500806501,102.06947615805));
#5562 = CARTESIAN_POINT('',(0.552022305981,102.74537730095));
#5563 = CARTESIAN_POINT('',(0.611852198152,103.41859701093));
#5564 = CARTESIAN_POINT('',(0.673365338971,104.0893647477));
#5565 = CARTESIAN_POINT('',(0.736934045242,104.75666062103));
#5566 = CARTESIAN_POINT('',(0.802935516885,105.41792585172));
#5567 = CARTESIAN_POINT('',(0.903222937577,106.36597884492));
#5568 = CARTESIAN_POINT('',(0.935270555291,106.66115820084));
#5569 = CARTESIAN_POINT('',(0.968011225532,106.95430204606));
#5570 = CARTESIAN_POINT('',(1.001520213558,107.2451611487));
#5571 = CARTESIAN_POINT('',(1.035872242454,107.53331314066));
#5572 = CARTESIAN_POINT('',(1.071142980223,107.81815637118));
#5573 = CARTESIAN_POINT('',(1.164207328836,108.53856183134));
#5574 = CARTESIAN_POINT('',(1.223817542203,108.97102770488));
#5575 = CARTESIAN_POINT('',(1.286396413644,109.39147060313));
#5576 = CARTESIAN_POINT('',(1.352121571689,109.79430317796));
#5577 = CARTESIAN_POINT('',(1.421216969047,110.173293043));
#5578 = CARTESIAN_POINT('',(1.493967686727,110.52160982279));
#5579 = CARTESIAN_POINT('',(1.570796326795,110.83239697419));
#5580 = ( GEOMETRIC_REPRESENTATION_CONTEXT(2) 
PARAMETRIC_REPRESENTATION_CONTEXT() REPRESENTATION_CONTEXT('2D SPACE',''
  ) );
#5581 = PCURVE('',#4522,#5582);
#5582 = DEFINITIONAL_REPRESENTATION('',(#5583),#5664);
#5583 = B_SPLINE_CURVE_WITH_KNOTS('',7,(#5584,#5585,#5586,#5587,#5588,
    #5589,#5590,#5591,#5592,#5593,#5594,#5595,#5596,#5597,#5598,#5599,
    #5600,#5601,#5602,#5603,#5604,#5605,#5606,#5607,#5608,#5609,#5610,
    #5611,#5612,#5613,#5614,#5615,#5616,#5617,#5618,#5619,#5620,#5621,
    #5622,#5623,#5624,#5625,#5626,#5627,#5628,#5629,#5630,#5631,#5632,
    #5633,#5634,#5635,#5636,#5637,#5638,#5639,#5640,#5641,#5642,#5643,
    #5644,#5645,#5646,#5647,#5648,#5649,#5650,#5651,#5652,#5653,#5654,
    #5655,#5656,#5657,#5658,#5659,#5660,#5661,#5662,#5663),
  .UNSPECIFIED.,.F.,.F.,(8,6,6,6,6,6,6,6,6,6,6,6,6,8),(0.,
    7.104099284755E-04,1.42081950121E-03,2.106731520685E-03,
    2.743648950547E-03,3.380565275774E-03,4.090970328965E-03,
    4.801373333086E-03,5.511773932336E-03,6.222171770931E-03,
    0.341304577473,0.644669222674,0.783146412661,1.),.UNSPECIFIED.);
#5584 = CARTESIAN_POINT('',(0.,70.));
#5585 = CARTESIAN_POINT('',(-1.004823646157E-04,70.001271012545));
#5586 = CARTESIAN_POINT('',(-2.009647291629E-04,70.002542025092));
#5587 = CARTESIAN_POINT('',(-3.014470951097E-04,70.003813037627));
#5588 = CARTESIAN_POINT('',(-4.019294639127E-04,70.005084050137));
#5589 = CARTESIAN_POINT('',(-5.024118370163E-04,70.006355062611));
#5590 = CARTESIAN_POINT('',(-6.028942158531E-04,70.007626075034));
#5591 = CARTESIAN_POINT('',(-8.038589375172E-04,70.010168099121));
#5592 = CARTESIAN_POINT('',(-9.043412803476E-04,70.011439110785));
#5593 = CARTESIAN_POINT('',(-1.004823631751E-03,70.012710122374));
#5594 = CARTESIAN_POINT('',(-1.105305993148E-03,70.013981133878));
#5595 = CARTESIAN_POINT('',(-1.205788365969E-03,70.015252145283));
#5596 = CARTESIAN_POINT('',(-1.306270751648E-03,70.016523156578));
#5597 = CARTESIAN_POINT('',(-1.50377054629E-03,70.019021349748));
#5598 = CARTESIAN_POINT('',(-1.600787954282E-03,70.020248531631));
#5599 = CARTESIAN_POINT('',(-1.697805376879E-03,70.021475713389));
#5600 = CARTESIAN_POINT('',(-1.794822815365E-03,70.02270289501));
#5601 = CARTESIAN_POINT('',(-1.891840271027E-03,70.023930076483));
#5602 = CARTESIAN_POINT('',(-1.988857745155E-03,70.025157257796));
#5603 = CARTESIAN_POINT('',(-2.175962788332E-03,70.027523962723));
#5604 = CARTESIAN_POINT('',(-2.266050354658E-03,70.02866348636));
#5605 = CARTESIAN_POINT('',(-2.356137939046E-03,70.029803009841));
#5606 = CARTESIAN_POINT('',(-2.446225542522E-03,70.030942533158));
#5607 = CARTESIAN_POINT('',(-2.536313166114E-03,70.032082056301));
#5608 = CARTESIAN_POINT('',(-2.626400810855E-03,70.033221579262));
#5609 = CARTESIAN_POINT('',(-2.806575988467E-03,70.035500622826));
#5610 = CARTESIAN_POINT('',(-2.896663521337E-03,70.036640143428));
#5611 = CARTESIAN_POINT('',(-2.986751077416E-03,70.03777966383));
#5612 = CARTESIAN_POINT('',(-3.076838657733E-03,70.038919184024));
#5613 = CARTESIAN_POINT('',(-3.166926263319E-03,70.040058703999));
#5614 = CARTESIAN_POINT('',(-3.257013895205E-03,70.041198223748));
#5615 = CARTESIAN_POINT('',(-3.44758371481E-03,70.043608742902));
#5616 = CARTESIAN_POINT('',(-3.548065909197E-03,70.04487974225));
#5617 = CARTESIAN_POINT('',(-3.648548139016E-03,70.046150741292));
#5618 = CARTESIAN_POINT('',(-3.749030405694E-03,70.047421740017));
#5619 = CARTESIAN_POINT('',(-3.849512710659E-03,70.048692738411));
#5620 = CARTESIAN_POINT('',(-3.949995055342E-03,70.049963736463));
#5621 = CARTESIAN_POINT('',(-4.150959537175E-03,70.052505728193));
#5622 = CARTESIAN_POINT('',(-4.251441674322E-03,70.05377672187));
#5623 = CARTESIAN_POINT('',(-4.351923854047E-03,70.05504771518));
#5624 = CARTESIAN_POINT('',(-4.452406077778E-03,70.05631870811));
#5625 = CARTESIAN_POINT('',(-4.552888346946E-03,70.057589700649));
#5626 = CARTESIAN_POINT('',(-4.653370662977E-03,70.058860692785));
#5627 = CARTESIAN_POINT('',(-4.854335051466E-03,70.06140267192));
#5628 = CARTESIAN_POINT('',(-4.954817123925E-03,70.06267365892));
#5629 = CARTESIAN_POINT('',(-5.055299246104E-03,70.063944645492));
#5630 = CARTESIAN_POINT('',(-5.155781419434E-03,70.065215631623));
#5631 = CARTESIAN_POINT('',(-5.256263645342E-03,70.066486617301));
#5632 = CARTESIAN_POINT('',(-5.356745925259E-03,70.067757602513));
#5633 = CARTESIAN_POINT('',(-5.557710205495E-03,70.070299567043));
#5634 = CARTESIAN_POINT('',(-5.658192205814E-03,70.07157054636));
#5635 = CARTESIAN_POINT('',(-5.758674263E-03,70.072841525187));
#5636 = CARTESIAN_POINT('',(-5.859156378479E-03,70.074112503512));
#5637 = CARTESIAN_POINT('',(-5.95963855368E-03,70.075383481322));
#5638 = CARTESIAN_POINT('',(-6.060120790034E-03,70.076654458605));
#5639 = CARTESIAN_POINT('',(-5.355637012317E-02,70.677423240284));
#5640 = CARTESIAN_POINT('',(-0.100937004685,71.276432782192));
#5641 = CARTESIAN_POINT('',(-0.148476510195,71.873969820876));
#5642 = CARTESIAN_POINT('',(-0.196344346329,72.468983048708));
#5643 = CARTESIAN_POINT('',(-0.244706050372,73.060115539121));
#5644 = CARTESIAN_POINT('',(-0.293725901018,73.645448552788));
#5645 = CARTESIAN_POINT('',(-0.388699121652,74.744410898322));
#5646 = CARTESIAN_POINT('',(-0.434415020429,75.258558131868));
#5647 = CARTESIAN_POINT('',(-0.480992937341,75.764451836893));
#5648 = CARTESIAN_POINT('',(-0.52868319274,76.260768191568));
#5649 = CARTESIAN_POINT('',(-0.577717361367,76.744739230247));
#5650 = CARTESIAN_POINT('',(-0.628308201501,77.21177130464));
#5651 = CARTESIAN_POINT('',(-0.704551598639,77.857076594667));
#5652 = CARTESIAN_POINT('',(-0.728829640924,78.054466174665));
#5653 = CARTESIAN_POINT('',(-0.753536789452,78.246543423663));
#5654 = CARTESIAN_POINT('',(-0.778715865827,78.432659100117));
#5655 = CARTESIAN_POINT('',(-0.804406022716,78.611953704956));
#5656 = CARTESIAN_POINT('',(-0.830642786633,78.783334269479));
#5657 = CARTESIAN_POINT('',(-0.899450825875,79.199312011244));
#5658 = CARTESIAN_POINT('',(-0.943134349972,79.432092093399));
#5659 = CARTESIAN_POINT('',(-0.9885122039,79.637129954067));
#5660 = CARTESIAN_POINT('',(-1.035573029171,79.806564342883));
#5661 = CARTESIAN_POINT('',(-1.08428700359,79.931136290525));
#5662 = CARTESIAN_POINT('',(-1.134601693733,80.));
#5663 = CARTESIAN_POINT('',(-1.186399552299,80.));
#5664 = ( GEOMETRIC_REPRESENTATION_CONTEXT(2) 
PARAMETRIC_REPRESENTATION_CONTEXT() REPRESENTATION_CONTEXT('2D SPACE',''
  ) );
#5665 = ADVANCED_FACE('',(#5666),#1907,.F.);
#5666 = FACE_BOUND('',#5667,.F.);
#5667 = EDGE_LOOP('',(#5668,#5691,#5692,#5715));
#5668 = ORIENTED_EDGE('',*,*,#5669,.F.);
#5669 = EDGE_CURVE('',#1889,#5670,#5672,.T.);
#5670 = VERTEX_POINT('',#5671);
#5671 = CARTESIAN_POINT('',(2.4,10.,3.));
#5672 = SURFACE_CURVE('',#5673,(#5677,#5684),.PCURVE_S1.);
#5673 = LINE('',#5674,#5675);
#5674 = CARTESIAN_POINT('',(2.4,10.,-1.));
#5675 = VECTOR('',#5676,1.);
#5676 = DIRECTION('',(0.,0.,1.));
#5677 = PCURVE('',#1907,#5678);
#5678 = DEFINITIONAL_REPRESENTATION('',(#5679),#5683);
#5679 = LINE('',#5680,#5681);
#5680 = CARTESIAN_POINT('',(0.,0.));
#5681 = VECTOR('',#5682,1.);
#5682 = DIRECTION('',(0.,1.));
#5683 = ( GEOMETRIC_REPRESENTATION_CONTEXT(2) 
PARAMETRIC_REPRESENTATION_CONTEXT() REPRESENTATION_CONTEXT('2D SPACE',''
  ) );
#5684 = PCURVE('',#1934,#5685);
#5685 = DEFINITIONAL_REPRESENTATION('',(#5686),#5690);
#5686 = LINE('',#5687,#5688);
#5687 = CARTESIAN_POINT('',(0.,-7.6));
#5688 = VECTOR('',#5689,1.);
#5689 = DIRECTION('',(1.,0.));
#5690 = ( GEOMETRIC_REPRESENTATION_CONTEXT(2) 
PARAMETRIC_REPRESENTATION_CONTEXT() REPRESENTATION_CONTEXT('2D SPACE',''
  ) );
#5691 = ORIENTED_EDGE('',*,*,#1888,.T.);
#5692 = ORIENTED_EDGE('',*,*,#5693,.T.);
#5693 = EDGE_CURVE('',#1891,#5694,#5696,.T.);
#5694 = VERTEX_POINT('',#5695);
#5695 = CARTESIAN_POINT('',(10.,2.4,3.));
#5696 = SURFACE_CURVE('',#5697,(#5701,#5708),.PCURVE_S1.);
#5697 = LINE('',#5698,#5699);
#5698 = CARTESIAN_POINT('',(10.,2.4,-1.));
#5699 = VECTOR('',#5700,1.);
#5700 = DIRECTION('',(0.,0.,1.));
#5701 = PCURVE('',#1907,#5702);
#5702 = DEFINITIONAL_REPRESENTATION('',(#5703),#5707);
#5703 = LINE('',#5704,#5705);
#5704 = CARTESIAN_POINT('',(1.570796326795,0.));
#5705 = VECTOR('',#5706,1.);
#5706 = DIRECTION('',(0.,1.));
#5707 = ( GEOMETRIC_REPRESENTATION_CONTEXT(2) 
PARAMETRIC_REPRESENTATION_CONTEXT() REPRESENTATION_CONTEXT('2D SPACE',''
  ) );
#5708 = PCURVE('',#2098,#5709);
#5709 = DEFINITIONAL_REPRESENTATION('',(#5710),#5714);
#5710 = LINE('',#5711,#5712);
#5711 = CARTESIAN_POINT('',(0.,7.6));
#5712 = VECTOR('',#5713,1.);
#5713 = DIRECTION('',(1.,0.));
#5714 = ( GEOMETRIC_REPRESENTATION_CONTEXT(2) 
PARAMETRIC_REPRESENTATION_CONTEXT() REPRESENTATION_CONTEXT('2D SPACE',''
  ) );
#5715 = ORIENTED_EDGE('',*,*,#5716,.F.);
#5716 = EDGE_CURVE('',#5670,#5694,#5717,.T.);
#5717 = SURFACE_CURVE('',#5718,(#5723,#5730),.PCURVE_S1.);
#5718 = CIRCLE('',#5719,7.6);
#5719 = AXIS2_PLACEMENT_3D('',#5720,#5721,#5722);
#5720 = CARTESIAN_POINT('',(10.,10.,3.));
#5721 = DIRECTION('',(0.,0.,1.));
#5722 = DIRECTION('',(0.,-1.,0.));
#5723 = PCURVE('',#1907,#5724);
#5724 = DEFINITIONAL_REPRESENTATION('',(#5725),#5729);
#5725 = LINE('',#5726,#5727);
#5726 = CARTESIAN_POINT('',(-4.712388980385,4.));
#5727 = VECTOR('',#5728,1.);
#5728 = DIRECTION('',(1.,0.));
#5729 = ( GEOMETRIC_REPRESENTATION_CONTEXT(2) 
PARAMETRIC_REPRESENTATION_CONTEXT() REPRESENTATION_CONTEXT('2D SPACE',''
  ) );
#5730 = PCURVE('',#5731,#5736);
#5731 = PLANE('',#5732);
#5732 = AXIS2_PLACEMENT_3D('',#5733,#5734,#5735);
#5733 = CARTESIAN_POINT('',(0.,0.,3.));
#5734 = DIRECTION('',(0.,0.,1.));
#5735 = DIRECTION('',(1.,0.,0.));
#5736 = DEFINITIONAL_REPRESENTATION('',(#5737),#5741);
#5737 = CIRCLE('',#5738,7.6);
#5738 = AXIS2_PLACEMENT_2D('',#5739,#5740);
#5739 = CARTESIAN_POINT('',(10.,10.));
#5740 = DIRECTION('',(0.,-1.));
#5741 = ( GEOMETRIC_REPRESENTATION_CONTEXT(2) 
PARAMETRIC_REPRESENTATION_CONTEXT() REPRESENTATION_CONTEXT('2D SPACE',''
  ) );
#5742 = ADVANCED_FACE('',(#5743),#1934,.T.);
#5743 = FACE_BOUND('',#5744,.T.);
#5744 = EDGE_LOOP('',(#5745,#5746,#5769,#5797,#5825,#5853,#5881,#5907));
#5745 = ORIENTED_EDGE('',*,*,#1919,.T.);
#5746 = ORIENTED_EDGE('',*,*,#5747,.T.);
#5747 = EDGE_CURVE('',#1920,#5748,#5750,.T.);
#5748 = VERTEX_POINT('',#5749);
#5749 = CARTESIAN_POINT('',(2.4,70.,3.));
#5750 = SURFACE_CURVE('',#5751,(#5755,#5762),.PCURVE_S1.);
#5751 = LINE('',#5752,#5753);
#5752 = CARTESIAN_POINT('',(2.4,70.,-1.));
#5753 = VECTOR('',#5754,1.);
#5754 = DIRECTION('',(0.,0.,1.));
#5755 = PCURVE('',#1934,#5756);
#5756 = DEFINITIONAL_REPRESENTATION('',(#5757),#5761);
#5757 = LINE('',#5758,#5759);
#5758 = CARTESIAN_POINT('',(0.,-67.6));
#5759 = VECTOR('',#5760,1.);
#5760 = DIRECTION('',(1.,0.));
#5761 = ( GEOMETRIC_REPRESENTATION_CONTEXT(2) 
PARAMETRIC_REPRESENTATION_CONTEXT() REPRESENTATION_CONTEXT('2D SPACE',''
  ) );
#5762 = PCURVE('',#1962,#5763);
#5763 = DEFINITIONAL_REPRESENTATION('',(#5764),#5768);
#5764 = LINE('',#5765,#5766);
#5765 = CARTESIAN_POINT('',(-0.,0.));
#5766 = VECTOR('',#5767,1.);
#5767 = DIRECTION('',(-0.,1.));
#5768 = ( GEOMETRIC_REPRESENTATION_CONTEXT(2) 
PARAMETRIC_REPRESENTATION_CONTEXT() REPRESENTATION_CONTEXT('2D SPACE',''
  ) );
#5769 = ORIENTED_EDGE('',*,*,#5770,.T.);
#5770 = EDGE_CURVE('',#5748,#5771,#5773,.T.);
#5771 = VERTEX_POINT('',#5772);
#5772 = CARTESIAN_POINT('',(2.4,70.,15.));
#5773 = SURFACE_CURVE('',#5774,(#5778,#5785),.PCURVE_S1.);
#5774 = LINE('',#5775,#5776);
#5775 = CARTESIAN_POINT('',(2.4,70.,3.));
#5776 = VECTOR('',#5777,1.);
#5777 = DIRECTION('',(0.,0.,1.));
#5778 = PCURVE('',#1934,#5779);
#5779 = DEFINITIONAL_REPRESENTATION('',(#5780),#5784);
#5780 = LINE('',#5781,#5782);
#5781 = CARTESIAN_POINT('',(4.,-67.6));
#5782 = VECTOR('',#5783,1.);
#5783 = DIRECTION('',(1.,0.));
#5784 = ( GEOMETRIC_REPRESENTATION_CONTEXT(2) 
PARAMETRIC_REPRESENTATION_CONTEXT() REPRESENTATION_CONTEXT('2D SPACE',''
  ) );
#5785 = PCURVE('',#5786,#5791);
#5786 = PLANE('',#5787);
#5787 = AXIS2_PLACEMENT_3D('',#5788,#5789,#5790);
#5788 = CARTESIAN_POINT('',(0.,70.,3.));
#5789 = DIRECTION('',(0.,1.,0.));
#5790 = DIRECTION('',(0.,0.,1.));
#5791 = DEFINITIONAL_REPRESENTATION('',(#5792),#5796);
#5792 = LINE('',#5793,#5794);
#5793 = CARTESIAN_POINT('',(0.,2.4));
#5794 = VECTOR('',#5795,1.);
#5795 = DIRECTION('',(1.,0.));
#5796 = ( GEOMETRIC_REPRESENTATION_CONTEXT(2) 
PARAMETRIC_REPRESENTATION_CONTEXT() REPRESENTATION_CONTEXT('2D SPACE',''
  ) );
#5797 = ORIENTED_EDGE('',*,*,#5798,.T.);
#5798 = EDGE_CURVE('',#5771,#5799,#5801,.T.);
#5799 = VERTEX_POINT('',#5800);
#5800 = CARTESIAN_POINT('',(2.4,70.,95.4));
#5801 = SURFACE_CURVE('',#5802,(#5806,#5813),.PCURVE_S1.);
#5802 = LINE('',#5803,#5804);
#5803 = CARTESIAN_POINT('',(2.4,70.,-1.));
#5804 = VECTOR('',#5805,1.);
#5805 = DIRECTION('',(0.,0.,1.));
#5806 = PCURVE('',#1934,#5807);
#5807 = DEFINITIONAL_REPRESENTATION('',(#5808),#5812);
#5808 = LINE('',#5809,#5810);
#5809 = CARTESIAN_POINT('',(0.,-67.6));
#5810 = VECTOR('',#5811,1.);
#5811 = DIRECTION('',(1.,0.));
#5812 = ( GEOMETRIC_REPRESENTATION_CONTEXT(2) 
PARAMETRIC_REPRESENTATION_CONTEXT() REPRESENTATION_CONTEXT('2D SPACE',''
  ) );
#5813 = PCURVE('',#5814,#5819);
#5814 = CYLINDRICAL_SURFACE('',#5815,7.6);
#5815 = AXIS2_PLACEMENT_3D('',#5816,#5817,#5818);
#5816 = CARTESIAN_POINT('',(10.,70.,-1.));
#5817 = DIRECTION('',(0.,0.,1.));
#5818 = DIRECTION('',(-1.,-0.,0.));
#5819 = DEFINITIONAL_REPRESENTATION('',(#5820),#5824);
#5820 = LINE('',#5821,#5822);
#5821 = CARTESIAN_POINT('',(-0.,0.));
#5822 = VECTOR('',#5823,1.);
#5823 = DIRECTION('',(-0.,1.));
#5824 = ( GEOMETRIC_REPRESENTATION_CONTEXT(2) 
PARAMETRIC_REPRESENTATION_CONTEXT() REPRESENTATION_CONTEXT('2D SPACE',''
  ) );
#5825 = ORIENTED_EDGE('',*,*,#5826,.F.);
#5826 = EDGE_CURVE('',#5827,#5799,#5829,.T.);
#5827 = VERTEX_POINT('',#5828);
#5828 = CARTESIAN_POINT('',(2.4,10.,95.4));
#5829 = SURFACE_CURVE('',#5830,(#5834,#5841),.PCURVE_S1.);
#5830 = LINE('',#5831,#5832);
#5831 = CARTESIAN_POINT('',(2.4,2.4,95.4));
#5832 = VECTOR('',#5833,1.);
#5833 = DIRECTION('',(-0.,1.,-0.));
#5834 = PCURVE('',#1934,#5835);
#5835 = DEFINITIONAL_REPRESENTATION('',(#5836),#5840);
#5836 = LINE('',#5837,#5838);
#5837 = CARTESIAN_POINT('',(96.4,0.));
#5838 = VECTOR('',#5839,1.);
#5839 = DIRECTION('',(0.,-1.));
#5840 = ( GEOMETRIC_REPRESENTATION_CONTEXT(2) 
PARAMETRIC_REPRESENTATION_CONTEXT() REPRESENTATION_CONTEXT('2D SPACE',''
  ) );
#5841 = PCURVE('',#5842,#5847);
#5842 = CYLINDRICAL_SURFACE('',#5843,13.6);
#5843 = AXIS2_PLACEMENT_3D('',#5844,#5845,#5846);
#5844 = CARTESIAN_POINT('',(16.,2.4,95.4));
#5845 = DIRECTION('',(-0.,1.,-0.));
#5846 = DIRECTION('',(0.,0.,1.));
#5847 = DEFINITIONAL_REPRESENTATION('',(#5848),#5852);
#5848 = LINE('',#5849,#5850);
#5849 = CARTESIAN_POINT('',(-1.570796326795,0.));
#5850 = VECTOR('',#5851,1.);
#5851 = DIRECTION('',(-0.,1.));
#5852 = ( GEOMETRIC_REPRESENTATION_CONTEXT(2) 
PARAMETRIC_REPRESENTATION_CONTEXT() REPRESENTATION_CONTEXT('2D SPACE',''
  ) );
#5853 = ORIENTED_EDGE('',*,*,#5854,.F.);
#5854 = EDGE_CURVE('',#5855,#5827,#5857,.T.);
#5855 = VERTEX_POINT('',#5856);
#5856 = CARTESIAN_POINT('',(2.4,10.,15.));
#5857 = SURFACE_CURVE('',#5858,(#5862,#5869),.PCURVE_S1.);
#5858 = LINE('',#5859,#5860);
#5859 = CARTESIAN_POINT('',(2.4,10.,-1.));
#5860 = VECTOR('',#5861,1.);
#5861 = DIRECTION('',(0.,0.,1.));
#5862 = PCURVE('',#1934,#5863);
#5863 = DEFINITIONAL_REPRESENTATION('',(#5864),#5868);
#5864 = LINE('',#5865,#5866);
#5865 = CARTESIAN_POINT('',(0.,-7.6));
#5866 = VECTOR('',#5867,1.);
#5867 = DIRECTION('',(1.,0.));
#5868 = ( GEOMETRIC_REPRESENTATION_CONTEXT(2) 
PARAMETRIC_REPRESENTATION_CONTEXT() REPRESENTATION_CONTEXT('2D SPACE',''
  ) );
#5869 = PCURVE('',#5870,#5875);
#5870 = CYLINDRICAL_SURFACE('',#5871,7.6);
#5871 = AXIS2_PLACEMENT_3D('',#5872,#5873,#5874);
#5872 = CARTESIAN_POINT('',(10.,10.,-1.));
#5873 = DIRECTION('',(0.,0.,1.));
#5874 = DIRECTION('',(-1.,-0.,0.));
#5875 = DEFINITIONAL_REPRESENTATION('',(#5876),#5880);
#5876 = LINE('',#5877,#5878);
#5877 = CARTESIAN_POINT('',(0.,0.));
#5878 = VECTOR('',#5879,1.);
#5879 = DIRECTION('',(0.,1.));
#5880 = ( GEOMETRIC_REPRESENTATION_CONTEXT(2) 
PARAMETRIC_REPRESENTATION_CONTEXT() REPRESENTATION_CONTEXT('2D SPACE',''
  ) );
#5881 = ORIENTED_EDGE('',*,*,#5882,.F.);
#5882 = EDGE_CURVE('',#5670,#5855,#5883,.T.);
#5883 = SURFACE_CURVE('',#5884,(#5888,#5895),.PCURVE_S1.);
#5884 = LINE('',#5885,#5886);
#5885 = CARTESIAN_POINT('',(2.4,10.,3.));
#5886 = VECTOR('',#5887,1.);
#5887 = DIRECTION('',(0.,0.,1.));
#5888 = PCURVE('',#1934,#5889);
#5889 = DEFINITIONAL_REPRESENTATION('',(#5890),#5894);
#5890 = LINE('',#5891,#5892);
#5891 = CARTESIAN_POINT('',(4.,-7.6));
#5892 = VECTOR('',#5893,1.);
#5893 = DIRECTION('',(1.,0.));
#5894 = ( GEOMETRIC_REPRESENTATION_CONTEXT(2) 
PARAMETRIC_REPRESENTATION_CONTEXT() REPRESENTATION_CONTEXT('2D SPACE',''
  ) );
#5895 = PCURVE('',#5896,#5901);
#5896 = PLANE('',#5897);
#5897 = AXIS2_PLACEMENT_3D('',#5898,#5899,#5900);
#5898 = CARTESIAN_POINT('',(0.,10.,3.));
#5899 = DIRECTION('',(0.,1.,0.));
#5900 = DIRECTION('',(0.,0.,1.));
#5901 = DEFINITIONAL_REPRESENTATION('',(#5902),#5906);
#5902 = LINE('',#5903,#5904);
#5903 = CARTESIAN_POINT('',(0.,2.4));
#5904 = VECTOR('',#5905,1.);
#5905 = DIRECTION('',(1.,0.));
#5906 = ( GEOMETRIC_REPRESENTATION_CONTEXT(2) 
PARAMETRIC_REPRESENTATION_CONTEXT() REPRESENTATION_CONTEXT('2D SPACE',''
  ) );
#5907 = ORIENTED_EDGE('',*,*,#5669,.F.);
#5908 = ADVANCED_FACE('',(#5909),#1962,.F.);
#5909 = FACE_BOUND('',#5910,.T.);
#5910 = EDGE_LOOP('',(#5911,#5912,#5913,#5936));
#5911 = ORIENTED_EDGE('',*,*,#5747,.F.);
#5912 = ORIENTED_EDGE('',*,*,#1945,.F.);
#5913 = ORIENTED_EDGE('',*,*,#5914,.T.);
#5914 = EDGE_CURVE('',#1946,#5915,#5917,.T.);
#5915 = VERTEX_POINT('',#5916);
#5916 = CARTESIAN_POINT('',(10.,77.6,3.));
#5917 = SURFACE_CURVE('',#5918,(#5922,#5929),.PCURVE_S1.);
#5918 = LINE('',#5919,#5920);
#5919 = CARTESIAN_POINT('',(10.,77.6,-1.));
#5920 = VECTOR('',#5921,1.);
#5921 = DIRECTION('',(0.,0.,1.));
#5922 = PCURVE('',#1962,#5923);
#5923 = DEFINITIONAL_REPRESENTATION('',(#5924),#5928);
#5924 = LINE('',#5925,#5926);
#5925 = CARTESIAN_POINT('',(-1.570796326795,0.));
#5926 = VECTOR('',#5927,1.);
#5927 = DIRECTION('',(-0.,1.));
#5928 = ( GEOMETRIC_REPRESENTATION_CONTEXT(2) 
PARAMETRIC_REPRESENTATION_CONTEXT() REPRESENTATION_CONTEXT('2D SPACE',''
  ) );
#5929 = PCURVE('',#1989,#5930);
#5930 = DEFINITIONAL_REPRESENTATION('',(#5931),#5935);
#5931 = LINE('',#5932,#5933);
#5932 = CARTESIAN_POINT('',(0.,7.6));
#5933 = VECTOR('',#5934,1.);
#5934 = DIRECTION('',(1.,0.));
#5935 = ( GEOMETRIC_REPRESENTATION_CONTEXT(2) 
PARAMETRIC_REPRESENTATION_CONTEXT() REPRESENTATION_CONTEXT('2D SPACE',''
  ) );
#5936 = ORIENTED_EDGE('',*,*,#5937,.F.);
#5937 = EDGE_CURVE('',#5748,#5915,#5938,.T.);
#5938 = SURFACE_CURVE('',#5939,(#5944,#5951),.PCURVE_S1.);
#5939 = CIRCLE('',#5940,7.6);
#5940 = AXIS2_PLACEMENT_3D('',#5941,#5942,#5943);
#5941 = CARTESIAN_POINT('',(10.,70.,3.));
#5942 = DIRECTION('',(-0.,-0.,-1.));
#5943 = DIRECTION('',(0.,-1.,0.));
#5944 = PCURVE('',#1962,#5945);
#5945 = DEFINITIONAL_REPRESENTATION('',(#5946),#5950);
#5946 = LINE('',#5947,#5948);
#5947 = CARTESIAN_POINT('',(1.570796326795,4.));
#5948 = VECTOR('',#5949,1.);
#5949 = DIRECTION('',(-1.,0.));
#5950 = ( GEOMETRIC_REPRESENTATION_CONTEXT(2) 
PARAMETRIC_REPRESENTATION_CONTEXT() REPRESENTATION_CONTEXT('2D SPACE',''
  ) );
#5951 = PCURVE('',#5952,#5957);
#5952 = PLANE('',#5953);
#5953 = AXIS2_PLACEMENT_3D('',#5954,#5955,#5956);
#5954 = CARTESIAN_POINT('',(0.,70.,3.));
#5955 = DIRECTION('',(0.,0.,1.));
#5956 = DIRECTION('',(1.,0.,0.));
#5957 = DEFINITIONAL_REPRESENTATION('',(#5958),#5966);
#5958 = ( BOUNDED_CURVE() B_SPLINE_CURVE(2,(#5959,#5960,#5961,#5962,
#5963,#5964,#5965),.UNSPECIFIED.,.T.,.F.) B_SPLINE_CURVE_WITH_KNOTS((1,2
    ,2,2,2,1),(-2.094395102393,0.,2.094395102393,4.188790204786,
6.28318530718,8.377580409573),.UNSPECIFIED.) CURVE() 
GEOMETRIC_REPRESENTATION_ITEM() RATIONAL_B_SPLINE_CURVE((1.,0.5,1.,0.5,
1.,0.5,1.)) REPRESENTATION_ITEM('') );
#5959 = CARTESIAN_POINT('',(10.,-7.6));
#5960 = CARTESIAN_POINT('',(-3.163586137523,-7.6));
#5961 = CARTESIAN_POINT('',(3.418206931238,3.8));
#5962 = CARTESIAN_POINT('',(10.,15.2));
#5963 = CARTESIAN_POINT('',(16.581793068762,3.8));
#5964 = CARTESIAN_POINT('',(23.163586137523,-7.6));
#5965 = CARTESIAN_POINT('',(10.,-7.6));
#5966 = ( GEOMETRIC_REPRESENTATION_CONTEXT(2) 
PARAMETRIC_REPRESENTATION_CONTEXT() REPRESENTATION_CONTEXT('2D SPACE',''
  ) );
#5967 = ADVANCED_FACE('',(#5968,#6128),#1989,.F.);
#5968 = FACE_BOUND('',#5969,.F.);
#5969 = EDGE_LOOP('',(#5970,#5971,#5972,#6000,#6023,#6051,#6079,#6107));
#5970 = ORIENTED_EDGE('',*,*,#1974,.T.);
#5971 = ORIENTED_EDGE('',*,*,#5914,.T.);
#5972 = ORIENTED_EDGE('',*,*,#5973,.T.);
#5973 = EDGE_CURVE('',#5915,#5974,#5976,.T.);
#5974 = VERTEX_POINT('',#5975);
#5975 = CARTESIAN_POINT('',(10.,77.6,15.));
#5976 = SURFACE_CURVE('',#5977,(#5981,#5988),.PCURVE_S1.);
#5977 = LINE('',#5978,#5979);
#5978 = CARTESIAN_POINT('',(10.,77.6,3.));
#5979 = VECTOR('',#5980,1.);
#5980 = DIRECTION('',(0.,0.,1.));
#5981 = PCURVE('',#1989,#5982);
#5982 = DEFINITIONAL_REPRESENTATION('',(#5983),#5987);
#5983 = LINE('',#5984,#5985);
#5984 = CARTESIAN_POINT('',(4.,7.6));
#5985 = VECTOR('',#5986,1.);
#5986 = DIRECTION('',(1.,0.));
#5987 = ( GEOMETRIC_REPRESENTATION_CONTEXT(2) 
PARAMETRIC_REPRESENTATION_CONTEXT() REPRESENTATION_CONTEXT('2D SPACE',''
  ) );
#5988 = PCURVE('',#5989,#5994);
#5989 = PLANE('',#5990);
#5990 = AXIS2_PLACEMENT_3D('',#5991,#5992,#5993);
#5991 = CARTESIAN_POINT('',(10.,70.,3.));
#5992 = DIRECTION('',(1.,0.,0.));
#5993 = DIRECTION('',(0.,0.,1.));
#5994 = DEFINITIONAL_REPRESENTATION('',(#5995),#5999);
#5995 = LINE('',#5996,#5997);
#5996 = CARTESIAN_POINT('',(0.,-7.6));
#5997 = VECTOR('',#5998,1.);
#5998 = DIRECTION('',(1.,0.));
#5999 = ( GEOMETRIC_REPRESENTATION_CONTEXT(2) 
PARAMETRIC_REPRESENTATION_CONTEXT() REPRESENTATION_CONTEXT('2D SPACE',''
  ) );
#6000 = ORIENTED_EDGE('',*,*,#6001,.T.);
#6001 = EDGE_CURVE('',#5974,#6002,#6004,.T.);
#6002 = VERTEX_POINT('',#6003);
#6003 = CARTESIAN_POINT('',(10.,77.6,95.4));
#6004 = SURFACE_CURVE('',#6005,(#6009,#6016),.PCURVE_S1.);
#6005 = LINE('',#6006,#6007);
#6006 = CARTESIAN_POINT('',(10.,77.6,-1.));
#6007 = VECTOR('',#6008,1.);
#6008 = DIRECTION('',(0.,0.,1.));
#6009 = PCURVE('',#1989,#6010);
#6010 = DEFINITIONAL_REPRESENTATION('',(#6011),#6015);
#6011 = LINE('',#6012,#6013);
#6012 = CARTESIAN_POINT('',(0.,7.6));
#6013 = VECTOR('',#6014,1.);
#6014 = DIRECTION('',(1.,0.));
#6015 = ( GEOMETRIC_REPRESENTATION_CONTEXT(2) 
PARAMETRIC_REPRESENTATION_CONTEXT() REPRESENTATION_CONTEXT('2D SPACE',''
  ) );
#6016 = PCURVE('',#5814,#6017);
#6017 = DEFINITIONAL_REPRESENTATION('',(#6018),#6022);
#6018 = LINE('',#6019,#6020);
#6019 = CARTESIAN_POINT('',(-1.570796326795,0.));
#6020 = VECTOR('',#6021,1.);
#6021 = DIRECTION('',(-0.,1.));
#6022 = ( GEOMETRIC_REPRESENTATION_CONTEXT(2) 
PARAMETRIC_REPRESENTATION_CONTEXT() REPRESENTATION_CONTEXT('2D SPACE',''
  ) );
#6023 = ORIENTED_EDGE('',*,*,#6024,.T.);
#6024 = EDGE_CURVE('',#6002,#6025,#6027,.T.);
#6025 = VERTEX_POINT('',#6026);
#6026 = CARTESIAN_POINT('',(224.,77.6,95.4));
#6027 = SURFACE_CURVE('',#6028,(#6032,#6039),.PCURVE_S1.);
#6028 = LINE('',#6029,#6030);
#6029 = CARTESIAN_POINT('',(2.4,77.6,95.4));
#6030 = VECTOR('',#6031,1.);
#6031 = DIRECTION('',(1.,0.,0.));
#6032 = PCURVE('',#1989,#6033);
#6033 = DEFINITIONAL_REPRESENTATION('',(#6034),#6038);
#6034 = LINE('',#6035,#6036);
#6035 = CARTESIAN_POINT('',(96.4,0.));
#6036 = VECTOR('',#6037,1.);
#6037 = DIRECTION('',(0.,1.));
#6038 = ( GEOMETRIC_REPRESENTATION_CONTEXT(2) 
PARAMETRIC_REPRESENTATION_CONTEXT() REPRESENTATION_CONTEXT('2D SPACE',''
  ) );
#6039 = PCURVE('',#6040,#6045);
#6040 = CYLINDRICAL_SURFACE('',#6041,13.6);
#6041 = AXIS2_PLACEMENT_3D('',#6042,#6043,#6044);
#6042 = CARTESIAN_POINT('',(2.4,64.,95.4));
#6043 = DIRECTION('',(1.,0.,0.));
#6044 = DIRECTION('',(-0.,1.,0.));
#6045 = DEFINITIONAL_REPRESENTATION('',(#6046),#6050);
#6046 = LINE('',#6047,#6048);
#6047 = CARTESIAN_POINT('',(0.,0.));
#6048 = VECTOR('',#6049,1.);
#6049 = DIRECTION('',(0.,1.));
#6050 = ( GEOMETRIC_REPRESENTATION_CONTEXT(2) 
PARAMETRIC_REPRESENTATION_CONTEXT() REPRESENTATION_CONTEXT('2D SPACE',''
  ) );
#6051 = ORIENTED_EDGE('',*,*,#6052,.F.);
#6052 = EDGE_CURVE('',#6053,#6025,#6055,.T.);
#6053 = VERTEX_POINT('',#6054);
#6054 = CARTESIAN_POINT('',(224.,77.6,15.));
#6055 = SURFACE_CURVE('',#6056,(#6060,#6067),.PCURVE_S1.);
#6056 = LINE('',#6057,#6058);
#6057 = CARTESIAN_POINT('',(224.,77.6,-1.));
#6058 = VECTOR('',#6059,1.);
#6059 = DIRECTION('',(0.,0.,1.));
#6060 = PCURVE('',#1989,#6061);
#6061 = DEFINITIONAL_REPRESENTATION('',(#6062),#6066);
#6062 = LINE('',#6063,#6064);
#6063 = CARTESIAN_POINT('',(0.,221.6));
#6064 = VECTOR('',#6065,1.);
#6065 = DIRECTION('',(1.,0.));
#6066 = ( GEOMETRIC_REPRESENTATION_CONTEXT(2) 
PARAMETRIC_REPRESENTATION_CONTEXT() REPRESENTATION_CONTEXT('2D SPACE',''
  ) );
#6067 = PCURVE('',#6068,#6073);
#6068 = CYLINDRICAL_SURFACE('',#6069,7.6);
#6069 = AXIS2_PLACEMENT_3D('',#6070,#6071,#6072);
#6070 = CARTESIAN_POINT('',(224.,70.,-1.));
#6071 = DIRECTION('',(0.,0.,1.));
#6072 = DIRECTION('',(1.,0.,-0.));
#6073 = DEFINITIONAL_REPRESENTATION('',(#6074),#6078);
#6074 = LINE('',#6075,#6076);
#6075 = CARTESIAN_POINT('',(1.570796326795,0.));
#6076 = VECTOR('',#6077,1.);
#6077 = DIRECTION('',(0.,1.));
#6078 = ( GEOMETRIC_REPRESENTATION_CONTEXT(2) 
PARAMETRIC_REPRESENTATION_CONTEXT() REPRESENTATION_CONTEXT('2D SPACE',''
  ) );
#6079 = ORIENTED_EDGE('',*,*,#6080,.F.);
#6080 = EDGE_CURVE('',#6081,#6053,#6083,.T.);
#6081 = VERTEX_POINT('',#6082);
#6082 = CARTESIAN_POINT('',(224.,77.6,3.));
#6083 = SURFACE_CURVE('',#6084,(#6088,#6095),.PCURVE_S1.);
#6084 = LINE('',#6085,#6086);
#6085 = CARTESIAN_POINT('',(224.,77.6,3.));
#6086 = VECTOR('',#6087,1.);
#6087 = DIRECTION('',(0.,0.,1.));
#6088 = PCURVE('',#1989,#6089);
#6089 = DEFINITIONAL_REPRESENTATION('',(#6090),#6094);
#6090 = LINE('',#6091,#6092);
#6091 = CARTESIAN_POINT('',(4.,221.6));
#6092 = VECTOR('',#6093,1.);
#6093 = DIRECTION('',(1.,0.));
#6094 = ( GEOMETRIC_REPRESENTATION_CONTEXT(2) 
PARAMETRIC_REPRESENTATION_CONTEXT() REPRESENTATION_CONTEXT('2D SPACE',''
  ) );
#6095 = PCURVE('',#6096,#6101);
#6096 = PLANE('',#6097);
#6097 = AXIS2_PLACEMENT_3D('',#6098,#6099,#6100);
#6098 = CARTESIAN_POINT('',(224.,70.,3.));
#6099 = DIRECTION('',(1.,0.,0.));
#6100 = DIRECTION('',(0.,0.,1.));
#6101 = DEFINITIONAL_REPRESENTATION('',(#6102),#6106);
#6102 = LINE('',#6103,#6104);
#6103 = CARTESIAN_POINT('',(0.,-7.6));
#6104 = VECTOR('',#6105,1.);
#6105 = DIRECTION('',(1.,0.));
#6106 = ( GEOMETRIC_REPRESENTATION_CONTEXT(2) 
PARAMETRIC_REPRESENTATION_CONTEXT() REPRESENTATION_CONTEXT('2D SPACE',''
  ) );
#6107 = ORIENTED_EDGE('',*,*,#6108,.F.);
#6108 = EDGE_CURVE('',#1975,#6081,#6109,.T.);
#6109 = SURFACE_CURVE('',#6110,(#6114,#6121),.PCURVE_S1.);
#6110 = LINE('',#6111,#6112);
#6111 = CARTESIAN_POINT('',(224.,77.6,-1.));
#6112 = VECTOR('',#6113,1.);
#6113 = DIRECTION('',(0.,0.,1.));
#6114 = PCURVE('',#1989,#6115);
#6115 = DEFINITIONAL_REPRESENTATION('',(#6116),#6120);
#6116 = LINE('',#6117,#6118);
#6117 = CARTESIAN_POINT('',(0.,221.6));
#6118 = VECTOR('',#6119,1.);
#6119 = DIRECTION('',(1.,0.));
#6120 = ( GEOMETRIC_REPRESENTATION_CONTEXT(2) 
PARAMETRIC_REPRESENTATION_CONTEXT() REPRESENTATION_CONTEXT('2D SPACE',''
  ) );
#6121 = PCURVE('',#2017,#6122);
#6122 = DEFINITIONAL_REPRESENTATION('',(#6123),#6127);
#6123 = LINE('',#6124,#6125);
#6124 = CARTESIAN_POINT('',(1.570796326795,0.));
#6125 = VECTOR('',#6126,1.);
#6126 = DIRECTION('',(0.,1.));
#6127 = ( GEOMETRIC_REPRESENTATION_CONTEXT(2) 
PARAMETRIC_REPRESENTATION_CONTEXT() REPRESENTATION_CONTEXT('2D SPACE',''
  ) );
#6128 = FACE_BOUND('',#6129,.F.);
#6129 = EDGE_LOOP('',(#6130));
#6130 = ORIENTED_EDGE('',*,*,#6131,.T.);
#6131 = EDGE_CURVE('',#6132,#6132,#6134,.T.);
#6132 = VERTEX_POINT('',#6133);
#6133 = CARTESIAN_POINT('',(206.1,77.6,5.8));
#6134 = SURFACE_CURVE('',#6135,(#6140,#6151),.PCURVE_S1.);
#6135 = CIRCLE('',#6136,2.1);
#6136 = AXIS2_PLACEMENT_3D('',#6137,#6138,#6139);
#6137 = CARTESIAN_POINT('',(204.,77.6,5.8));
#6138 = DIRECTION('',(0.,-1.,0.));
#6139 = DIRECTION('',(1.,0.,0.));
#6140 = PCURVE('',#1989,#6141);
#6141 = DEFINITIONAL_REPRESENTATION('',(#6142),#6150);
#6142 = ( BOUNDED_CURVE() B_SPLINE_CURVE(2,(#6143,#6144,#6145,#6146,
#6147,#6148,#6149),.UNSPECIFIED.,.T.,.F.) B_SPLINE_CURVE_WITH_KNOTS((1,2
    ,2,2,2,1),(-2.094395102393,0.,2.094395102393,4.188790204786,
6.28318530718,8.377580409573),.UNSPECIFIED.) CURVE() 
GEOMETRIC_REPRESENTATION_ITEM() RATIONAL_B_SPLINE_CURVE((1.,0.5,1.,0.5,
1.,0.5,1.)) REPRESENTATION_ITEM('') );
#6143 = CARTESIAN_POINT('',(6.8,203.7));
#6144 = CARTESIAN_POINT('',(10.437306695895,203.7));
#6145 = CARTESIAN_POINT('',(8.618653347947,200.55));
#6146 = CARTESIAN_POINT('',(6.8,197.4));
#6147 = CARTESIAN_POINT('',(4.981346652053,200.55));
#6148 = CARTESIAN_POINT('',(3.162693304105,203.7));
#6149 = CARTESIAN_POINT('',(6.8,203.7));
#6150 = ( GEOMETRIC_REPRESENTATION_CONTEXT(2) 
PARAMETRIC_REPRESENTATION_CONTEXT() REPRESENTATION_CONTEXT('2D SPACE',''
  ) );
#6151 = PCURVE('',#4703,#6152);
#6152 = DEFINITIONAL_REPRESENTATION('',(#6153),#6157);
#6153 = LINE('',#6154,#6155);
#6154 = CARTESIAN_POINT('',(0.,-1.2));
#6155 = VECTOR('',#6156,1.);
#6156 = DIRECTION('',(1.,0.));
#6157 = ( GEOMETRIC_REPRESENTATION_CONTEXT(2) 
PARAMETRIC_REPRESENTATION_CONTEXT() REPRESENTATION_CONTEXT('2D SPACE',''
  ) );
#6158 = ADVANCED_FACE('',(#6159),#2017,.F.);
#6159 = FACE_BOUND('',#6160,.F.);
#6160 = EDGE_LOOP('',(#6161,#6184,#6185,#6186));
#6161 = ORIENTED_EDGE('',*,*,#6162,.F.);
#6162 = EDGE_CURVE('',#2001,#6163,#6165,.T.);
#6163 = VERTEX_POINT('',#6164);
#6164 = CARTESIAN_POINT('',(231.6,70.,3.));
#6165 = SURFACE_CURVE('',#6166,(#6170,#6177),.PCURVE_S1.);
#6166 = LINE('',#6167,#6168);
#6167 = CARTESIAN_POINT('',(231.6,70.,-1.));
#6168 = VECTOR('',#6169,1.);
#6169 = DIRECTION('',(0.,0.,1.));
#6170 = PCURVE('',#2017,#6171);
#6171 = DEFINITIONAL_REPRESENTATION('',(#6172),#6176);
#6172 = LINE('',#6173,#6174);
#6173 = CARTESIAN_POINT('',(0.,0.));
#6174 = VECTOR('',#6175,1.);
#6175 = DIRECTION('',(0.,1.));
#6176 = ( GEOMETRIC_REPRESENTATION_CONTEXT(2) 
PARAMETRIC_REPRESENTATION_CONTEXT() REPRESENTATION_CONTEXT('2D SPACE',''
  ) );
#6177 = PCURVE('',#2044,#6178);
#6178 = DEFINITIONAL_REPRESENTATION('',(#6179),#6183);
#6179 = LINE('',#6180,#6181);
#6180 = CARTESIAN_POINT('',(0.,-67.6));
#6181 = VECTOR('',#6182,1.);
#6182 = DIRECTION('',(1.,0.));
#6183 = ( GEOMETRIC_REPRESENTATION_CONTEXT(2) 
PARAMETRIC_REPRESENTATION_CONTEXT() REPRESENTATION_CONTEXT('2D SPACE',''
  ) );
#6184 = ORIENTED_EDGE('',*,*,#2000,.T.);
#6185 = ORIENTED_EDGE('',*,*,#6108,.T.);
#6186 = ORIENTED_EDGE('',*,*,#6187,.F.);
#6187 = EDGE_CURVE('',#6163,#6081,#6188,.T.);
#6188 = SURFACE_CURVE('',#6189,(#6194,#6201),.PCURVE_S1.);
#6189 = CIRCLE('',#6190,7.6);
#6190 = AXIS2_PLACEMENT_3D('',#6191,#6192,#6193);
#6191 = CARTESIAN_POINT('',(224.,70.,3.));
#6192 = DIRECTION('',(0.,0.,1.));
#6193 = DIRECTION('',(0.,-1.,0.));
#6194 = PCURVE('',#2017,#6195);
#6195 = DEFINITIONAL_REPRESENTATION('',(#6196),#6200);
#6196 = LINE('',#6197,#6198);
#6197 = CARTESIAN_POINT('',(-1.570796326795,4.));
#6198 = VECTOR('',#6199,1.);
#6199 = DIRECTION('',(1.,0.));
#6200 = ( GEOMETRIC_REPRESENTATION_CONTEXT(2) 
PARAMETRIC_REPRESENTATION_CONTEXT() REPRESENTATION_CONTEXT('2D SPACE',''
  ) );
#6201 = PCURVE('',#6202,#6207);
#6202 = PLANE('',#6203);
#6203 = AXIS2_PLACEMENT_3D('',#6204,#6205,#6206);
#6204 = CARTESIAN_POINT('',(224.,70.,3.));
#6205 = DIRECTION('',(0.,0.,1.));
#6206 = DIRECTION('',(1.,0.,0.));
#6207 = DEFINITIONAL_REPRESENTATION('',(#6208),#6212);
#6208 = CIRCLE('',#6209,7.6);
#6209 = AXIS2_PLACEMENT_2D('',#6210,#6211);
#6210 = CARTESIAN_POINT('',(0.,1.42108547152E-14));
#6211 = DIRECTION('',(0.,-1.));
#6212 = ( GEOMETRIC_REPRESENTATION_CONTEXT(2) 
PARAMETRIC_REPRESENTATION_CONTEXT() REPRESENTATION_CONTEXT('2D SPACE',''
  ) );
#6213 = ADVANCED_FACE('',(#6214),#2044,.F.);
#6214 = FACE_BOUND('',#6215,.F.);
#6215 = EDGE_LOOP('',(#6216,#6217,#6218,#6246,#6269,#6297,#6325,#6353));
#6216 = ORIENTED_EDGE('',*,*,#2029,.T.);
#6217 = ORIENTED_EDGE('',*,*,#6162,.T.);
#6218 = ORIENTED_EDGE('',*,*,#6219,.T.);
#6219 = EDGE_CURVE('',#6163,#6220,#6222,.T.);
#6220 = VERTEX_POINT('',#6221);
#6221 = CARTESIAN_POINT('',(231.6,70.,15.));
#6222 = SURFACE_CURVE('',#6223,(#6227,#6234),.PCURVE_S1.);
#6223 = LINE('',#6224,#6225);
#6224 = CARTESIAN_POINT('',(231.6,70.,3.));
#6225 = VECTOR('',#6226,1.);
#6226 = DIRECTION('',(0.,0.,1.));
#6227 = PCURVE('',#2044,#6228);
#6228 = DEFINITIONAL_REPRESENTATION('',(#6229),#6233);
#6229 = LINE('',#6230,#6231);
#6230 = CARTESIAN_POINT('',(4.,-67.6));
#6231 = VECTOR('',#6232,1.);
#6232 = DIRECTION('',(1.,0.));
#6233 = ( GEOMETRIC_REPRESENTATION_CONTEXT(2) 
PARAMETRIC_REPRESENTATION_CONTEXT() REPRESENTATION_CONTEXT('2D SPACE',''
  ) );
#6234 = PCURVE('',#6235,#6240);
#6235 = PLANE('',#6236);
#6236 = AXIS2_PLACEMENT_3D('',#6237,#6238,#6239);
#6237 = CARTESIAN_POINT('',(224.,70.,3.));
#6238 = DIRECTION('',(0.,1.,0.));
#6239 = DIRECTION('',(0.,0.,1.));
#6240 = DEFINITIONAL_REPRESENTATION('',(#6241),#6245);
#6241 = LINE('',#6242,#6243);
#6242 = CARTESIAN_POINT('',(0.,7.6));
#6243 = VECTOR('',#6244,1.);
#6244 = DIRECTION('',(1.,0.));
#6245 = ( GEOMETRIC_REPRESENTATION_CONTEXT(2) 
PARAMETRIC_REPRESENTATION_CONTEXT() REPRESENTATION_CONTEXT('2D SPACE',''
  ) );
#6246 = ORIENTED_EDGE('',*,*,#6247,.T.);
#6247 = EDGE_CURVE('',#6220,#6248,#6250,.T.);
#6248 = VERTEX_POINT('',#6249);
#6249 = CARTESIAN_POINT('',(231.6,70.,95.4));
#6250 = SURFACE_CURVE('',#6251,(#6255,#6262),.PCURVE_S1.);
#6251 = LINE('',#6252,#6253);
#6252 = CARTESIAN_POINT('',(231.6,70.,-1.));
#6253 = VECTOR('',#6254,1.);
#6254 = DIRECTION('',(0.,0.,1.));
#6255 = PCURVE('',#2044,#6256);
#6256 = DEFINITIONAL_REPRESENTATION('',(#6257),#6261);
#6257 = LINE('',#6258,#6259);
#6258 = CARTESIAN_POINT('',(0.,-67.6));
#6259 = VECTOR('',#6260,1.);
#6260 = DIRECTION('',(1.,0.));
#6261 = ( GEOMETRIC_REPRESENTATION_CONTEXT(2) 
PARAMETRIC_REPRESENTATION_CONTEXT() REPRESENTATION_CONTEXT('2D SPACE',''
  ) );
#6262 = PCURVE('',#6068,#6263);
#6263 = DEFINITIONAL_REPRESENTATION('',(#6264),#6268);
#6264 = LINE('',#6265,#6266);
#6265 = CARTESIAN_POINT('',(0.,0.));
#6266 = VECTOR('',#6267,1.);
#6267 = DIRECTION('',(0.,1.));
#6268 = ( GEOMETRIC_REPRESENTATION_CONTEXT(2) 
PARAMETRIC_REPRESENTATION_CONTEXT() REPRESENTATION_CONTEXT('2D SPACE',''
  ) );
#6269 = ORIENTED_EDGE('',*,*,#6270,.F.);
#6270 = EDGE_CURVE('',#6271,#6248,#6273,.T.);
#6271 = VERTEX_POINT('',#6272);
#6272 = CARTESIAN_POINT('',(231.6,10.,95.4));
#6273 = SURFACE_CURVE('',#6274,(#6278,#6285),.PCURVE_S1.);
#6274 = LINE('',#6275,#6276);
#6275 = CARTESIAN_POINT('',(231.6,2.4,95.4));
#6276 = VECTOR('',#6277,1.);
#6277 = DIRECTION('',(-0.,1.,-0.));
#6278 = PCURVE('',#2044,#6279);
#6279 = DEFINITIONAL_REPRESENTATION('',(#6280),#6284);
#6280 = LINE('',#6281,#6282);
#6281 = CARTESIAN_POINT('',(96.4,0.));
#6282 = VECTOR('',#6283,1.);
#6283 = DIRECTION('',(0.,-1.));
#6284 = ( GEOMETRIC_REPRESENTATION_CONTEXT(2) 
PARAMETRIC_REPRESENTATION_CONTEXT() REPRESENTATION_CONTEXT('2D SPACE',''
  ) );
#6285 = PCURVE('',#6286,#6291);
#6286 = CYLINDRICAL_SURFACE('',#6287,13.6);
#6287 = AXIS2_PLACEMENT_3D('',#6288,#6289,#6290);
#6288 = CARTESIAN_POINT('',(218.,2.4,95.4));
#6289 = DIRECTION('',(-0.,1.,-0.));
#6290 = DIRECTION('',(1.,0.,-0.));
#6291 = DEFINITIONAL_REPRESENTATION('',(#6292),#6296);
#6292 = LINE('',#6293,#6294);
#6293 = CARTESIAN_POINT('',(-0.,0.));
#6294 = VECTOR('',#6295,1.);
#6295 = DIRECTION('',(-0.,1.));
#6296 = ( GEOMETRIC_REPRESENTATION_CONTEXT(2) 
PARAMETRIC_REPRESENTATION_CONTEXT() REPRESENTATION_CONTEXT('2D SPACE',''
  ) );
#6297 = ORIENTED_EDGE('',*,*,#6298,.F.);
#6298 = EDGE_CURVE('',#6299,#6271,#6301,.T.);
#6299 = VERTEX_POINT('',#6300);
#6300 = CARTESIAN_POINT('',(231.6,10.,15.));
#6301 = SURFACE_CURVE('',#6302,(#6306,#6313),.PCURVE_S1.);
#6302 = LINE('',#6303,#6304);
#6303 = CARTESIAN_POINT('',(231.6,10.,-1.));
#6304 = VECTOR('',#6305,1.);
#6305 = DIRECTION('',(0.,0.,1.));
#6306 = PCURVE('',#2044,#6307);
#6307 = DEFINITIONAL_REPRESENTATION('',(#6308),#6312);
#6308 = LINE('',#6309,#6310);
#6309 = CARTESIAN_POINT('',(0.,-7.6));
#6310 = VECTOR('',#6311,1.);
#6311 = DIRECTION('',(1.,0.));
#6312 = ( GEOMETRIC_REPRESENTATION_CONTEXT(2) 
PARAMETRIC_REPRESENTATION_CONTEXT() REPRESENTATION_CONTEXT('2D SPACE',''
  ) );
#6313 = PCURVE('',#6314,#6319);
#6314 = CYLINDRICAL_SURFACE('',#6315,7.6);
#6315 = AXIS2_PLACEMENT_3D('',#6316,#6317,#6318);
#6316 = CARTESIAN_POINT('',(224.,10.,-1.));
#6317 = DIRECTION('',(0.,0.,1.));
#6318 = DIRECTION('',(1.,0.,-0.));
#6319 = DEFINITIONAL_REPRESENTATION('',(#6320),#6324);
#6320 = LINE('',#6321,#6322);
#6321 = CARTESIAN_POINT('',(-0.,0.));
#6322 = VECTOR('',#6323,1.);
#6323 = DIRECTION('',(-0.,1.));
#6324 = ( GEOMETRIC_REPRESENTATION_CONTEXT(2) 
PARAMETRIC_REPRESENTATION_CONTEXT() REPRESENTATION_CONTEXT('2D SPACE',''
  ) );
#6325 = ORIENTED_EDGE('',*,*,#6326,.F.);
#6326 = EDGE_CURVE('',#6327,#6299,#6329,.T.);
#6327 = VERTEX_POINT('',#6328);
#6328 = CARTESIAN_POINT('',(231.6,10.,3.));
#6329 = SURFACE_CURVE('',#6330,(#6334,#6341),.PCURVE_S1.);
#6330 = LINE('',#6331,#6332);
#6331 = CARTESIAN_POINT('',(231.6,10.,3.));
#6332 = VECTOR('',#6333,1.);
#6333 = DIRECTION('',(0.,0.,1.));
#6334 = PCURVE('',#2044,#6335);
#6335 = DEFINITIONAL_REPRESENTATION('',(#6336),#6340);
#6336 = LINE('',#6337,#6338);
#6337 = CARTESIAN_POINT('',(4.,-7.6));
#6338 = VECTOR('',#6339,1.);
#6339 = DIRECTION('',(1.,0.));
#6340 = ( GEOMETRIC_REPRESENTATION_CONTEXT(2) 
PARAMETRIC_REPRESENTATION_CONTEXT() REPRESENTATION_CONTEXT('2D SPACE',''
  ) );
#6341 = PCURVE('',#6342,#6347);
#6342 = PLANE('',#6343);
#6343 = AXIS2_PLACEMENT_3D('',#6344,#6345,#6346);
#6344 = CARTESIAN_POINT('',(224.,10.,3.));
#6345 = DIRECTION('',(0.,1.,0.));
#6346 = DIRECTION('',(0.,0.,1.));
#6347 = DEFINITIONAL_REPRESENTATION('',(#6348),#6352);
#6348 = LINE('',#6349,#6350);
#6349 = CARTESIAN_POINT('',(0.,7.6));
#6350 = VECTOR('',#6351,1.);
#6351 = DIRECTION('',(1.,0.));
#6352 = ( GEOMETRIC_REPRESENTATION_CONTEXT(2) 
PARAMETRIC_REPRESENTATION_CONTEXT() REPRESENTATION_CONTEXT('2D SPACE',''
  ) );
#6353 = ORIENTED_EDGE('',*,*,#6354,.F.);
#6354 = EDGE_CURVE('',#2030,#6327,#6355,.T.);
#6355 = SURFACE_CURVE('',#6356,(#6360,#6367),.PCURVE_S1.);
#6356 = LINE('',#6357,#6358);
#6357 = CARTESIAN_POINT('',(231.6,10.,-1.));
#6358 = VECTOR('',#6359,1.);
#6359 = DIRECTION('',(0.,0.,1.));
#6360 = PCURVE('',#2044,#6361);
#6361 = DEFINITIONAL_REPRESENTATION('',(#6362),#6366);
#6362 = LINE('',#6363,#6364);
#6363 = CARTESIAN_POINT('',(0.,-7.6));
#6364 = VECTOR('',#6365,1.);
#6365 = DIRECTION('',(1.,0.));
#6366 = ( GEOMETRIC_REPRESENTATION_CONTEXT(2) 
PARAMETRIC_REPRESENTATION_CONTEXT() REPRESENTATION_CONTEXT('2D SPACE',''
  ) );
#6367 = PCURVE('',#2072,#6368);
#6368 = DEFINITIONAL_REPRESENTATION('',(#6369),#6373);
#6369 = LINE('',#6370,#6371);
#6370 = CARTESIAN_POINT('',(-0.,0.));
#6371 = VECTOR('',#6372,1.);
#6372 = DIRECTION('',(-0.,1.));
#6373 = ( GEOMETRIC_REPRESENTATION_CONTEXT(2) 
PARAMETRIC_REPRESENTATION_CONTEXT() REPRESENTATION_CONTEXT('2D SPACE',''
  ) );
#6374 = ADVANCED_FACE('',(#6375),#2072,.F.);
#6375 = FACE_BOUND('',#6376,.T.);
#6376 = EDGE_LOOP('',(#6377,#6378,#6379,#6402));
#6377 = ORIENTED_EDGE('',*,*,#6354,.F.);
#6378 = ORIENTED_EDGE('',*,*,#2055,.F.);
#6379 = ORIENTED_EDGE('',*,*,#6380,.T.);
#6380 = EDGE_CURVE('',#2056,#6381,#6383,.T.);
#6381 = VERTEX_POINT('',#6382);
#6382 = CARTESIAN_POINT('',(224.,2.4,3.));
#6383 = SURFACE_CURVE('',#6384,(#6388,#6395),.PCURVE_S1.);
#6384 = LINE('',#6385,#6386);
#6385 = CARTESIAN_POINT('',(224.,2.4,-1.));
#6386 = VECTOR('',#6387,1.);
#6387 = DIRECTION('',(0.,0.,1.));
#6388 = PCURVE('',#2072,#6389);
#6389 = DEFINITIONAL_REPRESENTATION('',(#6390),#6394);
#6390 = LINE('',#6391,#6392);
#6391 = CARTESIAN_POINT('',(-1.570796326795,0.));
#6392 = VECTOR('',#6393,1.);
#6393 = DIRECTION('',(-0.,1.));
#6394 = ( GEOMETRIC_REPRESENTATION_CONTEXT(2) 
PARAMETRIC_REPRESENTATION_CONTEXT() REPRESENTATION_CONTEXT('2D SPACE',''
  ) );
#6395 = PCURVE('',#2098,#6396);
#6396 = DEFINITIONAL_REPRESENTATION('',(#6397),#6401);
#6397 = LINE('',#6398,#6399);
#6398 = CARTESIAN_POINT('',(0.,221.6));
#6399 = VECTOR('',#6400,1.);
#6400 = DIRECTION('',(1.,0.));
#6401 = ( GEOMETRIC_REPRESENTATION_CONTEXT(2) 
PARAMETRIC_REPRESENTATION_CONTEXT() REPRESENTATION_CONTEXT('2D SPACE',''
  ) );
#6402 = ORIENTED_EDGE('',*,*,#6403,.F.);
#6403 = EDGE_CURVE('',#6327,#6381,#6404,.T.);
#6404 = SURFACE_CURVE('',#6405,(#6410,#6417),.PCURVE_S1.);
#6405 = CIRCLE('',#6406,7.6);
#6406 = AXIS2_PLACEMENT_3D('',#6407,#6408,#6409);
#6407 = CARTESIAN_POINT('',(224.,10.,3.));
#6408 = DIRECTION('',(-0.,-0.,-1.));
#6409 = DIRECTION('',(0.,-1.,0.));
#6410 = PCURVE('',#2072,#6411);
#6411 = DEFINITIONAL_REPRESENTATION('',(#6412),#6416);
#6412 = LINE('',#6413,#6414);
#6413 = CARTESIAN_POINT('',(4.712388980385,4.));
#6414 = VECTOR('',#6415,1.);
#6415 = DIRECTION('',(-1.,0.));
#6416 = ( GEOMETRIC_REPRESENTATION_CONTEXT(2) 
PARAMETRIC_REPRESENTATION_CONTEXT() REPRESENTATION_CONTEXT('2D SPACE',''
  ) );
#6417 = PCURVE('',#6418,#6423);
#6418 = PLANE('',#6419);
#6419 = AXIS2_PLACEMENT_3D('',#6420,#6421,#6422);
#6420 = CARTESIAN_POINT('',(224.,0.,3.));
#6421 = DIRECTION('',(0.,0.,1.));
#6422 = DIRECTION('',(1.,0.,0.));
#6423 = DEFINITIONAL_REPRESENTATION('',(#6424),#6432);
#6424 = ( BOUNDED_CURVE() B_SPLINE_CURVE(2,(#6425,#6426,#6427,#6428,
#6429,#6430,#6431),.UNSPECIFIED.,.T.,.F.) B_SPLINE_CURVE_WITH_KNOTS((1,2
    ,2,2,2,1),(-2.094395102393,0.,2.094395102393,4.188790204786,
6.28318530718,8.377580409573),.UNSPECIFIED.) CURVE() 
GEOMETRIC_REPRESENTATION_ITEM() RATIONAL_B_SPLINE_CURVE((1.,0.5,1.,0.5,
1.,0.5,1.)) REPRESENTATION_ITEM('') );
#6425 = CARTESIAN_POINT('',(0.,2.4));
#6426 = CARTESIAN_POINT('',(-13.16358613752,2.4));
#6427 = CARTESIAN_POINT('',(-6.581793068762,13.8));
#6428 = CARTESIAN_POINT('',(-1.861463134704E-15,25.2));
#6429 = CARTESIAN_POINT('',(6.581793068762,13.8));
#6430 = CARTESIAN_POINT('',(13.163586137523,2.4));
#6431 = CARTESIAN_POINT('',(0.,2.4));
#6432 = ( GEOMETRIC_REPRESENTATION_CONTEXT(2) 
PARAMETRIC_REPRESENTATION_CONTEXT() REPRESENTATION_CONTEXT('2D SPACE',''
  ) );
#6433 = ADVANCED_FACE('',(#6434,#6784),#2098,.T.);
#6434 = FACE_BOUND('',#6435,.T.);
#6435 = EDGE_LOOP('',(#6436,#6437,#6438,#6439,#6467,#6490,#6518,#6546,
    #6573,#6601,#6629,#6657,#6684,#6712,#6735,#6758));
#6436 = ORIENTED_EDGE('',*,*,#6380,.F.);
#6437 = ORIENTED_EDGE('',*,*,#2084,.F.);
#6438 = ORIENTED_EDGE('',*,*,#5693,.T.);
#6439 = ORIENTED_EDGE('',*,*,#6440,.T.);
#6440 = EDGE_CURVE('',#5694,#6441,#6443,.T.);
#6441 = VERTEX_POINT('',#6442);
#6442 = CARTESIAN_POINT('',(10.,2.4,15.));
#6443 = SURFACE_CURVE('',#6444,(#6448,#6455),.PCURVE_S1.);
#6444 = LINE('',#6445,#6446);
#6445 = CARTESIAN_POINT('',(10.,2.4,3.));
#6446 = VECTOR('',#6447,1.);
#6447 = DIRECTION('',(0.,0.,1.));
#6448 = PCURVE('',#2098,#6449);
#6449 = DEFINITIONAL_REPRESENTATION('',(#6450),#6454);
#6450 = LINE('',#6451,#6452);
#6451 = CARTESIAN_POINT('',(4.,7.6));
#6452 = VECTOR('',#6453,1.);
#6453 = DIRECTION('',(1.,0.));
#6454 = ( GEOMETRIC_REPRESENTATION_CONTEXT(2) 
PARAMETRIC_REPRESENTATION_CONTEXT() REPRESENTATION_CONTEXT('2D SPACE',''
  ) );
#6455 = PCURVE('',#6456,#6461);
#6456 = PLANE('',#6457);
#6457 = AXIS2_PLACEMENT_3D('',#6458,#6459,#6460);
#6458 = CARTESIAN_POINT('',(10.,0.,3.));
#6459 = DIRECTION('',(1.,0.,0.));
#6460 = DIRECTION('',(0.,0.,1.));
#6461 = DEFINITIONAL_REPRESENTATION('',(#6462),#6466);
#6462 = LINE('',#6463,#6464);
#6463 = CARTESIAN_POINT('',(0.,-2.4));
#6464 = VECTOR('',#6465,1.);
#6465 = DIRECTION('',(1.,0.));
#6466 = ( GEOMETRIC_REPRESENTATION_CONTEXT(2) 
PARAMETRIC_REPRESENTATION_CONTEXT() REPRESENTATION_CONTEXT('2D SPACE',''
  ) );
#6467 = ORIENTED_EDGE('',*,*,#6468,.T.);
#6468 = EDGE_CURVE('',#6441,#6469,#6471,.T.);
#6469 = VERTEX_POINT('',#6470);
#6470 = CARTESIAN_POINT('',(10.,2.4,95.4));
#6471 = SURFACE_CURVE('',#6472,(#6476,#6483),.PCURVE_S1.);
#6472 = LINE('',#6473,#6474);
#6473 = CARTESIAN_POINT('',(10.,2.4,-1.));
#6474 = VECTOR('',#6475,1.);
#6475 = DIRECTION('',(0.,0.,1.));
#6476 = PCURVE('',#2098,#6477);
#6477 = DEFINITIONAL_REPRESENTATION('',(#6478),#6482);
#6478 = LINE('',#6479,#6480);
#6479 = CARTESIAN_POINT('',(0.,7.6));
#6480 = VECTOR('',#6481,1.);
#6481 = DIRECTION('',(1.,0.));
#6482 = ( GEOMETRIC_REPRESENTATION_CONTEXT(2) 
PARAMETRIC_REPRESENTATION_CONTEXT() REPRESENTATION_CONTEXT('2D SPACE',''
  ) );
#6483 = PCURVE('',#5870,#6484);
#6484 = DEFINITIONAL_REPRESENTATION('',(#6485),#6489);
#6485 = LINE('',#6486,#6487);
#6486 = CARTESIAN_POINT('',(1.570796326795,0.));
#6487 = VECTOR('',#6488,1.);
#6488 = DIRECTION('',(0.,1.));
#6489 = ( GEOMETRIC_REPRESENTATION_CONTEXT(2) 
PARAMETRIC_REPRESENTATION_CONTEXT() REPRESENTATION_CONTEXT('2D SPACE',''
  ) );
#6490 = ORIENTED_EDGE('',*,*,#6491,.T.);
#6491 = EDGE_CURVE('',#6469,#6492,#6494,.T.);
#6492 = VERTEX_POINT('',#6493);
#6493 = CARTESIAN_POINT('',(11.,2.4,95.4));
#6494 = SURFACE_CURVE('',#6495,(#6499,#6506),.PCURVE_S1.);
#6495 = LINE('',#6496,#6497);
#6496 = CARTESIAN_POINT('',(2.4,2.4,95.4));
#6497 = VECTOR('',#6498,1.);
#6498 = DIRECTION('',(1.,0.,0.));
#6499 = PCURVE('',#2098,#6500);
#6500 = DEFINITIONAL_REPRESENTATION('',(#6501),#6505);
#6501 = LINE('',#6502,#6503);
#6502 = CARTESIAN_POINT('',(96.4,0.));
#6503 = VECTOR('',#6504,1.);
#6504 = DIRECTION('',(0.,1.));
#6505 = ( GEOMETRIC_REPRESENTATION_CONTEXT(2) 
PARAMETRIC_REPRESENTATION_CONTEXT() REPRESENTATION_CONTEXT('2D SPACE',''
  ) );
#6506 = PCURVE('',#6507,#6512);
#6507 = CYLINDRICAL_SURFACE('',#6508,13.6);
#6508 = AXIS2_PLACEMENT_3D('',#6509,#6510,#6511);
#6509 = CARTESIAN_POINT('',(2.4,16.,95.4));
#6510 = DIRECTION('',(1.,0.,0.));
#6511 = DIRECTION('',(0.,-0.,1.));
#6512 = DEFINITIONAL_REPRESENTATION('',(#6513),#6517);
#6513 = LINE('',#6514,#6515);
#6514 = CARTESIAN_POINT('',(1.570796326795,0.));
#6515 = VECTOR('',#6516,1.);
#6516 = DIRECTION('',(0.,1.));
#6517 = ( GEOMETRIC_REPRESENTATION_CONTEXT(2) 
PARAMETRIC_REPRESENTATION_CONTEXT() REPRESENTATION_CONTEXT('2D SPACE',''
  ) );
#6518 = ORIENTED_EDGE('',*,*,#6519,.T.);
#6519 = EDGE_CURVE('',#6492,#6520,#6522,.T.);
#6520 = VERTEX_POINT('',#6521);
#6521 = CARTESIAN_POINT('',(11.,2.4,3.));
#6522 = SURFACE_CURVE('',#6523,(#6527,#6534),.PCURVE_S1.);
#6523 = LINE('',#6524,#6525);
#6524 = CARTESIAN_POINT('',(11.,2.4,95.4));
#6525 = VECTOR('',#6526,1.);
#6526 = DIRECTION('',(0.,1.922464111905E-17,-1.));
#6527 = PCURVE('',#2098,#6528);
#6528 = DEFINITIONAL_REPRESENTATION('',(#6529),#6533);
#6529 = LINE('',#6530,#6531);
#6530 = CARTESIAN_POINT('',(96.4,8.6));
#6531 = VECTOR('',#6532,1.);
#6532 = DIRECTION('',(-1.,0.));
#6533 = ( GEOMETRIC_REPRESENTATION_CONTEXT(2) 
PARAMETRIC_REPRESENTATION_CONTEXT() REPRESENTATION_CONTEXT('2D SPACE',''
  ) );
#6534 = PCURVE('',#6535,#6540);
#6535 = PLANE('',#6536);
#6536 = AXIS2_PLACEMENT_3D('',#6537,#6538,#6539);
#6537 = CARTESIAN_POINT('',(11.,1.9,3.));
#6538 = DIRECTION('',(1.,0.,0.));
#6539 = DIRECTION('',(0.,0.,1.));
#6540 = DEFINITIONAL_REPRESENTATION('',(#6541),#6545);
#6541 = LINE('',#6542,#6543);
#6542 = CARTESIAN_POINT('',(92.4,-0.5));
#6543 = VECTOR('',#6544,1.);
#6544 = DIRECTION('',(-1.,-1.922464111905E-17));
#6545 = ( GEOMETRIC_REPRESENTATION_CONTEXT(2) 
PARAMETRIC_REPRESENTATION_CONTEXT() REPRESENTATION_CONTEXT('2D SPACE',''
  ) );
#6546 = ORIENTED_EDGE('',*,*,#6547,.T.);
#6547 = EDGE_CURVE('',#6520,#6548,#6550,.T.);
#6548 = VERTEX_POINT('',#6549);
#6549 = CARTESIAN_POINT('',(13.7,2.4,3.));
#6550 = SURFACE_CURVE('',#6551,(#6555,#6562),.PCURVE_S1.);
#6551 = LINE('',#6552,#6553);
#6552 = CARTESIAN_POINT('',(6.7,2.4,3.));
#6553 = VECTOR('',#6554,1.);
#6554 = DIRECTION('',(1.,0.,0.));
#6555 = PCURVE('',#2098,#6556);
#6556 = DEFINITIONAL_REPRESENTATION('',(#6557),#6561);
#6557 = LINE('',#6558,#6559);
#6558 = CARTESIAN_POINT('',(4.,4.3));
#6559 = VECTOR('',#6560,1.);
#6560 = DIRECTION('',(0.,1.));
#6561 = ( GEOMETRIC_REPRESENTATION_CONTEXT(2) 
PARAMETRIC_REPRESENTATION_CONTEXT() REPRESENTATION_CONTEXT('2D SPACE',''
  ) );
#6562 = PCURVE('',#6563,#6568);
#6563 = PLANE('',#6564);
#6564 = AXIS2_PLACEMENT_3D('',#6565,#6566,#6567);
#6565 = CARTESIAN_POINT('',(11.,1.9,3.));
#6566 = DIRECTION('',(0.,0.,1.));
#6567 = DIRECTION('',(1.,0.,0.));
#6568 = DEFINITIONAL_REPRESENTATION('',(#6569),#6572);
#6569 = B_SPLINE_CURVE_WITH_KNOTS('',1,(#6570,#6571),.UNSPECIFIED.,.F.,
  .F.,(2,2),(4.3,12.3),.PIECEWISE_BEZIER_KNOTS.);
#6570 = CARTESIAN_POINT('',(0.,0.5));
#6571 = CARTESIAN_POINT('',(8.,0.5));
#6572 = ( GEOMETRIC_REPRESENTATION_CONTEXT(2) 
PARAMETRIC_REPRESENTATION_CONTEXT() REPRESENTATION_CONTEXT('2D SPACE',''
  ) );
#6573 = ORIENTED_EDGE('',*,*,#6574,.T.);
#6574 = EDGE_CURVE('',#6548,#6575,#6577,.T.);
#6575 = VERTEX_POINT('',#6576);
#6576 = CARTESIAN_POINT('',(13.7,2.4,96.3));
#6577 = SURFACE_CURVE('',#6578,(#6582,#6589),.PCURVE_S1.);
#6578 = LINE('',#6579,#6580);
#6579 = CARTESIAN_POINT('',(13.7,2.4,-1.));
#6580 = VECTOR('',#6581,1.);
#6581 = DIRECTION('',(0.,0.,1.));
#6582 = PCURVE('',#2098,#6583);
#6583 = DEFINITIONAL_REPRESENTATION('',(#6584),#6588);
#6584 = LINE('',#6585,#6586);
#6585 = CARTESIAN_POINT('',(0.,11.3));
#6586 = VECTOR('',#6587,1.);
#6587 = DIRECTION('',(1.,0.));
#6588 = ( GEOMETRIC_REPRESENTATION_CONTEXT(2) 
PARAMETRIC_REPRESENTATION_CONTEXT() REPRESENTATION_CONTEXT('2D SPACE',''
  ) );
#6589 = PCURVE('',#6590,#6595);
#6590 = PLANE('',#6591);
#6591 = AXIS2_PLACEMENT_3D('',#6592,#6593,#6594);
#6592 = CARTESIAN_POINT('',(13.7,2.4,-1.));
#6593 = DIRECTION('',(1.,0.,0.));
#6594 = DIRECTION('',(0.,0.,1.));
#6595 = DEFINITIONAL_REPRESENTATION('',(#6596),#6600);
#6596 = LINE('',#6597,#6598);
#6597 = CARTESIAN_POINT('',(0.,0.));
#6598 = VECTOR('',#6599,1.);
#6599 = DIRECTION('',(1.,0.));
#6600 = ( GEOMETRIC_REPRESENTATION_CONTEXT(2) 
PARAMETRIC_REPRESENTATION_CONTEXT() REPRESENTATION_CONTEXT('2D SPACE',''
  ) );
#6601 = ORIENTED_EDGE('',*,*,#6602,.T.);
#6602 = EDGE_CURVE('',#6575,#6603,#6605,.T.);
#6603 = VERTEX_POINT('',#6604);
#6604 = CARTESIAN_POINT('',(220.3,2.4,96.3));
#6605 = SURFACE_CURVE('',#6606,(#6610,#6617),.PCURVE_S1.);
#6606 = LINE('',#6607,#6608);
#6607 = CARTESIAN_POINT('',(13.7,2.4,96.3));
#6608 = VECTOR('',#6609,1.);
#6609 = DIRECTION('',(1.,0.,0.));
#6610 = PCURVE('',#2098,#6611);
#6611 = DEFINITIONAL_REPRESENTATION('',(#6612),#6616);
#6612 = LINE('',#6613,#6614);
#6613 = CARTESIAN_POINT('',(97.3,11.3));
#6614 = VECTOR('',#6615,1.);
#6615 = DIRECTION('',(0.,1.));
#6616 = ( GEOMETRIC_REPRESENTATION_CONTEXT(2) 
PARAMETRIC_REPRESENTATION_CONTEXT() REPRESENTATION_CONTEXT('2D SPACE',''
  ) );
#6617 = PCURVE('',#6618,#6623);
#6618 = PLANE('',#6619);
#6619 = AXIS2_PLACEMENT_3D('',#6620,#6621,#6622);
#6620 = CARTESIAN_POINT('',(13.7,2.4,96.3));
#6621 = DIRECTION('',(0.,0.,1.));
#6622 = DIRECTION('',(1.,0.,0.));
#6623 = DEFINITIONAL_REPRESENTATION('',(#6624),#6628);
#6624 = LINE('',#6625,#6626);
#6625 = CARTESIAN_POINT('',(0.,0.));
#6626 = VECTOR('',#6627,1.);
#6627 = DIRECTION('',(1.,0.));
#6628 = ( GEOMETRIC_REPRESENTATION_CONTEXT(2) 
PARAMETRIC_REPRESENTATION_CONTEXT() REPRESENTATION_CONTEXT('2D SPACE',''
  ) );
#6629 = ORIENTED_EDGE('',*,*,#6630,.F.);
#6630 = EDGE_CURVE('',#6631,#6603,#6633,.T.);
#6631 = VERTEX_POINT('',#6632);
#6632 = CARTESIAN_POINT('',(220.3,2.4,3.));
#6633 = SURFACE_CURVE('',#6634,(#6638,#6645),.PCURVE_S1.);
#6634 = LINE('',#6635,#6636);
#6635 = CARTESIAN_POINT('',(220.3,2.4,-1.));
#6636 = VECTOR('',#6637,1.);
#6637 = DIRECTION('',(0.,0.,1.));
#6638 = PCURVE('',#2098,#6639);
#6639 = DEFINITIONAL_REPRESENTATION('',(#6640),#6644);
#6640 = LINE('',#6641,#6642);
#6641 = CARTESIAN_POINT('',(0.,217.9));
#6642 = VECTOR('',#6643,1.);
#6643 = DIRECTION('',(1.,0.));
#6644 = ( GEOMETRIC_REPRESENTATION_CONTEXT(2) 
PARAMETRIC_REPRESENTATION_CONTEXT() REPRESENTATION_CONTEXT('2D SPACE',''
  ) );
#6645 = PCURVE('',#6646,#6651);
#6646 = PLANE('',#6647);
#6647 = AXIS2_PLACEMENT_3D('',#6648,#6649,#6650);
#6648 = CARTESIAN_POINT('',(220.3,2.4,-1.));
#6649 = DIRECTION('',(1.,0.,0.));
#6650 = DIRECTION('',(0.,0.,1.));
#6651 = DEFINITIONAL_REPRESENTATION('',(#6652),#6656);
#6652 = LINE('',#6653,#6654);
#6653 = CARTESIAN_POINT('',(0.,0.));
#6654 = VECTOR('',#6655,1.);
#6655 = DIRECTION('',(1.,0.));
#6656 = ( GEOMETRIC_REPRESENTATION_CONTEXT(2) 
PARAMETRIC_REPRESENTATION_CONTEXT() REPRESENTATION_CONTEXT('2D SPACE',''
  ) );
#6657 = ORIENTED_EDGE('',*,*,#6658,.T.);
#6658 = EDGE_CURVE('',#6631,#6659,#6661,.T.);
#6659 = VERTEX_POINT('',#6660);
#6660 = CARTESIAN_POINT('',(223.,2.4,3.));
#6661 = SURFACE_CURVE('',#6662,(#6666,#6673),.PCURVE_S1.);
#6662 = LINE('',#6663,#6664);
#6663 = CARTESIAN_POINT('',(108.7,2.4,3.));
#6664 = VECTOR('',#6665,1.);
#6665 = DIRECTION('',(1.,0.,0.));
#6666 = PCURVE('',#2098,#6667);
#6667 = DEFINITIONAL_REPRESENTATION('',(#6668),#6672);
#6668 = LINE('',#6669,#6670);
#6669 = CARTESIAN_POINT('',(4.,106.3));
#6670 = VECTOR('',#6671,1.);
#6671 = DIRECTION('',(0.,1.));
#6672 = ( GEOMETRIC_REPRESENTATION_CONTEXT(2) 
PARAMETRIC_REPRESENTATION_CONTEXT() REPRESENTATION_CONTEXT('2D SPACE',''
  ) );
#6673 = PCURVE('',#6674,#6679);
#6674 = PLANE('',#6675);
#6675 = AXIS2_PLACEMENT_3D('',#6676,#6677,#6678);
#6676 = CARTESIAN_POINT('',(215.,1.9,3.));
#6677 = DIRECTION('',(0.,0.,1.));
#6678 = DIRECTION('',(1.,0.,0.));
#6679 = DEFINITIONAL_REPRESENTATION('',(#6680),#6683);
#6680 = B_SPLINE_CURVE_WITH_KNOTS('',1,(#6681,#6682),.UNSPECIFIED.,.F.,
  .F.,(2,2),(106.3,114.3),.PIECEWISE_BEZIER_KNOTS.);
#6681 = CARTESIAN_POINT('',(0.,0.5));
#6682 = CARTESIAN_POINT('',(8.,0.5));
#6683 = ( GEOMETRIC_REPRESENTATION_CONTEXT(2) 
PARAMETRIC_REPRESENTATION_CONTEXT() REPRESENTATION_CONTEXT('2D SPACE',''
  ) );
#6684 = ORIENTED_EDGE('',*,*,#6685,.T.);
#6685 = EDGE_CURVE('',#6659,#6686,#6688,.T.);
#6686 = VERTEX_POINT('',#6687);
#6687 = CARTESIAN_POINT('',(223.,2.4,95.4));
#6688 = SURFACE_CURVE('',#6689,(#6693,#6700),.PCURVE_S1.);
#6689 = LINE('',#6690,#6691);
#6690 = CARTESIAN_POINT('',(223.,2.4,3.));
#6691 = VECTOR('',#6692,1.);
#6692 = DIRECTION('',(0.,-1.922464111905E-17,1.));
#6693 = PCURVE('',#2098,#6694);
#6694 = DEFINITIONAL_REPRESENTATION('',(#6695),#6699);
#6695 = LINE('',#6696,#6697);
#6696 = CARTESIAN_POINT('',(4.,220.6));
#6697 = VECTOR('',#6698,1.);
#6698 = DIRECTION('',(1.,0.));
#6699 = ( GEOMETRIC_REPRESENTATION_CONTEXT(2) 
PARAMETRIC_REPRESENTATION_CONTEXT() REPRESENTATION_CONTEXT('2D SPACE',''
  ) );
#6700 = PCURVE('',#6701,#6706);
#6701 = PLANE('',#6702);
#6702 = AXIS2_PLACEMENT_3D('',#6703,#6704,#6705);
#6703 = CARTESIAN_POINT('',(223.,1.9,3.));
#6704 = DIRECTION('',(1.,0.,0.));
#6705 = DIRECTION('',(0.,0.,1.));
#6706 = DEFINITIONAL_REPRESENTATION('',(#6707),#6711);
#6707 = LINE('',#6708,#6709);
#6708 = CARTESIAN_POINT('',(0.,-0.5));
#6709 = VECTOR('',#6710,1.);
#6710 = DIRECTION('',(1.,1.922464111905E-17));
#6711 = ( GEOMETRIC_REPRESENTATION_CONTEXT(2) 
PARAMETRIC_REPRESENTATION_CONTEXT() REPRESENTATION_CONTEXT('2D SPACE',''
  ) );
#6712 = ORIENTED_EDGE('',*,*,#6713,.T.);
#6713 = EDGE_CURVE('',#6686,#6714,#6716,.T.);
#6714 = VERTEX_POINT('',#6715);
#6715 = CARTESIAN_POINT('',(224.,2.4,95.4));
#6716 = SURFACE_CURVE('',#6717,(#6721,#6728),.PCURVE_S1.);
#6717 = LINE('',#6718,#6719);
#6718 = CARTESIAN_POINT('',(2.4,2.4,95.4));
#6719 = VECTOR('',#6720,1.);
#6720 = DIRECTION('',(1.,0.,0.));
#6721 = PCURVE('',#2098,#6722);
#6722 = DEFINITIONAL_REPRESENTATION('',(#6723),#6727);
#6723 = LINE('',#6724,#6725);
#6724 = CARTESIAN_POINT('',(96.4,0.));
#6725 = VECTOR('',#6726,1.);
#6726 = DIRECTION('',(0.,1.));
#6727 = ( GEOMETRIC_REPRESENTATION_CONTEXT(2) 
PARAMETRIC_REPRESENTATION_CONTEXT() REPRESENTATION_CONTEXT('2D SPACE',''
  ) );
#6728 = PCURVE('',#6507,#6729);
#6729 = DEFINITIONAL_REPRESENTATION('',(#6730),#6734);
#6730 = LINE('',#6731,#6732);
#6731 = CARTESIAN_POINT('',(1.570796326795,0.));
#6732 = VECTOR('',#6733,1.);
#6733 = DIRECTION('',(0.,1.));
#6734 = ( GEOMETRIC_REPRESENTATION_CONTEXT(2) 
PARAMETRIC_REPRESENTATION_CONTEXT() REPRESENTATION_CONTEXT('2D SPACE',''
  ) );
#6735 = ORIENTED_EDGE('',*,*,#6736,.F.);
#6736 = EDGE_CURVE('',#6737,#6714,#6739,.T.);
#6737 = VERTEX_POINT('',#6738);
#6738 = CARTESIAN_POINT('',(224.,2.4,15.));
#6739 = SURFACE_CURVE('',#6740,(#6744,#6751),.PCURVE_S1.);
#6740 = LINE('',#6741,#6742);
#6741 = CARTESIAN_POINT('',(224.,2.4,-1.));
#6742 = VECTOR('',#6743,1.);
#6743 = DIRECTION('',(0.,0.,1.));
#6744 = PCURVE('',#2098,#6745);
#6745 = DEFINITIONAL_REPRESENTATION('',(#6746),#6750);
#6746 = LINE('',#6747,#6748);
#6747 = CARTESIAN_POINT('',(0.,221.6));
#6748 = VECTOR('',#6749,1.);
#6749 = DIRECTION('',(1.,0.));
#6750 = ( GEOMETRIC_REPRESENTATION_CONTEXT(2) 
PARAMETRIC_REPRESENTATION_CONTEXT() REPRESENTATION_CONTEXT('2D SPACE',''
  ) );
#6751 = PCURVE('',#6314,#6752);
#6752 = DEFINITIONAL_REPRESENTATION('',(#6753),#6757);
#6753 = LINE('',#6754,#6755);
#6754 = CARTESIAN_POINT('',(-1.570796326795,0.));
#6755 = VECTOR('',#6756,1.);
#6756 = DIRECTION('',(-0.,1.));
#6757 = ( GEOMETRIC_REPRESENTATION_CONTEXT(2) 
PARAMETRIC_REPRESENTATION_CONTEXT() REPRESENTATION_CONTEXT('2D SPACE',''
  ) );
#6758 = ORIENTED_EDGE('',*,*,#6759,.F.);
#6759 = EDGE_CURVE('',#6381,#6737,#6760,.T.);
#6760 = SURFACE_CURVE('',#6761,(#6765,#6772),.PCURVE_S1.);
#6761 = LINE('',#6762,#6763);
#6762 = CARTESIAN_POINT('',(224.,2.4,3.));
#6763 = VECTOR('',#6764,1.);
#6764 = DIRECTION('',(0.,0.,1.));
#6765 = PCURVE('',#2098,#6766);
#6766 = DEFINITIONAL_REPRESENTATION('',(#6767),#6771);
#6767 = LINE('',#6768,#6769);
#6768 = CARTESIAN_POINT('',(4.,221.6));
#6769 = VECTOR('',#6770,1.);
#6770 = DIRECTION('',(1.,0.));
#6771 = ( GEOMETRIC_REPRESENTATION_CONTEXT(2) 
PARAMETRIC_REPRESENTATION_CONTEXT() REPRESENTATION_CONTEXT('2D SPACE',''
  ) );
#6772 = PCURVE('',#6773,#6778);
#6773 = PLANE('',#6774);
#6774 = AXIS2_PLACEMENT_3D('',#6775,#6776,#6777);
#6775 = CARTESIAN_POINT('',(224.,0.,3.));
#6776 = DIRECTION('',(1.,0.,0.));
#6777 = DIRECTION('',(0.,0.,1.));
#6778 = DEFINITIONAL_REPRESENTATION('',(#6779),#6783);
#6779 = LINE('',#6780,#6781);
#6780 = CARTESIAN_POINT('',(0.,-2.4));
#6781 = VECTOR('',#6782,1.);
#6782 = DIRECTION('',(1.,0.));
#6783 = ( GEOMETRIC_REPRESENTATION_CONTEXT(2) 
PARAMETRIC_REPRESENTATION_CONTEXT() REPRESENTATION_CONTEXT('2D SPACE',''
  ) );
#6784 = FACE_BOUND('',#6785,.T.);
#6785 = EDGE_LOOP('',(#6786,#6814,#6843,#6869,#6898,#6924,#6953,#6979));
#6786 = ORIENTED_EDGE('',*,*,#6787,.F.);
#6787 = EDGE_CURVE('',#6788,#6790,#6792,.T.);
#6788 = VERTEX_POINT('',#6789);
#6789 = CARTESIAN_POINT('',(204.,2.4,28.));
#6790 = VERTEX_POINT('',#6791);
#6791 = CARTESIAN_POINT('',(30.,2.4,28.));
#6792 = SURFACE_CURVE('',#6793,(#6797,#6803),.PCURVE_S1.);
#6793 = LINE('',#6794,#6795);
#6794 = CARTESIAN_POINT('',(11.2,2.4,28.));
#6795 = VECTOR('',#6796,1.);
#6796 = DIRECTION('',(-1.,0.,0.));
#6797 = PCURVE('',#2098,#6798);
#6798 = DEFINITIONAL_REPRESENTATION('',(#6799),#6802);
#6799 = B_SPLINE_CURVE_WITH_KNOTS('',1,(#6800,#6801),.UNSPECIFIED.,.F.,
  .F.,(2,2),(-192.8,-18.8),.PIECEWISE_BEZIER_KNOTS.);
#6800 = CARTESIAN_POINT('',(29.,201.6));
#6801 = CARTESIAN_POINT('',(29.,27.6));
#6802 = ( GEOMETRIC_REPRESENTATION_CONTEXT(2) 
PARAMETRIC_REPRESENTATION_CONTEXT() REPRESENTATION_CONTEXT('2D SPACE',''
  ) );
#6803 = PCURVE('',#6804,#6809);
#6804 = PLANE('',#6805);
#6805 = AXIS2_PLACEMENT_3D('',#6806,#6807,#6808);
#6806 = CARTESIAN_POINT('',(20.,-1.,28.));
#6807 = DIRECTION('',(0.,0.,-1.));
#6808 = DIRECTION('',(1.,0.,0.));
#6809 = DEFINITIONAL_REPRESENTATION('',(#6810),#6813);
#6810 = B_SPLINE_CURVE_WITH_KNOTS('',1,(#6811,#6812),.UNSPECIFIED.,.F.,
  .F.,(2,2),(-192.8,-18.8),.PIECEWISE_BEZIER_KNOTS.);
#6811 = CARTESIAN_POINT('',(184.,-3.4));
#6812 = CARTESIAN_POINT('',(10.,-3.4));
#6813 = ( GEOMETRIC_REPRESENTATION_CONTEXT(2) 
PARAMETRIC_REPRESENTATION_CONTEXT() REPRESENTATION_CONTEXT('2D SPACE',''
  ) );
#6814 = ORIENTED_EDGE('',*,*,#6815,.F.);
#6815 = EDGE_CURVE('',#6816,#6788,#6818,.T.);
#6816 = VERTEX_POINT('',#6817);
#6817 = CARTESIAN_POINT('',(214.,2.4,38.));
#6818 = SURFACE_CURVE('',#6819,(#6824,#6831),.PCURVE_S1.);
#6819 = CIRCLE('',#6820,10.);
#6820 = AXIS2_PLACEMENT_3D('',#6821,#6822,#6823);
#6821 = CARTESIAN_POINT('',(204.,2.4,38.));
#6822 = DIRECTION('',(-0.,1.,0.));
#6823 = DIRECTION('',(0.,0.,-1.));
#6824 = PCURVE('',#2098,#6825);
#6825 = DEFINITIONAL_REPRESENTATION('',(#6826),#6830);
#6826 = CIRCLE('',#6827,10.);
#6827 = AXIS2_PLACEMENT_2D('',#6828,#6829);
#6828 = CARTESIAN_POINT('',(39.,201.6));
#6829 = DIRECTION('',(-1.,0.));
#6830 = ( GEOMETRIC_REPRESENTATION_CONTEXT(2) 
PARAMETRIC_REPRESENTATION_CONTEXT() REPRESENTATION_CONTEXT('2D SPACE',''
  ) );
#6831 = PCURVE('',#6832,#6837);
#6832 = CYLINDRICAL_SURFACE('',#6833,10.);
#6833 = AXIS2_PLACEMENT_3D('',#6834,#6835,#6836);
#6834 = CARTESIAN_POINT('',(204.,-1.,38.));
#6835 = DIRECTION('',(-0.,1.,-0.));
#6836 = DIRECTION('',(0.,0.,-1.));
#6837 = DEFINITIONAL_REPRESENTATION('',(#6838),#6842);
#6838 = LINE('',#6839,#6840);
#6839 = CARTESIAN_POINT('',(-6.28318530718,3.4));
#6840 = VECTOR('',#6841,1.);
#6841 = DIRECTION('',(1.,-0.));
#6842 = ( GEOMETRIC_REPRESENTATION_CONTEXT(2) 
PARAMETRIC_REPRESENTATION_CONTEXT() REPRESENTATION_CONTEXT('2D SPACE',''
  ) );
#6843 = ORIENTED_EDGE('',*,*,#6844,.F.);
#6844 = EDGE_CURVE('',#6845,#6816,#6847,.T.);
#6845 = VERTEX_POINT('',#6846);
#6846 = CARTESIAN_POINT('',(214.,2.4,82.));
#6847 = SURFACE_CURVE('',#6848,(#6852,#6858),.PCURVE_S1.);
#6848 = LINE('',#6849,#6850);
#6849 = CARTESIAN_POINT('',(214.,2.4,13.5));
#6850 = VECTOR('',#6851,1.);
#6851 = DIRECTION('',(-0.,0.,-1.));
#6852 = PCURVE('',#2098,#6853);
#6853 = DEFINITIONAL_REPRESENTATION('',(#6854),#6857);
#6854 = B_SPLINE_CURVE_WITH_KNOTS('',1,(#6855,#6856),.UNSPECIFIED.,.F.,
  .F.,(2,2),(-68.5,-24.5),.PIECEWISE_BEZIER_KNOTS.);
#6855 = CARTESIAN_POINT('',(83.,211.6));
#6856 = CARTESIAN_POINT('',(39.,211.6));
#6857 = ( GEOMETRIC_REPRESENTATION_CONTEXT(2) 
PARAMETRIC_REPRESENTATION_CONTEXT() REPRESENTATION_CONTEXT('2D SPACE',''
  ) );
#6858 = PCURVE('',#6859,#6864);
#6859 = PLANE('',#6860);
#6860 = AXIS2_PLACEMENT_3D('',#6861,#6862,#6863);
#6861 = CARTESIAN_POINT('',(214.,-1.,28.));
#6862 = DIRECTION('',(1.,0.,-0.));
#6863 = DIRECTION('',(0.,0.,1.));
#6864 = DEFINITIONAL_REPRESENTATION('',(#6865),#6868);
#6865 = B_SPLINE_CURVE_WITH_KNOTS('',1,(#6866,#6867),.UNSPECIFIED.,.F.,
  .F.,(2,2),(-68.5,-24.5),.PIECEWISE_BEZIER_KNOTS.);
#6866 = CARTESIAN_POINT('',(54.,-3.4));
#6867 = CARTESIAN_POINT('',(10.,-3.4));
#6868 = ( GEOMETRIC_REPRESENTATION_CONTEXT(2) 
PARAMETRIC_REPRESENTATION_CONTEXT() REPRESENTATION_CONTEXT('2D SPACE',''
  ) );
#6869 = ORIENTED_EDGE('',*,*,#6870,.F.);
#6870 = EDGE_CURVE('',#6871,#6845,#6873,.T.);
#6871 = VERTEX_POINT('',#6872);
#6872 = CARTESIAN_POINT('',(204.,2.4,92.));
#6873 = SURFACE_CURVE('',#6874,(#6879,#6886),.PCURVE_S1.);
#6874 = CIRCLE('',#6875,10.);
#6875 = AXIS2_PLACEMENT_3D('',#6876,#6877,#6878);
#6876 = CARTESIAN_POINT('',(204.,2.4,82.));
#6877 = DIRECTION('',(-0.,1.,-0.));
#6878 = DIRECTION('',(1.,0.,-0.));
#6879 = PCURVE('',#2098,#6880);
#6880 = DEFINITIONAL_REPRESENTATION('',(#6881),#6885);
#6881 = CIRCLE('',#6882,10.);
#6882 = AXIS2_PLACEMENT_2D('',#6883,#6884);
#6883 = CARTESIAN_POINT('',(83.,201.6));
#6884 = DIRECTION('',(0.,1.));
#6885 = ( GEOMETRIC_REPRESENTATION_CONTEXT(2) 
PARAMETRIC_REPRESENTATION_CONTEXT() REPRESENTATION_CONTEXT('2D SPACE',''
  ) );
#6886 = PCURVE('',#6887,#6892);
#6887 = CYLINDRICAL_SURFACE('',#6888,10.);
#6888 = AXIS2_PLACEMENT_3D('',#6889,#6890,#6891);
#6889 = CARTESIAN_POINT('',(204.,-1.,82.));
#6890 = DIRECTION('',(-0.,1.,-0.));
#6891 = DIRECTION('',(1.,0.,-0.));
#6892 = DEFINITIONAL_REPRESENTATION('',(#6893),#6897);
#6893 = LINE('',#6894,#6895);
#6894 = CARTESIAN_POINT('',(-6.28318530718,3.4));
#6895 = VECTOR('',#6896,1.);
#6896 = DIRECTION('',(1.,-0.));
#6897 = ( GEOMETRIC_REPRESENTATION_CONTEXT(2) 
PARAMETRIC_REPRESENTATION_CONTEXT() REPRESENTATION_CONTEXT('2D SPACE',''
  ) );
#6898 = ORIENTED_EDGE('',*,*,#6899,.F.);
#6899 = EDGE_CURVE('',#6900,#6871,#6902,.T.);
#6900 = VERTEX_POINT('',#6901);
#6901 = CARTESIAN_POINT('',(30.,2.4,92.));
#6902 = SURFACE_CURVE('',#6903,(#6907,#6913),.PCURVE_S1.);
#6903 = LINE('',#6904,#6905);
#6904 = CARTESIAN_POINT('',(108.2,2.4,92.));
#6905 = VECTOR('',#6906,1.);
#6906 = DIRECTION('',(1.,0.,0.));
#6907 = PCURVE('',#2098,#6908);
#6908 = DEFINITIONAL_REPRESENTATION('',(#6909),#6912);
#6909 = B_SPLINE_CURVE_WITH_KNOTS('',1,(#6910,#6911),.UNSPECIFIED.,.F.,
  .F.,(2,2),(-78.2,95.8),.PIECEWISE_BEZIER_KNOTS.);
#6910 = CARTESIAN_POINT('',(93.,27.6));
#6911 = CARTESIAN_POINT('',(93.,201.6));
#6912 = ( GEOMETRIC_REPRESENTATION_CONTEXT(2) 
PARAMETRIC_REPRESENTATION_CONTEXT() REPRESENTATION_CONTEXT('2D SPACE',''
  ) );
#6913 = PCURVE('',#6914,#6919);
#6914 = PLANE('',#6915);
#6915 = AXIS2_PLACEMENT_3D('',#6916,#6917,#6918);
#6916 = CARTESIAN_POINT('',(214.,-1.,92.));
#6917 = DIRECTION('',(0.,0.,1.));
#6918 = DIRECTION('',(-1.,0.,0.));
#6919 = DEFINITIONAL_REPRESENTATION('',(#6920),#6923);
#6920 = B_SPLINE_CURVE_WITH_KNOTS('',1,(#6921,#6922),.UNSPECIFIED.,.F.,
  .F.,(2,2),(-78.2,95.8),.PIECEWISE_BEZIER_KNOTS.);
#6921 = CARTESIAN_POINT('',(184.,-3.4));
#6922 = CARTESIAN_POINT('',(10.,-3.4));
#6923 = ( GEOMETRIC_REPRESENTATION_CONTEXT(2) 
PARAMETRIC_REPRESENTATION_CONTEXT() REPRESENTATION_CONTEXT('2D SPACE',''
  ) );
#6924 = ORIENTED_EDGE('',*,*,#6925,.F.);
#6925 = EDGE_CURVE('',#6926,#6900,#6928,.T.);
#6926 = VERTEX_POINT('',#6927);
#6927 = CARTESIAN_POINT('',(20.,2.4,82.));
#6928 = SURFACE_CURVE('',#6929,(#6934,#6941),.PCURVE_S1.);
#6929 = CIRCLE('',#6930,10.);
#6930 = AXIS2_PLACEMENT_3D('',#6931,#6932,#6933);
#6931 = CARTESIAN_POINT('',(30.,2.4,82.));
#6932 = DIRECTION('',(-0.,1.,0.));
#6933 = DIRECTION('',(0.,0.,1.));
#6934 = PCURVE('',#2098,#6935);
#6935 = DEFINITIONAL_REPRESENTATION('',(#6936),#6940);
#6936 = CIRCLE('',#6937,10.);
#6937 = AXIS2_PLACEMENT_2D('',#6938,#6939);
#6938 = CARTESIAN_POINT('',(83.,27.6));
#6939 = DIRECTION('',(1.,0.));
#6940 = ( GEOMETRIC_REPRESENTATION_CONTEXT(2) 
PARAMETRIC_REPRESENTATION_CONTEXT() REPRESENTATION_CONTEXT('2D SPACE',''
  ) );
#6941 = PCURVE('',#6942,#6947);
#6942 = CYLINDRICAL_SURFACE('',#6943,10.);
#6943 = AXIS2_PLACEMENT_3D('',#6944,#6945,#6946);
#6944 = CARTESIAN_POINT('',(30.,-1.,82.));
#6945 = DIRECTION('',(-0.,1.,-0.));
#6946 = DIRECTION('',(0.,0.,1.));
#6947 = DEFINITIONAL_REPRESENTATION('',(#6948),#6952);
#6948 = LINE('',#6949,#6950);
#6949 = CARTESIAN_POINT('',(-6.28318530718,3.4));
#6950 = VECTOR('',#6951,1.);
#6951 = DIRECTION('',(1.,-0.));
#6952 = ( GEOMETRIC_REPRESENTATION_CONTEXT(2) 
PARAMETRIC_REPRESENTATION_CONTEXT() REPRESENTATION_CONTEXT('2D SPACE',''
  ) );
#6953 = ORIENTED_EDGE('',*,*,#6954,.F.);
#6954 = EDGE_CURVE('',#6955,#6926,#6957,.T.);
#6955 = VERTEX_POINT('',#6956);
#6956 = CARTESIAN_POINT('',(20.,2.4,38.));
#6957 = SURFACE_CURVE('',#6958,(#6962,#6968),.PCURVE_S1.);
#6958 = LINE('',#6959,#6960);
#6959 = CARTESIAN_POINT('',(20.,2.4,45.5));
#6960 = VECTOR('',#6961,1.);
#6961 = DIRECTION('',(0.,0.,1.));
#6962 = PCURVE('',#2098,#6963);
#6963 = DEFINITIONAL_REPRESENTATION('',(#6964),#6967);
#6964 = B_SPLINE_CURVE_WITH_KNOTS('',1,(#6965,#6966),.UNSPECIFIED.,.F.,
  .F.,(2,2),(-7.5,36.5),.PIECEWISE_BEZIER_KNOTS.);
#6965 = CARTESIAN_POINT('',(39.,17.6));
#6966 = CARTESIAN_POINT('',(83.,17.6));
#6967 = ( GEOMETRIC_REPRESENTATION_CONTEXT(2) 
PARAMETRIC_REPRESENTATION_CONTEXT() REPRESENTATION_CONTEXT('2D SPACE',''
  ) );
#6968 = PCURVE('',#6969,#6974);
#6969 = PLANE('',#6970);
#6970 = AXIS2_PLACEMENT_3D('',#6971,#6972,#6973);
#6971 = CARTESIAN_POINT('',(20.,-1.,92.));
#6972 = DIRECTION('',(-1.,-0.,-0.));
#6973 = DIRECTION('',(0.,0.,-1.));
#6974 = DEFINITIONAL_REPRESENTATION('',(#6975),#6978);
#6975 = B_SPLINE_CURVE_WITH_KNOTS('',1,(#6976,#6977),.UNSPECIFIED.,.F.,
  .F.,(2,2),(-7.5,36.5),.PIECEWISE_BEZIER_KNOTS.);
#6976 = CARTESIAN_POINT('',(54.,-3.4));
#6977 = CARTESIAN_POINT('',(10.,-3.4));
#6978 = ( GEOMETRIC_REPRESENTATION_CONTEXT(2) 
PARAMETRIC_REPRESENTATION_CONTEXT() REPRESENTATION_CONTEXT('2D SPACE',''
  ) );
#6979 = ORIENTED_EDGE('',*,*,#6980,.F.);
#6980 = EDGE_CURVE('',#6790,#6955,#6981,.T.);
#6981 = SURFACE_CURVE('',#6982,(#6987,#6994),.PCURVE_S1.);
#6982 = CIRCLE('',#6983,10.);
#6983 = AXIS2_PLACEMENT_3D('',#6984,#6985,#6986);
#6984 = CARTESIAN_POINT('',(30.,2.4,38.));
#6985 = DIRECTION('',(-0.,1.,0.));
#6986 = DIRECTION('',(0.,0.,-1.));
#6987 = PCURVE('',#2098,#6988);
#6988 = DEFINITIONAL_REPRESENTATION('',(#6989),#6993);
#6989 = CIRCLE('',#6990,10.);
#6990 = AXIS2_PLACEMENT_2D('',#6991,#6992);
#6991 = CARTESIAN_POINT('',(39.,27.6));
#6992 = DIRECTION('',(-1.,0.));
#6993 = ( GEOMETRIC_REPRESENTATION_CONTEXT(2) 
PARAMETRIC_REPRESENTATION_CONTEXT() REPRESENTATION_CONTEXT('2D SPACE',''
  ) );
#6994 = PCURVE('',#6995,#7000);
#6995 = CYLINDRICAL_SURFACE('',#6996,10.);
#6996 = AXIS2_PLACEMENT_3D('',#6997,#6998,#6999);
#6997 = CARTESIAN_POINT('',(30.,-1.,38.));
#6998 = DIRECTION('',(-0.,1.,-0.));
#6999 = DIRECTION('',(0.,0.,-1.));
#7000 = DEFINITIONAL_REPRESENTATION('',(#7001),#7005);
#7001 = LINE('',#7002,#7003);
#7002 = CARTESIAN_POINT('',(0.,3.4));
#7003 = VECTOR('',#7004,1.);
#7004 = DIRECTION('',(1.,0.));
#7005 = ( GEOMETRIC_REPRESENTATION_CONTEXT(2) 
PARAMETRIC_REPRESENTATION_CONTEXT() REPRESENTATION_CONTEXT('2D SPACE',''
  ) );
#7006 = ADVANCED_FACE('',(#7007),#2131,.F.);
#7007 = FACE_BOUND('',#7008,.F.);
#7008 = EDGE_LOOP('',(#7009,#7032,#7033,#7034,#7057,#7086,#7109,#7138,
    #7161,#7190));
#7009 = ORIENTED_EDGE('',*,*,#7010,.F.);
#7010 = EDGE_CURVE('',#2114,#7011,#7013,.T.);
#7011 = VERTEX_POINT('',#7012);
#7012 = CARTESIAN_POINT('',(218.,16.,112.));
#7013 = SURFACE_CURVE('',#7014,(#7018,#7025),.PCURVE_S1.);
#7014 = LINE('',#7015,#7016);
#7015 = CARTESIAN_POINT('',(0.,16.,112.));
#7016 = VECTOR('',#7017,1.);
#7017 = DIRECTION('',(1.,0.,0.));
#7018 = PCURVE('',#2131,#7019);
#7019 = DEFINITIONAL_REPRESENTATION('',(#7020),#7024);
#7020 = LINE('',#7021,#7022);
#7021 = CARTESIAN_POINT('',(64.,0.));
#7022 = VECTOR('',#7023,1.);
#7023 = DIRECTION('',(0.,-1.));
#7024 = ( GEOMETRIC_REPRESENTATION_CONTEXT(2) 
PARAMETRIC_REPRESENTATION_CONTEXT() REPRESENTATION_CONTEXT('2D SPACE',''
  ) );
#7025 = PCURVE('',#2166,#7026);
#7026 = DEFINITIONAL_REPRESENTATION('',(#7027),#7031);
#7027 = LINE('',#7028,#7029);
#7028 = CARTESIAN_POINT('',(0.,0.));
#7029 = VECTOR('',#7030,1.);
#7030 = DIRECTION('',(0.,1.));
#7031 = ( GEOMETRIC_REPRESENTATION_CONTEXT(2) 
PARAMETRIC_REPRESENTATION_CONTEXT() REPRESENTATION_CONTEXT('2D SPACE',''
  ) );
#7032 = ORIENTED_EDGE('',*,*,#2113,.T.);
#7033 = ORIENTED_EDGE('',*,*,#4476,.T.);
#7034 = ORIENTED_EDGE('',*,*,#7035,.F.);
#7035 = EDGE_CURVE('',#7036,#4477,#7038,.T.);
#7036 = VERTEX_POINT('',#7037);
#7037 = CARTESIAN_POINT('',(218.,55.3,112.));
#7038 = SURFACE_CURVE('',#7039,(#7043,#7050),.PCURVE_S1.);
#7039 = LINE('',#7040,#7041);
#7040 = CARTESIAN_POINT('',(218.,0.,112.));
#7041 = VECTOR('',#7042,1.);
#7042 = DIRECTION('',(-0.,1.,-0.));
#7043 = PCURVE('',#2131,#7044);
#7044 = DEFINITIONAL_REPRESENTATION('',(#7045),#7049);
#7045 = LINE('',#7046,#7047);
#7046 = CARTESIAN_POINT('',(80.,-218.));
#7047 = VECTOR('',#7048,1.);
#7048 = DIRECTION('',(-1.,0.));
#7049 = ( GEOMETRIC_REPRESENTATION_CONTEXT(2) 
PARAMETRIC_REPRESENTATION_CONTEXT() REPRESENTATION_CONTEXT('2D SPACE',''
  ) );
#7050 = PCURVE('',#4522,#7051);
#7051 = DEFINITIONAL_REPRESENTATION('',(#7052),#7056);
#7052 = LINE('',#7053,#7054);
#7053 = CARTESIAN_POINT('',(-1.570796326795,0.));
#7054 = VECTOR('',#7055,1.);
#7055 = DIRECTION('',(-0.,1.));
#7056 = ( GEOMETRIC_REPRESENTATION_CONTEXT(2) 
PARAMETRIC_REPRESENTATION_CONTEXT() REPRESENTATION_CONTEXT('2D SPACE',''
  ) );
#7057 = ORIENTED_EDGE('',*,*,#7058,.F.);
#7058 = EDGE_CURVE('',#7059,#7036,#7061,.T.);
#7059 = VERTEX_POINT('',#7060);
#7060 = CARTESIAN_POINT('',(218.,48.7,112.));
#7061 = SURFACE_CURVE('',#7062,(#7067,#7074),.PCURVE_S1.);
#7062 = CIRCLE('',#7063,3.3);
#7063 = AXIS2_PLACEMENT_3D('',#7064,#7065,#7066);
#7064 = CARTESIAN_POINT('',(218.,52.,112.));
#7065 = DIRECTION('',(0.,0.,-1.));
#7066 = DIRECTION('',(1.,0.,0.));
#7067 = PCURVE('',#2131,#7068);
#7068 = DEFINITIONAL_REPRESENTATION('',(#7069),#7073);
#7069 = CIRCLE('',#7070,3.3);
#7070 = AXIS2_PLACEMENT_2D('',#7071,#7072);
#7071 = CARTESIAN_POINT('',(28.,-218.));
#7072 = DIRECTION('',(0.,-1.));
#7073 = ( GEOMETRIC_REPRESENTATION_CONTEXT(2) 
PARAMETRIC_REPRESENTATION_CONTEXT() REPRESENTATION_CONTEXT('2D SPACE',''
  ) );
#7074 = PCURVE('',#7075,#7080);
#7075 = CYLINDRICAL_SURFACE('',#7076,3.3);
#7076 = AXIS2_PLACEMENT_3D('',#7077,#7078,#7079);
#7077 = CARTESIAN_POINT('',(218.,52.,92.));
#7078 = DIRECTION('',(-0.,-0.,-1.));
#7079 = DIRECTION('',(1.,0.,0.));
#7080 = DEFINITIONAL_REPRESENTATION('',(#7081),#7085);
#7081 = LINE('',#7082,#7083);
#7082 = CARTESIAN_POINT('',(-6.28318530718,-20.));
#7083 = VECTOR('',#7084,1.);
#7084 = DIRECTION('',(1.,-0.));
#7085 = ( GEOMETRIC_REPRESENTATION_CONTEXT(2) 
PARAMETRIC_REPRESENTATION_CONTEXT() REPRESENTATION_CONTEXT('2D SPACE',''
  ) );
#7086 = ORIENTED_EDGE('',*,*,#7087,.F.);
#7087 = EDGE_CURVE('',#7088,#7059,#7090,.T.);
#7088 = VERTEX_POINT('',#7089);
#7089 = CARTESIAN_POINT('',(218.,41.3,112.));
#7090 = SURFACE_CURVE('',#7091,(#7095,#7102),.PCURVE_S1.);
#7091 = LINE('',#7092,#7093);
#7092 = CARTESIAN_POINT('',(218.,0.,112.));
#7093 = VECTOR('',#7094,1.);
#7094 = DIRECTION('',(-0.,1.,-0.));
#7095 = PCURVE('',#2131,#7096);
#7096 = DEFINITIONAL_REPRESENTATION('',(#7097),#7101);
#7097 = LINE('',#7098,#7099);
#7098 = CARTESIAN_POINT('',(80.,-218.));
#7099 = VECTOR('',#7100,1.);
#7100 = DIRECTION('',(-1.,0.));
#7101 = ( GEOMETRIC_REPRESENTATION_CONTEXT(2) 
PARAMETRIC_REPRESENTATION_CONTEXT() REPRESENTATION_CONTEXT('2D SPACE',''
  ) );
#7102 = PCURVE('',#4522,#7103);
#7103 = DEFINITIONAL_REPRESENTATION('',(#7104),#7108);
#7104 = LINE('',#7105,#7106);
#7105 = CARTESIAN_POINT('',(-1.570796326795,0.));
#7106 = VECTOR('',#7107,1.);
#7107 = DIRECTION('',(-0.,1.));
#7108 = ( GEOMETRIC_REPRESENTATION_CONTEXT(2) 
PARAMETRIC_REPRESENTATION_CONTEXT() REPRESENTATION_CONTEXT('2D SPACE',''
  ) );
#7109 = ORIENTED_EDGE('',*,*,#7110,.F.);
#7110 = EDGE_CURVE('',#7111,#7088,#7113,.T.);
#7111 = VERTEX_POINT('',#7112);
#7112 = CARTESIAN_POINT('',(218.,34.7,112.));
#7113 = SURFACE_CURVE('',#7114,(#7119,#7126),.PCURVE_S1.);
#7114 = CIRCLE('',#7115,3.3);
#7115 = AXIS2_PLACEMENT_3D('',#7116,#7117,#7118);
#7116 = CARTESIAN_POINT('',(218.,38.,112.));
#7117 = DIRECTION('',(0.,0.,-1.));
#7118 = DIRECTION('',(1.,0.,0.));
#7119 = PCURVE('',#2131,#7120);
#7120 = DEFINITIONAL_REPRESENTATION('',(#7121),#7125);
#7121 = CIRCLE('',#7122,3.3);
#7122 = AXIS2_PLACEMENT_2D('',#7123,#7124);
#7123 = CARTESIAN_POINT('',(42.,-218.));
#7124 = DIRECTION('',(0.,-1.));
#7125 = ( GEOMETRIC_REPRESENTATION_CONTEXT(2) 
PARAMETRIC_REPRESENTATION_CONTEXT() REPRESENTATION_CONTEXT('2D SPACE',''
  ) );
#7126 = PCURVE('',#7127,#7132);
#7127 = CYLINDRICAL_SURFACE('',#7128,3.3);
#7128 = AXIS2_PLACEMENT_3D('',#7129,#7130,#7131);
#7129 = CARTESIAN_POINT('',(218.,38.,92.));
#7130 = DIRECTION('',(-0.,-0.,-1.));
#7131 = DIRECTION('',(1.,0.,0.));
#7132 = DEFINITIONAL_REPRESENTATION('',(#7133),#7137);
#7133 = LINE('',#7134,#7135);
#7134 = CARTESIAN_POINT('',(-6.28318530718,-20.));
#7135 = VECTOR('',#7136,1.);
#7136 = DIRECTION('',(1.,-0.));
#7137 = ( GEOMETRIC_REPRESENTATION_CONTEXT(2) 
PARAMETRIC_REPRESENTATION_CONTEXT() REPRESENTATION_CONTEXT('2D SPACE',''
  ) );
#7138 = ORIENTED_EDGE('',*,*,#7139,.F.);
#7139 = EDGE_CURVE('',#7140,#7111,#7142,.T.);
#7140 = VERTEX_POINT('',#7141);
#7141 = CARTESIAN_POINT('',(218.,27.3,112.));
#7142 = SURFACE_CURVE('',#7143,(#7147,#7154),.PCURVE_S1.);
#7143 = LINE('',#7144,#7145);
#7144 = CARTESIAN_POINT('',(218.,0.,112.));
#7145 = VECTOR('',#7146,1.);
#7146 = DIRECTION('',(-0.,1.,-0.));
#7147 = PCURVE('',#2131,#7148);
#7148 = DEFINITIONAL_REPRESENTATION('',(#7149),#7153);
#7149 = LINE('',#7150,#7151);
#7150 = CARTESIAN_POINT('',(80.,-218.));
#7151 = VECTOR('',#7152,1.);
#7152 = DIRECTION('',(-1.,0.));
#7153 = ( GEOMETRIC_REPRESENTATION_CONTEXT(2) 
PARAMETRIC_REPRESENTATION_CONTEXT() REPRESENTATION_CONTEXT('2D SPACE',''
  ) );
#7154 = PCURVE('',#4522,#7155);
#7155 = DEFINITIONAL_REPRESENTATION('',(#7156),#7160);
#7156 = LINE('',#7157,#7158);
#7157 = CARTESIAN_POINT('',(-1.570796326795,0.));
#7158 = VECTOR('',#7159,1.);
#7159 = DIRECTION('',(-0.,1.));
#7160 = ( GEOMETRIC_REPRESENTATION_CONTEXT(2) 
PARAMETRIC_REPRESENTATION_CONTEXT() REPRESENTATION_CONTEXT('2D SPACE',''
  ) );
#7161 = ORIENTED_EDGE('',*,*,#7162,.F.);
#7162 = EDGE_CURVE('',#7163,#7140,#7165,.T.);
#7163 = VERTEX_POINT('',#7164);
#7164 = CARTESIAN_POINT('',(218.,20.7,112.));
#7165 = SURFACE_CURVE('',#7166,(#7171,#7178),.PCURVE_S1.);
#7166 = CIRCLE('',#7167,3.3);
#7167 = AXIS2_PLACEMENT_3D('',#7168,#7169,#7170);
#7168 = CARTESIAN_POINT('',(218.,24.,112.));
#7169 = DIRECTION('',(0.,0.,-1.));
#7170 = DIRECTION('',(1.,0.,0.));
#7171 = PCURVE('',#2131,#7172);
#7172 = DEFINITIONAL_REPRESENTATION('',(#7173),#7177);
#7173 = CIRCLE('',#7174,3.3);
#7174 = AXIS2_PLACEMENT_2D('',#7175,#7176);
#7175 = CARTESIAN_POINT('',(56.,-218.));
#7176 = DIRECTION('',(0.,-1.));
#7177 = ( GEOMETRIC_REPRESENTATION_CONTEXT(2) 
PARAMETRIC_REPRESENTATION_CONTEXT() REPRESENTATION_CONTEXT('2D SPACE',''
  ) );
#7178 = PCURVE('',#7179,#7184);
#7179 = CYLINDRICAL_SURFACE('',#7180,3.3);
#7180 = AXIS2_PLACEMENT_3D('',#7181,#7182,#7183);
#7181 = CARTESIAN_POINT('',(218.,24.,92.));
#7182 = DIRECTION('',(-0.,-0.,-1.));
#7183 = DIRECTION('',(1.,0.,0.));
#7184 = DEFINITIONAL_REPRESENTATION('',(#7185),#7189);
#7185 = LINE('',#7186,#7187);
#7186 = CARTESIAN_POINT('',(-6.28318530718,-20.));
#7187 = VECTOR('',#7188,1.);
#7188 = DIRECTION('',(1.,-0.));
#7189 = ( GEOMETRIC_REPRESENTATION_CONTEXT(2) 
PARAMETRIC_REPRESENTATION_CONTEXT() REPRESENTATION_CONTEXT('2D SPACE',''
  ) );
#7190 = ORIENTED_EDGE('',*,*,#7191,.F.);
#7191 = EDGE_CURVE('',#7011,#7163,#7192,.T.);
#7192 = SURFACE_CURVE('',#7193,(#7197,#7204),.PCURVE_S1.);
#7193 = LINE('',#7194,#7195);
#7194 = CARTESIAN_POINT('',(218.,0.,112.));
#7195 = VECTOR('',#7196,1.);
#7196 = DIRECTION('',(-0.,1.,-0.));
#7197 = PCURVE('',#2131,#7198);
#7198 = DEFINITIONAL_REPRESENTATION('',(#7199),#7203);
#7199 = LINE('',#7200,#7201);
#7200 = CARTESIAN_POINT('',(80.,-218.));
#7201 = VECTOR('',#7202,1.);
#7202 = DIRECTION('',(-1.,0.));
#7203 = ( GEOMETRIC_REPRESENTATION_CONTEXT(2) 
PARAMETRIC_REPRESENTATION_CONTEXT() REPRESENTATION_CONTEXT('2D SPACE',''
  ) );
#7204 = PCURVE('',#4522,#7205);
#7205 = DEFINITIONAL_REPRESENTATION('',(#7206),#7210);
#7206 = LINE('',#7207,#7208);
#7207 = CARTESIAN_POINT('',(-1.570796326795,0.));
#7208 = VECTOR('',#7209,1.);
#7209 = DIRECTION('',(-0.,1.));
#7210 = ( GEOMETRIC_REPRESENTATION_CONTEXT(2) 
PARAMETRIC_REPRESENTATION_CONTEXT() REPRESENTATION_CONTEXT('2D SPACE',''
  ) );
#7211 = ADVANCED_FACE('',(#7212),#2166,.T.);
#7212 = FACE_BOUND('',#7213,.T.);
#7213 = EDGE_LOOP('',(#7214,#7215,#7216,#7217,#7218,#7219));
#7214 = ORIENTED_EDGE('',*,*,#7010,.F.);
#7215 = ORIENTED_EDGE('',*,*,#2143,.T.);
#7216 = ORIENTED_EDGE('',*,*,#2455,.T.);
#7217 = ORIENTED_EDGE('',*,*,#4720,.T.);
#7218 = ORIENTED_EDGE('',*,*,#5014,.F.);
#7219 = ORIENTED_EDGE('',*,*,#7220,.F.);
#7220 = EDGE_CURVE('',#7011,#5015,#7221,.T.);
#7221 = SURFACE_CURVE('',#7222,(#7227,#7240),.PCURVE_S1.);
#7222 = ELLIPSE('',#7223,22.62741699797,16.);
#7223 = AXIS2_PLACEMENT_3D('',#7224,#7225,#7226);
#7224 = CARTESIAN_POINT('',(218.,16.,96.));
#7225 = DIRECTION('',(0.707106781187,0.707106781187,0.));
#7226 = DIRECTION('',(0.707106781187,-0.707106781187,0.));
#7227 = PCURVE('',#2166,#7228);
#7228 = DEFINITIONAL_REPRESENTATION('',(#7229),#7239);
#7229 = B_SPLINE_CURVE_WITH_KNOTS('',8,(#7230,#7231,#7232,#7233,#7234,
    #7235,#7236,#7237,#7238),.UNSPECIFIED.,.F.,.F.,(9,9),(4.712388980385
    ,6.28318530718),.PIECEWISE_BEZIER_KNOTS.);
#7230 = CARTESIAN_POINT('',(0.,218.));
#7231 = CARTESIAN_POINT('',(0.196349540849,221.14159265359));
#7232 = CARTESIAN_POINT('',(0.392699081698,224.28318605295));
#7233 = CARTESIAN_POINT('',(0.589048622544,227.24021217902));
#7234 = CARTESIAN_POINT('',(0.7853981634,229.82814000849));
#7235 = CARTESIAN_POINT('',(0.981747704244,231.88508874131));
#7236 = CARTESIAN_POINT('',(1.178097245096,233.29502758415));
#7237 = CARTESIAN_POINT('',(1.374446785946,234.));
#7238 = CARTESIAN_POINT('',(1.570796326795,234.));
#7239 = ( GEOMETRIC_REPRESENTATION_CONTEXT(2) 
PARAMETRIC_REPRESENTATION_CONTEXT() REPRESENTATION_CONTEXT('2D SPACE',''
  ) );
#7240 = PCURVE('',#4522,#7241);
#7241 = DEFINITIONAL_REPRESENTATION('',(#7242),#7252);
#7242 = B_SPLINE_CURVE_WITH_KNOTS('',8,(#7243,#7244,#7245,#7246,#7247,
    #7248,#7249,#7250,#7251),.UNSPECIFIED.,.F.,.F.,(9,9),(4.712388980385
    ,6.28318530718),.PIECEWISE_BEZIER_KNOTS.);
#7243 = CARTESIAN_POINT('',(-1.570796326795,16.));
#7244 = CARTESIAN_POINT('',(-1.374446785946,12.85840734641));
#7245 = CARTESIAN_POINT('',(-1.178097245096,9.71681394691));
#7246 = CARTESIAN_POINT('',(-0.981747704248,6.7597878206));
#7247 = CARTESIAN_POINT('',(-0.785398163397,4.171859990773));
#7248 = CARTESIAN_POINT('',(-0.589048622546,2.114911258555));
#7249 = CARTESIAN_POINT('',(-0.392699081699,0.704972415781));
#7250 = CARTESIAN_POINT('',(-0.196349540849,-2.783245401312E-15));
#7251 = CARTESIAN_POINT('',(0.,-3.552713678801E-15));
#7252 = ( GEOMETRIC_REPRESENTATION_CONTEXT(2) 
PARAMETRIC_REPRESENTATION_CONTEXT() REPRESENTATION_CONTEXT('2D SPACE',''
  ) );
#7253 = ADVANCED_FACE('',(#7254),#2588,.F.);
#7254 = FACE_BOUND('',#7255,.F.);
#7255 = EDGE_LOOP('',(#7256));
#7256 = ORIENTED_EDGE('',*,*,#2573,.T.);
#7257 = ADVANCED_FACE('',(#7258),#2643,.F.);
#7258 = FACE_BOUND('',#7259,.F.);
#7259 = EDGE_LOOP('',(#7260));
#7260 = ORIENTED_EDGE('',*,*,#2628,.T.);
#7261 = ADVANCED_FACE('',(#7262),#2698,.F.);
#7262 = FACE_BOUND('',#7263,.F.);
#7263 = EDGE_LOOP('',(#7264));
#7264 = ORIENTED_EDGE('',*,*,#2683,.T.);
#7265 = ADVANCED_FACE('',(#7266),#2753,.F.);
#7266 = FACE_BOUND('',#7267,.F.);
#7267 = EDGE_LOOP('',(#7268));
#7268 = ORIENTED_EDGE('',*,*,#2738,.T.);
#7269 = ADVANCED_FACE('',(#7270),#2808,.F.);
#7270 = FACE_BOUND('',#7271,.F.);
#7271 = EDGE_LOOP('',(#7272));
#7272 = ORIENTED_EDGE('',*,*,#2793,.T.);
#7273 = ADVANCED_FACE('',(#7274),#2863,.F.);
#7274 = FACE_BOUND('',#7275,.F.);
#7275 = EDGE_LOOP('',(#7276));
#7276 = ORIENTED_EDGE('',*,*,#2848,.T.);
#7277 = ADVANCED_FACE('',(#7278),#2918,.F.);
#7278 = FACE_BOUND('',#7279,.F.);
#7279 = EDGE_LOOP('',(#7280));
#7280 = ORIENTED_EDGE('',*,*,#2903,.T.);
#7281 = ADVANCED_FACE('',(#7282),#2973,.F.);
#7282 = FACE_BOUND('',#7283,.F.);
#7283 = EDGE_LOOP('',(#7284));
#7284 = ORIENTED_EDGE('',*,*,#2958,.T.);
#7285 = ADVANCED_FACE('',(#7286),#3028,.F.);
#7286 = FACE_BOUND('',#7287,.F.);
#7287 = EDGE_LOOP('',(#7288));
#7288 = ORIENTED_EDGE('',*,*,#3013,.T.);
#7289 = ADVANCED_FACE('',(#7290),#3083,.F.);
#7290 = FACE_BOUND('',#7291,.F.);
#7291 = EDGE_LOOP('',(#7292));
#7292 = ORIENTED_EDGE('',*,*,#3068,.T.);
#7293 = ADVANCED_FACE('',(#7294),#3138,.F.);
#7294 = FACE_BOUND('',#7295,.F.);
#7295 = EDGE_LOOP('',(#7296));
#7296 = ORIENTED_EDGE('',*,*,#3123,.T.);
#7297 = ADVANCED_FACE('',(#7298),#3193,.F.);
#7298 = FACE_BOUND('',#7299,.F.);
#7299 = EDGE_LOOP('',(#7300));
#7300 = ORIENTED_EDGE('',*,*,#3178,.T.);
#7301 = ADVANCED_FACE('',(#7302),#3248,.F.);
#7302 = FACE_BOUND('',#7303,.F.);
#7303 = EDGE_LOOP('',(#7304));
#7304 = ORIENTED_EDGE('',*,*,#3233,.T.);
#7305 = ADVANCED_FACE('',(#7306),#3303,.F.);
#7306 = FACE_BOUND('',#7307,.F.);
#7307 = EDGE_LOOP('',(#7308));
#7308 = ORIENTED_EDGE('',*,*,#3288,.T.);
#7309 = ADVANCED_FACE('',(#7310),#3358,.F.);
#7310 = FACE_BOUND('',#7311,.F.);
#7311 = EDGE_LOOP('',(#7312));
#7312 = ORIENTED_EDGE('',*,*,#3343,.T.);
#7313 = ADVANCED_FACE('',(#7314),#3413,.F.);
#7314 = FACE_BOUND('',#7315,.F.);
#7315 = EDGE_LOOP('',(#7316));
#7316 = ORIENTED_EDGE('',*,*,#3398,.T.);
#7317 = ADVANCED_FACE('',(#7318),#3468,.F.);
#7318 = FACE_BOUND('',#7319,.F.);
#7319 = EDGE_LOOP('',(#7320));
#7320 = ORIENTED_EDGE('',*,*,#3453,.T.);
#7321 = ADVANCED_FACE('',(#7322),#3523,.F.);
#7322 = FACE_BOUND('',#7323,.F.);
#7323 = EDGE_LOOP('',(#7324));
#7324 = ORIENTED_EDGE('',*,*,#3508,.T.);
#7325 = ADVANCED_FACE('',(#7326),#3578,.F.);
#7326 = FACE_BOUND('',#7327,.F.);
#7327 = EDGE_LOOP('',(#7328));
#7328 = ORIENTED_EDGE('',*,*,#3563,.T.);
#7329 = ADVANCED_FACE('',(#7330),#3633,.F.);
#7330 = FACE_BOUND('',#7331,.F.);
#7331 = EDGE_LOOP('',(#7332));
#7332 = ORIENTED_EDGE('',*,*,#3618,.T.);
#7333 = ADVANCED_FACE('',(#7334),#3688,.F.);
#7334 = FACE_BOUND('',#7335,.F.);
#7335 = EDGE_LOOP('',(#7336));
#7336 = ORIENTED_EDGE('',*,*,#3673,.T.);
#7337 = ADVANCED_FACE('',(#7338),#3743,.F.);
#7338 = FACE_BOUND('',#7339,.F.);
#7339 = EDGE_LOOP('',(#7340));
#7340 = ORIENTED_EDGE('',*,*,#3728,.T.);
#7341 = ADVANCED_FACE('',(#7342),#3798,.F.);
#7342 = FACE_BOUND('',#7343,.F.);
#7343 = EDGE_LOOP('',(#7344));
#7344 = ORIENTED_EDGE('',*,*,#3783,.T.);
#7345 = ADVANCED_FACE('',(#7346),#3853,.F.);
#7346 = FACE_BOUND('',#7347,.F.);
#7347 = EDGE_LOOP('',(#7348));
#7348 = ORIENTED_EDGE('',*,*,#3838,.T.);
#7349 = ADVANCED_FACE('',(#7350),#3908,.F.);
#7350 = FACE_BOUND('',#7351,.F.);
#7351 = EDGE_LOOP('',(#7352));
#7352 = ORIENTED_EDGE('',*,*,#3893,.T.);
#7353 = ADVANCED_FACE('',(#7354),#3963,.F.);
#7354 = FACE_BOUND('',#7355,.F.);
#7355 = EDGE_LOOP('',(#7356));
#7356 = ORIENTED_EDGE('',*,*,#3948,.T.);
#7357 = ADVANCED_FACE('',(#7358),#4018,.F.);
#7358 = FACE_BOUND('',#7359,.F.);
#7359 = EDGE_LOOP('',(#7360));
#7360 = ORIENTED_EDGE('',*,*,#4003,.T.);
#7361 = ADVANCED_FACE('',(#7362),#4073,.F.);
#7362 = FACE_BOUND('',#7363,.F.);
#7363 = EDGE_LOOP('',(#7364));
#7364 = ORIENTED_EDGE('',*,*,#4058,.T.);
#7365 = ADVANCED_FACE('',(#7366),#4128,.F.);
#7366 = FACE_BOUND('',#7367,.F.);
#7367 = EDGE_LOOP('',(#7368));
#7368 = ORIENTED_EDGE('',*,*,#4113,.T.);
#7369 = ADVANCED_FACE('',(#7370),#4183,.F.);
#7370 = FACE_BOUND('',#7371,.F.);
#7371 = EDGE_LOOP('',(#7372));
#7372 = ORIENTED_EDGE('',*,*,#4168,.T.);
#7373 = ADVANCED_FACE('',(#7374),#4238,.F.);
#7374 = FACE_BOUND('',#7375,.F.);
#7375 = EDGE_LOOP('',(#7376));
#7376 = ORIENTED_EDGE('',*,*,#4223,.T.);
#7377 = ADVANCED_FACE('',(#7378),#4293,.F.);
#7378 = FACE_BOUND('',#7379,.F.);
#7379 = EDGE_LOOP('',(#7380));
#7380 = ORIENTED_EDGE('',*,*,#4278,.T.);
#7381 = ADVANCED_FACE('',(#7382),#4348,.F.);
#7382 = FACE_BOUND('',#7383,.F.);
#7383 = EDGE_LOOP('',(#7384));
#7384 = ORIENTED_EDGE('',*,*,#4333,.T.);
#7385 = ADVANCED_FACE('',(#7386),#4403,.F.);
#7386 = FACE_BOUND('',#7387,.F.);
#7387 = EDGE_LOOP('',(#7388));
#7388 = ORIENTED_EDGE('',*,*,#4388,.T.);
#7389 = ADVANCED_FACE('',(#7390),#4458,.F.);
#7390 = FACE_BOUND('',#7391,.F.);
#7391 = EDGE_LOOP('',(#7392));
#7392 = ORIENTED_EDGE('',*,*,#4443,.T.);
#7393 = ADVANCED_FACE('',(#7394),#4522,.T.);
#7394 = FACE_BOUND('',#7395,.F.);
#7395 = EDGE_LOOP('',(#7396,#7397,#7398,#7399,#7400,#7462,#7534,#7535,
    #7597,#7669,#7670,#7732,#7804,#7805,#7806));
#7396 = ORIENTED_EDGE('',*,*,#5384,.F.);
#7397 = ORIENTED_EDGE('',*,*,#5106,.T.);
#7398 = ORIENTED_EDGE('',*,*,#7220,.F.);
#7399 = ORIENTED_EDGE('',*,*,#7191,.T.);
#7400 = ORIENTED_EDGE('',*,*,#7401,.T.);
#7401 = EDGE_CURVE('',#7163,#7402,#7404,.T.);
#7402 = VERTEX_POINT('',#7403);
#7403 = CARTESIAN_POINT('',(221.3,24.,111.65598926928));
#7404 = SURFACE_CURVE('',#7405,(#7422,#7442),.PCURVE_S1.);
#7405 = B_SPLINE_CURVE_WITH_KNOTS('',8,(#7406,#7407,#7408,#7409,#7410,
    #7411,#7412,#7413,#7414,#7415,#7416,#7417,#7418,#7419,#7420,#7421),
  .UNSPECIFIED.,.F.,.F.,(9,7,9),(0.,0.301222657908,1.),.UNSPECIFIED.);
#7406 = CARTESIAN_POINT('',(218.,20.7,112.));
#7407 = CARTESIAN_POINT('',(218.23695195817,20.7,112.));
#7408 = CARTESIAN_POINT('',(218.47212498884,20.719444621448,
    111.99599005843));
#7409 = CARTESIAN_POINT('',(218.70304521506,20.757822812664,
    111.9880732758));
#7410 = CARTESIAN_POINT('',(218.92732362959,20.814133758715,
    111.97658646993));
#7411 = CARTESIAN_POINT('',(219.14273650799,20.886901113093,
    111.96206947303));
#7412 = CARTESIAN_POINT('',(219.34729979199,20.974181789516,
    111.94521337991));
#7413 = CARTESIAN_POINT('',(219.53933744306,21.073569313878,
    111.92678774725));
#7414 = CARTESIAN_POINT('',(220.13094739857,21.434174399851,
    111.86291139928));
#7415 = CARTESIAN_POINT('',(220.47739333158,21.740410496932,
    111.81308359051));
#7416 = CARTESIAN_POINT('',(220.75838006608,22.081941031193,
    111.76480767577));
#7417 = CARTESIAN_POINT('',(220.97775952164,22.446472561089,
    111.72283753203));
#7418 = CARTESIAN_POINT('',(221.1393594334,22.825528692582,
    111.68984710073));
#7419 = CARTESIAN_POINT('',(221.24622391912,23.213328983755,
    111.66732476061));
#7420 = CARTESIAN_POINT('',(221.3,23.605947921477,111.65598926928));
#7421 = CARTESIAN_POINT('',(221.3,24.,111.65598926928));
#7422 = PCURVE('',#4522,#7423);
#7423 = DEFINITIONAL_REPRESENTATION('',(#7424),#7441);
#7424 = B_SPLINE_CURVE_WITH_KNOTS('',8,(#7425,#7426,#7427,#7428,#7429,
    #7430,#7431,#7432,#7433,#7434,#7435,#7436,#7437,#7438,#7439,#7440),
  .UNSPECIFIED.,.F.,.F.,(9,7,9),(0.,0.301222657908,1.),.UNSPECIFIED.);
#7425 = CARTESIAN_POINT('',(-1.570796326795,20.7));
#7426 = CARTESIAN_POINT('',(-1.555986829409,20.7));
#7427 = CARTESIAN_POINT('',(-1.541288508742,20.719444621448));
#7428 = CARTESIAN_POINT('',(-1.526851064368,20.757822812664));
#7429 = CARTESIAN_POINT('',(-1.512819106785,20.814133758715));
#7430 = CARTESIAN_POINT('',(-1.499328402292,20.886901113093));
#7431 = CARTESIAN_POINT('',(-1.486501855416,20.974181789516));
#7432 = CARTESIAN_POINT('',(-1.474445228901,21.073569313878));
#7433 = CARTESIAN_POINT('',(-1.437254707632,21.434174399851));
#7434 = CARTESIAN_POINT('',(-1.41539266461,21.740410496932));
#7435 = CARTESIAN_POINT('',(-1.397581752112,22.081941031193));
#7436 = CARTESIAN_POINT('',(-1.383623899574,22.446472561089));
#7437 = CARTESIAN_POINT('',(-1.373316000337,22.825528692582));
#7438 = CARTESIAN_POINT('',(-1.366490175071,23.213328983755));
#7439 = CARTESIAN_POINT('',(-1.363055324746,23.605947921477));
#7440 = CARTESIAN_POINT('',(-1.363055324746,24.));
#7441 = ( GEOMETRIC_REPRESENTATION_CONTEXT(2) 
PARAMETRIC_REPRESENTATION_CONTEXT() REPRESENTATION_CONTEXT('2D SPACE',''
  ) );
#7442 = PCURVE('',#7179,#7443);
#7443 = DEFINITIONAL_REPRESENTATION('',(#7444),#7461);
#7444 = B_SPLINE_CURVE_WITH_KNOTS('',8,(#7445,#7446,#7447,#7448,#7449,
    #7450,#7451,#7452,#7453,#7454,#7455,#7456,#7457,#7458,#7459,#7460),
  .UNSPECIFIED.,.F.,.F.,(9,7,9),(0.,0.301222657908,1.),.UNSPECIFIED.);
#7445 = CARTESIAN_POINT('',(-4.712388980385,-20.));
#7446 = CARTESIAN_POINT('',(-4.784192604074,-20.));
#7447 = CARTESIAN_POINT('',(-4.855457095865,-19.99599005843));
#7448 = CARTESIAN_POINT('',(-4.925997235519,-19.9880732758));
#7449 = CARTESIAN_POINT('',(-4.995616961113,-19.97658646993));
#7450 = CARTESIAN_POINT('',(-5.064097260157,-19.96206947303));
#7451 = CARTESIAN_POINT('',(-5.131179588298,-19.94521337991));
#7452 = CARTESIAN_POINT('',(-5.196544815587,-19.92678774725));
#7453 = CARTESIAN_POINT('',(-5.406498758564,-19.86291139928));
#7454 = CARTESIAN_POINT('',(-5.544441719587,-19.81308359051));
#7455 = CARTESIAN_POINT('',(-5.675820746666,-19.76480767577));
#7456 = CARTESIAN_POINT('',(-5.802113800784,-19.72283753203));
#7457 = CARTESIAN_POINT('',(-5.924693346599,-19.68984710073));
#7458 = CARTESIAN_POINT('',(-6.044799520071,-19.66732476061));
#7459 = CARTESIAN_POINT('',(-6.163775586415,-19.65598926928));
#7460 = CARTESIAN_POINT('',(-6.28318530718,-19.65598926928));
#7461 = ( GEOMETRIC_REPRESENTATION_CONTEXT(2) 
PARAMETRIC_REPRESENTATION_CONTEXT() REPRESENTATION_CONTEXT('2D SPACE',''
  ) );
#7462 = ORIENTED_EDGE('',*,*,#7463,.T.);
#7463 = EDGE_CURVE('',#7402,#7140,#7464,.T.);
#7464 = SURFACE_CURVE('',#7465,(#7486,#7510),.PCURVE_S1.);
#7465 = B_SPLINE_CURVE_WITH_KNOTS('',7,(#7466,#7467,#7468,#7469,#7470,
    #7471,#7472,#7473,#7474,#7475,#7476,#7477,#7478,#7479,#7480,#7481,
    #7482,#7483,#7484,#7485),.UNSPECIFIED.,.F.,.F.,(8,6,6,8),(0.,
    0.535500941481,0.821170709199,1.),.UNSPECIFIED.);
#7466 = CARTESIAN_POINT('',(221.3,24.,111.65598926928));
#7467 = CARTESIAN_POINT('',(221.3,24.344997605851,111.65598926928));
#7468 = CARTESIAN_POINT('',(221.25792086475,24.689467795705,
    111.66485866264));
#7469 = CARTESIAN_POINT('',(221.17399561074,25.030475008717,
    111.68254922038));
#7470 = CARTESIAN_POINT('',(221.04721719351,25.364870014645,
    111.70852623875));
#7471 = CARTESIAN_POINT('',(220.87571833602,25.688469686886,
    111.74172287897));
#7472 = CARTESIAN_POINT('',(220.65693879791,25.995543889724,
    111.78019250184));
#7473 = CARTESIAN_POINT('',(220.24502546244,26.427546162891,
    111.8423755359));
#7474 = CARTESIAN_POINT('',(220.08706512502,26.571119051371,
    111.86467276787));
#7475 = CARTESIAN_POINT('',(219.9142967725,26.70611842731,
    111.88709480815));
#7476 = CARTESIAN_POINT('',(219.72675578297,26.830564320695,
    111.90898560414));
#7477 = CARTESIAN_POINT('',(219.52469139157,26.94233645127,
    111.92958230125));
#7478 = CARTESIAN_POINT('',(219.3086094888,27.039146319073,
    111.94805170662));
#7479 = CARTESIAN_POINT('',(218.93579172456,27.168179801822,
    111.97325857862));
#7480 = CARTESIAN_POINT('',(218.78716581415,27.21098924051,
    111.98179490758));
#7481 = CARTESIAN_POINT('',(218.63430338254,27.246109158336,
    111.98891590119));
#7482 = CARTESIAN_POINT('',(218.47814309934,27.272910061353,
    111.99441264718));
#7483 = CARTESIAN_POINT('',(218.31968227303,27.290954749777,
    111.99813443838));
#7484 = CARTESIAN_POINT('',(218.15995333451,27.3,112.));
#7485 = CARTESIAN_POINT('',(218.,27.3,112.));
#7486 = PCURVE('',#4522,#7487);
#7487 = DEFINITIONAL_REPRESENTATION('',(#7488),#7509);
#7488 = B_SPLINE_CURVE_WITH_KNOTS('',7,(#7489,#7490,#7491,#7492,#7493,
    #7494,#7495,#7496,#7497,#7498,#7499,#7500,#7501,#7502,#7503,#7504,
    #7505,#7506,#7507,#7508),.UNSPECIFIED.,.F.,.F.,(8,6,6,8),(0.,
    0.535500941481,0.821170709199,1.),.UNSPECIFIED.);
#7489 = CARTESIAN_POINT('',(-1.363055324746,24.));
#7490 = CARTESIAN_POINT('',(-1.363055324746,24.344997605851));
#7491 = CARTESIAN_POINT('',(-1.36574305449,24.689467795705));
#7492 = CARTESIAN_POINT('',(-1.371103662402,25.030475008717));
#7493 = CARTESIAN_POINT('',(-1.379191760799,25.364870014645));
#7494 = CARTESIAN_POINT('',(-1.390108040779,25.688469686886));
#7495 = CARTESIAN_POINT('',(-1.403987467696,25.995543889724));
#7496 = CARTESIAN_POINT('',(-1.430023749897,26.427546162891));
#7497 = CARTESIAN_POINT('',(-1.439993678728,26.571119051371));
#7498 = CARTESIAN_POINT('',(-1.450881137167,26.70611842731));
#7499 = CARTESIAN_POINT('',(-1.462680078172,26.830564320695));
#7500 = CARTESIAN_POINT('',(-1.475372029298,26.94233645127));
#7501 = CARTESIAN_POINT('',(-1.488924249894,27.039146319073));
#7502 = CARTESIAN_POINT('',(-1.512278558227,27.168179801822));
#7503 = CARTESIAN_POINT('',(-1.521582509179,27.21098924051));
#7504 = CARTESIAN_POINT('',(-1.531145855913,27.246109158336));
#7505 = CARTESIAN_POINT('',(-1.540910753299,27.272910061353));
#7506 = CARTESIAN_POINT('',(-1.550816183965,27.290954749777));
#7507 = CARTESIAN_POINT('',(-1.560799243388,27.3));
#7508 = CARTESIAN_POINT('',(-1.570796326795,27.3));
#7509 = ( GEOMETRIC_REPRESENTATION_CONTEXT(2) 
PARAMETRIC_REPRESENTATION_CONTEXT() REPRESENTATION_CONTEXT('2D SPACE',''
  ) );
#7510 = PCURVE('',#7179,#7511);
#7511 = DEFINITIONAL_REPRESENTATION('',(#7512),#7533);
#7512 = B_SPLINE_CURVE_WITH_KNOTS('',7,(#7513,#7514,#7515,#7516,#7517,
    #7518,#7519,#7520,#7521,#7522,#7523,#7524,#7525,#7526,#7527,#7528,
    #7529,#7530,#7531,#7532),.UNSPECIFIED.,.F.,.F.,(8,6,6,8),(0.,
    0.535500941481,0.821170709199,1.),.UNSPECIFIED.);
#7513 = CARTESIAN_POINT('',(0.,-19.65598926928));
#7514 = CARTESIAN_POINT('',(-0.104544729046,-19.65598926928));
#7515 = CARTESIAN_POINT('',(-0.208929434712,-19.66485866264));
#7516 = CARTESIAN_POINT('',(-0.31413222509,-19.68254922038));
#7517 = CARTESIAN_POINT('',(-0.421035048668,-19.70852623875));
#7518 = CARTESIAN_POINT('',(-0.530546413994,-19.74172287897));
#7519 = CARTESIAN_POINT('',(-0.64364226096,-19.78019250184));
#7520 = CARTESIAN_POINT('',(-0.824523320651,-19.8423755359));
#7521 = CARTESIAN_POINT('',(-0.889042738777,-19.86467276787));
#7522 = CARTESIAN_POINT('',(-0.955184920059,-19.88709480815));
#7523 = CARTESIAN_POINT('',(-1.023009221809,-19.90898560414));
#7524 = CARTESIAN_POINT('',(-1.092599845204,-19.92958230125));
#7525 = CARTESIAN_POINT('',(-1.164072972172,-19.94805170662));
#7526 = CARTESIAN_POINT('',(-1.283623217882,-19.97325857862));
#7527 = CARTESIAN_POINT('',(-1.330427214004,-19.98179490758));
#7528 = CARTESIAN_POINT('',(-1.377841548504,-19.98891590119));
#7529 = CARTESIAN_POINT('',(-1.425718466272,-19.99441264718));
#7530 = CARTESIAN_POINT('',(-1.473922914548,-19.99813443838));
#7531 = CARTESIAN_POINT('',(-1.522325619365,-20.));
#7532 = CARTESIAN_POINT('',(-1.570796326795,-20.));
#7533 = ( GEOMETRIC_REPRESENTATION_CONTEXT(2) 
PARAMETRIC_REPRESENTATION_CONTEXT() REPRESENTATION_CONTEXT('2D SPACE',''
  ) );
#7534 = ORIENTED_EDGE('',*,*,#7139,.T.);
#7535 = ORIENTED_EDGE('',*,*,#7536,.T.);
#7536 = EDGE_CURVE('',#7111,#7537,#7539,.T.);
#7537 = VERTEX_POINT('',#7538);
#7538 = CARTESIAN_POINT('',(221.3,38.,111.65598926928));
#7539 = SURFACE_CURVE('',#7540,(#7557,#7577),.PCURVE_S1.);
#7540 = B_SPLINE_CURVE_WITH_KNOTS('',8,(#7541,#7542,#7543,#7544,#7545,
    #7546,#7547,#7548,#7549,#7550,#7551,#7552,#7553,#7554,#7555,#7556),
  .UNSPECIFIED.,.F.,.F.,(9,7,9),(0.,0.301222657809,1.),.UNSPECIFIED.);
#7541 = CARTESIAN_POINT('',(218.,34.7,112.));
#7542 = CARTESIAN_POINT('',(218.23695195827,34.7,112.));
#7543 = CARTESIAN_POINT('',(218.47212498888,34.719444621464,
    111.99599005842));
#7544 = CARTESIAN_POINT('',(218.70304521501,34.757822812667,
    111.9880732758));
#7545 = CARTESIAN_POINT('',(218.9273236295,34.814133758691,
    111.97658646994));
#7546 = CARTESIAN_POINT('',(219.14273650794,34.886901113062,
    111.96206947304));
#7547 = CARTESIAN_POINT('',(219.34729979202,34.97418178952,
    111.94521337991));
#7548 = CARTESIAN_POINT('',(219.53933744315,35.07356931393,
    111.92678774724));
#7549 = CARTESIAN_POINT('',(220.13094739857,35.434174399851,
    111.86291139928));
#7550 = CARTESIAN_POINT('',(220.47739333158,35.740410496932,
    111.81308359051));
#7551 = CARTESIAN_POINT('',(220.75838006607,36.081941031193,
    111.76480767577));
#7552 = CARTESIAN_POINT('',(220.97775952164,36.446472561089,
    111.72283753203));
#7553 = CARTESIAN_POINT('',(221.1393594334,36.825528692582,
    111.68984710073));
#7554 = CARTESIAN_POINT('',(221.24622391912,37.213328983754,
    111.66732476061));
#7555 = CARTESIAN_POINT('',(221.3,37.605947921477,111.65598926928));
#7556 = CARTESIAN_POINT('',(221.3,38.,111.65598926928));
#7557 = PCURVE('',#4522,#7558);
#7558 = DEFINITIONAL_REPRESENTATION('',(#7559),#7576);
#7559 = B_SPLINE_CURVE_WITH_KNOTS('',8,(#7560,#7561,#7562,#7563,#7564,
    #7565,#7566,#7567,#7568,#7569,#7570,#7571,#7572,#7573,#7574,#7575),
  .UNSPECIFIED.,.F.,.F.,(9,7,9),(0.,0.301222657809,1.),.UNSPECIFIED.);
#7560 = CARTESIAN_POINT('',(-1.570796326795,34.7));
#7561 = CARTESIAN_POINT('',(-1.555986829403,34.7));
#7562 = CARTESIAN_POINT('',(-1.54128850874,34.719444621464));
#7563 = CARTESIAN_POINT('',(-1.526851064371,34.757822812667));
#7564 = CARTESIAN_POINT('',(-1.51281910679,34.814133758691));
#7565 = CARTESIAN_POINT('',(-1.499328402295,34.886901113062));
#7566 = CARTESIAN_POINT('',(-1.486501855414,34.97418178952));
#7567 = CARTESIAN_POINT('',(-1.474445228895,35.07356931393));
#7568 = CARTESIAN_POINT('',(-1.437254707632,35.434174399851));
#7569 = CARTESIAN_POINT('',(-1.41539266461,35.740410496932));
#7570 = CARTESIAN_POINT('',(-1.397581752112,36.081941031193));
#7571 = CARTESIAN_POINT('',(-1.383623899574,36.446472561089));
#7572 = CARTESIAN_POINT('',(-1.373316000337,36.825528692582));
#7573 = CARTESIAN_POINT('',(-1.366490175071,37.213328983754));
#7574 = CARTESIAN_POINT('',(-1.363055324746,37.605947921477));
#7575 = CARTESIAN_POINT('',(-1.363055324746,38.));
#7576 = ( GEOMETRIC_REPRESENTATION_CONTEXT(2) 
PARAMETRIC_REPRESENTATION_CONTEXT() REPRESENTATION_CONTEXT('2D SPACE',''
  ) );
#7577 = PCURVE('',#7127,#7578);
#7578 = DEFINITIONAL_REPRESENTATION('',(#7579),#7596);
#7579 = B_SPLINE_CURVE_WITH_KNOTS('',8,(#7580,#7581,#7582,#7583,#7584,
    #7585,#7586,#7587,#7588,#7589,#7590,#7591,#7592,#7593,#7594,#7595),
  .UNSPECIFIED.,.F.,.F.,(9,7,9),(0.,0.301222657809,1.),.UNSPECIFIED.);
#7580 = CARTESIAN_POINT('',(-4.712388980385,-20.));
#7581 = CARTESIAN_POINT('',(-4.784192604103,-20.));
#7582 = CARTESIAN_POINT('',(-4.855457095877,-19.99599005842));
#7583 = CARTESIAN_POINT('',(-4.925997235505,-19.9880732758));
#7584 = CARTESIAN_POINT('',(-4.995616961086,-19.97658646994));
#7585 = CARTESIAN_POINT('',(-5.06409726014,-19.96206947304));
#7586 = CARTESIAN_POINT('',(-5.131179588307,-19.94521337991));
#7587 = CARTESIAN_POINT('',(-5.196544815616,-19.92678774724));
#7588 = CARTESIAN_POINT('',(-5.406498758564,-19.86291139928));
#7589 = CARTESIAN_POINT('',(-5.544441719587,-19.81308359051));
#7590 = CARTESIAN_POINT('',(-5.675820746666,-19.76480767577));
#7591 = CARTESIAN_POINT('',(-5.802113800784,-19.72283753203));
#7592 = CARTESIAN_POINT('',(-5.924693346599,-19.68984710073));
#7593 = CARTESIAN_POINT('',(-6.044799520071,-19.66732476061));
#7594 = CARTESIAN_POINT('',(-6.163775586415,-19.65598926928));
#7595 = CARTESIAN_POINT('',(-6.28318530718,-19.65598926928));
#7596 = ( GEOMETRIC_REPRESENTATION_CONTEXT(2) 
PARAMETRIC_REPRESENTATION_CONTEXT() REPRESENTATION_CONTEXT('2D SPACE',''
  ) );
#7597 = ORIENTED_EDGE('',*,*,#7598,.T.);
#7598 = EDGE_CURVE('',#7537,#7088,#7599,.T.);
#7599 = SURFACE_CURVE('',#7600,(#7621,#7645),.PCURVE_S1.);
#7600 = B_SPLINE_CURVE_WITH_KNOTS('',7,(#7601,#7602,#7603,#7604,#7605,
    #7606,#7607,#7608,#7609,#7610,#7611,#7612,#7613,#7614,#7615,#7616,
    #7617,#7618,#7619,#7620),.UNSPECIFIED.,.F.,.F.,(8,6,6,8),(0.,
    0.535500941455,0.821170709182,1.),.UNSPECIFIED.);
#7601 = CARTESIAN_POINT('',(221.3,38.,111.65598926928));
#7602 = CARTESIAN_POINT('',(221.3,38.344997605851,111.65598926928));
#7603 = CARTESIAN_POINT('',(221.25792086475,38.689467795705,
    111.66485866264));
#7604 = CARTESIAN_POINT('',(221.17399561074,39.030475008717,
    111.68254922038));
#7605 = CARTESIAN_POINT('',(221.04721719351,39.364870014645,
    111.70852623875));
#7606 = CARTESIAN_POINT('',(220.87571833602,39.688469686886,
    111.74172287897));
#7607 = CARTESIAN_POINT('',(220.65693879791,39.995543889724,
    111.78019250184));
#7608 = CARTESIAN_POINT('',(220.24502546243,40.427546162903,
    111.8423755359));
#7609 = CARTESIAN_POINT('',(220.08706512502,40.57111905137,
    111.86467276787));
#7610 = CARTESIAN_POINT('',(219.91429677251,40.706118427301,
    111.88709480815));
#7611 = CARTESIAN_POINT('',(219.72675578298,40.83056432069,
    111.90898560413));
#7612 = CARTESIAN_POINT('',(219.52469139157,40.942336451273,
    111.92958230125));
#7613 = CARTESIAN_POINT('',(219.30860948879,41.039146319079,
    111.94805170662));
#7614 = CARTESIAN_POINT('',(218.93579172456,41.168179801822,
    111.97325857862));
#7615 = CARTESIAN_POINT('',(218.78716581415,41.21098924051,
    111.98179490758));
#7616 = CARTESIAN_POINT('',(218.63430338254,41.246109158336,
    111.98891590119));
#7617 = CARTESIAN_POINT('',(218.47814309934,41.272910061353,
    111.99441264718));
#7618 = CARTESIAN_POINT('',(218.31968227303,41.290954749777,
    111.99813443838));
#7619 = CARTESIAN_POINT('',(218.15995333451,41.3,112.));
#7620 = CARTESIAN_POINT('',(218.,41.3,112.));
#7621 = PCURVE('',#4522,#7622);
#7622 = DEFINITIONAL_REPRESENTATION('',(#7623),#7644);
#7623 = B_SPLINE_CURVE_WITH_KNOTS('',7,(#7624,#7625,#7626,#7627,#7628,
    #7629,#7630,#7631,#7632,#7633,#7634,#7635,#7636,#7637,#7638,#7639,
    #7640,#7641,#7642,#7643),.UNSPECIFIED.,.F.,.F.,(8,6,6,8),(0.,
    0.535500941455,0.821170709182,1.),.UNSPECIFIED.);
#7624 = CARTESIAN_POINT('',(-1.363055324746,38.));
#7625 = CARTESIAN_POINT('',(-1.363055324746,38.344997605851));
#7626 = CARTESIAN_POINT('',(-1.36574305449,38.689467795705));
#7627 = CARTESIAN_POINT('',(-1.371103662402,39.030475008717));
#7628 = CARTESIAN_POINT('',(-1.379191760799,39.364870014645));
#7629 = CARTESIAN_POINT('',(-1.390108040779,39.688469686886));
#7630 = CARTESIAN_POINT('',(-1.403987467696,39.995543889724));
#7631 = CARTESIAN_POINT('',(-1.430023749898,40.427546162903));
#7632 = CARTESIAN_POINT('',(-1.439993678728,40.57111905137));
#7633 = CARTESIAN_POINT('',(-1.450881137166,40.706118427301));
#7634 = CARTESIAN_POINT('',(-1.462680078171,40.83056432069));
#7635 = CARTESIAN_POINT('',(-1.475372029298,40.942336451273));
#7636 = CARTESIAN_POINT('',(-1.488924249895,41.039146319079));
#7637 = CARTESIAN_POINT('',(-1.512278558227,41.168179801822));
#7638 = CARTESIAN_POINT('',(-1.521582509179,41.21098924051));
#7639 = CARTESIAN_POINT('',(-1.531145855913,41.246109158336));
#7640 = CARTESIAN_POINT('',(-1.540910753299,41.272910061353));
#7641 = CARTESIAN_POINT('',(-1.550816183965,41.290954749777));
#7642 = CARTESIAN_POINT('',(-1.560799243387,41.3));
#7643 = CARTESIAN_POINT('',(-1.570796326795,41.3));
#7644 = ( GEOMETRIC_REPRESENTATION_CONTEXT(2) 
PARAMETRIC_REPRESENTATION_CONTEXT() REPRESENTATION_CONTEXT('2D SPACE',''
  ) );
#7645 = PCURVE('',#7127,#7646);
#7646 = DEFINITIONAL_REPRESENTATION('',(#7647),#7668);
#7647 = B_SPLINE_CURVE_WITH_KNOTS('',7,(#7648,#7649,#7650,#7651,#7652,
    #7653,#7654,#7655,#7656,#7657,#7658,#7659,#7660,#7661,#7662,#7663,
    #7664,#7665,#7666,#7667),.UNSPECIFIED.,.F.,.F.,(8,6,6,8),(0.,
    0.535500941455,0.821170709182,1.),.UNSPECIFIED.);
#7648 = CARTESIAN_POINT('',(0.,-19.65598926928));
#7649 = CARTESIAN_POINT('',(-0.104544729046,-19.65598926928));
#7650 = CARTESIAN_POINT('',(-0.208929434712,-19.66485866264));
#7651 = CARTESIAN_POINT('',(-0.31413222509,-19.68254922038));
#7652 = CARTESIAN_POINT('',(-0.421035048668,-19.70852623875));
#7653 = CARTESIAN_POINT('',(-0.530546413994,-19.74172287897));
#7654 = CARTESIAN_POINT('',(-0.64364226096,-19.78019250184));
#7655 = CARTESIAN_POINT('',(-0.824523320656,-19.8423755359));
#7656 = CARTESIAN_POINT('',(-0.889042738777,-19.86467276787));
#7657 = CARTESIAN_POINT('',(-0.955184920056,-19.88709480815));
#7658 = CARTESIAN_POINT('',(-1.023009221805,-19.90898560413));
#7659 = CARTESIAN_POINT('',(-1.092599845205,-19.92958230125));
#7660 = CARTESIAN_POINT('',(-1.164072972177,-19.94805170662));
#7661 = CARTESIAN_POINT('',(-1.283623217882,-19.97325857862));
#7662 = CARTESIAN_POINT('',(-1.330427214004,-19.98179490758));
#7663 = CARTESIAN_POINT('',(-1.377841548504,-19.98891590119));
#7664 = CARTESIAN_POINT('',(-1.425718466272,-19.99441264718));
#7665 = CARTESIAN_POINT('',(-1.473922914548,-19.99813443838));
#7666 = CARTESIAN_POINT('',(-1.522325619365,-20.));
#7667 = CARTESIAN_POINT('',(-1.570796326795,-20.));
#7668 = ( GEOMETRIC_REPRESENTATION_CONTEXT(2) 
PARAMETRIC_REPRESENTATION_CONTEXT() REPRESENTATION_CONTEXT('2D SPACE',''
  ) );
#7669 = ORIENTED_EDGE('',*,*,#7087,.T.);
#7670 = ORIENTED_EDGE('',*,*,#7671,.T.);
#7671 = EDGE_CURVE('',#7059,#7672,#7674,.T.);
#7672 = VERTEX_POINT('',#7673);
#7673 = CARTESIAN_POINT('',(221.3,52.,111.65598926928));
#7674 = SURFACE_CURVE('',#7675,(#7692,#7712),.PCURVE_S1.);
#7675 = B_SPLINE_CURVE_WITH_KNOTS('',8,(#7676,#7677,#7678,#7679,#7680,
    #7681,#7682,#7683,#7684,#7685,#7686,#7687,#7688,#7689,#7690,#7691),
  .UNSPECIFIED.,.F.,.F.,(9,7,9),(0.,0.301222657691,1.),.UNSPECIFIED.);
#7676 = CARTESIAN_POINT('',(218.,48.7,112.));
#7677 = CARTESIAN_POINT('',(218.23695195838,48.7,112.));
#7678 = CARTESIAN_POINT('',(218.47212498893,48.719444621483,
    111.99599005842));
#7679 = CARTESIAN_POINT('',(218.70304521496,48.75782281267,
    111.9880732758));
#7680 = CARTESIAN_POINT('',(218.9273236294,48.814133758662,
    111.97658646994));
#7681 = CARTESIAN_POINT('',(219.14273650788,48.886901113025,
    111.96206947304));
#7682 = CARTESIAN_POINT('',(219.34729979206,48.974181789524,
    111.94521337991));
#7683 = CARTESIAN_POINT('',(219.53933744325,49.07356931399,
    111.92678774723));
#7684 = CARTESIAN_POINT('',(220.13094739857,49.434174399851,
    111.86291139928));
#7685 = CARTESIAN_POINT('',(220.47739333158,49.740410496933,
    111.81308359051));
#7686 = CARTESIAN_POINT('',(220.75838006607,50.08194103119,
    111.76480767577));
#7687 = CARTESIAN_POINT('',(220.97775952164,50.446472561094,
    111.72283753203));
#7688 = CARTESIAN_POINT('',(221.1393594334,50.825528692578,
    111.68984710073));
#7689 = CARTESIAN_POINT('',(221.24622391912,51.213328983756,
    111.66732476061));
#7690 = CARTESIAN_POINT('',(221.3,51.605947921477,111.65598926928));
#7691 = CARTESIAN_POINT('',(221.3,52.,111.65598926928));
#7692 = PCURVE('',#4522,#7693);
#7693 = DEFINITIONAL_REPRESENTATION('',(#7694),#7711);
#7694 = B_SPLINE_CURVE_WITH_KNOTS('',8,(#7695,#7696,#7697,#7698,#7699,
    #7700,#7701,#7702,#7703,#7704,#7705,#7706,#7707,#7708,#7709,#7710),
  .UNSPECIFIED.,.F.,.F.,(9,7,9),(0.,0.301222657691,1.),.UNSPECIFIED.);
#7695 = CARTESIAN_POINT('',(-1.570796326795,48.7));
#7696 = CARTESIAN_POINT('',(-1.555986829396,48.7));
#7697 = CARTESIAN_POINT('',(-1.541288508737,48.719444621483));
#7698 = CARTESIAN_POINT('',(-1.526851064375,48.75782281267));
#7699 = CARTESIAN_POINT('',(-1.512819106797,48.814133758662));
#7700 = CARTESIAN_POINT('',(-1.499328402298,48.886901113025));
#7701 = CARTESIAN_POINT('',(-1.486501855412,48.974181789524));
#7702 = CARTESIAN_POINT('',(-1.474445228889,49.07356931399));
#7703 = CARTESIAN_POINT('',(-1.437254707632,49.434174399851));
#7704 = CARTESIAN_POINT('',(-1.41539266461,49.740410496933));
#7705 = CARTESIAN_POINT('',(-1.397581752113,50.08194103119));
#7706 = CARTESIAN_POINT('',(-1.383623899574,50.446472561094));
#7707 = CARTESIAN_POINT('',(-1.373316000337,50.825528692578));
#7708 = CARTESIAN_POINT('',(-1.366490175071,51.213328983756));
#7709 = CARTESIAN_POINT('',(-1.363055324746,51.605947921477));
#7710 = CARTESIAN_POINT('',(-1.363055324746,52.));
#7711 = ( GEOMETRIC_REPRESENTATION_CONTEXT(2) 
PARAMETRIC_REPRESENTATION_CONTEXT() REPRESENTATION_CONTEXT('2D SPACE',''
  ) );
#7712 = PCURVE('',#7075,#7713);
#7713 = DEFINITIONAL_REPRESENTATION('',(#7714),#7731);
#7714 = B_SPLINE_CURVE_WITH_KNOTS('',8,(#7715,#7716,#7717,#7718,#7719,
    #7720,#7721,#7722,#7723,#7724,#7725,#7726,#7727,#7728,#7729,#7730),
  .UNSPECIFIED.,.F.,.F.,(9,7,9),(0.,0.301222657691,1.),.UNSPECIFIED.);
#7715 = CARTESIAN_POINT('',(-4.712388980385,-20.));
#7716 = CARTESIAN_POINT('',(-4.784192604138,-20.));
#7717 = CARTESIAN_POINT('',(-4.855457095891,-19.99599005842));
#7718 = CARTESIAN_POINT('',(-4.925997235489,-19.9880732758));
#7719 = CARTESIAN_POINT('',(-4.995616961055,-19.97658646994));
#7720 = CARTESIAN_POINT('',(-5.06409726012,-19.96206947304));
#7721 = CARTESIAN_POINT('',(-5.131179588318,-19.94521337991));
#7722 = CARTESIAN_POINT('',(-5.196544815652,-19.92678774723));
#7723 = CARTESIAN_POINT('',(-5.406498758563,-19.86291139928));
#7724 = CARTESIAN_POINT('',(-5.544441719588,-19.81308359051));
#7725 = CARTESIAN_POINT('',(-5.675820746664,-19.76480767577));
#7726 = CARTESIAN_POINT('',(-5.802113800786,-19.72283753203));
#7727 = CARTESIAN_POINT('',(-5.924693346597,-19.68984710073));
#7728 = CARTESIAN_POINT('',(-6.044799520071,-19.66732476061));
#7729 = CARTESIAN_POINT('',(-6.163775586415,-19.65598926928));
#7730 = CARTESIAN_POINT('',(-6.28318530718,-19.65598926928));
#7731 = ( GEOMETRIC_REPRESENTATION_CONTEXT(2) 
PARAMETRIC_REPRESENTATION_CONTEXT() REPRESENTATION_CONTEXT('2D SPACE',''
  ) );
#7732 = ORIENTED_EDGE('',*,*,#7733,.T.);
#7733 = EDGE_CURVE('',#7672,#7036,#7734,.T.);
#7734 = SURFACE_CURVE('',#7735,(#7756,#7780),.PCURVE_S1.);
#7735 = B_SPLINE_CURVE_WITH_KNOTS('',7,(#7736,#7737,#7738,#7739,#7740,
    #7741,#7742,#7743,#7744,#7745,#7746,#7747,#7748,#7749,#7750,#7751,
    #7752,#7753,#7754,#7755),.UNSPECIFIED.,.F.,.F.,(8,6,6,8),(0.,
    0.535500943948,0.821170710149,1.),.UNSPECIFIED.);
#7736 = CARTESIAN_POINT('',(221.3,52.,111.65598926928));
#7737 = CARTESIAN_POINT('',(221.3,52.344997609188,111.65598926928));
#7738 = CARTESIAN_POINT('',(221.25792086718,52.689467782934,
    111.66485866225));
#7739 = CARTESIAN_POINT('',(221.17399560285,53.030475031228,
    111.68254922166));
#7740 = CARTESIAN_POINT('',(221.04721720466,53.36486999278,
    111.70852623698));
#7741 = CARTESIAN_POINT('',(220.87571832793,53.688469698527,
    111.74172288023));
#7742 = CARTESIAN_POINT('',(220.65693880057,53.995543886929,
    111.78019250143));
#7743 = CARTESIAN_POINT('',(220.24502546244,54.427546162891,
    111.8423755359));
#7744 = CARTESIAN_POINT('',(220.08706512502,54.571119051371,
    111.86467276787));
#7745 = CARTESIAN_POINT('',(219.9142967725,54.70611842731,
    111.88709480815));
#7746 = CARTESIAN_POINT('',(219.72675578297,54.830564320695,
    111.90898560414));
#7747 = CARTESIAN_POINT('',(219.52469139157,54.94233645127,
    111.92958230125));
#7748 = CARTESIAN_POINT('',(219.3086094888,55.039146319073,
    111.94805170662));
#7749 = CARTESIAN_POINT('',(218.93579172456,55.168179801822,
    111.97325857862));
#7750 = CARTESIAN_POINT('',(218.78716581415,55.21098924051,
    111.98179490758));
#7751 = CARTESIAN_POINT('',(218.63430338254,55.246109158336,
    111.98891590119));
#7752 = CARTESIAN_POINT('',(218.47814309934,55.272910061353,
    111.99441264718));
#7753 = CARTESIAN_POINT('',(218.31968227303,55.290954749777,
    111.99813443838));
#7754 = CARTESIAN_POINT('',(218.15995333451,55.3,112.));
#7755 = CARTESIAN_POINT('',(218.,55.3,112.));
#7756 = PCURVE('',#4522,#7757);
#7757 = DEFINITIONAL_REPRESENTATION('',(#7758),#7779);
#7758 = B_SPLINE_CURVE_WITH_KNOTS('',7,(#7759,#7760,#7761,#7762,#7763,
    #7764,#7765,#7766,#7767,#7768,#7769,#7770,#7771,#7772,#7773,#7774,
    #7775,#7776,#7777,#7778),.UNSPECIFIED.,.F.,.F.,(8,6,6,8),(0.,
    0.535500943948,0.821170710149,1.),.UNSPECIFIED.);
#7759 = CARTESIAN_POINT('',(-1.363055324746,52.));
#7760 = CARTESIAN_POINT('',(-1.363055324746,52.344997609188));
#7761 = CARTESIAN_POINT('',(-1.365743054336,52.689467782934));
#7762 = CARTESIAN_POINT('',(-1.371103662901,53.030475031228));
#7763 = CARTESIAN_POINT('',(-1.379191760093,53.36486999278));
#7764 = CARTESIAN_POINT('',(-1.390108041291,53.688469698527));
#7765 = CARTESIAN_POINT('',(-1.403987467528,53.995543886929));
#7766 = CARTESIAN_POINT('',(-1.430023749897,54.427546162891));
#7767 = CARTESIAN_POINT('',(-1.439993678728,54.571119051371));
#7768 = CARTESIAN_POINT('',(-1.450881137167,54.70611842731));
#7769 = CARTESIAN_POINT('',(-1.462680078172,54.830564320695));
#7770 = CARTESIAN_POINT('',(-1.475372029298,54.94233645127));
#7771 = CARTESIAN_POINT('',(-1.488924249894,55.039146319073));
#7772 = CARTESIAN_POINT('',(-1.512278558227,55.168179801822));
#7773 = CARTESIAN_POINT('',(-1.521582509179,55.21098924051));
#7774 = CARTESIAN_POINT('',(-1.531145855913,55.246109158336));
#7775 = CARTESIAN_POINT('',(-1.540910753299,55.272910061353));
#7776 = CARTESIAN_POINT('',(-1.550816183965,55.290954749777));
#7777 = CARTESIAN_POINT('',(-1.560799243388,55.3));
#7778 = CARTESIAN_POINT('',(-1.570796326795,55.3));
#7779 = ( GEOMETRIC_REPRESENTATION_CONTEXT(2) 
PARAMETRIC_REPRESENTATION_CONTEXT() REPRESENTATION_CONTEXT('2D SPACE',''
  ) );
#7780 = PCURVE('',#7075,#7781);
#7781 = DEFINITIONAL_REPRESENTATION('',(#7782),#7803);
#7782 = B_SPLINE_CURVE_WITH_KNOTS('',7,(#7783,#7784,#7785,#7786,#7787,
    #7788,#7789,#7790,#7791,#7792,#7793,#7794,#7795,#7796,#7797,#7798,
    #7799,#7800,#7801,#7802),.UNSPECIFIED.,.F.,.F.,(8,6,6,8),(0.,
    0.535500943948,0.821170710149,1.),.UNSPECIFIED.);
#7783 = CARTESIAN_POINT('',(0.,-19.65598926928));
#7784 = CARTESIAN_POINT('',(-0.104544730057,-19.65598926928));
#7785 = CARTESIAN_POINT('',(-0.208929430595,-19.66485866225));
#7786 = CARTESIAN_POINT('',(-0.314132232742,-19.68254922166));
#7787 = CARTESIAN_POINT('',(-0.421035040817,-19.70852623698));
#7788 = CARTESIAN_POINT('',(-0.530546418454,-19.74172288023));
#7789 = CARTESIAN_POINT('',(-0.64364225979,-19.78019250143));
#7790 = CARTESIAN_POINT('',(-0.824523320651,-19.8423755359));
#7791 = CARTESIAN_POINT('',(-0.889042738777,-19.86467276787));
#7792 = CARTESIAN_POINT('',(-0.95518492006,-19.88709480815));
#7793 = CARTESIAN_POINT('',(-1.023009221809,-19.90898560414));
#7794 = CARTESIAN_POINT('',(-1.092599845204,-19.92958230125));
#7795 = CARTESIAN_POINT('',(-1.164072972172,-19.94805170662));
#7796 = CARTESIAN_POINT('',(-1.283623217882,-19.97325857862));
#7797 = CARTESIAN_POINT('',(-1.330427214004,-19.98179490758));
#7798 = CARTESIAN_POINT('',(-1.377841548504,-19.98891590119));
#7799 = CARTESIAN_POINT('',(-1.425718466272,-19.99441264718));
#7800 = CARTESIAN_POINT('',(-1.473922914548,-19.99813443838));
#7801 = CARTESIAN_POINT('',(-1.522325619365,-20.));
#7802 = CARTESIAN_POINT('',(-1.570796326795,-20.));
#7803 = ( GEOMETRIC_REPRESENTATION_CONTEXT(2) 
PARAMETRIC_REPRESENTATION_CONTEXT() REPRESENTATION_CONTEXT('2D SPACE',''
  ) );
#7804 = ORIENTED_EDGE('',*,*,#7035,.T.);
#7805 = ORIENTED_EDGE('',*,*,#4499,.F.);
#7806 = ORIENTED_EDGE('',*,*,#5414,.F.);
#7807 = ADVANCED_FACE('',(#7808),#4703,.F.);
#7808 = FACE_BOUND('',#7809,.F.);
#7809 = EDGE_LOOP('',(#7810,#7811,#7832,#7833));
#7810 = ORIENTED_EDGE('',*,*,#6131,.F.);
#7811 = ORIENTED_EDGE('',*,*,#7812,.T.);
#7812 = EDGE_CURVE('',#6132,#4683,#7813,.T.);
#7813 = SEAM_CURVE('',#7814,(#7818,#7825),.PCURVE_S1.);
#7814 = LINE('',#7815,#7816);
#7815 = CARTESIAN_POINT('',(206.1,76.4,5.8));
#7816 = VECTOR('',#7817,1.);
#7817 = DIRECTION('',(-0.,1.,-0.));
#7818 = PCURVE('',#4703,#7819);
#7819 = DEFINITIONAL_REPRESENTATION('',(#7820),#7824);
#7820 = LINE('',#7821,#7822);
#7821 = CARTESIAN_POINT('',(6.28318530718,0.));
#7822 = VECTOR('',#7823,1.);
#7823 = DIRECTION('',(0.,-1.));
#7824 = ( GEOMETRIC_REPRESENTATION_CONTEXT(2) 
PARAMETRIC_REPRESENTATION_CONTEXT() REPRESENTATION_CONTEXT('2D SPACE',''
  ) );
#7825 = PCURVE('',#4703,#7826);
#7826 = DEFINITIONAL_REPRESENTATION('',(#7827),#7831);
#7827 = LINE('',#7828,#7829);
#7828 = CARTESIAN_POINT('',(0.,0.));
#7829 = VECTOR('',#7830,1.);
#7830 = DIRECTION('',(0.,-1.));
#7831 = ( GEOMETRIC_REPRESENTATION_CONTEXT(2) 
PARAMETRIC_REPRESENTATION_CONTEXT() REPRESENTATION_CONTEXT('2D SPACE',''
  ) );
#7832 = ORIENTED_EDGE('',*,*,#4682,.T.);
#7833 = ORIENTED_EDGE('',*,*,#7812,.F.);
#7834 = ADVANCED_FACE('',(#7835),#4783,.F.);
#7835 = FACE_BOUND('',#7836,.F.);
#7836 = EDGE_LOOP('',(#7837,#7838,#7861,#7889));
#7837 = ORIENTED_EDGE('',*,*,#4766,.T.);
#7838 = ORIENTED_EDGE('',*,*,#7839,.T.);
#7839 = EDGE_CURVE('',#4769,#7840,#7842,.T.);
#7840 = VERTEX_POINT('',#7841);
#7841 = CARTESIAN_POINT('',(30.,1.,25.));
#7842 = SURFACE_CURVE('',#7843,(#7847,#7854),.PCURVE_S1.);
#7843 = LINE('',#7844,#7845);
#7844 = CARTESIAN_POINT('',(30.,-1.,25.));
#7845 = VECTOR('',#7846,1.);
#7846 = DIRECTION('',(-0.,1.,-0.));
#7847 = PCURVE('',#4783,#7848);
#7848 = DEFINITIONAL_REPRESENTATION('',(#7849),#7853);
#7849 = LINE('',#7850,#7851);
#7850 = CARTESIAN_POINT('',(13.,0.));
#7851 = VECTOR('',#7852,1.);
#7852 = DIRECTION('',(0.,-1.));
#7853 = ( GEOMETRIC_REPRESENTATION_CONTEXT(2) 
PARAMETRIC_REPRESENTATION_CONTEXT() REPRESENTATION_CONTEXT('2D SPACE',''
  ) );
#7854 = PCURVE('',#4974,#7855);
#7855 = DEFINITIONAL_REPRESENTATION('',(#7856),#7860);
#7856 = LINE('',#7857,#7858);
#7857 = CARTESIAN_POINT('',(0.,0.));
#7858 = VECTOR('',#7859,1.);
#7859 = DIRECTION('',(0.,1.));
#7860 = ( GEOMETRIC_REPRESENTATION_CONTEXT(2) 
PARAMETRIC_REPRESENTATION_CONTEXT() REPRESENTATION_CONTEXT('2D SPACE',''
  ) );
#7861 = ORIENTED_EDGE('',*,*,#7862,.T.);
#7862 = EDGE_CURVE('',#7840,#7863,#7865,.T.);
#7863 = VERTEX_POINT('',#7864);
#7864 = CARTESIAN_POINT('',(204.,1.,25.));
#7865 = SURFACE_CURVE('',#7866,(#7870,#7877),.PCURVE_S1.);
#7866 = LINE('',#7867,#7868);
#7867 = CARTESIAN_POINT('',(17.,1.,25.));
#7868 = VECTOR('',#7869,1.);
#7869 = DIRECTION('',(1.,0.,0.));
#7870 = PCURVE('',#4783,#7871);
#7871 = DEFINITIONAL_REPRESENTATION('',(#7872),#7876);
#7872 = LINE('',#7873,#7874);
#7873 = CARTESIAN_POINT('',(0.,-2.));
#7874 = VECTOR('',#7875,1.);
#7875 = DIRECTION('',(1.,0.));
#7876 = ( GEOMETRIC_REPRESENTATION_CONTEXT(2) 
PARAMETRIC_REPRESENTATION_CONTEXT() REPRESENTATION_CONTEXT('2D SPACE',''
  ) );
#7877 = PCURVE('',#7878,#7883);
#7878 = PLANE('',#7879);
#7879 = AXIS2_PLACEMENT_3D('',#7880,#7881,#7882);
#7880 = CARTESIAN_POINT('',(117.,1.,60.));
#7881 = DIRECTION('',(-0.,-1.,-0.));
#7882 = DIRECTION('',(0.,0.,-1.));
#7883 = DEFINITIONAL_REPRESENTATION('',(#7884),#7888);
#7884 = LINE('',#7885,#7886);
#7885 = CARTESIAN_POINT('',(35.,-100.));
#7886 = VECTOR('',#7887,1.);
#7887 = DIRECTION('',(0.,1.));
#7888 = ( GEOMETRIC_REPRESENTATION_CONTEXT(2) 
PARAMETRIC_REPRESENTATION_CONTEXT() REPRESENTATION_CONTEXT('2D SPACE',''
  ) );
#7889 = ORIENTED_EDGE('',*,*,#7890,.F.);
#7890 = EDGE_CURVE('',#4767,#7863,#7891,.T.);
#7891 = SURFACE_CURVE('',#7892,(#7896,#7903),.PCURVE_S1.);
#7892 = LINE('',#7893,#7894);
#7893 = CARTESIAN_POINT('',(204.,-1.,25.));
#7894 = VECTOR('',#7895,1.);
#7895 = DIRECTION('',(-0.,1.,-0.));
#7896 = PCURVE('',#4783,#7897);
#7897 = DEFINITIONAL_REPRESENTATION('',(#7898),#7902);
#7898 = LINE('',#7899,#7900);
#7899 = CARTESIAN_POINT('',(187.,0.));
#7900 = VECTOR('',#7901,1.);
#7901 = DIRECTION('',(0.,-1.));
#7902 = ( GEOMETRIC_REPRESENTATION_CONTEXT(2) 
PARAMETRIC_REPRESENTATION_CONTEXT() REPRESENTATION_CONTEXT('2D SPACE',''
  ) );
#7903 = PCURVE('',#4811,#7904);
#7904 = DEFINITIONAL_REPRESENTATION('',(#7905),#7909);
#7905 = LINE('',#7906,#7907);
#7906 = CARTESIAN_POINT('',(-0.,0.));
#7907 = VECTOR('',#7908,1.);
#7908 = DIRECTION('',(-0.,1.));
#7909 = ( GEOMETRIC_REPRESENTATION_CONTEXT(2) 
PARAMETRIC_REPRESENTATION_CONTEXT() REPRESENTATION_CONTEXT('2D SPACE',''
  ) );
#7910 = ADVANCED_FACE('',(#7911),#4974,.F.);
#7911 = FACE_BOUND('',#7912,.F.);
#7912 = EDGE_LOOP('',(#7913,#7914,#7915,#7938));
#7913 = ORIENTED_EDGE('',*,*,#7839,.F.);
#7914 = ORIENTED_EDGE('',*,*,#4959,.T.);
#7915 = ORIENTED_EDGE('',*,*,#7916,.T.);
#7916 = EDGE_CURVE('',#4934,#7917,#7919,.T.);
#7917 = VERTEX_POINT('',#7918);
#7918 = CARTESIAN_POINT('',(17.,1.,38.));
#7919 = SURFACE_CURVE('',#7920,(#7924,#7931),.PCURVE_S1.);
#7920 = LINE('',#7921,#7922);
#7921 = CARTESIAN_POINT('',(17.,-1.,38.));
#7922 = VECTOR('',#7923,1.);
#7923 = DIRECTION('',(-0.,1.,-0.));
#7924 = PCURVE('',#4974,#7925);
#7925 = DEFINITIONAL_REPRESENTATION('',(#7926),#7930);
#7926 = LINE('',#7927,#7928);
#7927 = CARTESIAN_POINT('',(1.570796326795,0.));
#7928 = VECTOR('',#7929,1.);
#7929 = DIRECTION('',(0.,1.));
#7930 = ( GEOMETRIC_REPRESENTATION_CONTEXT(2) 
PARAMETRIC_REPRESENTATION_CONTEXT() REPRESENTATION_CONTEXT('2D SPACE',''
  ) );
#7931 = PCURVE('',#4948,#7932);
#7932 = DEFINITIONAL_REPRESENTATION('',(#7933),#7937);
#7933 = LINE('',#7934,#7935);
#7934 = CARTESIAN_POINT('',(57.,0.));
#7935 = VECTOR('',#7936,1.);
#7936 = DIRECTION('',(0.,-1.));
#7937 = ( GEOMETRIC_REPRESENTATION_CONTEXT(2) 
PARAMETRIC_REPRESENTATION_CONTEXT() REPRESENTATION_CONTEXT('2D SPACE',''
  ) );
#7938 = ORIENTED_EDGE('',*,*,#7939,.F.);
#7939 = EDGE_CURVE('',#7840,#7917,#7940,.T.);
#7940 = SURFACE_CURVE('',#7941,(#7946,#7953),.PCURVE_S1.);
#7941 = CIRCLE('',#7942,13.);
#7942 = AXIS2_PLACEMENT_3D('',#7943,#7944,#7945);
#7943 = CARTESIAN_POINT('',(30.,1.,38.));
#7944 = DIRECTION('',(-0.,1.,0.));
#7945 = DIRECTION('',(0.,0.,1.));
#7946 = PCURVE('',#4974,#7947);
#7947 = DEFINITIONAL_REPRESENTATION('',(#7948),#7952);
#7948 = LINE('',#7949,#7950);
#7949 = CARTESIAN_POINT('',(-3.14159265359,2.));
#7950 = VECTOR('',#7951,1.);
#7951 = DIRECTION('',(1.,0.));
#7952 = ( GEOMETRIC_REPRESENTATION_CONTEXT(2) 
PARAMETRIC_REPRESENTATION_CONTEXT() REPRESENTATION_CONTEXT('2D SPACE',''
  ) );
#7953 = PCURVE('',#7878,#7954);
#7954 = DEFINITIONAL_REPRESENTATION('',(#7955),#7963);
#7955 = ( BOUNDED_CURVE() B_SPLINE_CURVE(2,(#7956,#7957,#7958,#7959,
#7960,#7961,#7962),.UNSPECIFIED.,.T.,.F.) B_SPLINE_CURVE_WITH_KNOTS((1,2
    ,2,2,2,1),(-2.094395102393,0.,2.094395102393,4.188790204786,
6.28318530718,8.377580409573),.UNSPECIFIED.) CURVE() 
GEOMETRIC_REPRESENTATION_ITEM() RATIONAL_B_SPLINE_CURVE((1.,0.5,1.,0.5,
1.,0.5,1.)) REPRESENTATION_ITEM('') );
#7956 = CARTESIAN_POINT('',(9.,-87.));
#7957 = CARTESIAN_POINT('',(9.,-64.4833395016));
#7958 = CARTESIAN_POINT('',(28.5,-75.7416697508));
#7959 = CARTESIAN_POINT('',(48.,-87.));
#7960 = CARTESIAN_POINT('',(28.5,-98.25833024919));
#7961 = CARTESIAN_POINT('',(9.,-109.5166604983));
#7962 = CARTESIAN_POINT('',(9.,-87.));
#7963 = ( GEOMETRIC_REPRESENTATION_CONTEXT(2) 
PARAMETRIC_REPRESENTATION_CONTEXT() REPRESENTATION_CONTEXT('2D SPACE',''
  ) );
#7964 = ADVANCED_FACE('',(#7965),#4948,.F.);
#7965 = FACE_BOUND('',#7966,.F.);
#7966 = EDGE_LOOP('',(#7967,#7968,#7991,#8012));
#7967 = ORIENTED_EDGE('',*,*,#4933,.T.);
#7968 = ORIENTED_EDGE('',*,*,#7969,.T.);
#7969 = EDGE_CURVE('',#4905,#7970,#7972,.T.);
#7970 = VERTEX_POINT('',#7971);
#7971 = CARTESIAN_POINT('',(17.,1.,82.));
#7972 = SURFACE_CURVE('',#7973,(#7977,#7984),.PCURVE_S1.);
#7973 = LINE('',#7974,#7975);
#7974 = CARTESIAN_POINT('',(17.,-1.,82.));
#7975 = VECTOR('',#7976,1.);
#7976 = DIRECTION('',(-0.,1.,-0.));
#7977 = PCURVE('',#4948,#7978);
#7978 = DEFINITIONAL_REPRESENTATION('',(#7979),#7983);
#7979 = LINE('',#7980,#7981);
#7980 = CARTESIAN_POINT('',(13.,0.));
#7981 = VECTOR('',#7982,1.);
#7982 = DIRECTION('',(0.,-1.));
#7983 = ( GEOMETRIC_REPRESENTATION_CONTEXT(2) 
PARAMETRIC_REPRESENTATION_CONTEXT() REPRESENTATION_CONTEXT('2D SPACE',''
  ) );
#7984 = PCURVE('',#4921,#7985);
#7985 = DEFINITIONAL_REPRESENTATION('',(#7986),#7990);
#7986 = LINE('',#7987,#7988);
#7987 = CARTESIAN_POINT('',(-1.570796326795,0.));
#7988 = VECTOR('',#7989,1.);
#7989 = DIRECTION('',(-0.,1.));
#7990 = ( GEOMETRIC_REPRESENTATION_CONTEXT(2) 
PARAMETRIC_REPRESENTATION_CONTEXT() REPRESENTATION_CONTEXT('2D SPACE',''
  ) );
#7991 = ORIENTED_EDGE('',*,*,#7992,.T.);
#7992 = EDGE_CURVE('',#7970,#7917,#7993,.T.);
#7993 = SURFACE_CURVE('',#7994,(#7998,#8005),.PCURVE_S1.);
#7994 = LINE('',#7995,#7996);
#7995 = CARTESIAN_POINT('',(17.,1.,95.));
#7996 = VECTOR('',#7997,1.);
#7997 = DIRECTION('',(0.,0.,-1.));
#7998 = PCURVE('',#4948,#7999);
#7999 = DEFINITIONAL_REPRESENTATION('',(#8000),#8004);
#8000 = LINE('',#8001,#8002);
#8001 = CARTESIAN_POINT('',(0.,-2.));
#8002 = VECTOR('',#8003,1.);
#8003 = DIRECTION('',(1.,0.));
#8004 = ( GEOMETRIC_REPRESENTATION_CONTEXT(2) 
PARAMETRIC_REPRESENTATION_CONTEXT() REPRESENTATION_CONTEXT('2D SPACE',''
  ) );
#8005 = PCURVE('',#7878,#8006);
#8006 = DEFINITIONAL_REPRESENTATION('',(#8007),#8011);
#8007 = LINE('',#8008,#8009);
#8008 = CARTESIAN_POINT('',(-35.,-100.));
#8009 = VECTOR('',#8010,1.);
#8010 = DIRECTION('',(1.,0.));
#8011 = ( GEOMETRIC_REPRESENTATION_CONTEXT(2) 
PARAMETRIC_REPRESENTATION_CONTEXT() REPRESENTATION_CONTEXT('2D SPACE',''
  ) );
#8012 = ORIENTED_EDGE('',*,*,#7916,.F.);
#8013 = ADVANCED_FACE('',(#8014),#4921,.F.);
#8014 = FACE_BOUND('',#8015,.T.);
#8015 = EDGE_LOOP('',(#8016,#8039,#8040,#8041));
#8016 = ORIENTED_EDGE('',*,*,#8017,.F.);
#8017 = EDGE_CURVE('',#4879,#8018,#8020,.T.);
#8018 = VERTEX_POINT('',#8019);
#8019 = CARTESIAN_POINT('',(30.,1.,95.));
#8020 = SURFACE_CURVE('',#8021,(#8025,#8032),.PCURVE_S1.);
#8021 = LINE('',#8022,#8023);
#8022 = CARTESIAN_POINT('',(30.,-1.,95.));
#8023 = VECTOR('',#8024,1.);
#8024 = DIRECTION('',(-0.,1.,-0.));
#8025 = PCURVE('',#4921,#8026);
#8026 = DEFINITIONAL_REPRESENTATION('',(#8027),#8031);
#8027 = LINE('',#8028,#8029);
#8028 = CARTESIAN_POINT('',(-0.,0.));
#8029 = VECTOR('',#8030,1.);
#8030 = DIRECTION('',(-0.,1.));
#8031 = ( GEOMETRIC_REPRESENTATION_CONTEXT(2) 
PARAMETRIC_REPRESENTATION_CONTEXT() REPRESENTATION_CONTEXT('2D SPACE',''
  ) );
#8032 = PCURVE('',#4893,#8033);
#8033 = DEFINITIONAL_REPRESENTATION('',(#8034),#8038);
#8034 = LINE('',#8035,#8036);
#8035 = CARTESIAN_POINT('',(187.,0.));
#8036 = VECTOR('',#8037,1.);
#8037 = DIRECTION('',(0.,-1.));
#8038 = ( GEOMETRIC_REPRESENTATION_CONTEXT(2) 
PARAMETRIC_REPRESENTATION_CONTEXT() REPRESENTATION_CONTEXT('2D SPACE',''
  ) );
#8039 = ORIENTED_EDGE('',*,*,#4904,.F.);
#8040 = ORIENTED_EDGE('',*,*,#7969,.T.);
#8041 = ORIENTED_EDGE('',*,*,#8042,.F.);
#8042 = EDGE_CURVE('',#8018,#7970,#8043,.T.);
#8043 = SURFACE_CURVE('',#8044,(#8049,#8056),.PCURVE_S1.);
#8044 = CIRCLE('',#8045,13.);
#8045 = AXIS2_PLACEMENT_3D('',#8046,#8047,#8048);
#8046 = CARTESIAN_POINT('',(30.,1.,82.));
#8047 = DIRECTION('',(0.,-1.,0.));
#8048 = DIRECTION('',(0.,0.,1.));
#8049 = PCURVE('',#4921,#8050);
#8050 = DEFINITIONAL_REPRESENTATION('',(#8051),#8055);
#8051 = LINE('',#8052,#8053);
#8052 = CARTESIAN_POINT('',(-0.,2.));
#8053 = VECTOR('',#8054,1.);
#8054 = DIRECTION('',(-1.,0.));
#8055 = ( GEOMETRIC_REPRESENTATION_CONTEXT(2) 
PARAMETRIC_REPRESENTATION_CONTEXT() REPRESENTATION_CONTEXT('2D SPACE',''
  ) );
#8056 = PCURVE('',#7878,#8057);
#8057 = DEFINITIONAL_REPRESENTATION('',(#8058),#8062);
#8058 = CIRCLE('',#8059,13.);
#8059 = AXIS2_PLACEMENT_2D('',#8060,#8061);
#8060 = CARTESIAN_POINT('',(-22.,-87.));
#8061 = DIRECTION('',(-1.,0.));
#8062 = ( GEOMETRIC_REPRESENTATION_CONTEXT(2) 
PARAMETRIC_REPRESENTATION_CONTEXT() REPRESENTATION_CONTEXT('2D SPACE',''
  ) );
#8063 = ADVANCED_FACE('',(#8064),#4893,.F.);
#8064 = FACE_BOUND('',#8065,.F.);
#8065 = EDGE_LOOP('',(#8066,#8067,#8090,#8111));
#8066 = ORIENTED_EDGE('',*,*,#4878,.T.);
#8067 = ORIENTED_EDGE('',*,*,#8068,.T.);
#8068 = EDGE_CURVE('',#4850,#8069,#8071,.T.);
#8069 = VERTEX_POINT('',#8070);
#8070 = CARTESIAN_POINT('',(204.,1.,95.));
#8071 = SURFACE_CURVE('',#8072,(#8076,#8083),.PCURVE_S1.);
#8072 = LINE('',#8073,#8074);
#8073 = CARTESIAN_POINT('',(204.,-1.,95.));
#8074 = VECTOR('',#8075,1.);
#8075 = DIRECTION('',(-0.,1.,-0.));
#8076 = PCURVE('',#4893,#8077);
#8077 = DEFINITIONAL_REPRESENTATION('',(#8078),#8082);
#8078 = LINE('',#8079,#8080);
#8079 = CARTESIAN_POINT('',(13.,0.));
#8080 = VECTOR('',#8081,1.);
#8081 = DIRECTION('',(0.,-1.));
#8082 = ( GEOMETRIC_REPRESENTATION_CONTEXT(2) 
PARAMETRIC_REPRESENTATION_CONTEXT() REPRESENTATION_CONTEXT('2D SPACE',''
  ) );
#8083 = PCURVE('',#4866,#8084);
#8084 = DEFINITIONAL_REPRESENTATION('',(#8085),#8089);
#8085 = LINE('',#8086,#8087);
#8086 = CARTESIAN_POINT('',(-1.570796326795,0.));
#8087 = VECTOR('',#8088,1.);
#8088 = DIRECTION('',(-0.,1.));
#8089 = ( GEOMETRIC_REPRESENTATION_CONTEXT(2) 
PARAMETRIC_REPRESENTATION_CONTEXT() REPRESENTATION_CONTEXT('2D SPACE',''
  ) );
#8090 = ORIENTED_EDGE('',*,*,#8091,.T.);
#8091 = EDGE_CURVE('',#8069,#8018,#8092,.T.);
#8092 = SURFACE_CURVE('',#8093,(#8097,#8104),.PCURVE_S1.);
#8093 = LINE('',#8094,#8095);
#8094 = CARTESIAN_POINT('',(217.,1.,95.));
#8095 = VECTOR('',#8096,1.);
#8096 = DIRECTION('',(-1.,0.,0.));
#8097 = PCURVE('',#4893,#8098);
#8098 = DEFINITIONAL_REPRESENTATION('',(#8099),#8103);
#8099 = LINE('',#8100,#8101);
#8100 = CARTESIAN_POINT('',(0.,-2.));
#8101 = VECTOR('',#8102,1.);
#8102 = DIRECTION('',(1.,0.));
#8103 = ( GEOMETRIC_REPRESENTATION_CONTEXT(2) 
PARAMETRIC_REPRESENTATION_CONTEXT() REPRESENTATION_CONTEXT('2D SPACE',''
  ) );
#8104 = PCURVE('',#7878,#8105);
#8105 = DEFINITIONAL_REPRESENTATION('',(#8106),#8110);
#8106 = LINE('',#8107,#8108);
#8107 = CARTESIAN_POINT('',(-35.,100.));
#8108 = VECTOR('',#8109,1.);
#8109 = DIRECTION('',(0.,-1.));
#8110 = ( GEOMETRIC_REPRESENTATION_CONTEXT(2) 
PARAMETRIC_REPRESENTATION_CONTEXT() REPRESENTATION_CONTEXT('2D SPACE',''
  ) );
#8111 = ORIENTED_EDGE('',*,*,#8017,.F.);
#8112 = ADVANCED_FACE('',(#8113),#4866,.F.);
#8113 = FACE_BOUND('',#8114,.T.);
#8114 = EDGE_LOOP('',(#8115,#8138,#8139,#8140));
#8115 = ORIENTED_EDGE('',*,*,#8116,.F.);
#8116 = EDGE_CURVE('',#4824,#8117,#8119,.T.);
#8117 = VERTEX_POINT('',#8118);
#8118 = CARTESIAN_POINT('',(217.,1.,82.));
#8119 = SURFACE_CURVE('',#8120,(#8124,#8131),.PCURVE_S1.);
#8120 = LINE('',#8121,#8122);
#8121 = CARTESIAN_POINT('',(217.,-1.,82.));
#8122 = VECTOR('',#8123,1.);
#8123 = DIRECTION('',(-0.,1.,-0.));
#8124 = PCURVE('',#4866,#8125);
#8125 = DEFINITIONAL_REPRESENTATION('',(#8126),#8130);
#8126 = LINE('',#8127,#8128);
#8127 = CARTESIAN_POINT('',(-0.,0.));
#8128 = VECTOR('',#8129,1.);
#8129 = DIRECTION('',(-0.,1.));
#8130 = ( GEOMETRIC_REPRESENTATION_CONTEXT(2) 
PARAMETRIC_REPRESENTATION_CONTEXT() REPRESENTATION_CONTEXT('2D SPACE',''
  ) );
#8131 = PCURVE('',#4838,#8132);
#8132 = DEFINITIONAL_REPRESENTATION('',(#8133),#8137);
#8133 = LINE('',#8134,#8135);
#8134 = CARTESIAN_POINT('',(57.,0.));
#8135 = VECTOR('',#8136,1.);
#8136 = DIRECTION('',(0.,-1.));
#8137 = ( GEOMETRIC_REPRESENTATION_CONTEXT(2) 
PARAMETRIC_REPRESENTATION_CONTEXT() REPRESENTATION_CONTEXT('2D SPACE',''
  ) );
#8138 = ORIENTED_EDGE('',*,*,#4849,.F.);
#8139 = ORIENTED_EDGE('',*,*,#8068,.T.);
#8140 = ORIENTED_EDGE('',*,*,#8141,.F.);
#8141 = EDGE_CURVE('',#8117,#8069,#8142,.T.);
#8142 = SURFACE_CURVE('',#8143,(#8148,#8155),.PCURVE_S1.);
#8143 = CIRCLE('',#8144,13.);
#8144 = AXIS2_PLACEMENT_3D('',#8145,#8146,#8147);
#8145 = CARTESIAN_POINT('',(204.,1.,82.));
#8146 = DIRECTION('',(0.,-1.,0.));
#8147 = DIRECTION('',(0.,0.,1.));
#8148 = PCURVE('',#4866,#8149);
#8149 = DEFINITIONAL_REPRESENTATION('',(#8150),#8154);
#8150 = LINE('',#8151,#8152);
#8151 = CARTESIAN_POINT('',(4.712388980385,2.));
#8152 = VECTOR('',#8153,1.);
#8153 = DIRECTION('',(-1.,0.));
#8154 = ( GEOMETRIC_REPRESENTATION_CONTEXT(2) 
PARAMETRIC_REPRESENTATION_CONTEXT() REPRESENTATION_CONTEXT('2D SPACE',''
  ) );
#8155 = PCURVE('',#7878,#8156);
#8156 = DEFINITIONAL_REPRESENTATION('',(#8157),#8161);
#8157 = CIRCLE('',#8158,13.);
#8158 = AXIS2_PLACEMENT_2D('',#8159,#8160);
#8159 = CARTESIAN_POINT('',(-22.,87.));
#8160 = DIRECTION('',(-1.,0.));
#8161 = ( GEOMETRIC_REPRESENTATION_CONTEXT(2) 
PARAMETRIC_REPRESENTATION_CONTEXT() REPRESENTATION_CONTEXT('2D SPACE',''
  ) );
#8162 = ADVANCED_FACE('',(#8163),#4838,.F.);
#8163 = FACE_BOUND('',#8164,.F.);
#8164 = EDGE_LOOP('',(#8165,#8166,#8189,#8210));
#8165 = ORIENTED_EDGE('',*,*,#4823,.T.);
#8166 = ORIENTED_EDGE('',*,*,#8167,.T.);
#8167 = EDGE_CURVE('',#4795,#8168,#8170,.T.);
#8168 = VERTEX_POINT('',#8169);
#8169 = CARTESIAN_POINT('',(217.,1.,38.));
#8170 = SURFACE_CURVE('',#8171,(#8175,#8182),.PCURVE_S1.);
#8171 = LINE('',#8172,#8173);
#8172 = CARTESIAN_POINT('',(217.,-1.,38.));
#8173 = VECTOR('',#8174,1.);
#8174 = DIRECTION('',(-0.,1.,-0.));
#8175 = PCURVE('',#4838,#8176);
#8176 = DEFINITIONAL_REPRESENTATION('',(#8177),#8181);
#8177 = LINE('',#8178,#8179);
#8178 = CARTESIAN_POINT('',(13.,0.));
#8179 = VECTOR('',#8180,1.);
#8180 = DIRECTION('',(0.,-1.));
#8181 = ( GEOMETRIC_REPRESENTATION_CONTEXT(2) 
PARAMETRIC_REPRESENTATION_CONTEXT() REPRESENTATION_CONTEXT('2D SPACE',''
  ) );
#8182 = PCURVE('',#4811,#8183);
#8183 = DEFINITIONAL_REPRESENTATION('',(#8184),#8188);
#8184 = LINE('',#8185,#8186);
#8185 = CARTESIAN_POINT('',(-1.570796326795,0.));
#8186 = VECTOR('',#8187,1.);
#8187 = DIRECTION('',(-0.,1.));
#8188 = ( GEOMETRIC_REPRESENTATION_CONTEXT(2) 
PARAMETRIC_REPRESENTATION_CONTEXT() REPRESENTATION_CONTEXT('2D SPACE',''
  ) );
#8189 = ORIENTED_EDGE('',*,*,#8190,.T.);
#8190 = EDGE_CURVE('',#8168,#8117,#8191,.T.);
#8191 = SURFACE_CURVE('',#8192,(#8196,#8203),.PCURVE_S1.);
#8192 = LINE('',#8193,#8194);
#8193 = CARTESIAN_POINT('',(217.,1.,25.));
#8194 = VECTOR('',#8195,1.);
#8195 = DIRECTION('',(0.,0.,1.));
#8196 = PCURVE('',#4838,#8197);
#8197 = DEFINITIONAL_REPRESENTATION('',(#8198),#8202);
#8198 = LINE('',#8199,#8200);
#8199 = CARTESIAN_POINT('',(0.,-2.));
#8200 = VECTOR('',#8201,1.);
#8201 = DIRECTION('',(1.,0.));
#8202 = ( GEOMETRIC_REPRESENTATION_CONTEXT(2) 
PARAMETRIC_REPRESENTATION_CONTEXT() REPRESENTATION_CONTEXT('2D SPACE',''
  ) );
#8203 = PCURVE('',#7878,#8204);
#8204 = DEFINITIONAL_REPRESENTATION('',(#8205),#8209);
#8205 = LINE('',#8206,#8207);
#8206 = CARTESIAN_POINT('',(35.,100.));
#8207 = VECTOR('',#8208,1.);
#8208 = DIRECTION('',(-1.,0.));
#8209 = ( GEOMETRIC_REPRESENTATION_CONTEXT(2) 
PARAMETRIC_REPRESENTATION_CONTEXT() REPRESENTATION_CONTEXT('2D SPACE',''
  ) );
#8210 = ORIENTED_EDGE('',*,*,#8116,.F.);
#8211 = ADVANCED_FACE('',(#8212),#4811,.F.);
#8212 = FACE_BOUND('',#8213,.T.);
#8213 = EDGE_LOOP('',(#8214,#8215,#8216,#8217));
#8214 = ORIENTED_EDGE('',*,*,#7890,.F.);
#8215 = ORIENTED_EDGE('',*,*,#4794,.F.);
#8216 = ORIENTED_EDGE('',*,*,#8167,.T.);
#8217 = ORIENTED_EDGE('',*,*,#8218,.F.);
#8218 = EDGE_CURVE('',#7863,#8168,#8219,.T.);
#8219 = SURFACE_CURVE('',#8220,(#8225,#8232),.PCURVE_S1.);
#8220 = CIRCLE('',#8221,13.);
#8221 = AXIS2_PLACEMENT_3D('',#8222,#8223,#8224);
#8222 = CARTESIAN_POINT('',(204.,1.,38.));
#8223 = DIRECTION('',(0.,-1.,0.));
#8224 = DIRECTION('',(0.,0.,1.));
#8225 = PCURVE('',#4811,#8226);
#8226 = DEFINITIONAL_REPRESENTATION('',(#8227),#8231);
#8227 = LINE('',#8228,#8229);
#8228 = CARTESIAN_POINT('',(3.14159265359,2.));
#8229 = VECTOR('',#8230,1.);
#8230 = DIRECTION('',(-1.,0.));
#8231 = ( GEOMETRIC_REPRESENTATION_CONTEXT(2) 
PARAMETRIC_REPRESENTATION_CONTEXT() REPRESENTATION_CONTEXT('2D SPACE',''
  ) );
#8232 = PCURVE('',#7878,#8233);
#8233 = DEFINITIONAL_REPRESENTATION('',(#8234),#8238);
#8234 = CIRCLE('',#8235,13.);
#8235 = AXIS2_PLACEMENT_2D('',#8236,#8237);
#8236 = CARTESIAN_POINT('',(22.,87.));
#8237 = DIRECTION('',(-1.,0.));
#8238 = ( GEOMETRIC_REPRESENTATION_CONTEXT(2) 
PARAMETRIC_REPRESENTATION_CONTEXT() REPRESENTATION_CONTEXT('2D SPACE',''
  ) );
#8239 = ADVANCED_FACE('',(#8240,#8287),#5731,.F.);
#8240 = FACE_BOUND('',#8241,.F.);
#8241 = EDGE_LOOP('',(#8242,#8265,#8266));
#8242 = ORIENTED_EDGE('',*,*,#8243,.F.);
#8243 = EDGE_CURVE('',#5670,#8244,#8246,.T.);
#8244 = VERTEX_POINT('',#8245);
#8245 = CARTESIAN_POINT('',(10.,10.,3.));
#8246 = SURFACE_CURVE('',#8247,(#8251,#8258),.PCURVE_S1.);
#8247 = LINE('',#8248,#8249);
#8248 = CARTESIAN_POINT('',(0.,10.,3.));
#8249 = VECTOR('',#8250,1.);
#8250 = DIRECTION('',(1.,0.,0.));
#8251 = PCURVE('',#5731,#8252);
#8252 = DEFINITIONAL_REPRESENTATION('',(#8253),#8257);
#8253 = LINE('',#8254,#8255);
#8254 = CARTESIAN_POINT('',(0.,10.));
#8255 = VECTOR('',#8256,1.);
#8256 = DIRECTION('',(1.,0.));
#8257 = ( GEOMETRIC_REPRESENTATION_CONTEXT(2) 
PARAMETRIC_REPRESENTATION_CONTEXT() REPRESENTATION_CONTEXT('2D SPACE',''
  ) );
#8258 = PCURVE('',#5896,#8259);
#8259 = DEFINITIONAL_REPRESENTATION('',(#8260),#8264);
#8260 = LINE('',#8261,#8262);
#8261 = CARTESIAN_POINT('',(0.,0.));
#8262 = VECTOR('',#8263,1.);
#8263 = DIRECTION('',(0.,1.));
#8264 = ( GEOMETRIC_REPRESENTATION_CONTEXT(2) 
PARAMETRIC_REPRESENTATION_CONTEXT() REPRESENTATION_CONTEXT('2D SPACE',''
  ) );
#8265 = ORIENTED_EDGE('',*,*,#5716,.T.);
#8266 = ORIENTED_EDGE('',*,*,#8267,.T.);
#8267 = EDGE_CURVE('',#5694,#8244,#8268,.T.);
#8268 = SURFACE_CURVE('',#8269,(#8273,#8280),.PCURVE_S1.);
#8269 = LINE('',#8270,#8271);
#8270 = CARTESIAN_POINT('',(10.,0.,3.));
#8271 = VECTOR('',#8272,1.);
#8272 = DIRECTION('',(0.,1.,0.));
#8273 = PCURVE('',#5731,#8274);
#8274 = DEFINITIONAL_REPRESENTATION('',(#8275),#8279);
#8275 = LINE('',#8276,#8277);
#8276 = CARTESIAN_POINT('',(10.,0.));
#8277 = VECTOR('',#8278,1.);
#8278 = DIRECTION('',(0.,1.));
#8279 = ( GEOMETRIC_REPRESENTATION_CONTEXT(2) 
PARAMETRIC_REPRESENTATION_CONTEXT() REPRESENTATION_CONTEXT('2D SPACE',''
  ) );
#8280 = PCURVE('',#6456,#8281);
#8281 = DEFINITIONAL_REPRESENTATION('',(#8282),#8286);
#8282 = LINE('',#8283,#8284);
#8283 = CARTESIAN_POINT('',(0.,0.));
#8284 = VECTOR('',#8285,1.);
#8285 = DIRECTION('',(0.,-1.));
#8286 = ( GEOMETRIC_REPRESENTATION_CONTEXT(2) 
PARAMETRIC_REPRESENTATION_CONTEXT() REPRESENTATION_CONTEXT('2D SPACE',''
  ) );
#8287 = FACE_BOUND('',#8288,.F.);
#8288 = EDGE_LOOP('',(#8289));
#8289 = ORIENTED_EDGE('',*,*,#8290,.F.);
#8290 = EDGE_CURVE('',#8291,#8291,#8293,.T.);
#8291 = VERTEX_POINT('',#8292);
#8292 = CARTESIAN_POINT('',(7.85,7.,3.));
#8293 = SURFACE_CURVE('',#8294,(#8299,#8306),.PCURVE_S1.);
#8294 = CIRCLE('',#8295,0.85);
#8295 = AXIS2_PLACEMENT_3D('',#8296,#8297,#8298);
#8296 = CARTESIAN_POINT('',(7.,7.,3.));
#8297 = DIRECTION('',(0.,0.,1.));
#8298 = DIRECTION('',(1.,0.,0.));
#8299 = PCURVE('',#5731,#8300);
#8300 = DEFINITIONAL_REPRESENTATION('',(#8301),#8305);
#8301 = CIRCLE('',#8302,0.85);
#8302 = AXIS2_PLACEMENT_2D('',#8303,#8304);
#8303 = CARTESIAN_POINT('',(7.,7.));
#8304 = DIRECTION('',(1.,0.));
#8305 = ( GEOMETRIC_REPRESENTATION_CONTEXT(2) 
PARAMETRIC_REPRESENTATION_CONTEXT() REPRESENTATION_CONTEXT('2D SPACE',''
  ) );
#8306 = PCURVE('',#8307,#8312);
#8307 = CYLINDRICAL_SURFACE('',#8308,0.85);
#8308 = AXIS2_PLACEMENT_3D('',#8309,#8310,#8311);
#8309 = CARTESIAN_POINT('',(7.,7.,3.));
#8310 = DIRECTION('',(-0.,-0.,-1.));
#8311 = DIRECTION('',(1.,0.,0.));
#8312 = DEFINITIONAL_REPRESENTATION('',(#8313),#8317);
#8313 = LINE('',#8314,#8315);
#8314 = CARTESIAN_POINT('',(-0.,0.));
#8315 = VECTOR('',#8316,1.);
#8316 = DIRECTION('',(-1.,0.));
#8317 = ( GEOMETRIC_REPRESENTATION_CONTEXT(2) 
PARAMETRIC_REPRESENTATION_CONTEXT() REPRESENTATION_CONTEXT('2D SPACE',''
  ) );
#8318 = ADVANCED_FACE('',(#8319),#5896,.T.);
#8319 = FACE_BOUND('',#8320,.T.);
#8320 = EDGE_LOOP('',(#8321,#8322,#8323,#8351));
#8321 = ORIENTED_EDGE('',*,*,#8243,.F.);
#8322 = ORIENTED_EDGE('',*,*,#5882,.T.);
#8323 = ORIENTED_EDGE('',*,*,#8324,.T.);
#8324 = EDGE_CURVE('',#5855,#8325,#8327,.T.);
#8325 = VERTEX_POINT('',#8326);
#8326 = CARTESIAN_POINT('',(10.,10.,15.));
#8327 = SURFACE_CURVE('',#8328,(#8332,#8339),.PCURVE_S1.);
#8328 = LINE('',#8329,#8330);
#8329 = CARTESIAN_POINT('',(0.,10.,15.));
#8330 = VECTOR('',#8331,1.);
#8331 = DIRECTION('',(1.,0.,0.));
#8332 = PCURVE('',#5896,#8333);
#8333 = DEFINITIONAL_REPRESENTATION('',(#8334),#8338);
#8334 = LINE('',#8335,#8336);
#8335 = CARTESIAN_POINT('',(12.,0.));
#8336 = VECTOR('',#8337,1.);
#8337 = DIRECTION('',(0.,1.));
#8338 = ( GEOMETRIC_REPRESENTATION_CONTEXT(2) 
PARAMETRIC_REPRESENTATION_CONTEXT() REPRESENTATION_CONTEXT('2D SPACE',''
  ) );
#8339 = PCURVE('',#8340,#8345);
#8340 = PLANE('',#8341);
#8341 = AXIS2_PLACEMENT_3D('',#8342,#8343,#8344);
#8342 = CARTESIAN_POINT('',(0.,0.,15.));
#8343 = DIRECTION('',(0.,0.,1.));
#8344 = DIRECTION('',(1.,0.,0.));
#8345 = DEFINITIONAL_REPRESENTATION('',(#8346),#8350);
#8346 = LINE('',#8347,#8348);
#8347 = CARTESIAN_POINT('',(0.,10.));
#8348 = VECTOR('',#8349,1.);
#8349 = DIRECTION('',(1.,0.));
#8350 = ( GEOMETRIC_REPRESENTATION_CONTEXT(2) 
PARAMETRIC_REPRESENTATION_CONTEXT() REPRESENTATION_CONTEXT('2D SPACE',''
  ) );
#8351 = ORIENTED_EDGE('',*,*,#8352,.F.);
#8352 = EDGE_CURVE('',#8244,#8325,#8353,.T.);
#8353 = SURFACE_CURVE('',#8354,(#8358,#8365),.PCURVE_S1.);
#8354 = LINE('',#8355,#8356);
#8355 = CARTESIAN_POINT('',(10.,10.,3.));
#8356 = VECTOR('',#8357,1.);
#8357 = DIRECTION('',(0.,0.,1.));
#8358 = PCURVE('',#5896,#8359);
#8359 = DEFINITIONAL_REPRESENTATION('',(#8360),#8364);
#8360 = LINE('',#8361,#8362);
#8361 = CARTESIAN_POINT('',(0.,10.));
#8362 = VECTOR('',#8363,1.);
#8363 = DIRECTION('',(1.,0.));
#8364 = ( GEOMETRIC_REPRESENTATION_CONTEXT(2) 
PARAMETRIC_REPRESENTATION_CONTEXT() REPRESENTATION_CONTEXT('2D SPACE',''
  ) );
#8365 = PCURVE('',#6456,#8366);
#8366 = DEFINITIONAL_REPRESENTATION('',(#8367),#8371);
#8367 = LINE('',#8368,#8369);
#8368 = CARTESIAN_POINT('',(0.,-10.));
#8369 = VECTOR('',#8370,1.);
#8370 = DIRECTION('',(1.,0.));
#8371 = ( GEOMETRIC_REPRESENTATION_CONTEXT(2) 
PARAMETRIC_REPRESENTATION_CONTEXT() REPRESENTATION_CONTEXT('2D SPACE',''
  ) );
#8372 = ADVANCED_FACE('',(#8373),#5870,.F.);
#8373 = FACE_BOUND('',#8374,.F.);
#8374 = EDGE_LOOP('',(#8375,#8376,#8398,#8399,#8491));
#8375 = ORIENTED_EDGE('',*,*,#5854,.F.);
#8376 = ORIENTED_EDGE('',*,*,#8377,.T.);
#8377 = EDGE_CURVE('',#5855,#6441,#8378,.T.);
#8378 = SURFACE_CURVE('',#8379,(#8384,#8391),.PCURVE_S1.);
#8379 = CIRCLE('',#8380,7.6);
#8380 = AXIS2_PLACEMENT_3D('',#8381,#8382,#8383);
#8381 = CARTESIAN_POINT('',(10.,10.,15.));
#8382 = DIRECTION('',(0.,0.,1.));
#8383 = DIRECTION('',(0.,-1.,0.));
#8384 = PCURVE('',#5870,#8385);
#8385 = DEFINITIONAL_REPRESENTATION('',(#8386),#8390);
#8386 = LINE('',#8387,#8388);
#8387 = CARTESIAN_POINT('',(-4.712388980385,16.));
#8388 = VECTOR('',#8389,1.);
#8389 = DIRECTION('',(1.,0.));
#8390 = ( GEOMETRIC_REPRESENTATION_CONTEXT(2) 
PARAMETRIC_REPRESENTATION_CONTEXT() REPRESENTATION_CONTEXT('2D SPACE',''
  ) );
#8391 = PCURVE('',#8340,#8392);
#8392 = DEFINITIONAL_REPRESENTATION('',(#8393),#8397);
#8393 = CIRCLE('',#8394,7.6);
#8394 = AXIS2_PLACEMENT_2D('',#8395,#8396);
#8395 = CARTESIAN_POINT('',(10.,10.));
#8396 = DIRECTION('',(0.,-1.));
#8397 = ( GEOMETRIC_REPRESENTATION_CONTEXT(2) 
PARAMETRIC_REPRESENTATION_CONTEXT() REPRESENTATION_CONTEXT('2D SPACE',''
  ) );
#8398 = ORIENTED_EDGE('',*,*,#6468,.T.);
#8399 = ORIENTED_EDGE('',*,*,#8400,.F.);
#8400 = EDGE_CURVE('',#8401,#6469,#8403,.T.);
#8401 = VERTEX_POINT('',#8402);
#8402 = CARTESIAN_POINT('',(4.625988463895,4.625988464244,
    102.85599500915));
#8403 = SURFACE_CURVE('',#8404,(#8431,#8461),.PCURVE_S1.);
#8404 = B_SPLINE_CURVE_WITH_KNOTS('',7,(#8405,#8406,#8407,#8408,#8409,
    #8410,#8411,#8412,#8413,#8414,#8415,#8416,#8417,#8418,#8419,#8420,
    #8421,#8422,#8423,#8424,#8425,#8426,#8427,#8428,#8429,#8430),
  .UNSPECIFIED.,.F.,.F.,(8,6,6,6,8),(0.,0.151853175384,0.292172273474,
    0.618153392181,1.),.UNSPECIFIED.);
#8405 = CARTESIAN_POINT('',(2.4,10.,107.60491704191));
#8406 = CARTESIAN_POINT('',(2.4,9.598588239444,107.40758095555));
#8407 = CARTESIAN_POINT('',(2.424734891476,9.211230877667,
    107.19802892427));
#8408 = CARTESIAN_POINT('',(2.47108809249,8.838938799466,106.97787093845
    ));
#8409 = CARTESIAN_POINT('',(2.536235855598,8.482373476133,
    106.74877706598));
#8410 = CARTESIAN_POINT('',(2.617586538984,8.141931149545,
    106.51242295555));
#8411 = CARTESIAN_POINT('',(2.712740990818,7.817802905363,
    106.27045908871));
#8412 = CARTESIAN_POINT('',(2.918100144864,7.225596867752,
    105.79723012059));
#8413 = CARTESIAN_POINT('',(3.026884931943,6.954346324459,
    105.56592050539));
#8414 = CARTESIAN_POINT('',(3.144379205977,6.6958140385,105.33133693758)
  );
#8415 = CARTESIAN_POINT('',(3.26938874414,6.449470313802,105.09409131486
    ));
#8416 = CARTESIAN_POINT('',(3.400945522276,6.214734084379,
    104.85463953615));
#8417 = CARTESIAN_POINT('',(3.538285210712,5.991000998676,
    104.61328147092));
#8418 = CARTESIAN_POINT('',(4.011984859631,5.282059374331,103.8053769942
    ));
#8419 = CARTESIAN_POINT('',(4.372082378552,4.841304095667,
    103.22966163394));
#8420 = CARTESIAN_POINT('',(4.752277176298,4.451138037782,
    102.64800201105));
#8421 = CARTESIAN_POINT('',(5.146848533499,4.106979307693,
    102.06336791613));
#8422 = CARTESIAN_POINT('',(5.552353110172,3.804549516196,
    101.47685990861));
#8423 = CARTESIAN_POINT('',(5.967172636796,3.540253106366,
    100.88803669745));
#8424 = CARTESIAN_POINT('',(6.887659939125,3.043585107422,
    99.600646431706));
#8425 = CARTESIAN_POINT('',(7.395210020398,2.825258286055,
    98.902668253605));
#8426 = CARTESIAN_POINT('',(7.909932715311,2.653674940026,
    98.203117281045));
#8427 = CARTESIAN_POINT('',(8.42927528928,2.526534472586,97.502980916512
    ));
#8428 = CARTESIAN_POINT('',(8.951532217309,2.442234791231,
    96.802549953008));
#8429 = CARTESIAN_POINT('',(9.475472026161,2.39999996972,96.10166687088)
  );
#8430 = CARTESIAN_POINT('',(10.,2.4,95.4));
#8431 = PCURVE('',#5870,#8432);
#8432 = DEFINITIONAL_REPRESENTATION('',(#8433),#8460);
#8433 = B_SPLINE_CURVE_WITH_KNOTS('',7,(#8434,#8435,#8436,#8437,#8438,
    #8439,#8440,#8441,#8442,#8443,#8444,#8445,#8446,#8447,#8448,#8449,
    #8450,#8451,#8452,#8453,#8454,#8455,#8456,#8457,#8458,#8459),
  .UNSPECIFIED.,.F.,.F.,(8,6,6,6,8),(0.,0.151853175384,0.292172273474,
    0.618153392181,1.),.UNSPECIFIED.);
#8434 = CARTESIAN_POINT('',(0.,108.60491704191));
#8435 = CARTESIAN_POINT('',(5.281733691528E-02,108.40758095555));
#8436 = CARTESIAN_POINT('',(0.103785460628,108.19802892427));
#8437 = CARTESIAN_POINT('',(0.153011733877,107.97787093845));
#8438 = CARTESIAN_POINT('',(0.200574683883,107.74877706598));
#8439 = CARTESIAN_POINT('',(0.246532753909,107.51242295555));
#8440 = CARTESIAN_POINT('',(0.290929355221,107.27045908871));
#8441 = CARTESIAN_POINT('',(0.373403263327,106.79723012059));
#8442 = CARTESIAN_POINT('',(0.411813845274,106.56592050539));
#8443 = CARTESIAN_POINT('',(0.449120238626,106.33133693758));
#8444 = CARTESIAN_POINT('',(0.485410840493,106.09409131486));
#8445 = CARTESIAN_POINT('',(0.520771683134,105.85463953615));
#8446 = CARTESIAN_POINT('',(0.555288682306,105.61328147092));
#8447 = CARTESIAN_POINT('',(0.667477740447,104.8053769942));
#8448 = CARTESIAN_POINT('',(0.742021756258,104.22966163394));
#8449 = CARTESIAN_POINT('',(0.81328781758,103.64800201105));
#8450 = CARTESIAN_POINT('',(0.881797562538,103.06336791613));
#8451 = CARTESIAN_POINT('',(0.948066391153,102.47685990861));
#8452 = CARTESIAN_POINT('',(1.012615054735,101.88803669745));
#8453 = CARTESIAN_POINT('',(1.150237826349,100.6006464317));
#8454 = CARTESIAN_POINT('',(1.222652498657,99.902668253605));
#8455 = CARTESIAN_POINT('',(1.2936446047,99.203117281045));
#8456 = CARTESIAN_POINT('',(1.363585690761,98.502980916512));
#8457 = CARTESIAN_POINT('',(1.432839624357,97.802549953008));
#8458 = CARTESIAN_POINT('',(1.50177960785,97.10166687088));
#8459 = CARTESIAN_POINT('',(1.570796326795,96.4));
#8460 = ( GEOMETRIC_REPRESENTATION_CONTEXT(2) 
PARAMETRIC_REPRESENTATION_CONTEXT() REPRESENTATION_CONTEXT('2D SPACE',''
  ) );
#8461 = PCURVE('',#6507,#8462);
#8462 = DEFINITIONAL_REPRESENTATION('',(#8463),#8490);
#8463 = B_SPLINE_CURVE_WITH_KNOTS('',7,(#8464,#8465,#8466,#8467,#8468,
    #8469,#8470,#8471,#8472,#8473,#8474,#8475,#8476,#8477,#8478,#8479,
    #8480,#8481,#8482,#8483,#8484,#8485,#8486,#8487,#8488,#8489),
  .UNSPECIFIED.,.F.,.F.,(8,6,6,6,8),(0.,0.151853175384,0.292172273474,
    0.618153392181,1.),.UNSPECIFIED.);
#8464 = CARTESIAN_POINT('',(0.456909198662,-1.7763568394E-15));
#8465 = CARTESIAN_POINT('',(0.489798546387,-1.870179277069E-15));
#8466 = CARTESIAN_POINT('',(0.522156758526,2.473489147567E-02));
#8467 = CARTESIAN_POINT('',(0.55392306516,7.108809248969E-02));
#8468 = CARTESIAN_POINT('',(0.585049168632,0.136235855598));
#8469 = CARTESIAN_POINT('',(0.615493733436,0.217586538984));
#8470 = CARTESIAN_POINT('',(0.645218919146,0.312740990818));
#8471 = CARTESIAN_POINT('',(0.700958561188,0.518100144864));
#8472 = CARTESIAN_POINT('',(0.727157297805,0.626884931943));
#8473 = CARTESIAN_POINT('',(0.752807090126,0.744379205977));
#8474 = CARTESIAN_POINT('',(0.777935575878,0.86938874414));
#8475 = CARTESIAN_POINT('',(0.80257573578,1.000945522276));
#8476 = CARTESIAN_POINT('',(0.826765644386,1.138285210712));
#8477 = CARTESIAN_POINT('',(0.905798915538,1.611984859631));
#8478 = CARTESIAN_POINT('',(0.958993125658,1.972082378552));
#8479 = CARTESIAN_POINT('',(1.010337933145,2.352277176298));
#8480 = CARTESIAN_POINT('',(1.060074346219,2.746848533499));
#8481 = CARTESIAN_POINT('',(1.108480193116,3.152353110172));
#8482 = CARTESIAN_POINT('',(1.155869051261,3.567172636796));
#8483 = CARTESIAN_POINT('',(1.257330389221,4.487659939125));
#8484 = CARTESIAN_POINT('',(1.310990805421,4.995210020398));
#8485 = CARTESIAN_POINT('',(1.363789672603,5.509932715311));
#8486 = CARTESIAN_POINT('',(1.415941188258,6.02927528928));
#8487 = CARTESIAN_POINT('',(1.467667575127,6.551532217309));
#8488 = CARTESIAN_POINT('',(1.519203196905,7.075472026161));
#8489 = CARTESIAN_POINT('',(1.570796326795,7.6));
#8490 = ( GEOMETRIC_REPRESENTATION_CONTEXT(2) 
PARAMETRIC_REPRESENTATION_CONTEXT() REPRESENTATION_CONTEXT('2D SPACE',''
  ) );
#8491 = ORIENTED_EDGE('',*,*,#8492,.F.);
#8492 = EDGE_CURVE('',#5827,#8401,#8493,.T.);
#8493 = SURFACE_CURVE('',#8494,(#8569,#8647),.PCURVE_S1.);
#8494 = B_SPLINE_CURVE_WITH_KNOTS('',7,(#8495,#8496,#8497,#8498,#8499,
    #8500,#8501,#8502,#8503,#8504,#8505,#8506,#8507,#8508,#8509,#8510,
    #8511,#8512,#8513,#8514,#8515,#8516,#8517,#8518,#8519,#8520,#8521,
    #8522,#8523,#8524,#8525,#8526,#8527,#8528,#8529,#8530,#8531,#8532,
    #8533,#8534,#8535,#8536,#8537,#8538,#8539,#8540,#8541,#8542,#8543,
    #8544,#8545,#8546,#8547,#8548,#8549,#8550,#8551,#8552,#8553,#8554,
    #8555,#8556,#8557,#8558,#8559,#8560,#8561,#8562,#8563,#8564,#8565,
    #8566,#8567,#8568),.UNSPECIFIED.,.F.,.F.,(8,6,6,6,6,6,6,6,6,6,6,6,8)
  ,(0.,6.304467039356E-04,1.309389029543E-03,2.012578674443E-03,
    2.570280137002E-03,3.055237306315E-03,3.467450356704E-03,
    4.12214047034E-03,4.485856477226E-03,0.242849995977,0.652913427286,
    0.794875082875,1.),.UNSPECIFIED.);
#8495 = CARTESIAN_POINT('',(2.4,10.,95.4));
#8496 = CARTESIAN_POINT('',(2.4,9.999133958331,95.401158514427));
#8497 = CARTESIAN_POINT('',(2.400000115136,9.998267916663,
    95.402317028854));
#8498 = CARTESIAN_POINT('',(2.400000345408,9.997401875001,95.40347554328
    ));
#8499 = CARTESIAN_POINT('',(2.400000690815,9.996535833353,
    95.404634057702));
#8500 = CARTESIAN_POINT('',(2.400001151359,9.995669791727,
    95.405792572119));
#8501 = CARTESIAN_POINT('',(2.400001727039,9.99480375013,95.40695108653)
  );
#8502 = CARTESIAN_POINT('',(2.400003161809,9.99300504881,95.409357231318
    ));
#8503 = CARTESIAN_POINT('',(2.400004039294,9.992072389093,
    95.410604861693));
#8504 = CARTESIAN_POINT('',(2.40000505031,9.991139729426,95.411852492058
    ));
#8505 = CARTESIAN_POINT('',(2.400006194856,9.99020706982,95.413100122409
    ));
#8506 = CARTESIAN_POINT('',(2.400007472932,9.989274410283,
    95.414347752745));
#8507 = CARTESIAN_POINT('',(2.400008884539,9.988341750824,
    95.415595383065));
#8508 = CARTESIAN_POINT('',(2.400012029996,9.986443123671,95.41813520075
    ));
#8509 = CARTESIAN_POINT('',(2.400013773554,9.985477155982,
    95.419427388115));
#8510 = CARTESIAN_POINT('',(2.400015660351,9.984511188397,
    95.420719575458));
#8511 = CARTESIAN_POINT('',(2.400017690386,9.983545220926,
    95.422011762776));
#8512 = CARTESIAN_POINT('',(2.40001986366,9.982579253578,95.423303950067
    ));
#8513 = CARTESIAN_POINT('',(2.400022180173,9.981613286364,
    95.424596137329));
#8514 = CARTESIAN_POINT('',(2.40002659076,9.9798812084,95.42691316148));
#8515 = CARTESIAN_POINT('',(2.400028631694,9.979115097597,
    95.427937998379));
#8516 = CARTESIAN_POINT('',(2.400030762727,9.978348986888,
    95.428962835258));
#8517 = CARTESIAN_POINT('',(2.400032983859,9.977582876281,
    95.429987672116));
#8518 = CARTESIAN_POINT('',(2.400035295091,9.976816765778,95.43101250895
    ));
#8519 = CARTESIAN_POINT('',(2.400037696421,9.976050655386,
    95.432037345761));
#8520 = CARTESIAN_POINT('',(2.400042354308,9.974618363118,
    95.433953343822));
#8521 = CARTESIAN_POINT('',(2.400044588893,9.973952181214,
    95.434844505079));
#8522 = CARTESIAN_POINT('',(2.400046891607,9.9732859994,95.435735666316)
  );
#8523 = CARTESIAN_POINT('',(2.400049262448,9.972619817681,
    95.436626827534));
#8524 = CARTESIAN_POINT('',(2.400051701416,9.971953636059,95.43751798873
    ));
#8525 = CARTESIAN_POINT('',(2.400054208513,9.971287454537,
    95.438409149904));
#8526 = CARTESIAN_POINT('',(2.400058972676,9.97005501966,95.440057797037
    ));
#8527 = CARTESIAN_POINT('',(2.400061210837,9.969488766276,
    95.440815283002));
#8528 = CARTESIAN_POINT('',(2.400063498219,9.96892251297,95.441572768949
    ));
#8529 = CARTESIAN_POINT('',(2.400065834825,9.968356259742,95.44233025488
    ));
#8530 = CARTESIAN_POINT('',(2.400068220652,9.967790006596,
    95.443087740794));
#8531 = CARTESIAN_POINT('',(2.400070655702,9.967223753532,
    95.443845226689));
#8532 = CARTESIAN_POINT('',(2.400077085577,9.965758159239,
    95.445805776164));
#8533 = CARTESIAN_POINT('',(2.400081155342,9.96485881814,95.447008839714
    ));
#8534 = CARTESIAN_POINT('',(2.40008534927,9.963959477263,95.448211903217
    ));
#8535 = CARTESIAN_POINT('',(2.400089667361,9.963060136616,95.44941496667
    ));
#8536 = CARTESIAN_POINT('',(2.400094109615,9.962160796209,
    95.450618030072));
#8537 = CARTESIAN_POINT('',(2.400098676032,9.96126145605,95.451821093421
    ));
#8538 = CARTESIAN_POINT('',(2.400105972486,9.959862483858,
    95.453692523883));
#8539 = CARTESIAN_POINT('',(2.400108616681,9.95936285165,95.454360891034
    ));
#8540 = CARTESIAN_POINT('',(2.400111299198,9.958863219521,
    95.455029258168));
#8541 = CARTESIAN_POINT('',(2.400114020037,9.958363587475,
    95.455697625284));
#8542 = CARTESIAN_POINT('',(2.400116779198,9.957863955511,
    95.456365992383));
#8543 = CARTESIAN_POINT('',(2.400119576681,9.957364323632,
    95.457034359463));
#8544 = CARTESIAN_POINT('',(2.401980879593,9.629427074885,
    95.895722325825));
#8545 = CARTESIAN_POINT('',(2.420298201268,9.302071049468,
    96.333673961871));
#8546 = CARTESIAN_POINT('',(2.455074414464,8.975150384539,
    96.771524412138));
#8547 = CARTESIAN_POINT('',(2.506427658232,8.649027676986,
    97.209228082788));
#8548 = CARTESIAN_POINT('',(2.574589463484,8.324106141984,
    97.646705132135));
#8549 = CARTESIAN_POINT('',(2.659900042764,8.000861403365,
    98.083819594106));
#8550 = CARTESIAN_POINT('',(2.9398309536,7.127669878197,99.271343923846)
  );
#8551 = CARTESIAN_POINT('',(3.168105737253,6.584698344848,
    100.01715111999));
#8552 = CARTESIAN_POINT('',(3.449972453353,6.050855333528,100.7607346912
    ));
#8553 = CARTESIAN_POINT('',(3.790002247471,5.527813423519,
    101.50329714696));
#8554 = CARTESIAN_POINT('',(4.194395172963,5.019953444712,
    102.24375619486));
#8555 = CARTESIAN_POINT('',(4.670338818774,4.535309535145,
    102.97791980625));
#8556 = CARTESIAN_POINT('',(5.416886589578,3.932383404605,
    103.94732227137));
#8557 = CARTESIAN_POINT('',(5.618534561395,3.781545420908,
    104.19524491487));
#8558 = CARTESIAN_POINT('',(5.830393134981,3.635331353829,
    104.44174052829));
#8559 = CARTESIAN_POINT('',(6.053028102997,3.494305840248,
    104.68662859436));
#8560 = CARTESIAN_POINT('',(6.287004426271,3.359202527727,
    104.92959419215));
#8561 = CARTESIAN_POINT('',(6.532865127356,3.230943004463,
    105.17018487537));
#8562 = CARTESIAN_POINT('',(7.164248775927,2.936859302779,
    105.75116549851));
#8563 = CARTESIAN_POINT('',(7.564913258907,2.778932951186,106.0898702288
    ));
#8564 = CARTESIAN_POINT('',(7.99412541842,2.640983041442,106.42123017681
    ));
#8565 = CARTESIAN_POINT('',(8.452544396316,2.527867095097,
    106.74209621591));
#8566 = CARTESIAN_POINT('',(8.940291341275,2.445305357118,
    107.04892880697));
#8567 = CARTESIAN_POINT('',(9.456738420465,2.4,107.33784685487));
#8568 = CARTESIAN_POINT('',(10.,2.4,107.60491704191));
#8569 = PCURVE('',#5870,#8570);
#8570 = DEFINITIONAL_REPRESENTATION('',(#8571),#8646);
#8571 = B_SPLINE_CURVE_WITH_KNOTS('',7,(#8572,#8573,#8574,#8575,#8576,
    #8577,#8578,#8579,#8580,#8581,#8582,#8583,#8584,#8585,#8586,#8587,
    #8588,#8589,#8590,#8591,#8592,#8593,#8594,#8595,#8596,#8597,#8598,
    #8599,#8600,#8601,#8602,#8603,#8604,#8605,#8606,#8607,#8608,#8609,
    #8610,#8611,#8612,#8613,#8614,#8615,#8616,#8617,#8618,#8619,#8620,
    #8621,#8622,#8623,#8624,#8625,#8626,#8627,#8628,#8629,#8630,#8631,
    #8632,#8633,#8634,#8635,#8636,#8637,#8638,#8639,#8640,#8641,#8642,
    #8643,#8644,#8645),.UNSPECIFIED.,.F.,.F.,(8,6,6,6,6,6,6,6,6,6,6,6,8)
  ,(0.,6.304467039356E-04,1.309389029543E-03,2.012578674443E-03,
    2.570280137002E-03,3.055237306315E-03,3.467450356704E-03,
    4.12214047034E-03,4.485856477226E-03,0.242849995977,0.652913427286,
    0.794875082875,1.),.UNSPECIFIED.);
#8572 = CARTESIAN_POINT('',(0.,96.4));
#8573 = CARTESIAN_POINT('',(1.139528511303E-04,96.401158514427));
#8574 = CARTESIAN_POINT('',(2.279057022981E-04,96.402317028854));
#8575 = CARTESIAN_POINT('',(3.41858554972E-04,96.40347554328));
#8576 = CARTESIAN_POINT('',(4.558114106092E-04,96.404634057702));
#8577 = CARTESIAN_POINT('',(5.697642706555E-04,96.405792572119));
#8578 = CARTESIAN_POINT('',(6.83717136545E-04,96.40695108653));
#8579 = CARTESIAN_POINT('',(9.203884381218E-04,96.409357231318));
#8580 = CARTESIAN_POINT('',(1.043106875022E-03,96.410604861693));
#8581 = CARTESIAN_POINT('',(1.165825322239E-03,96.411852492058));
#8582 = CARTESIAN_POINT('',(1.288543781608E-03,96.413100122409));
#8583 = CARTESIAN_POINT('',(1.41126225496E-03,96.414347752745));
#8584 = CARTESIAN_POINT('',(1.533980744122E-03,96.415595383065));
#8585 = CARTESIAN_POINT('',(1.783800449294E-03,96.41813520075));
#8586 = CARTESIAN_POINT('',(1.910901666573E-03,96.419427388115));
#8587 = CARTESIAN_POINT('',(2.038002904805E-03,96.420719575458));
#8588 = CARTESIAN_POINT('',(2.165104166029E-03,96.422011762776));
#8589 = CARTESIAN_POINT('',(2.292205452275E-03,96.423303950067));
#8590 = CARTESIAN_POINT('',(2.41930676556E-03,96.424596137329));
#8591 = CARTESIAN_POINT('',(2.647212499741E-03,96.42691316148));
#8592 = CARTESIAN_POINT('',(2.748016909855E-03,96.427937998379));
#8593 = CARTESIAN_POINT('',(2.84882133927E-03,96.428962835258));
#8594 = CARTESIAN_POINT('',(2.949625789016E-03,96.429987672116));
#8595 = CARTESIAN_POINT('',(3.050430260106E-03,96.43101250895));
#8596 = CARTESIAN_POINT('',(3.151234753544E-03,96.432037345761));
#8597 = CARTESIAN_POINT('',(3.339695259033E-03,96.433953343822));
#8598 = CARTESIAN_POINT('',(3.427351265409E-03,96.434844505079));
#8599 = CARTESIAN_POINT('',(3.515007290109E-03,96.435735666316));
#8600 = CARTESIAN_POINT('',(3.602663333797E-03,96.436626827534));
#8601 = CARTESIAN_POINT('',(3.69031939714E-03,96.43751798873));
#8602 = CARTESIAN_POINT('',(3.777975480808E-03,96.438409149904));
#8603 = CARTESIAN_POINT('',(3.940139176196E-03,96.440057797037));
#8604 = CARTESIAN_POINT('',(4.014646782088E-03,96.440815283002));
#8605 = CARTESIAN_POINT('',(4.089154403555E-03,96.441572768949));
#8606 = CARTESIAN_POINT('',(4.163662041007E-03,96.44233025488));
#8607 = CARTESIAN_POINT('',(4.238169694851E-03,96.443087740794));
#8608 = CARTESIAN_POINT('',(4.312677365497E-03,96.443845226689));
#8609 = CARTESIAN_POINT('',(4.505520575686E-03,96.445805776164));
#8610 = CARTESIAN_POINT('',(4.623856141434E-03,96.447008839714));
#8611 = CARTESIAN_POINT('',(4.742191752239E-03,96.448211903217));
#8612 = CARTESIAN_POINT('',(4.860527409738E-03,96.44941496667));
#8613 = CARTESIAN_POINT('',(4.978863115573E-03,96.450618030072));
#8614 = CARTESIAN_POINT('',(5.097198871384E-03,96.451821093421));
#8615 = CARTESIAN_POINT('',(5.281276663382E-03,96.453692523883));
#8616 = CARTESIAN_POINT('',(5.347018663894E-03,96.454360891034));
#8617 = CARTESIAN_POINT('',(5.412760680613E-03,96.455029258168));
#8618 = CARTESIAN_POINT('',(5.478502713816E-03,96.455697625284));
#8619 = CARTESIAN_POINT('',(5.544244763784E-03,96.456365992383));
#8620 = CARTESIAN_POINT('',(5.609986830805E-03,96.457034359463));
#8621 = CARTESIAN_POINT('',(4.87603198422E-02,96.895722325825));
#8622 = CARTESIAN_POINT('',(9.184643389004E-02,97.333673961871));
#8623 = CARTESIAN_POINT('',(0.135018266196,97.771524412138));
#8624 = CARTESIAN_POINT('',(0.178358775119,98.209228082788));
#8625 = CARTESIAN_POINT('',(0.221951057527,98.646705132135));
#8626 = CARTESIAN_POINT('',(0.265879724084,99.083819594106));
#8627 = CARTESIAN_POINT('',(0.386533009486,100.27134392384));
#8628 = CARTESIAN_POINT('',(0.463735380982,101.01715111999));
#8629 = CARTESIAN_POINT('',(0.542673146779,101.7607346912));
#8630 = CARTESIAN_POINT('',(0.624119487622,102.50329714696));
#8631 = CARTESIAN_POINT('',(0.708847159166,103.24375619486));
#8632 = CARTESIAN_POINT('',(0.797633164506,103.97791980625));
#8633 = CARTESIAN_POINT('',(0.923897784966,104.94732227137));
#8634 = CARTESIAN_POINT('',(0.95700934261,105.19524491487));
#8635 = CARTESIAN_POINT('',(0.990839720718,105.44174052829));
#8636 = CARTESIAN_POINT('',(1.02546610021,105.68662859436));
#8637 = CARTESIAN_POINT('',(1.060965435514,105.92959419215));
#8638 = CARTESIAN_POINT('',(1.097416084886,106.17018487537));
#8639 = CARTESIAN_POINT('',(1.189062548889,106.75116549851));
#8640 = CARTESIAN_POINT('',(1.245625571042,107.0898702288));
#8641 = CARTESIAN_POINT('',(1.304743598396,107.42123017681));
#8642 = CARTESIAN_POINT('',(1.366587384554,107.74209621591));
#8643 = CARTESIAN_POINT('',(1.431360933929,108.04892880697));
#8644 = CARTESIAN_POINT('',(1.499314540014,108.33784685487));
#8645 = CARTESIAN_POINT('',(1.570796326795,108.60491704191));
#8646 = ( GEOMETRIC_REPRESENTATION_CONTEXT(2) 
PARAMETRIC_REPRESENTATION_CONTEXT() REPRESENTATION_CONTEXT('2D SPACE',''
  ) );
#8647 = PCURVE('',#5842,#8648);
#8648 = DEFINITIONAL_REPRESENTATION('',(#8649),#8724);
#8649 = B_SPLINE_CURVE_WITH_KNOTS('',7,(#8650,#8651,#8652,#8653,#8654,
    #8655,#8656,#8657,#8658,#8659,#8660,#8661,#8662,#8663,#8664,#8665,
    #8666,#8667,#8668,#8669,#8670,#8671,#8672,#8673,#8674,#8675,#8676,
    #8677,#8678,#8679,#8680,#8681,#8682,#8683,#8684,#8685,#8686,#8687,
    #8688,#8689,#8690,#8691,#8692,#8693,#8694,#8695,#8696,#8697,#8698,
    #8699,#8700,#8701,#8702,#8703,#8704,#8705,#8706,#8707,#8708,#8709,
    #8710,#8711,#8712,#8713,#8714,#8715,#8716,#8717,#8718,#8719,#8720,
    #8721,#8722,#8723),.UNSPECIFIED.,.F.,.F.,(8,6,6,6,6,6,6,6,6,6,6,6,8)
  ,(0.,6.304467039356E-04,1.309389029543E-03,2.012578674443E-03,
    2.570280137002E-03,3.055237306315E-03,3.467450356704E-03,
    4.12214047034E-03,4.485856477226E-03,0.242849995977,0.652913427286,
    0.794875082875,1.),.UNSPECIFIED.);
#8650 = CARTESIAN_POINT('',(-1.570796326795,7.6));
#8651 = CARTESIAN_POINT('',(-1.570711141911,7.599133958331));
#8652 = CARTESIAN_POINT('',(-1.570625957026,7.598267916663));
#8653 = CARTESIAN_POINT('',(-1.570540772141,7.597401875001));
#8654 = CARTESIAN_POINT('',(-1.570455587254,7.596535833353));
#8655 = CARTESIAN_POINT('',(-1.570370402364,7.595669791727));
#8656 = CARTESIAN_POINT('',(-1.570285217471,7.59480375013));
#8657 = CARTESIAN_POINT('',(-1.570108295029,7.59300504881));
#8658 = CARTESIAN_POINT('',(-1.570016557479,7.592072389093));
#8659 = CARTESIAN_POINT('',(-1.569924819923,7.591139729426));
#8660 = CARTESIAN_POINT('',(-1.569833082359,7.59020706982));
#8661 = CARTESIAN_POINT('',(-1.569741344787,7.589274410283));
#8662 = CARTESIAN_POINT('',(-1.569649607206,7.588341750824));
#8663 = CARTESIAN_POINT('',(-1.569462855762,7.586443123671));
#8664 = CARTESIAN_POINT('',(-1.569367841899,7.585477155982));
#8665 = CARTESIAN_POINT('',(-1.569272828024,7.584511188397));
#8666 = CARTESIAN_POINT('',(-1.569177814134,7.583545220926));
#8667 = CARTESIAN_POINT('',(-1.569082800229,7.582579253578));
#8668 = CARTESIAN_POINT('',(-1.568987786308,7.581613286364));
#8669 = CARTESIAN_POINT('',(-1.568817416576,7.5798812084));
#8670 = CARTESIAN_POINT('',(-1.568742060773,7.579115097597));
#8671 = CARTESIAN_POINT('',(-1.568666704958,7.578348986888));
#8672 = CARTESIAN_POINT('',(-1.56859134913,7.577582876281));
#8673 = CARTESIAN_POINT('',(-1.568515993289,7.576816765778));
#8674 = CARTESIAN_POINT('',(-1.568440637435,7.576050655386));
#8675 = CARTESIAN_POINT('',(-1.568299754808,7.574618363118));
#8676 = CARTESIAN_POINT('',(-1.568234228039,7.573952181214));
#8677 = CARTESIAN_POINT('',(-1.568168701259,7.5732859994));
#8678 = CARTESIAN_POINT('',(-1.568103174468,7.572619817681));
#8679 = CARTESIAN_POINT('',(-1.568037647664,7.571953636059));
#8680 = CARTESIAN_POINT('',(-1.567972120848,7.571287454537));
#8681 = CARTESIAN_POINT('',(-1.567850896288,7.57005501966));
#8682 = CARTESIAN_POINT('',(-1.567795198547,7.569488766276));
#8683 = CARTESIAN_POINT('',(-1.567739500797,7.56892251297));
#8684 = CARTESIAN_POINT('',(-1.567683803038,7.568356259742));
#8685 = CARTESIAN_POINT('',(-1.567628105268,7.567790006596));
#8686 = CARTESIAN_POINT('',(-1.567572407488,7.567223753532));
#8687 = CARTESIAN_POINT('',(-1.567428248663,7.565758159239));
#8688 = CARTESIAN_POINT('',(-1.567339787602,7.56485881814));
#8689 = CARTESIAN_POINT('',(-1.567251326514,7.563959477263));
#8690 = CARTESIAN_POINT('',(-1.567162865397,7.563060136616));
#8691 = CARTESIAN_POINT('',(-1.56707440425,7.562160796209));
#8692 = CARTESIAN_POINT('',(-1.566985943073,7.56126145605));
#8693 = CARTESIAN_POINT('',(-1.566848336846,7.559862483858));
#8694 = CARTESIAN_POINT('',(-1.566799191818,7.55936285165));
#8695 = CARTESIAN_POINT('',(-1.566750046781,7.558863219521));
#8696 = CARTESIAN_POINT('',(-1.566700901733,7.558363587475));
#8697 = CARTESIAN_POINT('',(-1.566651756674,7.557863955511));
#8698 = CARTESIAN_POINT('',(-1.566602611606,7.557364323632));
#8699 = CARTESIAN_POINT('',(-1.53434585315,7.229427074885));
#8700 = CARTESIAN_POINT('',(-1.502138105717,6.902071049468));
#8701 = CARTESIAN_POINT('',(-1.469878087027,6.575150384539));
#8702 = CARTESIAN_POINT('',(-1.437514543545,6.249027676986));
#8703 = CARTESIAN_POINT('',(-1.404996750617,5.924106141984));
#8704 = CARTESIAN_POINT('',(-1.37227415768,5.600861403365));
#8705 = CARTESIAN_POINT('',(-1.282562991352,4.727669878197));
#8706 = CARTESIAN_POINT('',(-1.225336031588,4.184698344848));
#8707 = CARTESIAN_POINT('',(-1.167065957838,3.650855333528));
#8708 = CARTESIAN_POINT('',(-1.107267432636,3.127813423518));
#8709 = CARTESIAN_POINT('',(-1.045500681596,2.619953444712));
#8710 = CARTESIAN_POINT('',(-0.981378307288,2.135309535145));
#8711 = CARTESIAN_POINT('',(-0.891411392189,1.532383404605));
#8712 = CARTESIAN_POINT('',(-0.867921604868,1.381545420908));
#8713 = CARTESIAN_POINT('',(-0.844036632099,1.235331353829));
#8714 = CARTESIAN_POINT('',(-0.819718606276,1.094305840248));
#8715 = CARTESIAN_POINT('',(-0.79493364643,0.959202527727));
#8716 = CARTESIAN_POINT('',(-0.769651957064,0.830943004463));
#8717 = CARTESIAN_POINT('',(-0.706562873525,0.536859302779));
#8718 = CARTESIAN_POINT('',(-0.668020096056,0.378932951186));
#8719 = CARTESIAN_POINT('',(-0.628213751416,0.240983041442));
#8720 = CARTESIAN_POINT('',(-0.587154343532,0.127867095097));
#8721 = CARTESIAN_POINT('',(-0.544871915696,4.530535711804E-02));
#8722 = CARTESIAN_POINT('',(-0.501420896502,-1.7763568394E-15));
#8723 = CARTESIAN_POINT('',(-0.456909198662,-1.7763568394E-15));
#8724 = ( GEOMETRIC_REPRESENTATION_CONTEXT(2) 
PARAMETRIC_REPRESENTATION_CONTEXT() REPRESENTATION_CONTEXT('2D SPACE',''
  ) );
#8725 = ADVANCED_FACE('',(#8726),#5842,.F.);
#8726 = FACE_BOUND('',#8727,.T.);
#8727 = EDGE_LOOP('',(#8728,#8758,#8792,#8793,#8794,#9030));
#8728 = ORIENTED_EDGE('',*,*,#8729,.F.);
#8729 = EDGE_CURVE('',#8730,#8732,#8734,.T.);
#8730 = VERTEX_POINT('',#8731);
#8731 = CARTESIAN_POINT('',(16.,16.,109.));
#8732 = VERTEX_POINT('',#8733);
#8733 = CARTESIAN_POINT('',(16.,64.,109.));
#8734 = SURFACE_CURVE('',#8735,(#8739,#8746),.PCURVE_S1.);
#8735 = LINE('',#8736,#8737);
#8736 = CARTESIAN_POINT('',(16.,2.4,109.));
#8737 = VECTOR('',#8738,1.);
#8738 = DIRECTION('',(-0.,1.,-0.));
#8739 = PCURVE('',#5842,#8740);
#8740 = DEFINITIONAL_REPRESENTATION('',(#8741),#8745);
#8741 = LINE('',#8742,#8743);
#8742 = CARTESIAN_POINT('',(-0.,0.));
#8743 = VECTOR('',#8744,1.);
#8744 = DIRECTION('',(-0.,1.));
#8745 = ( GEOMETRIC_REPRESENTATION_CONTEXT(2) 
PARAMETRIC_REPRESENTATION_CONTEXT() REPRESENTATION_CONTEXT('2D SPACE',''
  ) );
#8746 = PCURVE('',#8747,#8752);
#8747 = PLANE('',#8748);
#8748 = AXIS2_PLACEMENT_3D('',#8749,#8750,#8751);
#8749 = CARTESIAN_POINT('',(2.4,77.6,109.));
#8750 = DIRECTION('',(0.,0.,-1.));
#8751 = DIRECTION('',(0.,-1.,0.));
#8752 = DEFINITIONAL_REPRESENTATION('',(#8753),#8757);
#8753 = LINE('',#8754,#8755);
#8754 = CARTESIAN_POINT('',(75.2,-13.6));
#8755 = VECTOR('',#8756,1.);
#8756 = DIRECTION('',(-1.,0.));
#8757 = ( GEOMETRIC_REPRESENTATION_CONTEXT(2) 
PARAMETRIC_REPRESENTATION_CONTEXT() REPRESENTATION_CONTEXT('2D SPACE',''
  ) );
#8758 = ORIENTED_EDGE('',*,*,#8759,.T.);
#8759 = EDGE_CURVE('',#8730,#8401,#8760,.T.);
#8760 = SURFACE_CURVE('',#8761,(#8766,#8779),.PCURVE_S1.);
#8761 = ELLIPSE('',#8762,19.233304448274,13.6);
#8762 = AXIS2_PLACEMENT_3D('',#8763,#8764,#8765);
#8763 = CARTESIAN_POINT('',(16.,16.,95.4));
#8764 = DIRECTION('',(0.707106781187,-0.707106781187,0.));
#8765 = DIRECTION('',(0.707106781187,0.707106781187,0.));
#8766 = PCURVE('',#5842,#8767);
#8767 = DEFINITIONAL_REPRESENTATION('',(#8768),#8778);
#8768 = B_SPLINE_CURVE_WITH_KNOTS('',8,(#8769,#8770,#8771,#8772,#8773,
    #8774,#8775,#8776,#8777),.UNSPECIFIED.,.F.,.F.,(9,9),(1.570796312452
    ,3.14159265359),.PIECEWISE_BEZIER_KNOTS.);
#8769 = CARTESIAN_POINT('',(1.434261331923E-08,13.60000019506));
#8770 = CARTESIAN_POINT('',(-0.1963495283,10.929646415126));
#8771 = CARTESIAN_POINT('',(-0.392699070942,8.259291992569));
#8772 = CARTESIAN_POINT('',(-0.589048613582,5.745819747968));
#8773 = CARTESIAN_POINT('',(-0.785398156226,3.546081055987));
#8774 = CARTESIAN_POINT('',(-0.981747698866,1.797674602612));
#8775 = CARTESIAN_POINT('',(-1.178097241511,0.599226564354));
#8776 = CARTESIAN_POINT('',(-1.374446784153,-1.005243608631E-15));
#8777 = CARTESIAN_POINT('',(-1.570796326795,-1.33226762955E-15));
#8778 = ( GEOMETRIC_REPRESENTATION_CONTEXT(2) 
PARAMETRIC_REPRESENTATION_CONTEXT() REPRESENTATION_CONTEXT('2D SPACE',''
  ) );
#8779 = PCURVE('',#6507,#8780);
#8780 = DEFINITIONAL_REPRESENTATION('',(#8781),#8791);
#8781 = B_SPLINE_CURVE_WITH_KNOTS('',8,(#8782,#8783,#8784,#8785,#8786,
    #8787,#8788,#8789,#8790),.UNSPECIFIED.,.F.,.F.,(9,9),(1.570796312452
    ,3.14159265359),.PIECEWISE_BEZIER_KNOTS.);
#8782 = CARTESIAN_POINT('',(-1.434261331923E-08,13.60000019506));
#8783 = CARTESIAN_POINT('',(0.1963495283,10.929646415126));
#8784 = CARTESIAN_POINT('',(0.392699070942,8.259291992569));
#8785 = CARTESIAN_POINT('',(0.589048613582,5.745819747968));
#8786 = CARTESIAN_POINT('',(0.785398156226,3.546081055987));
#8787 = CARTESIAN_POINT('',(0.981747698866,1.797674602612));
#8788 = CARTESIAN_POINT('',(1.178097241511,0.599226564354));
#8789 = CARTESIAN_POINT('',(1.374446784153,-1.005243608631E-15));
#8790 = CARTESIAN_POINT('',(1.570796326795,-1.33226762955E-15));
#8791 = ( GEOMETRIC_REPRESENTATION_CONTEXT(2) 
PARAMETRIC_REPRESENTATION_CONTEXT() REPRESENTATION_CONTEXT('2D SPACE',''
  ) );
#8792 = ORIENTED_EDGE('',*,*,#8492,.F.);
#8793 = ORIENTED_EDGE('',*,*,#5826,.T.);
#8794 = ORIENTED_EDGE('',*,*,#8795,.T.);
#8795 = EDGE_CURVE('',#5799,#8796,#8798,.T.);
#8796 = VERTEX_POINT('',#8797);
#8797 = CARTESIAN_POINT('',(4.625988463895,75.374011535756,
    102.85599500915));
#8798 = SURFACE_CURVE('',#8799,(#8874,#8952),.PCURVE_S1.);
#8799 = B_SPLINE_CURVE_WITH_KNOTS('',7,(#8800,#8801,#8802,#8803,#8804,
    #8805,#8806,#8807,#8808,#8809,#8810,#8811,#8812,#8813,#8814,#8815,
    #8816,#8817,#8818,#8819,#8820,#8821,#8822,#8823,#8824,#8825,#8826,
    #8827,#8828,#8829,#8830,#8831,#8832,#8833,#8834,#8835,#8836,#8837,
    #8838,#8839,#8840,#8841,#8842,#8843,#8844,#8845,#8846,#8847,#8848,
    #8849,#8850,#8851,#8852,#8853,#8854,#8855,#8856,#8857,#8858,#8859,
    #8860,#8861,#8862,#8863,#8864,#8865,#8866,#8867,#8868,#8869,#8870,
    #8871,#8872,#8873),.UNSPECIFIED.,.F.,.F.,(8,6,6,6,6,6,6,6,6,6,6,6,8)
  ,(0.,6.304467034004E-04,1.309389028445E-03,2.012578672754E-03,
    2.570280134837E-03,3.055237303737E-03,3.418954729182E-03,
    4.122140466851E-03,4.48585647343E-03,0.242849995778,0.652913426749,
    0.794875082221,1.),.UNSPECIFIED.);
#8800 = CARTESIAN_POINT('',(2.4,70.,95.4));
#8801 = CARTESIAN_POINT('',(2.4,70.000866041669,95.401158514427));
#8802 = CARTESIAN_POINT('',(2.400000115136,70.001732083337,
    95.402317028854));
#8803 = CARTESIAN_POINT('',(2.400000345408,70.002598124999,
    95.40347554328));
#8804 = CARTESIAN_POINT('',(2.400000690815,70.003464166647,
    95.404634057702));
#8805 = CARTESIAN_POINT('',(2.400001151359,70.004330208273,
    95.405792572119));
#8806 = CARTESIAN_POINT('',(2.400001727039,70.00519624987,95.40695108653
    ));
#8807 = CARTESIAN_POINT('',(2.400003161809,70.00699495119,
    95.409357231318));
#8808 = CARTESIAN_POINT('',(2.400004039294,70.007927610907,
    95.410604861693));
#8809 = CARTESIAN_POINT('',(2.40000505031,70.008860270574,
    95.411852492058));
#8810 = CARTESIAN_POINT('',(2.400006194856,70.00979293018,
    95.413100122409));
#8811 = CARTESIAN_POINT('',(2.400007472932,70.010725589717,
    95.414347752745));
#8812 = CARTESIAN_POINT('',(2.400008884539,70.011658249176,
    95.415595383065));
#8813 = CARTESIAN_POINT('',(2.400012029996,70.013556876329,
    95.41813520075));
#8814 = CARTESIAN_POINT('',(2.400013773554,70.014522844018,
    95.419427388115));
#8815 = CARTESIAN_POINT('',(2.400015660351,70.015488811603,
    95.420719575458));
#8816 = CARTESIAN_POINT('',(2.400017690386,70.016454779074,
    95.422011762776));
#8817 = CARTESIAN_POINT('',(2.40001986366,70.017420746422,
    95.423303950067));
#8818 = CARTESIAN_POINT('',(2.400022180173,70.018386713636,
    95.424596137329));
#8819 = CARTESIAN_POINT('',(2.40002659076,70.0201187916,95.42691316148)
  );
#8820 = CARTESIAN_POINT('',(2.400028631694,70.020884902403,
    95.427937998379));
#8821 = CARTESIAN_POINT('',(2.400030762727,70.021651013112,
    95.428962835258));
#8822 = CARTESIAN_POINT('',(2.400032983859,70.022417123719,
    95.429987672116));
#8823 = CARTESIAN_POINT('',(2.400035295091,70.023183234222,
    95.43101250895));
#8824 = CARTESIAN_POINT('',(2.400037696421,70.023949344614,
    95.432037345761));
#8825 = CARTESIAN_POINT('',(2.400042354308,70.025381636882,
    95.433953343822));
#8826 = CARTESIAN_POINT('',(2.400044588893,70.026047818786,
    95.434844505079));
#8827 = CARTESIAN_POINT('',(2.400046891607,70.0267140006,95.435735666316
    ));
#8828 = CARTESIAN_POINT('',(2.400049262448,70.027380182319,
    95.436626827534));
#8829 = CARTESIAN_POINT('',(2.400051701416,70.028046363941,
    95.43751798873));
#8830 = CARTESIAN_POINT('',(2.400054208513,70.028712545463,
    95.438409149904));
#8831 = CARTESIAN_POINT('',(2.400058715154,70.029878362325,
    95.439968681091));
#8832 = CARTESIAN_POINT('',(2.400060684892,70.03037799771,
    95.440637051114));
#8833 = CARTESIAN_POINT('',(2.400062692952,70.030877633036,
    95.441305421123));
#8834 = CARTESIAN_POINT('',(2.400064739334,70.0313772683,95.44197379112)
  );
#8835 = CARTESIAN_POINT('',(2.400066824038,70.031876903502,
    95.442642161103));
#8836 = CARTESIAN_POINT('',(2.400068947064,70.032376538639,
    95.443310531072));
#8837 = CARTESIAN_POINT('',(2.40007528701,70.033842133087,95.44527108058
    ));
#8838 = CARTESIAN_POINT('',(2.400079608846,70.034808092217,
    95.446563260079));
#8839 = CARTESIAN_POINT('',(2.400084073921,70.035774051094,
    95.447855439524));
#8840 = CARTESIAN_POINT('',(2.400088682236,70.036740009706,
    95.449147618912));
#8841 = CARTESIAN_POINT('',(2.400093433789,70.037705968043,
    95.450439798242));
#8842 = CARTESIAN_POINT('',(2.400098328581,70.038671926096,
    95.45173197751));
#8843 = CARTESIAN_POINT('',(2.400105972486,70.040137516142,
    95.453692523883));
#8844 = CARTESIAN_POINT('',(2.400108616681,70.04063714835,
    95.454360891034));
#8845 = CARTESIAN_POINT('',(2.400111299198,70.041136780479,
    95.455029258168));
#8846 = CARTESIAN_POINT('',(2.400114020037,70.041636412525,
    95.455697625284));
#8847 = CARTESIAN_POINT('',(2.400116779198,70.042136044489,
    95.456365992383));
#8848 = CARTESIAN_POINT('',(2.400119576681,70.042635676368,
    95.457034359463));
#8849 = CARTESIAN_POINT('',(2.401980879593,70.370572925114,
    95.895722325824));
#8850 = CARTESIAN_POINT('',(2.420298201268,70.697928950532,
    96.33367396187));
#8851 = CARTESIAN_POINT('',(2.455074414464,71.024849615461,
    96.771524412138));
#8852 = CARTESIAN_POINT('',(2.506427658232,71.350972323015,
    97.209228082788));
#8853 = CARTESIAN_POINT('',(2.574589463484,71.675893858016,
    97.646705132135));
#8854 = CARTESIAN_POINT('',(2.659900042764,71.999138596634,
    98.083819594106));
#8855 = CARTESIAN_POINT('',(2.9398309536,72.872330121802,99.271343923845
    ));
#8856 = CARTESIAN_POINT('',(3.168105737254,73.415301655153,
    100.01715111999));
#8857 = CARTESIAN_POINT('',(3.449972453352,73.94914466647,100.7607346912
    ));
#8858 = CARTESIAN_POINT('',(3.790002247472,74.472186576483,
    101.50329714696));
#8859 = CARTESIAN_POINT('',(4.194395172963,74.980046555287,
    102.24375619486));
#8860 = CARTESIAN_POINT('',(4.670338818774,75.464690464855,
    102.97791980625));
#8861 = CARTESIAN_POINT('',(5.416886589578,76.067616595395,
    103.94732227137));
#8862 = CARTESIAN_POINT('',(5.618534561396,76.218454579092,
    104.19524491487));
#8863 = CARTESIAN_POINT('',(5.830393134981,76.36466864617,
    104.44174052829));
#8864 = CARTESIAN_POINT('',(6.053028102996,76.505694159751,
    104.68662859436));
#8865 = CARTESIAN_POINT('',(6.287004426271,76.640797472274,
    104.92959419215));
#8866 = CARTESIAN_POINT('',(6.532865127356,76.769056995537,
    105.17018487537));
#8867 = CARTESIAN_POINT('',(7.164248777424,77.063140697918,
    105.75116549988));
#8868 = CARTESIAN_POINT('',(7.564913255498,77.221067046844,
    106.08987022533));
#8869 = CARTESIAN_POINT('',(7.994125419686,77.35901696087,
    106.42123017953));
#8870 = CARTESIAN_POINT('',(8.452544400512,77.472132903646,
    106.74209621682));
#8871 = CARTESIAN_POINT('',(8.94029133555,77.554694643135,
    107.04892880439));
#8872 = CARTESIAN_POINT('',(9.45673842291,77.6,107.33784685607));
#8873 = CARTESIAN_POINT('',(10.,77.6,107.60491704191));
#8874 = PCURVE('',#5842,#8875);
#8875 = DEFINITIONAL_REPRESENTATION('',(#8876),#8951);
#8876 = B_SPLINE_CURVE_WITH_KNOTS('',7,(#8877,#8878,#8879,#8880,#8881,
    #8882,#8883,#8884,#8885,#8886,#8887,#8888,#8889,#8890,#8891,#8892,
    #8893,#8894,#8895,#8896,#8897,#8898,#8899,#8900,#8901,#8902,#8903,
    #8904,#8905,#8906,#8907,#8908,#8909,#8910,#8911,#8912,#8913,#8914,
    #8915,#8916,#8917,#8918,#8919,#8920,#8921,#8922,#8923,#8924,#8925,
    #8926,#8927,#8928,#8929,#8930,#8931,#8932,#8933,#8934,#8935,#8936,
    #8937,#8938,#8939,#8940,#8941,#8942,#8943,#8944,#8945,#8946,#8947,
    #8948,#8949,#8950),.UNSPECIFIED.,.F.,.F.,(8,6,6,6,6,6,6,6,6,6,6,6,8)
  ,(0.,6.304467034004E-04,1.309389028445E-03,2.012578672754E-03,
    2.570280134837E-03,3.055237303737E-03,3.418954729182E-03,
    4.122140466851E-03,4.48585647343E-03,0.242849995778,0.652913426749,
    0.794875082221,1.),.UNSPECIFIED.);
#8877 = CARTESIAN_POINT('',(-1.570796326795,67.6));
#8878 = CARTESIAN_POINT('',(-1.570711141911,67.600866041669));
#8879 = CARTESIAN_POINT('',(-1.570625957026,67.601732083337));
#8880 = CARTESIAN_POINT('',(-1.570540772141,67.602598124999));
#8881 = CARTESIAN_POINT('',(-1.570455587254,67.603464166647));
#8882 = CARTESIAN_POINT('',(-1.570370402364,67.604330208273));
#8883 = CARTESIAN_POINT('',(-1.570285217471,67.60519624987));
#8884 = CARTESIAN_POINT('',(-1.570108295029,67.60699495119));
#8885 = CARTESIAN_POINT('',(-1.570016557479,67.607927610907));
#8886 = CARTESIAN_POINT('',(-1.569924819923,67.608860270574));
#8887 = CARTESIAN_POINT('',(-1.569833082359,67.60979293018));
#8888 = CARTESIAN_POINT('',(-1.569741344787,67.610725589717));
#8889 = CARTESIAN_POINT('',(-1.569649607206,67.611658249176));
#8890 = CARTESIAN_POINT('',(-1.569462855762,67.613556876329));
#8891 = CARTESIAN_POINT('',(-1.569367841899,67.614522844018));
#8892 = CARTESIAN_POINT('',(-1.569272828024,67.615488811603));
#8893 = CARTESIAN_POINT('',(-1.569177814134,67.616454779074));
#8894 = CARTESIAN_POINT('',(-1.569082800229,67.617420746422));
#8895 = CARTESIAN_POINT('',(-1.568987786308,67.618386713636));
#8896 = CARTESIAN_POINT('',(-1.568817416576,67.6201187916));
#8897 = CARTESIAN_POINT('',(-1.568742060773,67.620884902403));
#8898 = CARTESIAN_POINT('',(-1.568666704958,67.621651013112));
#8899 = CARTESIAN_POINT('',(-1.56859134913,67.622417123719));
#8900 = CARTESIAN_POINT('',(-1.568515993289,67.623183234222));
#8901 = CARTESIAN_POINT('',(-1.568440637435,67.623949344614));
#8902 = CARTESIAN_POINT('',(-1.568299754808,67.625381636882));
#8903 = CARTESIAN_POINT('',(-1.568234228039,67.626047818786));
#8904 = CARTESIAN_POINT('',(-1.568168701259,67.6267140006));
#8905 = CARTESIAN_POINT('',(-1.568103174468,67.627380182319));
#8906 = CARTESIAN_POINT('',(-1.568037647664,67.628046363941));
#8907 = CARTESIAN_POINT('',(-1.567972120848,67.628712545463));
#8908 = CARTESIAN_POINT('',(-1.567857448958,67.629878362325));
#8909 = CARTESIAN_POINT('',(-1.56780830389,67.63037799771));
#8910 = CARTESIAN_POINT('',(-1.567759158815,67.630877633036));
#8911 = CARTESIAN_POINT('',(-1.567710013732,67.6313772683));
#8912 = CARTESIAN_POINT('',(-1.567660868641,67.631876903502));
#8913 = CARTESIAN_POINT('',(-1.567611723543,67.632376538639));
#8914 = CARTESIAN_POINT('',(-1.567467564737,67.633842133087));
#8915 = CARTESIAN_POINT('',(-1.567372551008,67.634808092217));
#8916 = CARTESIAN_POINT('',(-1.567277537247,67.635774051094));
#8917 = CARTESIAN_POINT('',(-1.567182523454,67.636740009706));
#8918 = CARTESIAN_POINT('',(-1.567087509626,67.637705968043));
#8919 = CARTESIAN_POINT('',(-1.566992495764,67.638671926096));
#8920 = CARTESIAN_POINT('',(-1.566848336846,67.640137516142));
#8921 = CARTESIAN_POINT('',(-1.566799191818,67.64063714835));
#8922 = CARTESIAN_POINT('',(-1.566750046781,67.641136780479));
#8923 = CARTESIAN_POINT('',(-1.566700901733,67.641636412525));
#8924 = CARTESIAN_POINT('',(-1.566651756674,67.642136044489));
#8925 = CARTESIAN_POINT('',(-1.566602611606,67.642635676368));
#8926 = CARTESIAN_POINT('',(-1.53434585315,67.970572925114));
#8927 = CARTESIAN_POINT('',(-1.502138105717,68.297928950532));
#8928 = CARTESIAN_POINT('',(-1.469878087027,68.624849615461));
#8929 = CARTESIAN_POINT('',(-1.437514543545,68.950972323015));
#8930 = CARTESIAN_POINT('',(-1.404996750617,69.275893858016));
#8931 = CARTESIAN_POINT('',(-1.37227415768,69.599138596634));
#8932 = CARTESIAN_POINT('',(-1.282562991353,70.472330121802));
#8933 = CARTESIAN_POINT('',(-1.225336031588,71.015301655153));
#8934 = CARTESIAN_POINT('',(-1.167065957839,71.54914466647));
#8935 = CARTESIAN_POINT('',(-1.107267432636,72.072186576483));
#8936 = CARTESIAN_POINT('',(-1.045500681597,72.580046555287));
#8937 = CARTESIAN_POINT('',(-0.981378307288,73.064690464855));
#8938 = CARTESIAN_POINT('',(-0.891411392189,73.667616595395));
#8939 = CARTESIAN_POINT('',(-0.867921604868,73.818454579092));
#8940 = CARTESIAN_POINT('',(-0.844036632099,73.96466864617));
#8941 = CARTESIAN_POINT('',(-0.819718606276,74.105694159751));
#8942 = CARTESIAN_POINT('',(-0.79493364643,74.240797472274));
#8943 = CARTESIAN_POINT('',(-0.769651957064,74.369056995537));
#8944 = CARTESIAN_POINT('',(-0.706562873375,74.663140697918));
#8945 = CARTESIAN_POINT('',(-0.66802009641,74.821067046844));
#8946 = CARTESIAN_POINT('',(-0.628213751226,74.95901696087));
#8947 = CARTESIAN_POINT('',(-0.587154343236,75.072132903646));
#8948 = CARTESIAN_POINT('',(-0.544871916155,75.154694643135));
#8949 = CARTESIAN_POINT('',(-0.501420896301,75.2));
#8950 = CARTESIAN_POINT('',(-0.456909198662,75.2));
#8951 = ( GEOMETRIC_REPRESENTATION_CONTEXT(2) 
PARAMETRIC_REPRESENTATION_CONTEXT() REPRESENTATION_CONTEXT('2D SPACE',''
  ) );
#8952 = PCURVE('',#5814,#8953);
#8953 = DEFINITIONAL_REPRESENTATION('',(#8954),#9029);
#8954 = B_SPLINE_CURVE_WITH_KNOTS('',7,(#8955,#8956,#8957,#8958,#8959,
    #8960,#8961,#8962,#8963,#8964,#8965,#8966,#8967,#8968,#8969,#8970,
    #8971,#8972,#8973,#8974,#8975,#8976,#8977,#8978,#8979,#8980,#8981,
    #8982,#8983,#8984,#8985,#8986,#8987,#8988,#8989,#8990,#8991,#8992,
    #8993,#8994,#8995,#8996,#8997,#8998,#8999,#9000,#9001,#9002,#9003,
    #9004,#9005,#9006,#9007,#9008,#9009,#9010,#9011,#9012,#9013,#9014,
    #9015,#9016,#9017,#9018,#9019,#9020,#9021,#9022,#9023,#9024,#9025,
    #9026,#9027,#9028),.UNSPECIFIED.,.F.,.F.,(8,6,6,6,6,6,6,6,6,6,6,6,8)
  ,(0.,6.304467034004E-04,1.309389028445E-03,2.012578672754E-03,
    2.570280134837E-03,3.055237303737E-03,3.418954729182E-03,
    4.122140466851E-03,4.48585647343E-03,0.242849995778,0.652913426749,
    0.794875082221,1.),.UNSPECIFIED.);
#8955 = CARTESIAN_POINT('',(0.,96.4));
#8956 = CARTESIAN_POINT('',(-1.139528511303E-04,96.401158514427));
#8957 = CARTESIAN_POINT('',(-2.279057022981E-04,96.402317028854));
#8958 = CARTESIAN_POINT('',(-3.418585549719E-04,96.40347554328));
#8959 = CARTESIAN_POINT('',(-4.55811410609E-04,96.404634057702));
#8960 = CARTESIAN_POINT('',(-5.697642706552E-04,96.405792572119));
#8961 = CARTESIAN_POINT('',(-6.837171365447E-04,96.40695108653));
#8962 = CARTESIAN_POINT('',(-9.20388438122E-04,96.409357231318));
#8963 = CARTESIAN_POINT('',(-1.043106875022E-03,96.410604861693));
#8964 = CARTESIAN_POINT('',(-1.165825322239E-03,96.411852492058));
#8965 = CARTESIAN_POINT('',(-1.288543781608E-03,96.413100122409));
#8966 = CARTESIAN_POINT('',(-1.41126225496E-03,96.414347752745));
#8967 = CARTESIAN_POINT('',(-1.533980744122E-03,96.415595383065));
#8968 = CARTESIAN_POINT('',(-1.783800449293E-03,96.41813520075));
#8969 = CARTESIAN_POINT('',(-1.910901666573E-03,96.419427388115));
#8970 = CARTESIAN_POINT('',(-2.038002904805E-03,96.420719575458));
#8971 = CARTESIAN_POINT('',(-2.16510416603E-03,96.422011762776));
#8972 = CARTESIAN_POINT('',(-2.292205452275E-03,96.423303950067));
#8973 = CARTESIAN_POINT('',(-2.419306765559E-03,96.424596137329));
#8974 = CARTESIAN_POINT('',(-2.647212499742E-03,96.42691316148));
#8975 = CARTESIAN_POINT('',(-2.748016909855E-03,96.427937998379));
#8976 = CARTESIAN_POINT('',(-2.84882133927E-03,96.428962835258));
#8977 = CARTESIAN_POINT('',(-2.949625789015E-03,96.429987672116));
#8978 = CARTESIAN_POINT('',(-3.050430260106E-03,96.43101250895));
#8979 = CARTESIAN_POINT('',(-3.151234753544E-03,96.432037345761));
#8980 = CARTESIAN_POINT('',(-3.339695259033E-03,96.433953343822));
#8981 = CARTESIAN_POINT('',(-3.427351265409E-03,96.434844505079));
#8982 = CARTESIAN_POINT('',(-3.515007290108E-03,96.435735666316));
#8983 = CARTESIAN_POINT('',(-3.602663333796E-03,96.436626827534));
#8984 = CARTESIAN_POINT('',(-3.69031939714E-03,96.43751798873));
#8985 = CARTESIAN_POINT('',(-3.777975480808E-03,96.438409149904));
#8986 = CARTESIAN_POINT('',(-3.931373582412E-03,96.439968681091));
#8987 = CARTESIAN_POINT('',(-3.997115591169E-03,96.440637051114));
#8988 = CARTESIAN_POINT('',(-4.062857612012E-03,96.441305421123));
#8989 = CARTESIAN_POINT('',(-4.128599645216E-03,96.44197379112));
#8990 = CARTESIAN_POINT('',(-4.194341691061E-03,96.442642161103));
#8991 = CARTESIAN_POINT('',(-4.260083749837E-03,96.443310531072));
#8992 = CARTESIAN_POINT('',(-4.452926928801E-03,96.44527108058));
#8993 = CARTESIAN_POINT('',(-4.580028085161E-03,96.446563260079));
#8994 = CARTESIAN_POINT('',(-4.707129292938E-03,96.447855439524));
#8995 = CARTESIAN_POINT('',(-4.834230554158E-03,96.449147618912));
#8996 = CARTESIAN_POINT('',(-4.961331870852E-03,96.450439798242));
#8997 = CARTESIAN_POINT('',(-5.088433245055E-03,96.45173197751));
#8998 = CARTESIAN_POINT('',(-5.281276663383E-03,96.453692523883));
#8999 = CARTESIAN_POINT('',(-5.347018663894E-03,96.454360891034));
#9000 = CARTESIAN_POINT('',(-5.412760680613E-03,96.455029258168));
#9001 = CARTESIAN_POINT('',(-5.478502713816E-03,96.455697625284));
#9002 = CARTESIAN_POINT('',(-5.544244763784E-03,96.456365992383));
#9003 = CARTESIAN_POINT('',(-5.609986830806E-03,96.457034359463));
#9004 = CARTESIAN_POINT('',(-4.876031984207E-02,96.895722325824));
#9005 = CARTESIAN_POINT('',(-9.184643389E-02,97.33367396187));
#9006 = CARTESIAN_POINT('',(-0.135018266196,97.771524412138));
#9007 = CARTESIAN_POINT('',(-0.178358775119,98.209228082788));
#9008 = CARTESIAN_POINT('',(-0.221951057527,98.646705132135));
#9009 = CARTESIAN_POINT('',(-0.265879724084,99.083819594106));
#9010 = CARTESIAN_POINT('',(-0.386533009485,100.27134392384));
#9011 = CARTESIAN_POINT('',(-0.463735380982,101.01715111999));
#9012 = CARTESIAN_POINT('',(-0.542673146779,101.7607346912));
#9013 = CARTESIAN_POINT('',(-0.624119487622,102.50329714696));
#9014 = CARTESIAN_POINT('',(-0.708847159166,103.24375619486));
#9015 = CARTESIAN_POINT('',(-0.797633164506,103.97791980625));
#9016 = CARTESIAN_POINT('',(-0.923897784966,104.94732227137));
#9017 = CARTESIAN_POINT('',(-0.95700934261,105.19524491487));
#9018 = CARTESIAN_POINT('',(-0.990839720718,105.44174052829));
#9019 = CARTESIAN_POINT('',(-1.02546610021,105.68662859436));
#9020 = CARTESIAN_POINT('',(-1.060965435514,105.92959419215));
#9021 = CARTESIAN_POINT('',(-1.097416084886,106.17018487537));
#9022 = CARTESIAN_POINT('',(-1.189062549106,106.75116549988));
#9023 = CARTESIAN_POINT('',(-1.245625570539,107.08987022533));
#9024 = CARTESIAN_POINT('',(-1.304743598625,107.42123017953));
#9025 = CARTESIAN_POINT('',(-1.36658738507,107.74209621682));
#9026 = CARTESIAN_POINT('',(-1.431360933184,108.04892880439));
#9027 = CARTESIAN_POINT('',(-1.499314540336,108.33784685607));
#9028 = CARTESIAN_POINT('',(-1.570796326795,108.60491704191));
#9029 = ( GEOMETRIC_REPRESENTATION_CONTEXT(2) 
PARAMETRIC_REPRESENTATION_CONTEXT() REPRESENTATION_CONTEXT('2D SPACE',''
  ) );
#9030 = ORIENTED_EDGE('',*,*,#9031,.T.);
#9031 = EDGE_CURVE('',#8796,#8732,#9032,.T.);
#9032 = SURFACE_CURVE('',#9033,(#9038,#9051),.PCURVE_S1.);
#9033 = ELLIPSE('',#9034,19.233304448274,13.6);
#9034 = AXIS2_PLACEMENT_3D('',#9035,#9036,#9037);
#9035 = CARTESIAN_POINT('',(16.,64.,95.4));
#9036 = DIRECTION('',(0.707106781187,0.707106781187,0.));
#9037 = DIRECTION('',(0.707106781187,-0.707106781187,0.));
#9038 = PCURVE('',#5842,#9039);
#9039 = DEFINITIONAL_REPRESENTATION('',(#9040),#9050);
#9040 = B_SPLINE_CURVE_WITH_KNOTS('',8,(#9041,#9042,#9043,#9044,#9045,
    #9046,#9047,#9048,#9049),.UNSPECIFIED.,.F.,.F.,(9,9),(3.14159265359,
    4.712388980385),.PIECEWISE_BEZIER_KNOTS.);
#9041 = CARTESIAN_POINT('',(-1.570796326795,75.2));
#9042 = CARTESIAN_POINT('',(-1.374446785946,75.2));
#9043 = CARTESIAN_POINT('',(-1.178097245096,74.600773446517));
#9044 = CARTESIAN_POINT('',(-0.981747704247,73.402325430186));
#9045 = CARTESIAN_POINT('',(-0.7853981634,71.653919007513));
#9046 = CARTESIAN_POINT('',(-0.589048622547,69.454180352506));
#9047 = CARTESIAN_POINT('',(-0.392699081699,66.940708145034));
#9048 = CARTESIAN_POINT('',(-0.196349540849,64.270353755551));
#9049 = CARTESIAN_POINT('',(-1.306144734853E-16,61.6));
#9050 = ( GEOMETRIC_REPRESENTATION_CONTEXT(2) 
PARAMETRIC_REPRESENTATION_CONTEXT() REPRESENTATION_CONTEXT('2D SPACE',''
  ) );
#9051 = PCURVE('',#6040,#9052);
#9052 = DEFINITIONAL_REPRESENTATION('',(#9053),#9063);
#9053 = B_SPLINE_CURVE_WITH_KNOTS('',8,(#9054,#9055,#9056,#9057,#9058,
    #9059,#9060,#9061,#9062),.UNSPECIFIED.,.F.,.F.,(9,9),(3.14159265359,
    4.712388980385),.PIECEWISE_BEZIER_KNOTS.);
#9054 = CARTESIAN_POINT('',(0.,-1.33226762955E-15));
#9055 = CARTESIAN_POINT('',(0.196349540849,-1.659291647483E-15));
#9056 = CARTESIAN_POINT('',(0.392699081698,0.599226553414));
#9057 = CARTESIAN_POINT('',(0.589048622545,1.797674569783));
#9058 = CARTESIAN_POINT('',(0.785398163402,3.546080992139));
#9059 = CARTESIAN_POINT('',(0.981747704242,5.745819647531));
#9060 = CARTESIAN_POINT('',(1.178097245096,8.259291854872));
#9061 = CARTESIAN_POINT('',(1.374446785946,10.929646244449));
#9062 = CARTESIAN_POINT('',(1.570796326795,13.6));
#9063 = ( GEOMETRIC_REPRESENTATION_CONTEXT(2) 
PARAMETRIC_REPRESENTATION_CONTEXT() REPRESENTATION_CONTEXT('2D SPACE',''
  ) );
#9064 = ADVANCED_FACE('',(#9065),#5786,.F.);
#9065 = FACE_BOUND('',#9066,.F.);
#9066 = EDGE_LOOP('',(#9067,#9090,#9091,#9119));
#9067 = ORIENTED_EDGE('',*,*,#9068,.F.);
#9068 = EDGE_CURVE('',#5748,#9069,#9071,.T.);
#9069 = VERTEX_POINT('',#9070);
#9070 = CARTESIAN_POINT('',(10.,70.,3.));
#9071 = SURFACE_CURVE('',#9072,(#9076,#9083),.PCURVE_S1.);
#9072 = LINE('',#9073,#9074);
#9073 = CARTESIAN_POINT('',(0.,70.,3.));
#9074 = VECTOR('',#9075,1.);
#9075 = DIRECTION('',(1.,0.,0.));
#9076 = PCURVE('',#5786,#9077);
#9077 = DEFINITIONAL_REPRESENTATION('',(#9078),#9082);
#9078 = LINE('',#9079,#9080);
#9079 = CARTESIAN_POINT('',(0.,0.));
#9080 = VECTOR('',#9081,1.);
#9081 = DIRECTION('',(0.,1.));
#9082 = ( GEOMETRIC_REPRESENTATION_CONTEXT(2) 
PARAMETRIC_REPRESENTATION_CONTEXT() REPRESENTATION_CONTEXT('2D SPACE',''
  ) );
#9083 = PCURVE('',#5952,#9084);
#9084 = DEFINITIONAL_REPRESENTATION('',(#9085),#9089);
#9085 = LINE('',#9086,#9087);
#9086 = CARTESIAN_POINT('',(0.,0.));
#9087 = VECTOR('',#9088,1.);
#9088 = DIRECTION('',(1.,0.));
#9089 = ( GEOMETRIC_REPRESENTATION_CONTEXT(2) 
PARAMETRIC_REPRESENTATION_CONTEXT() REPRESENTATION_CONTEXT('2D SPACE',''
  ) );
#9090 = ORIENTED_EDGE('',*,*,#5770,.T.);
#9091 = ORIENTED_EDGE('',*,*,#9092,.T.);
#9092 = EDGE_CURVE('',#5771,#9093,#9095,.T.);
#9093 = VERTEX_POINT('',#9094);
#9094 = CARTESIAN_POINT('',(10.,70.,15.));
#9095 = SURFACE_CURVE('',#9096,(#9100,#9107),.PCURVE_S1.);
#9096 = LINE('',#9097,#9098);
#9097 = CARTESIAN_POINT('',(0.,70.,15.));
#9098 = VECTOR('',#9099,1.);
#9099 = DIRECTION('',(1.,0.,0.));
#9100 = PCURVE('',#5786,#9101);
#9101 = DEFINITIONAL_REPRESENTATION('',(#9102),#9106);
#9102 = LINE('',#9103,#9104);
#9103 = CARTESIAN_POINT('',(12.,0.));
#9104 = VECTOR('',#9105,1.);
#9105 = DIRECTION('',(0.,1.));
#9106 = ( GEOMETRIC_REPRESENTATION_CONTEXT(2) 
PARAMETRIC_REPRESENTATION_CONTEXT() REPRESENTATION_CONTEXT('2D SPACE',''
  ) );
#9107 = PCURVE('',#9108,#9113);
#9108 = PLANE('',#9109);
#9109 = AXIS2_PLACEMENT_3D('',#9110,#9111,#9112);
#9110 = CARTESIAN_POINT('',(0.,70.,15.));
#9111 = DIRECTION('',(0.,0.,1.));
#9112 = DIRECTION('',(1.,0.,0.));
#9113 = DEFINITIONAL_REPRESENTATION('',(#9114),#9118);
#9114 = LINE('',#9115,#9116);
#9115 = CARTESIAN_POINT('',(0.,0.));
#9116 = VECTOR('',#9117,1.);
#9117 = DIRECTION('',(1.,0.));
#9118 = ( GEOMETRIC_REPRESENTATION_CONTEXT(2) 
PARAMETRIC_REPRESENTATION_CONTEXT() REPRESENTATION_CONTEXT('2D SPACE',''
  ) );
#9119 = ORIENTED_EDGE('',*,*,#9120,.F.);
#9120 = EDGE_CURVE('',#9069,#9093,#9121,.T.);
#9121 = SURFACE_CURVE('',#9122,(#9126,#9133),.PCURVE_S1.);
#9122 = LINE('',#9123,#9124);
#9123 = CARTESIAN_POINT('',(10.,70.,3.));
#9124 = VECTOR('',#9125,1.);
#9125 = DIRECTION('',(0.,0.,1.));
#9126 = PCURVE('',#5786,#9127);
#9127 = DEFINITIONAL_REPRESENTATION('',(#9128),#9132);
#9128 = LINE('',#9129,#9130);
#9129 = CARTESIAN_POINT('',(0.,10.));
#9130 = VECTOR('',#9131,1.);
#9131 = DIRECTION('',(1.,0.));
#9132 = ( GEOMETRIC_REPRESENTATION_CONTEXT(2) 
PARAMETRIC_REPRESENTATION_CONTEXT() REPRESENTATION_CONTEXT('2D SPACE',''
  ) );
#9133 = PCURVE('',#5989,#9134);
#9134 = DEFINITIONAL_REPRESENTATION('',(#9135),#9139);
#9135 = LINE('',#9136,#9137);
#9136 = CARTESIAN_POINT('',(0.,0.));
#9137 = VECTOR('',#9138,1.);
#9138 = DIRECTION('',(1.,0.));
#9139 = ( GEOMETRIC_REPRESENTATION_CONTEXT(2) 
PARAMETRIC_REPRESENTATION_CONTEXT() REPRESENTATION_CONTEXT('2D SPACE',''
  ) );
#9140 = ADVANCED_FACE('',(#9141),#5814,.F.);
#9141 = FACE_BOUND('',#9142,.T.);
#9142 = EDGE_LOOP('',(#9143,#9144,#9170,#9171,#9261));
#9143 = ORIENTED_EDGE('',*,*,#5798,.F.);
#9144 = ORIENTED_EDGE('',*,*,#9145,.T.);
#9145 = EDGE_CURVE('',#5771,#5974,#9146,.T.);
#9146 = SURFACE_CURVE('',#9147,(#9152,#9159),.PCURVE_S1.);
#9147 = CIRCLE('',#9148,7.6);
#9148 = AXIS2_PLACEMENT_3D('',#9149,#9150,#9151);
#9149 = CARTESIAN_POINT('',(10.,70.,15.));
#9150 = DIRECTION('',(-0.,-0.,-1.));
#9151 = DIRECTION('',(0.,-1.,0.));
#9152 = PCURVE('',#5814,#9153);
#9153 = DEFINITIONAL_REPRESENTATION('',(#9154),#9158);
#9154 = LINE('',#9155,#9156);
#9155 = CARTESIAN_POINT('',(1.570796326795,16.));
#9156 = VECTOR('',#9157,1.);
#9157 = DIRECTION('',(-1.,0.));
#9158 = ( GEOMETRIC_REPRESENTATION_CONTEXT(2) 
PARAMETRIC_REPRESENTATION_CONTEXT() REPRESENTATION_CONTEXT('2D SPACE',''
  ) );
#9159 = PCURVE('',#9108,#9160);
#9160 = DEFINITIONAL_REPRESENTATION('',(#9161),#9169);
#9161 = ( BOUNDED_CURVE() B_SPLINE_CURVE(2,(#9162,#9163,#9164,#9165,
#9166,#9167,#9168),.UNSPECIFIED.,.T.,.F.) B_SPLINE_CURVE_WITH_KNOTS((1,2
    ,2,2,2,1),(-2.094395102393,0.,2.094395102393,4.188790204786,
6.28318530718,8.377580409573),.UNSPECIFIED.) CURVE() 
GEOMETRIC_REPRESENTATION_ITEM() RATIONAL_B_SPLINE_CURVE((1.,0.5,1.,0.5,
1.,0.5,1.)) REPRESENTATION_ITEM('') );
#9162 = CARTESIAN_POINT('',(10.,-7.6));
#9163 = CARTESIAN_POINT('',(-3.163586137523,-7.6));
#9164 = CARTESIAN_POINT('',(3.418206931238,3.8));
#9165 = CARTESIAN_POINT('',(10.,15.2));
#9166 = CARTESIAN_POINT('',(16.581793068762,3.8));
#9167 = CARTESIAN_POINT('',(23.163586137523,-7.6));
#9168 = CARTESIAN_POINT('',(10.,-7.6));
#9169 = ( GEOMETRIC_REPRESENTATION_CONTEXT(2) 
PARAMETRIC_REPRESENTATION_CONTEXT() REPRESENTATION_CONTEXT('2D SPACE',''
  ) );
#9170 = ORIENTED_EDGE('',*,*,#6001,.T.);
#9171 = ORIENTED_EDGE('',*,*,#9172,.F.);
#9172 = EDGE_CURVE('',#8796,#6002,#9173,.T.);
#9173 = SURFACE_CURVE('',#9174,(#9201,#9231),.PCURVE_S1.);
#9174 = B_SPLINE_CURVE_WITH_KNOTS('',7,(#9175,#9176,#9177,#9178,#9179,
    #9180,#9181,#9182,#9183,#9184,#9185,#9186,#9187,#9188,#9189,#9190,
    #9191,#9192,#9193,#9194,#9195,#9196,#9197,#9198,#9199,#9200),
  .UNSPECIFIED.,.F.,.F.,(8,6,6,6,8),(0.,0.151853175414,0.292172273479,
    0.61815339213,1.),.UNSPECIFIED.);
#9175 = CARTESIAN_POINT('',(2.4,70.,107.60491704191));
#9176 = CARTESIAN_POINT('',(2.4,70.401411760437,107.40758095561));
#9177 = CARTESIAN_POINT('',(2.424734891461,70.788769122313,
    107.19802892429));
#9178 = CARTESIAN_POINT('',(2.471088092495,71.161061200626,
    106.9778709384));
#9179 = CARTESIAN_POINT('',(2.536235855626,71.517626523964,
    106.74877706591));
#9180 = CARTESIAN_POINT('',(2.617586538994,71.858068850445,
    106.51242295554));
#9181 = CARTESIAN_POINT('',(2.712740990779,72.182197094524,
    106.2704590888));
#9182 = CARTESIAN_POINT('',(2.918100144864,72.774403132248,
    105.79723012059));
#9183 = CARTESIAN_POINT('',(3.026884931943,73.045653675541,
    105.56592050539));
#9184 = CARTESIAN_POINT('',(3.144379205978,73.304185961501,
    105.33133693758));
#9185 = CARTESIAN_POINT('',(3.26938874414,73.550529686199,
    105.09409131486));
#9186 = CARTESIAN_POINT('',(3.400945522275,73.78526591562,
    104.85463953615));
#9187 = CARTESIAN_POINT('',(3.538285210712,74.008999001325,
    104.61328147092));
#9188 = CARTESIAN_POINT('',(4.011984859631,74.717940625669,
    103.8053769942));
#9189 = CARTESIAN_POINT('',(4.372082378549,75.15869590433,
    103.22966163394));
#9190 = CARTESIAN_POINT('',(4.752277176303,75.548861962223,
    102.64800201105));
#9191 = CARTESIAN_POINT('',(5.146848533494,75.893020692303,
    102.06336791614));
#9192 = CARTESIAN_POINT('',(5.552353110175,76.195450483806,
    101.47685990861));
#9193 = CARTESIAN_POINT('',(5.967172636795,76.459746893633,
    100.88803669745));
#9194 = CARTESIAN_POINT('',(6.887659939277,76.95641489266,
    99.600646431494));
#9195 = CARTESIAN_POINT('',(7.395210020251,77.174741713836,
    98.902668253814));
#9196 = CARTESIAN_POINT('',(7.909932715184,77.346325059975,
    98.203117281214));
#9197 = CARTESIAN_POINT('',(8.429275289398,77.473465527478,
    97.502980916347));
#9198 = CARTESIAN_POINT('',(8.95153221747,77.55776520874,96.802549952799
    ));
#9199 = CARTESIAN_POINT('',(9.475472026006,77.600000030282,
    96.101666871085));
#9200 = CARTESIAN_POINT('',(10.,77.6,95.4));
#9201 = PCURVE('',#5814,#9202);
#9202 = DEFINITIONAL_REPRESENTATION('',(#9203),#9230);
#9203 = B_SPLINE_CURVE_WITH_KNOTS('',7,(#9204,#9205,#9206,#9207,#9208,
    #9209,#9210,#9211,#9212,#9213,#9214,#9215,#9216,#9217,#9218,#9219,
    #9220,#9221,#9222,#9223,#9224,#9225,#9226,#9227,#9228,#9229),
  .UNSPECIFIED.,.F.,.F.,(8,6,6,6,8),(0.,0.151853175414,0.292172273479,
    0.61815339213,1.),.UNSPECIFIED.);
#9204 = CARTESIAN_POINT('',(0.,108.60491704191));
#9205 = CARTESIAN_POINT('',(-5.281733689955E-02,108.40758095561));
#9206 = CARTESIAN_POINT('',(-0.103785460626,108.19802892429));
#9207 = CARTESIAN_POINT('',(-0.153011733889,107.9778709384));
#9208 = CARTESIAN_POINT('',(-0.200574683896,107.74877706591));
#9209 = CARTESIAN_POINT('',(-0.246532753908,107.51242295554));
#9210 = CARTESIAN_POINT('',(-0.290929355205,107.2704590888));
#9211 = CARTESIAN_POINT('',(-0.373403263327,106.79723012059));
#9212 = CARTESIAN_POINT('',(-0.411813845273,106.56592050539));
#9213 = CARTESIAN_POINT('',(-0.449120238626,106.33133693758));
#9214 = CARTESIAN_POINT('',(-0.485410840493,106.09409131486));
#9215 = CARTESIAN_POINT('',(-0.520771683134,105.85463953615));
#9216 = CARTESIAN_POINT('',(-0.555288682306,105.61328147092));
#9217 = CARTESIAN_POINT('',(-0.667477740447,104.8053769942));
#9218 = CARTESIAN_POINT('',(-0.742021756257,104.22966163394));
#9219 = CARTESIAN_POINT('',(-0.813287817581,103.64800201105));
#9220 = CARTESIAN_POINT('',(-0.881797562537,103.06336791614));
#9221 = CARTESIAN_POINT('',(-0.948066391153,102.47685990861));
#9222 = CARTESIAN_POINT('',(-1.012615054734,101.88803669745));
#9223 = CARTESIAN_POINT('',(-1.150237826371,100.60064643149));
#9224 = CARTESIAN_POINT('',(-1.222652498634,99.902668253814));
#9225 = CARTESIAN_POINT('',(-1.293644604684,99.203117281214));
#9226 = CARTESIAN_POINT('',(-1.363585690779,98.502980916347));
#9227 = CARTESIAN_POINT('',(-1.432839624377,97.802549952799));
#9228 = CARTESIAN_POINT('',(-1.50177960783,97.101666871085));
#9229 = CARTESIAN_POINT('',(-1.570796326795,96.4));
#9230 = ( GEOMETRIC_REPRESENTATION_CONTEXT(2) 
PARAMETRIC_REPRESENTATION_CONTEXT() REPRESENTATION_CONTEXT('2D SPACE',''
  ) );
#9231 = PCURVE('',#6040,#9232);
#9232 = DEFINITIONAL_REPRESENTATION('',(#9233),#9260);
#9233 = B_SPLINE_CURVE_WITH_KNOTS('',7,(#9234,#9235,#9236,#9237,#9238,
    #9239,#9240,#9241,#9242,#9243,#9244,#9245,#9246,#9247,#9248,#9249,
    #9250,#9251,#9252,#9253,#9254,#9255,#9256,#9257,#9258,#9259),
  .UNSPECIFIED.,.F.,.F.,(8,6,6,6,8),(0.,0.151853175414,0.292172273479,
    0.61815339213,1.),.UNSPECIFIED.);
#9234 = CARTESIAN_POINT('',(1.113887128133,-1.7763568394E-15));
#9235 = CARTESIAN_POINT('',(1.080997780417,-1.7763568394E-15));
#9236 = CARTESIAN_POINT('',(1.048639568271,2.473489146085E-02));
#9237 = CARTESIAN_POINT('',(1.016873261627,7.108809249523E-02));
#9238 = CARTESIAN_POINT('',(0.985747158154,0.136235855626));
#9239 = CARTESIAN_POINT('',(0.955302593359,0.217586538994));
#9240 = CARTESIAN_POINT('',(0.925577407659,0.312740990779));
#9241 = CARTESIAN_POINT('',(0.869837765607,0.518100144864));
#9242 = CARTESIAN_POINT('',(0.84363902899,0.626884931943));
#9243 = CARTESIAN_POINT('',(0.817989236669,0.744379205978));
#9244 = CARTESIAN_POINT('',(0.792860750917,0.86938874414));
#9245 = CARTESIAN_POINT('',(0.768220591015,1.000945522275));
#9246 = CARTESIAN_POINT('',(0.744030682409,1.138285210712));
#9247 = CARTESIAN_POINT('',(0.664997411257,1.611984859631));
#9248 = CARTESIAN_POINT('',(0.611803201137,1.972082378549));
#9249 = CARTESIAN_POINT('',(0.56045839365,2.352277176303));
#9250 = CARTESIAN_POINT('',(0.510721980576,2.746848533494));
#9251 = CARTESIAN_POINT('',(0.462316133678,3.152353110175));
#9252 = CARTESIAN_POINT('',(0.414927275534,3.567172636795));
#9253 = CARTESIAN_POINT('',(0.313465937557,4.487659939277));
#9254 = CARTESIAN_POINT('',(0.259805521391,4.995210020251));
#9255 = CARTESIAN_POINT('',(0.207006654204,5.509932715184));
#9256 = CARTESIAN_POINT('',(0.154855138523,6.029275289398));
#9257 = CARTESIAN_POINT('',(0.103128751654,6.55153221747));
#9258 = CARTESIAN_POINT('',(5.159312990457E-02,7.075472026006));
#9259 = CARTESIAN_POINT('',(0.,7.6));
#9260 = ( GEOMETRIC_REPRESENTATION_CONTEXT(2) 
PARAMETRIC_REPRESENTATION_CONTEXT() REPRESENTATION_CONTEXT('2D SPACE',''
  ) );
#9261 = ORIENTED_EDGE('',*,*,#8795,.F.);
#9262 = ADVANCED_FACE('',(#9263,#9288),#5952,.F.);
#9263 = FACE_BOUND('',#9264,.F.);
#9264 = EDGE_LOOP('',(#9265,#9266,#9267));
#9265 = ORIENTED_EDGE('',*,*,#5937,.F.);
#9266 = ORIENTED_EDGE('',*,*,#9068,.T.);
#9267 = ORIENTED_EDGE('',*,*,#9268,.T.);
#9268 = EDGE_CURVE('',#9069,#5915,#9269,.T.);
#9269 = SURFACE_CURVE('',#9270,(#9274,#9281),.PCURVE_S1.);
#9270 = LINE('',#9271,#9272);
#9271 = CARTESIAN_POINT('',(10.,70.,3.));
#9272 = VECTOR('',#9273,1.);
#9273 = DIRECTION('',(0.,1.,0.));
#9274 = PCURVE('',#5952,#9275);
#9275 = DEFINITIONAL_REPRESENTATION('',(#9276),#9280);
#9276 = LINE('',#9277,#9278);
#9277 = CARTESIAN_POINT('',(10.,0.));
#9278 = VECTOR('',#9279,1.);
#9279 = DIRECTION('',(0.,1.));
#9280 = ( GEOMETRIC_REPRESENTATION_CONTEXT(2) 
PARAMETRIC_REPRESENTATION_CONTEXT() REPRESENTATION_CONTEXT('2D SPACE',''
  ) );
#9281 = PCURVE('',#5989,#9282);
#9282 = DEFINITIONAL_REPRESENTATION('',(#9283),#9287);
#9283 = LINE('',#9284,#9285);
#9284 = CARTESIAN_POINT('',(0.,0.));
#9285 = VECTOR('',#9286,1.);
#9286 = DIRECTION('',(0.,-1.));
#9287 = ( GEOMETRIC_REPRESENTATION_CONTEXT(2) 
PARAMETRIC_REPRESENTATION_CONTEXT() REPRESENTATION_CONTEXT('2D SPACE',''
  ) );
#9288 = FACE_BOUND('',#9289,.F.);
#9289 = EDGE_LOOP('',(#9290));
#9290 = ORIENTED_EDGE('',*,*,#9291,.F.);
#9291 = EDGE_CURVE('',#9292,#9292,#9294,.T.);
#9292 = VERTEX_POINT('',#9293);
#9293 = CARTESIAN_POINT('',(7.85,73.,3.));
#9294 = SURFACE_CURVE('',#9295,(#9300,#9307),.PCURVE_S1.);
#9295 = CIRCLE('',#9296,0.85);
#9296 = AXIS2_PLACEMENT_3D('',#9297,#9298,#9299);
#9297 = CARTESIAN_POINT('',(7.,73.,3.));
#9298 = DIRECTION('',(0.,0.,1.));
#9299 = DIRECTION('',(1.,0.,0.));
#9300 = PCURVE('',#5952,#9301);
#9301 = DEFINITIONAL_REPRESENTATION('',(#9302),#9306);
#9302 = CIRCLE('',#9303,0.85);
#9303 = AXIS2_PLACEMENT_2D('',#9304,#9305);
#9304 = CARTESIAN_POINT('',(7.,3.));
#9305 = DIRECTION('',(1.,0.));
#9306 = ( GEOMETRIC_REPRESENTATION_CONTEXT(2) 
PARAMETRIC_REPRESENTATION_CONTEXT() REPRESENTATION_CONTEXT('2D SPACE',''
  ) );
#9307 = PCURVE('',#9308,#9313);
#9308 = CYLINDRICAL_SURFACE('',#9309,0.85);
#9309 = AXIS2_PLACEMENT_3D('',#9310,#9311,#9312);
#9310 = CARTESIAN_POINT('',(7.,73.,3.));
#9311 = DIRECTION('',(-0.,-0.,-1.));
#9312 = DIRECTION('',(1.,0.,0.));
#9313 = DEFINITIONAL_REPRESENTATION('',(#9314),#9318);
#9314 = LINE('',#9315,#9316);
#9315 = CARTESIAN_POINT('',(-0.,0.));
#9316 = VECTOR('',#9317,1.);
#9317 = DIRECTION('',(-1.,0.));
#9318 = ( GEOMETRIC_REPRESENTATION_CONTEXT(2) 
PARAMETRIC_REPRESENTATION_CONTEXT() REPRESENTATION_CONTEXT('2D SPACE',''
  ) );
#9319 = ADVANCED_FACE('',(#9320),#6096,.F.);
#9320 = FACE_BOUND('',#9321,.F.);
#9321 = EDGE_LOOP('',(#9322,#9350,#9373,#9394));
#9322 = ORIENTED_EDGE('',*,*,#9323,.F.);
#9323 = EDGE_CURVE('',#9324,#6053,#9326,.T.);
#9324 = VERTEX_POINT('',#9325);
#9325 = CARTESIAN_POINT('',(224.,70.,15.));
#9326 = SURFACE_CURVE('',#9327,(#9331,#9338),.PCURVE_S1.);
#9327 = LINE('',#9328,#9329);
#9328 = CARTESIAN_POINT('',(224.,70.,15.));
#9329 = VECTOR('',#9330,1.);
#9330 = DIRECTION('',(0.,1.,0.));
#9331 = PCURVE('',#6096,#9332);
#9332 = DEFINITIONAL_REPRESENTATION('',(#9333),#9337);
#9333 = LINE('',#9334,#9335);
#9334 = CARTESIAN_POINT('',(12.,0.));
#9335 = VECTOR('',#9336,1.);
#9336 = DIRECTION('',(0.,-1.));
#9337 = ( GEOMETRIC_REPRESENTATION_CONTEXT(2) 
PARAMETRIC_REPRESENTATION_CONTEXT() REPRESENTATION_CONTEXT('2D SPACE',''
  ) );
#9338 = PCURVE('',#9339,#9344);
#9339 = PLANE('',#9340);
#9340 = AXIS2_PLACEMENT_3D('',#9341,#9342,#9343);
#9341 = CARTESIAN_POINT('',(224.,70.,15.));
#9342 = DIRECTION('',(0.,0.,1.));
#9343 = DIRECTION('',(1.,0.,0.));
#9344 = DEFINITIONAL_REPRESENTATION('',(#9345),#9349);
#9345 = LINE('',#9346,#9347);
#9346 = CARTESIAN_POINT('',(0.,0.));
#9347 = VECTOR('',#9348,1.);
#9348 = DIRECTION('',(0.,1.));
#9349 = ( GEOMETRIC_REPRESENTATION_CONTEXT(2) 
PARAMETRIC_REPRESENTATION_CONTEXT() REPRESENTATION_CONTEXT('2D SPACE',''
  ) );
#9350 = ORIENTED_EDGE('',*,*,#9351,.F.);
#9351 = EDGE_CURVE('',#9352,#9324,#9354,.T.);
#9352 = VERTEX_POINT('',#9353);
#9353 = CARTESIAN_POINT('',(224.,70.,3.));
#9354 = SURFACE_CURVE('',#9355,(#9359,#9366),.PCURVE_S1.);
#9355 = LINE('',#9356,#9357);
#9356 = CARTESIAN_POINT('',(224.,70.,3.));
#9357 = VECTOR('',#9358,1.);
#9358 = DIRECTION('',(0.,0.,1.));
#9359 = PCURVE('',#6096,#9360);
#9360 = DEFINITIONAL_REPRESENTATION('',(#9361),#9365);
#9361 = LINE('',#9362,#9363);
#9362 = CARTESIAN_POINT('',(0.,0.));
#9363 = VECTOR('',#9364,1.);
#9364 = DIRECTION('',(1.,0.));
#9365 = ( GEOMETRIC_REPRESENTATION_CONTEXT(2) 
PARAMETRIC_REPRESENTATION_CONTEXT() REPRESENTATION_CONTEXT('2D SPACE',''
  ) );
#9366 = PCURVE('',#6235,#9367);
#9367 = DEFINITIONAL_REPRESENTATION('',(#9368),#9372);
#9368 = LINE('',#9369,#9370);
#9369 = CARTESIAN_POINT('',(0.,0.));
#9370 = VECTOR('',#9371,1.);
#9371 = DIRECTION('',(1.,0.));
#9372 = ( GEOMETRIC_REPRESENTATION_CONTEXT(2) 
PARAMETRIC_REPRESENTATION_CONTEXT() REPRESENTATION_CONTEXT('2D SPACE',''
  ) );
#9373 = ORIENTED_EDGE('',*,*,#9374,.T.);
#9374 = EDGE_CURVE('',#9352,#6081,#9375,.T.);
#9375 = SURFACE_CURVE('',#9376,(#9380,#9387),.PCURVE_S1.);
#9376 = LINE('',#9377,#9378);
#9377 = CARTESIAN_POINT('',(224.,70.,3.));
#9378 = VECTOR('',#9379,1.);
#9379 = DIRECTION('',(0.,1.,0.));
#9380 = PCURVE('',#6096,#9381);
#9381 = DEFINITIONAL_REPRESENTATION('',(#9382),#9386);
#9382 = LINE('',#9383,#9384);
#9383 = CARTESIAN_POINT('',(0.,0.));
#9384 = VECTOR('',#9385,1.);
#9385 = DIRECTION('',(0.,-1.));
#9386 = ( GEOMETRIC_REPRESENTATION_CONTEXT(2) 
PARAMETRIC_REPRESENTATION_CONTEXT() REPRESENTATION_CONTEXT('2D SPACE',''
  ) );
#9387 = PCURVE('',#6202,#9388);
#9388 = DEFINITIONAL_REPRESENTATION('',(#9389),#9393);
#9389 = LINE('',#9390,#9391);
#9390 = CARTESIAN_POINT('',(0.,0.));
#9391 = VECTOR('',#9392,1.);
#9392 = DIRECTION('',(0.,1.));
#9393 = ( GEOMETRIC_REPRESENTATION_CONTEXT(2) 
PARAMETRIC_REPRESENTATION_CONTEXT() REPRESENTATION_CONTEXT('2D SPACE',''
  ) );
#9394 = ORIENTED_EDGE('',*,*,#6080,.T.);
#9395 = ADVANCED_FACE('',(#9396),#5989,.T.);
#9396 = FACE_BOUND('',#9397,.T.);
#9397 = EDGE_LOOP('',(#9398,#9419,#9420,#9421));
#9398 = ORIENTED_EDGE('',*,*,#9399,.F.);
#9399 = EDGE_CURVE('',#9093,#5974,#9400,.T.);
#9400 = SURFACE_CURVE('',#9401,(#9405,#9412),.PCURVE_S1.);
#9401 = LINE('',#9402,#9403);
#9402 = CARTESIAN_POINT('',(10.,70.,15.));
#9403 = VECTOR('',#9404,1.);
#9404 = DIRECTION('',(0.,1.,0.));
#9405 = PCURVE('',#5989,#9406);
#9406 = DEFINITIONAL_REPRESENTATION('',(#9407),#9411);
#9407 = LINE('',#9408,#9409);
#9408 = CARTESIAN_POINT('',(12.,0.));
#9409 = VECTOR('',#9410,1.);
#9410 = DIRECTION('',(0.,-1.));
#9411 = ( GEOMETRIC_REPRESENTATION_CONTEXT(2) 
PARAMETRIC_REPRESENTATION_CONTEXT() REPRESENTATION_CONTEXT('2D SPACE',''
  ) );
#9412 = PCURVE('',#9108,#9413);
#9413 = DEFINITIONAL_REPRESENTATION('',(#9414),#9418);
#9414 = LINE('',#9415,#9416);
#9415 = CARTESIAN_POINT('',(10.,0.));
#9416 = VECTOR('',#9417,1.);
#9417 = DIRECTION('',(0.,1.));
#9418 = ( GEOMETRIC_REPRESENTATION_CONTEXT(2) 
PARAMETRIC_REPRESENTATION_CONTEXT() REPRESENTATION_CONTEXT('2D SPACE',''
  ) );
#9419 = ORIENTED_EDGE('',*,*,#9120,.F.);
#9420 = ORIENTED_EDGE('',*,*,#9268,.T.);
#9421 = ORIENTED_EDGE('',*,*,#5973,.T.);
#9422 = ADVANCED_FACE('',(#9423),#6068,.F.);
#9423 = FACE_BOUND('',#9424,.F.);
#9424 = EDGE_LOOP('',(#9425,#9426,#9448,#9449,#9541));
#9425 = ORIENTED_EDGE('',*,*,#6247,.F.);
#9426 = ORIENTED_EDGE('',*,*,#9427,.T.);
#9427 = EDGE_CURVE('',#6220,#6053,#9428,.T.);
#9428 = SURFACE_CURVE('',#9429,(#9434,#9441),.PCURVE_S1.);
#9429 = CIRCLE('',#9430,7.6);
#9430 = AXIS2_PLACEMENT_3D('',#9431,#9432,#9433);
#9431 = CARTESIAN_POINT('',(224.,70.,15.));
#9432 = DIRECTION('',(0.,0.,1.));
#9433 = DIRECTION('',(0.,-1.,0.));
#9434 = PCURVE('',#6068,#9435);
#9435 = DEFINITIONAL_REPRESENTATION('',(#9436),#9440);
#9436 = LINE('',#9437,#9438);
#9437 = CARTESIAN_POINT('',(-1.570796326795,16.));
#9438 = VECTOR('',#9439,1.);
#9439 = DIRECTION('',(1.,0.));
#9440 = ( GEOMETRIC_REPRESENTATION_CONTEXT(2) 
PARAMETRIC_REPRESENTATION_CONTEXT() REPRESENTATION_CONTEXT('2D SPACE',''
  ) );
#9441 = PCURVE('',#9339,#9442);
#9442 = DEFINITIONAL_REPRESENTATION('',(#9443),#9447);
#9443 = CIRCLE('',#9444,7.6);
#9444 = AXIS2_PLACEMENT_2D('',#9445,#9446);
#9445 = CARTESIAN_POINT('',(0.,1.42108547152E-14));
#9446 = DIRECTION('',(0.,-1.));
#9447 = ( GEOMETRIC_REPRESENTATION_CONTEXT(2) 
PARAMETRIC_REPRESENTATION_CONTEXT() REPRESENTATION_CONTEXT('2D SPACE',''
  ) );
#9448 = ORIENTED_EDGE('',*,*,#6052,.T.);
#9449 = ORIENTED_EDGE('',*,*,#9450,.F.);
#9450 = EDGE_CURVE('',#9451,#6025,#9453,.T.);
#9451 = VERTEX_POINT('',#9452);
#9452 = CARTESIAN_POINT('',(229.3740115361,75.374011535756,
    102.85599500915));
#9453 = SURFACE_CURVE('',#9454,(#9481,#9511),.PCURVE_S1.);
#9454 = B_SPLINE_CURVE_WITH_KNOTS('',7,(#9455,#9456,#9457,#9458,#9459,
    #9460,#9461,#9462,#9463,#9464,#9465,#9466,#9467,#9468,#9469,#9470,
    #9471,#9472,#9473,#9474,#9475,#9476,#9477,#9478,#9479,#9480),
  .UNSPECIFIED.,.F.,.F.,(8,6,6,6,8),(0.,0.151853175367,0.292172273441,
    0.618153392109,1.),.UNSPECIFIED.);
#9455 = CARTESIAN_POINT('',(231.6,70.,107.60491704191));
#9456 = CARTESIAN_POINT('',(231.6,70.401411760556,107.40758095555));
#9457 = CARTESIAN_POINT('',(231.57526510852,70.788769122333,
    107.19802892427));
#9458 = CARTESIAN_POINT('',(231.52891190751,71.161061200534,
    106.97787093845));
#9459 = CARTESIAN_POINT('',(231.4637641444,71.517626523868,
    106.74877706598));
#9460 = CARTESIAN_POINT('',(231.38241346101,71.858068850455,
    106.51242295555));
#9461 = CARTESIAN_POINT('',(231.28725900918,72.182197094637,
    106.27045908871));
#9462 = CARTESIAN_POINT('',(231.08189985513,72.774403132248,
    105.79723012059));
#9463 = CARTESIAN_POINT('',(230.97311506805,73.04565367554,
    105.56592050539));
#9464 = CARTESIAN_POINT('',(230.85562079402,73.304185961502,
    105.33133693758));
#9465 = CARTESIAN_POINT('',(230.73061125585,73.550529686199,
    105.09409131486));
#9466 = CARTESIAN_POINT('',(230.59905447772,73.78526591562,
    104.85463953615));
#9467 = CARTESIAN_POINT('',(230.46171478928,74.008999001324,
    104.61328147092));
#9468 = CARTESIAN_POINT('',(229.98801514037,74.717940625668,
    103.8053769942));
#9469 = CARTESIAN_POINT('',(229.62791762144,75.158695904333,
    103.22966163394));
#9470 = CARTESIAN_POINT('',(229.2477228237,75.548861962218,
    102.64800201105));
#9471 = CARTESIAN_POINT('',(228.8531514665,75.893020692307,
    102.06336791614));
#9472 = CARTESIAN_POINT('',(228.44764688982,76.195450483804,
    101.47685990861));
#9473 = CARTESIAN_POINT('',(228.0328273632,76.459746893634,
    100.88803669744));
#9474 = CARTESIAN_POINT('',(227.11234006072,76.956414892659,
    99.600646431495));
#9475 = CARTESIAN_POINT('',(226.60478997974,77.174741713836,
    98.902668253814));
#9476 = CARTESIAN_POINT('',(226.09006728481,77.346325059975,
    98.203117281212));
#9477 = CARTESIAN_POINT('',(225.5707247106,77.473465527479,
    97.502980916345));
#9478 = CARTESIAN_POINT('',(225.04846778253,77.55776520874,
    96.802549952799));
#9479 = CARTESIAN_POINT('',(224.52452797399,77.600000030282,
    96.101666871087));
#9480 = CARTESIAN_POINT('',(224.,77.6,95.4));
#9481 = PCURVE('',#6068,#9482);
#9482 = DEFINITIONAL_REPRESENTATION('',(#9483),#9510);
#9483 = B_SPLINE_CURVE_WITH_KNOTS('',7,(#9484,#9485,#9486,#9487,#9488,
    #9489,#9490,#9491,#9492,#9493,#9494,#9495,#9496,#9497,#9498,#9499,
    #9500,#9501,#9502,#9503,#9504,#9505,#9506,#9507,#9508,#9509),
  .UNSPECIFIED.,.F.,.F.,(8,6,6,6,8),(0.,0.151853175367,0.292172273441,
    0.618153392109,1.),.UNSPECIFIED.);
#9484 = CARTESIAN_POINT('',(0.,108.60491704191));
#9485 = CARTESIAN_POINT('',(5.28173369153E-02,108.40758095555));
#9486 = CARTESIAN_POINT('',(0.103785460628,108.19802892427));
#9487 = CARTESIAN_POINT('',(0.153011733877,107.97787093845));
#9488 = CARTESIAN_POINT('',(0.200574683883,107.74877706598));
#9489 = CARTESIAN_POINT('',(0.246532753909,107.51242295555));
#9490 = CARTESIAN_POINT('',(0.290929355221,107.27045908871));
#9491 = CARTESIAN_POINT('',(0.373403263327,106.79723012059));
#9492 = CARTESIAN_POINT('',(0.411813845273,106.56592050539));
#9493 = CARTESIAN_POINT('',(0.449120238626,106.33133693758));
#9494 = CARTESIAN_POINT('',(0.485410840493,106.09409131486));
#9495 = CARTESIAN_POINT('',(0.520771683134,105.85463953615));
#9496 = CARTESIAN_POINT('',(0.555288682306,105.61328147092));
#9497 = CARTESIAN_POINT('',(0.667477740447,104.8053769942));
#9498 = CARTESIAN_POINT('',(0.742021756258,104.22966163394));
#9499 = CARTESIAN_POINT('',(0.813287817581,103.64800201105));
#9500 = CARTESIAN_POINT('',(0.881797562538,103.06336791614));
#9501 = CARTESIAN_POINT('',(0.948066391153,102.47685990861));
#9502 = CARTESIAN_POINT('',(1.012615054735,101.88803669744));
#9503 = CARTESIAN_POINT('',(1.150237826371,100.60064643149));
#9504 = CARTESIAN_POINT('',(1.222652498634,99.902668253814));
#9505 = CARTESIAN_POINT('',(1.293644604684,99.203117281212));
#9506 = CARTESIAN_POINT('',(1.363585690779,98.502980916345));
#9507 = CARTESIAN_POINT('',(1.432839624377,97.802549952799));
#9508 = CARTESIAN_POINT('',(1.50177960783,97.101666871087));
#9509 = CARTESIAN_POINT('',(1.570796326795,96.4));
#9510 = ( GEOMETRIC_REPRESENTATION_CONTEXT(2) 
PARAMETRIC_REPRESENTATION_CONTEXT() REPRESENTATION_CONTEXT('2D SPACE',''
  ) );
#9511 = PCURVE('',#6040,#9512);
#9512 = DEFINITIONAL_REPRESENTATION('',(#9513),#9540);
#9513 = B_SPLINE_CURVE_WITH_KNOTS('',7,(#9514,#9515,#9516,#9517,#9518,
    #9519,#9520,#9521,#9522,#9523,#9524,#9525,#9526,#9527,#9528,#9529,
    #9530,#9531,#9532,#9533,#9534,#9535,#9536,#9537,#9538,#9539),
  .UNSPECIFIED.,.F.,.F.,(8,6,6,6,8),(0.,0.151853175367,0.292172273441,
    0.618153392109,1.),.UNSPECIFIED.);
#9514 = CARTESIAN_POINT('',(1.113887128133,229.2));
#9515 = CARTESIAN_POINT('',(1.080997780408,229.2));
#9516 = CARTESIAN_POINT('',(1.048639568269,229.17526510852));
#9517 = CARTESIAN_POINT('',(1.016873261635,229.12891190751));
#9518 = CARTESIAN_POINT('',(0.985747158163,229.0637641444));
#9519 = CARTESIAN_POINT('',(0.955302593359,228.98241346101));
#9520 = CARTESIAN_POINT('',(0.925577407649,228.88725900918));
#9521 = CARTESIAN_POINT('',(0.869837765607,228.68189985513));
#9522 = CARTESIAN_POINT('',(0.84363902899,228.57311506805));
#9523 = CARTESIAN_POINT('',(0.817989236669,228.45562079402));
#9524 = CARTESIAN_POINT('',(0.792860750917,228.33061125585));
#9525 = CARTESIAN_POINT('',(0.768220591015,228.19905447772));
#9526 = CARTESIAN_POINT('',(0.744030682409,228.06171478928));
#9527 = CARTESIAN_POINT('',(0.664997411257,227.58801514037));
#9528 = CARTESIAN_POINT('',(0.611803201136,227.22791762144));
#9529 = CARTESIAN_POINT('',(0.56045839365,226.8477228237));
#9530 = CARTESIAN_POINT('',(0.510721980576,226.4531514665));
#9531 = CARTESIAN_POINT('',(0.462316133679,226.04764688982));
#9532 = CARTESIAN_POINT('',(0.414927275534,225.6328273632));
#9533 = CARTESIAN_POINT('',(0.313465937557,224.71234006072));
#9534 = CARTESIAN_POINT('',(0.259805521391,224.20478997974));
#9535 = CARTESIAN_POINT('',(0.207006654204,223.69006728481));
#9536 = CARTESIAN_POINT('',(0.154855138523,223.1707247106));
#9537 = CARTESIAN_POINT('',(0.103128751654,222.64846778253));
#9538 = CARTESIAN_POINT('',(5.159312990469E-02,222.12452797399));
#9539 = CARTESIAN_POINT('',(0.,221.6));
#9540 = ( GEOMETRIC_REPRESENTATION_CONTEXT(2) 
PARAMETRIC_REPRESENTATION_CONTEXT() REPRESENTATION_CONTEXT('2D SPACE',''
  ) );
#9541 = ORIENTED_EDGE('',*,*,#9542,.F.);
#9542 = EDGE_CURVE('',#6248,#9451,#9543,.T.);
#9543 = SURFACE_CURVE('',#9544,(#9625,#9709),.PCURVE_S1.);
#9544 = B_SPLINE_CURVE_WITH_KNOTS('',7,(#9545,#9546,#9547,#9548,#9549,
    #9550,#9551,#9552,#9553,#9554,#9555,#9556,#9557,#9558,#9559,#9560,
    #9561,#9562,#9563,#9564,#9565,#9566,#9567,#9568,#9569,#9570,#9571,
    #9572,#9573,#9574,#9575,#9576,#9577,#9578,#9579,#9580,#9581,#9582,
    #9583,#9584,#9585,#9586,#9587,#9588,#9589,#9590,#9591,#9592,#9593,
    #9594,#9595,#9596,#9597,#9598,#9599,#9600,#9601,#9602,#9603,#9604,
    #9605,#9606,#9607,#9608,#9609,#9610,#9611,#9612,#9613,#9614,#9615,
    #9616,#9617,#9618,#9619,#9620,#9621,#9622,#9623,#9624),
  .UNSPECIFIED.,.F.,.F.,(8,6,6,6,6,6,6,6,6,6,6,6,6,8),(0.,
    7.039779716978E-04,1.407955605894E-03,2.111932564933E-03,
    2.791633499207E-03,3.398508288059E-03,4.078206603544E-03,
    4.782177933276E-03,5.486146969947E-03,6.19011337603E-03,
    0.347290013667,0.653241900073,0.795069206883,1.),.UNSPECIFIED.);
#9545 = CARTESIAN_POINT('',(231.6,70.,95.4));
#9546 = CARTESIAN_POINT('',(231.6,70.000965969538,95.401292189149));
#9547 = CARTESIAN_POINT('',(231.59999985676,70.001931939077,
    95.402584378297));
#9548 = CARTESIAN_POINT('',(231.59999957028,70.002897908606,
    95.403876567443));
#9549 = CARTESIAN_POINT('',(231.59999914056,70.003863878115,
    95.405168756585));
#9550 = CARTESIAN_POINT('',(231.59999856761,70.004829847594,
    95.40646094572));
#9551 = CARTESIAN_POINT('',(231.59999785142,70.005795817033,
    95.407753134846));
#9552 = CARTESIAN_POINT('',(231.59999613255,70.007727755346,
    95.410337512459));
#9553 = CARTESIAN_POINT('',(231.59999512988,70.008693724221,
    95.411629700944));
#9554 = CARTESIAN_POINT('',(231.59999398397,70.009659693035,
    95.412921889417));
#9555 = CARTESIAN_POINT('',(231.59999269483,70.010625661779,
    95.414214077875));
#9556 = CARTESIAN_POINT('',(231.59999126244,70.011591630443,
    95.415506266315));
#9557 = CARTESIAN_POINT('',(231.59998968682,70.012557599016,
    95.416798454735));
#9558 = CARTESIAN_POINT('',(231.59998624909,70.014489535036,
    95.419382830294));
#9559 = CARTESIAN_POINT('',(231.59998438699,70.015455502482,
    95.420675017433));
#9560 = CARTESIAN_POINT('',(231.59998238165,70.016421469817,
    95.421967204547));
#9561 = CARTESIAN_POINT('',(231.59998023308,70.017387437032,
    95.423259391636));
#9562 = CARTESIAN_POINT('',(231.59997794126,70.018353404116,
    95.424551578696));
#9563 = CARTESIAN_POINT('',(231.59997550621,70.01931937106,
    95.425843765726));
#9564 = CARTESIAN_POINT('',(231.59997043853,70.021217994132,
    95.428383579793));
#9565 = CARTESIAN_POINT('',(231.59996781561,70.022150650272,
    95.429631206831));
#9566 = CARTESIAN_POINT('',(231.59996505917,70.023083306261,
    95.430878833837));
#9567 = CARTESIAN_POINT('',(231.5999621692,70.024015962092,
    95.432126460809));
#9568 = CARTESIAN_POINT('',(231.59995914569,70.024948617755,
    95.433374087745));
#9569 = CARTESIAN_POINT('',(231.59995598865,70.025881273242,
    95.434621714643));
#9570 = CARTESIAN_POINT('',(231.59994976009,70.027646655056,
    95.436983292134));
#9571 = CARTESIAN_POINT('',(231.59994671564,70.028479381421,
    95.438097242735));
#9572 = CARTESIAN_POINT('',(231.59994356474,70.029312107631,
    95.439211193303));
#9573 = CARTESIAN_POINT('',(231.59994030739,70.03014483368,
    95.440325143837));
#9574 = CARTESIAN_POINT('',(231.59993694359,70.030977559562,
    95.441439094334));
#9575 = CARTESIAN_POINT('',(231.59993347334,70.03181028527,
    95.442553044794));
#9576 = CARTESIAN_POINT('',(231.59992589074,70.033575661402,
    95.44491461703));
#9577 = CARTESIAN_POINT('',(231.59992175131,70.034508311781,
    95.446162238795));
#9578 = CARTESIAN_POINT('',(231.59991747836,70.035440961924,
    95.44740986051));
#9579 = CARTESIAN_POINT('',(231.59991307187,70.036373611823,
    95.448657482172));
#9580 = CARTESIAN_POINT('',(231.59990853185,70.037306261468,
    95.44990510378));
#9581 = CARTESIAN_POINT('',(231.59990385831,70.038238910851,
    95.451152725331));
#9582 = CARTESIAN_POINT('',(231.59989407248,70.04013751533,
    95.453692522693));
#9583 = CARTESIAN_POINT('',(231.59988895049,70.041103470406,
    95.4549846985));
#9584 = CARTESIAN_POINT('',(231.59988368527,70.04206942518,
    95.456276874241));
#9585 = CARTESIAN_POINT('',(231.5998782768,70.043035379643,
    95.457569049916));
#9586 = CARTESIAN_POINT('',(231.5998727251,70.044001333785,
    95.458861225522));
#9587 = CARTESIAN_POINT('',(231.59986703016,70.044967287596,
    95.460153401057));
#9588 = CARTESIAN_POINT('',(231.59985535381,70.046899191389,
    95.46273774777));
#9589 = CARTESIAN_POINT('',(231.59984937241,70.04786514137,
    95.464029918948));
#9590 = CARTESIAN_POINT('',(231.59984324777,70.048831091001,
    95.465322090052));
#9591 = CARTESIAN_POINT('',(231.59983697989,70.04979704027,
    95.466614261077));
#9592 = CARTESIAN_POINT('',(231.59983056877,70.050762989167,
    95.467906432023));
#9593 = CARTESIAN_POINT('',(231.59982401441,70.051728937683,
    95.469198602886));
#9594 = CARTESIAN_POINT('',(231.59981061924,70.053660830323,
    95.471782939616));
#9595 = CARTESIAN_POINT('',(231.59980377843,70.054626774446,
    95.473075105483));
#9596 = CARTESIAN_POINT('',(231.59979679438,70.055592718168,
    95.474367271263));
#9597 = CARTESIAN_POINT('',(231.59978966709,70.056558661478,
    95.475659436955));
#9598 = CARTESIAN_POINT('',(231.59978239656,70.057524604366,
    95.476951602556));
#9599 = CARTESIAN_POINT('',(231.59977498279,70.058490546823,
    95.478243768064));
#9600 = CARTESIAN_POINT('',(231.59610575182,70.527494057246,
    96.105641795646));
#9601 = CARTESIAN_POINT('',(231.5588164059,70.995143163321,
    96.731344954432));
#9602 = CARTESIAN_POINT('',(231.48793938838,71.461501558187,
    97.356719074836));
#9603 = CARTESIAN_POINT('',(231.38296577204,71.925610204578,
    97.981769969617));
#9604 = CARTESIAN_POINT('',(231.24288038922,72.386260772496,
    98.6062815205));
#9605 = CARTESIAN_POINT('',(231.0662074212,72.841785814343,
    99.229673983534));
#9606 = CARTESIAN_POINT('',(230.65807994486,73.691709366175,
    100.40806488684));
#9607 = CARTESIAN_POINT('',(230.43450016069,74.086832324303,
    100.96246952362));
#9608 = CARTESIAN_POINT('',(230.17853464168,74.474842435682,
    101.51513313786));
#9609 = CARTESIAN_POINT('',(229.88770792215,74.854519480461,
    102.0663060903));
#9610 = CARTESIAN_POINT('',(229.55903967854,75.223519549821,
    102.61529090939));
#9611 = CARTESIAN_POINT('',(229.18925473992,75.578085368255,
    103.16023948576));
#9612 = CARTESIAN_POINT('',(228.58311341042,76.067616595395,
    103.94732227137));
#9613 = CARTESIAN_POINT('',(228.3814654386,76.218454579092,
    104.19524491487));
#9614 = CARTESIAN_POINT('',(228.16960686501,76.36466864617,
    104.44174052829));
#9615 = CARTESIAN_POINT('',(227.946971897,76.505694159751,
    104.68662859436));
#9616 = CARTESIAN_POINT('',(227.71299557372,76.640797472274,
    104.92959419215));
#9617 = CARTESIAN_POINT('',(227.46713487264,76.769056995537,
    105.17018487537));
#9618 = CARTESIAN_POINT('',(226.83575122257,77.063140697918,
    105.75116549988));
#9619 = CARTESIAN_POINT('',(226.43508674449,77.221067046845,
    106.08987022534));
#9620 = CARTESIAN_POINT('',(226.00587458032,77.359016960869,
    106.42123017953));
#9621 = CARTESIAN_POINT('',(225.54745559948,77.472132903647,
    106.74209621683));
#9622 = CARTESIAN_POINT('',(225.05970866445,77.554694643135,
    107.04892880439));
#9623 = CARTESIAN_POINT('',(224.54326157709,77.6,107.33784685607));
#9624 = CARTESIAN_POINT('',(224.,77.6,107.60491704191));
#9625 = PCURVE('',#6068,#9626);
#9626 = DEFINITIONAL_REPRESENTATION('',(#9627),#9708);
#9627 = B_SPLINE_CURVE_WITH_KNOTS('',7,(#9628,#9629,#9630,#9631,#9632,
    #9633,#9634,#9635,#9636,#9637,#9638,#9639,#9640,#9641,#9642,#9643,
    #9644,#9645,#9646,#9647,#9648,#9649,#9650,#9651,#9652,#9653,#9654,
    #9655,#9656,#9657,#9658,#9659,#9660,#9661,#9662,#9663,#9664,#9665,
    #9666,#9667,#9668,#9669,#9670,#9671,#9672,#9673,#9674,#9675,#9676,
    #9677,#9678,#9679,#9680,#9681,#9682,#9683,#9684,#9685,#9686,#9687,
    #9688,#9689,#9690,#9691,#9692,#9693,#9694,#9695,#9696,#9697,#9698,
    #9699,#9700,#9701,#9702,#9703,#9704,#9705,#9706,#9707),
  .UNSPECIFIED.,.F.,.F.,(8,6,6,6,6,6,6,6,6,6,6,6,6,8),(0.,
    7.039779716978E-04,1.407955605894E-03,2.111932564933E-03,
    2.791633499207E-03,3.398508288059E-03,4.078206603544E-03,
    4.782177933276E-03,5.486146969947E-03,6.19011337603E-03,
    0.347290013667,0.653241900073,0.795069206883,1.),.UNSPECIFIED.);
#9628 = CARTESIAN_POINT('',(0.,96.4));
#9629 = CARTESIAN_POINT('',(1.271012550367E-04,96.401292189149));
#9630 = CARTESIAN_POINT('',(2.542025101398E-04,96.402584378297));
#9631 = CARTESIAN_POINT('',(3.813037673152E-04,96.403876567443));
#9632 = CARTESIAN_POINT('',(5.084050285722E-04,96.405168756585));
#9633 = CARTESIAN_POINT('',(6.355062959233E-04,96.40646094572));
#9634 = CARTESIAN_POINT('',(7.626075713841E-04,96.407753134846));
#9635 = CARTESIAN_POINT('',(1.016810081628E-03,96.410337512459));
#9636 = CARTESIAN_POINT('',(1.14391131643E-03,96.411629700944));
#9637 = CARTESIAN_POINT('',(1.27101256342E-03,96.412921889417));
#9638 = CARTESIAN_POINT('',(1.398113824635E-03,96.414214077875));
#9639 = CARTESIAN_POINT('',(1.525215102108E-03,96.415506266315));
#9640 = CARTESIAN_POINT('',(1.65231639787E-03,96.416798454735));
#9641 = CARTESIAN_POINT('',(1.906518908127E-03,96.419382830294));
#9642 = CARTESIAN_POINT('',(2.033620122628E-03,96.420675017433));
#9643 = CARTESIAN_POINT('',(2.160721359474E-03,96.421967204547));
#9644 = CARTESIAN_POINT('',(2.287822620693E-03,96.423259391636));
#9645 = CARTESIAN_POINT('',(2.414923908317E-03,96.424551578696));
#9646 = CARTESIAN_POINT('',(2.542025224379E-03,96.425843765726));
#9647 = CARTESIAN_POINT('',(2.791844939589E-03,96.428383579793));
#9648 = CARTESIAN_POINT('',(2.914563336672E-03,96.429631206831));
#9649 = CARTESIAN_POINT('',(3.037281763988E-03,96.430878833837));
#9650 = CARTESIAN_POINT('',(3.160000223361E-03,96.432126460809));
#9651 = CARTESIAN_POINT('',(3.282718716619E-03,96.433374087745));
#9652 = CARTESIAN_POINT('',(3.405437245598E-03,96.434621714643));
#9653 = CARTESIAN_POINT('',(3.637725772102E-03,96.436983292134));
#9654 = CARTESIAN_POINT('',(3.747295762014E-03,96.438097242735));
#9655 = CARTESIAN_POINT('',(3.856865783161E-03,96.439211193303));
#9656 = CARTESIAN_POINT('',(3.966435836837E-03,96.440325143837));
#9657 = CARTESIAN_POINT('',(4.076005924342E-03,96.441439094334));
#9658 = CARTESIAN_POINT('',(4.185576046985E-03,96.442553044794));
#9659 = CARTESIAN_POINT('',(4.41786452283E-03,96.44491461703));
#9660 = CARTESIAN_POINT('',(4.540582885301E-03,96.446162238795));
#9661 = CARTESIAN_POINT('',(4.66330129531E-03,96.44740986051));
#9662 = CARTESIAN_POINT('',(4.786019754683E-03,96.448657482172));
#9663 = CARTESIAN_POINT('',(4.908738265249E-03,96.44990510378));
#9664 = CARTESIAN_POINT('',(5.03145682884E-03,96.451152725331));
#9665 = CARTESIAN_POINT('',(5.28127652589E-03,96.453692522693));
#9666 = CARTESIAN_POINT('',(5.408377663336E-03,96.4549846985));
#9667 = CARTESIAN_POINT('',(5.535478861656E-03,96.456276874241));
#9668 = CARTESIAN_POINT('',(5.662580122874E-03,96.457569049916));
#9669 = CARTESIAN_POINT('',(5.789681449023E-03,96.458861225522));
#9670 = CARTESIAN_POINT('',(5.91678284214E-03,96.460153401057));
#9671 = CARTESIAN_POINT('',(6.170985352389E-03,96.46273774777));
#9672 = CARTESIAN_POINT('',(6.298086469513E-03,96.464029918948));
#9673 = CARTESIAN_POINT('',(6.425187657671E-03,96.465322090052));
#9674 = CARTESIAN_POINT('',(6.552288918891E-03,96.466614261077));
#9675 = CARTESIAN_POINT('',(6.679390255204E-03,96.467906432023));
#9676 = CARTESIAN_POINT('',(6.806491668644E-03,96.469198602886));
#9677 = CARTESIAN_POINT('',(7.060694178892E-03,96.471782939616));
#9678 = CARTESIAN_POINT('',(7.187795275701E-03,96.473075105483));
#9679 = CARTESIAN_POINT('',(7.314896453698E-03,96.474367271263));
#9680 = CARTESIAN_POINT('',(7.441997714916E-03,96.475659436955));
#9681 = CARTESIAN_POINT('',(7.569099061386E-03,96.476951602556));
#9682 = CARTESIAN_POINT('',(7.696200495142E-03,96.478243768064));
#9683 = CARTESIAN_POINT('',(6.940907723826E-02,97.105641795646));
#9684 = CARTESIAN_POINT('',(0.130978465738,97.731344954432));
#9685 = CARTESIAN_POINT('',(0.192793637478,98.356719074836));
#9686 = CARTESIAN_POINT('',(0.255110889999,98.981769969617));
#9687 = CARTESIAN_POINT('',(0.318185087496,99.6062815205));
#9688 = CARTESIAN_POINT('',(0.382278915782,100.22967398353));
#9689 = CARTESIAN_POINT('',(0.506336169627,101.40806488684));
#9690 = CARTESIAN_POINT('',(0.565937090144,101.96246952362));
#9691 = CARTESIAN_POINT('',(0.626868742367,102.51513313786));
#9692 = CARTESIAN_POINT('',(0.689504146442,103.0663060903));
#9693 = CARTESIAN_POINT('',(0.754215025413,103.61529090939));
#9694 = CARTESIAN_POINT('',(0.821380293242,104.16023948576));
#9695 = CARTESIAN_POINT('',(0.923897784966,104.94732227137));
#9696 = CARTESIAN_POINT('',(0.95700934261,105.19524491487));
#9697 = CARTESIAN_POINT('',(0.990839720718,105.44174052829));
#9698 = CARTESIAN_POINT('',(1.02546610021,105.68662859436));
#9699 = CARTESIAN_POINT('',(1.060965435514,105.92959419215));
#9700 = CARTESIAN_POINT('',(1.097416084886,106.17018487537));
#9701 = CARTESIAN_POINT('',(1.189062549106,106.75116549988));
#9702 = CARTESIAN_POINT('',(1.24562557054,107.08987022534));
#9703 = CARTESIAN_POINT('',(1.304743598624,107.42123017953));
#9704 = CARTESIAN_POINT('',(1.366587385071,107.74209621683));
#9705 = CARTESIAN_POINT('',(1.431360933184,108.04892880439));
#9706 = CARTESIAN_POINT('',(1.499314540336,108.33784685607));
#9707 = CARTESIAN_POINT('',(1.570796326795,108.60491704191));
#9708 = ( GEOMETRIC_REPRESENTATION_CONTEXT(2) 
PARAMETRIC_REPRESENTATION_CONTEXT() REPRESENTATION_CONTEXT('2D SPACE',''
  ) );
#9709 = PCURVE('',#6286,#9710);
#9710 = DEFINITIONAL_REPRESENTATION('',(#9711),#9792);
#9711 = B_SPLINE_CURVE_WITH_KNOTS('',7,(#9712,#9713,#9714,#9715,#9716,
    #9717,#9718,#9719,#9720,#9721,#9722,#9723,#9724,#9725,#9726,#9727,
    #9728,#9729,#9730,#9731,#9732,#9733,#9734,#9735,#9736,#9737,#9738,
    #9739,#9740,#9741,#9742,#9743,#9744,#9745,#9746,#9747,#9748,#9749,
    #9750,#9751,#9752,#9753,#9754,#9755,#9756,#9757,#9758,#9759,#9760,
    #9761,#9762,#9763,#9764,#9765,#9766,#9767,#9768,#9769,#9770,#9771,
    #9772,#9773,#9774,#9775,#9776,#9777,#9778,#9779,#9780,#9781,#9782,
    #9783,#9784,#9785,#9786,#9787,#9788,#9789,#9790,#9791),
  .UNSPECIFIED.,.F.,.F.,(8,6,6,6,6,6,6,6,6,6,6,6,6,8),(0.,
    7.039779716978E-04,1.407955605894E-03,2.111932564933E-03,
    2.791633499207E-03,3.398508288059E-03,4.078206603544E-03,
    4.782177933276E-03,5.486146969947E-03,6.19011337603E-03,
    0.347290013667,0.653241900073,0.795069206883,1.),.UNSPECIFIED.);
#9712 = CARTESIAN_POINT('',(0.,67.6));
#9713 = CARTESIAN_POINT('',(-9.501390799742E-05,67.600965969538));
#9714 = CARTESIAN_POINT('',(-1.900278159668E-04,67.601931939077));
#9715 = CARTESIAN_POINT('',(-2.850417251612E-04,67.602897908606));
#9716 = CARTESIAN_POINT('',(-3.800556368321E-04,67.603863878115));
#9717 = CARTESIAN_POINT('',(-4.750695522296E-04,67.604829847594));
#9718 = CARTESIAN_POINT('',(-5.700834726026E-04,67.605795817033));
#9719 = CARTESIAN_POINT('',(-7.60111280242E-04,67.607727755346));
#9720 = CARTESIAN_POINT('',(-8.551251675009E-04,67.608693724221));
#9721 = CARTESIAN_POINT('',(-9.50139062213E-04,67.609659693035));
#9722 = CARTESIAN_POINT('',(-1.045152965618E-03,67.610625661779));
#9723 = CARTESIAN_POINT('',(-1.140166878957E-03,67.611591630443));
#9724 = CARTESIAN_POINT('',(-1.235180803473E-03,67.612557599016));
#9725 = CARTESIAN_POINT('',(-1.425208586224E-03,67.614489535036));
#9726 = CARTESIAN_POINT('',(-1.520222444456E-03,67.615455502482));
#9727 = CARTESIAN_POINT('',(-1.615236316353E-03,67.616421469817));
#9728 = CARTESIAN_POINT('',(-1.710250203157E-03,67.617387437032));
#9729 = CARTESIAN_POINT('',(-1.80526410611E-03,67.618353404116));
#9730 = CARTESIAN_POINT('',(-1.900278026454E-03,67.61931937106));
#9731 = CARTESIAN_POINT('',(-2.087029432487E-03,67.621217994132));
#9732 = CARTESIAN_POINT('',(-2.178766916912E-03,67.622150650272));
#9733 = CARTESIAN_POINT('',(-2.270504419825E-03,67.623083306261));
#9734 = CARTESIAN_POINT('',(-2.362241942347E-03,67.624015962092));
#9735 = CARTESIAN_POINT('',(-2.453979485595E-03,67.624948617755));
#9736 = CARTESIAN_POINT('',(-2.545717050685E-03,67.625881273242));
#9737 = CARTESIAN_POINT('',(-2.719363058398E-03,67.627646655056));
#9738 = CARTESIAN_POINT('',(-2.801271496365E-03,67.62847938142));
#9739 = CARTESIAN_POINT('',(-2.883179953432E-03,67.629312107631));
#9740 = CARTESIAN_POINT('',(-2.965088430396E-03,67.63014483368));
#9741 = CARTESIAN_POINT('',(-3.046996928055E-03,67.630977559562));
#9742 = CARTESIAN_POINT('',(-3.128905447201E-03,67.63181028527));
#9743 = CARTESIAN_POINT('',(-3.302551359585E-03,67.633575661402));
#9744 = CARTESIAN_POINT('',(-3.394288758492E-03,67.634508311781));
#9745 = CARTESIAN_POINT('',(-3.486026186469E-03,67.635440961924));
#9746 = CARTESIAN_POINT('',(-3.577763644634E-03,67.636373611823));
#9747 = CARTESIAN_POINT('',(-3.669501134106E-03,67.637306261468));
#9748 = CARTESIAN_POINT('',(-3.761238656001E-03,67.638238910851));
#9749 = CARTESIAN_POINT('',(-3.947989848237E-03,67.64013751533));
#9750 = CARTESIAN_POINT('',(-4.043003521016E-03,67.641103470406));
#9751 = CARTESIAN_POINT('',(-4.138017231017E-03,67.64206942518));
#9752 = CARTESIAN_POINT('',(-4.233030979484E-03,67.643035379643));
#9753 = CARTESIAN_POINT('',(-4.32804476766E-03,67.644001333785));
#9754 = CARTESIAN_POINT('',(-4.423058596784E-03,67.644967287596));
#9755 = CARTESIAN_POINT('',(-4.613086029911E-03,67.646899191389));
#9756 = CARTESIAN_POINT('',(-4.708099633917E-03,67.64786514137));
#9757 = CARTESIAN_POINT('',(-4.803113281355E-03,67.648831091001));
#9758 = CARTESIAN_POINT('',(-4.898126973467E-03,67.64979704027));
#9759 = CARTESIAN_POINT('',(-4.993140711495E-03,67.650762989167));
#9760 = CARTESIAN_POINT('',(-5.088154496683E-03,67.651728937683));
#9761 = CARTESIAN_POINT('',(-5.278181808813E-03,67.653660830323));
#9762 = CARTESIAN_POINT('',(-5.373195335754E-03,67.654626774446));
#9763 = CARTESIAN_POINT('',(-5.468208912339E-03,67.655592718168));
#9764 = CARTESIAN_POINT('',(-5.563222539808E-03,67.656558661478));
#9765 = CARTESIAN_POINT('',(-5.658236219404E-03,67.657524604366));
#9766 = CARTESIAN_POINT('',(-5.753249952368E-03,67.658490546823));
#9767 = CARTESIAN_POINT('',(-5.188624678527E-02,68.127494057246));
#9768 = CARTESIAN_POINT('',(-9.790910235431E-02,68.595143163321));
#9769 = CARTESIAN_POINT('',(-0.14408148588,69.061501558187));
#9770 = CARTESIAN_POINT('',(-0.190563224884,69.525610204578));
#9771 = CARTESIAN_POINT('',(-0.237509836313,69.986260772496));
#9772 = CARTESIAN_POINT('',(-0.285074749165,70.441785814343));
#9773 = CARTESIAN_POINT('',(-0.376770765298,71.291709366175));
#9774 = CARTESIAN_POINT('',(-0.420671137239,71.686832324303));
#9775 = CARTESIAN_POINT('',(-0.465362980296,72.074842435682));
#9776 = CARTESIAN_POINT('',(-0.511071475188,72.454519480461));
#9777 = CARTESIAN_POINT('',(-0.55800176479,72.823519549821));
#9778 = CARTESIAN_POINT('',(-0.60633848311,73.178085368255));
#9779 = CARTESIAN_POINT('',(-0.679384934606,73.667616595395));
#9780 = CARTESIAN_POINT('',(-0.702874721927,73.818454579092));
#9781 = CARTESIAN_POINT('',(-0.726759694696,73.96466864617));
#9782 = CARTESIAN_POINT('',(-0.751077720519,74.105694159751));
#9783 = CARTESIAN_POINT('',(-0.775862680365,74.240797472274));
#9784 = CARTESIAN_POINT('',(-0.801144369731,74.369056995537));
#9785 = CARTESIAN_POINT('',(-0.86423345342,74.663140697918));
#9786 = CARTESIAN_POINT('',(-0.902776230385,74.821067046845));
#9787 = CARTESIAN_POINT('',(-0.942582575569,74.959016960869));
#9788 = CARTESIAN_POINT('',(-0.983641983559,75.072132903647));
#9789 = CARTESIAN_POINT('',(-1.02592441064,75.154694643135));
#9790 = CARTESIAN_POINT('',(-1.069375430493,75.2));
#9791 = CARTESIAN_POINT('',(-1.113887128133,75.2));
#9792 = ( GEOMETRIC_REPRESENTATION_CONTEXT(2) 
PARAMETRIC_REPRESENTATION_CONTEXT() REPRESENTATION_CONTEXT('2D SPACE',''
  ) );
#9793 = ADVANCED_FACE('',(#9794),#6040,.F.);
#9794 = FACE_BOUND('',#9795,.F.);
#9795 = EDGE_LOOP('',(#9796,#9797,#9798,#9821,#9855,#9856));
#9796 = ORIENTED_EDGE('',*,*,#9172,.F.);
#9797 = ORIENTED_EDGE('',*,*,#9031,.T.);
#9798 = ORIENTED_EDGE('',*,*,#9799,.T.);
#9799 = EDGE_CURVE('',#8732,#9800,#9802,.T.);
#9800 = VERTEX_POINT('',#9801);
#9801 = CARTESIAN_POINT('',(218.,64.,109.));
#9802 = SURFACE_CURVE('',#9803,(#9807,#9814),.PCURVE_S1.);
#9803 = LINE('',#9804,#9805);
#9804 = CARTESIAN_POINT('',(2.4,64.,109.));
#9805 = VECTOR('',#9806,1.);
#9806 = DIRECTION('',(1.,0.,0.));
#9807 = PCURVE('',#6040,#9808);
#9808 = DEFINITIONAL_REPRESENTATION('',(#9809),#9813);
#9809 = LINE('',#9810,#9811);
#9810 = CARTESIAN_POINT('',(1.570796326795,0.));
#9811 = VECTOR('',#9812,1.);
#9812 = DIRECTION('',(0.,1.));
#9813 = ( GEOMETRIC_REPRESENTATION_CONTEXT(2) 
PARAMETRIC_REPRESENTATION_CONTEXT() REPRESENTATION_CONTEXT('2D SPACE',''
  ) );
#9814 = PCURVE('',#8747,#9815);
#9815 = DEFINITIONAL_REPRESENTATION('',(#9816),#9820);
#9816 = LINE('',#9817,#9818);
#9817 = CARTESIAN_POINT('',(13.6,0.));
#9818 = VECTOR('',#9819,1.);
#9819 = DIRECTION('',(0.,-1.));
#9820 = ( GEOMETRIC_REPRESENTATION_CONTEXT(2) 
PARAMETRIC_REPRESENTATION_CONTEXT() REPRESENTATION_CONTEXT('2D SPACE',''
  ) );
#9821 = ORIENTED_EDGE('',*,*,#9822,.F.);
#9822 = EDGE_CURVE('',#9451,#9800,#9823,.T.);
#9823 = SURFACE_CURVE('',#9824,(#9829,#9842),.PCURVE_S1.);
#9824 = ELLIPSE('',#9825,19.233304448274,13.6);
#9825 = AXIS2_PLACEMENT_3D('',#9826,#9827,#9828);
#9826 = CARTESIAN_POINT('',(218.,64.,95.4));
#9827 = DIRECTION('',(0.707106781187,-0.707106781187,0.));
#9828 = DIRECTION('',(0.707106781187,0.707106781187,0.));
#9829 = PCURVE('',#6040,#9830);
#9830 = DEFINITIONAL_REPRESENTATION('',(#9831),#9841);
#9831 = B_SPLINE_CURVE_WITH_KNOTS('',8,(#9832,#9833,#9834,#9835,#9836,
    #9837,#9838,#9839,#9840),.UNSPECIFIED.,.F.,.F.,(9,9),(0.,
    1.570796326795),.PIECEWISE_BEZIER_KNOTS.);
#9832 = CARTESIAN_POINT('',(0.,229.2));
#9833 = CARTESIAN_POINT('',(0.196349540849,229.2));
#9834 = CARTESIAN_POINT('',(0.392699081699,228.60077344701));
#9835 = CARTESIAN_POINT('',(0.589048622545,227.40232542925));
#9836 = CARTESIAN_POINT('',(0.785398163396,225.65391900995));
#9837 = CARTESIAN_POINT('',(0.981747704244,223.4541803511));
#9838 = CARTESIAN_POINT('',(1.178097245097,220.94070814541));
#9839 = CARTESIAN_POINT('',(1.374446785946,218.27035375555));
#9840 = CARTESIAN_POINT('',(1.570796326795,215.6));
#9841 = ( GEOMETRIC_REPRESENTATION_CONTEXT(2) 
PARAMETRIC_REPRESENTATION_CONTEXT() REPRESENTATION_CONTEXT('2D SPACE',''
  ) );
#9842 = PCURVE('',#6286,#9843);
#9843 = DEFINITIONAL_REPRESENTATION('',(#9844),#9854);
#9844 = B_SPLINE_CURVE_WITH_KNOTS('',8,(#9845,#9846,#9847,#9848,#9849,
    #9850,#9851,#9852,#9853),.UNSPECIFIED.,.F.,.F.,(9,9),(0.,
    1.570796326795),.PIECEWISE_BEZIER_KNOTS.);
#9845 = CARTESIAN_POINT('',(0.,75.2));
#9846 = CARTESIAN_POINT('',(-0.196349540849,75.2));
#9847 = CARTESIAN_POINT('',(-0.392699081699,74.600773446502));
#9848 = CARTESIAN_POINT('',(-0.589048622548,73.402325430245));
#9849 = CARTESIAN_POINT('',(-0.785398163398,71.653919007455));
#9850 = CARTESIAN_POINT('',(-0.981747704245,69.454180352564));
#9851 = CARTESIAN_POINT('',(-1.178097245096,66.940708145019));
#9852 = CARTESIAN_POINT('',(-1.374446785946,64.270353755551));
#9853 = CARTESIAN_POINT('',(-1.570796326795,61.6));
#9854 = ( GEOMETRIC_REPRESENTATION_CONTEXT(2) 
PARAMETRIC_REPRESENTATION_CONTEXT() REPRESENTATION_CONTEXT('2D SPACE',''
  ) );
#9855 = ORIENTED_EDGE('',*,*,#9450,.T.);
#9856 = ORIENTED_EDGE('',*,*,#6024,.F.);
#9857 = ADVANCED_FACE('',(#9858,#9883),#6202,.F.);
#9858 = FACE_BOUND('',#9859,.F.);
#9859 = EDGE_LOOP('',(#9860,#9861,#9882));
#9860 = ORIENTED_EDGE('',*,*,#9374,.F.);
#9861 = ORIENTED_EDGE('',*,*,#9862,.T.);
#9862 = EDGE_CURVE('',#9352,#6163,#9863,.T.);
#9863 = SURFACE_CURVE('',#9864,(#9868,#9875),.PCURVE_S1.);
#9864 = LINE('',#9865,#9866);
#9865 = CARTESIAN_POINT('',(224.,70.,3.));
#9866 = VECTOR('',#9867,1.);
#9867 = DIRECTION('',(1.,0.,0.));
#9868 = PCURVE('',#6202,#9869);
#9869 = DEFINITIONAL_REPRESENTATION('',(#9870),#9874);
#9870 = LINE('',#9871,#9872);
#9871 = CARTESIAN_POINT('',(0.,0.));
#9872 = VECTOR('',#9873,1.);
#9873 = DIRECTION('',(1.,0.));
#9874 = ( GEOMETRIC_REPRESENTATION_CONTEXT(2) 
PARAMETRIC_REPRESENTATION_CONTEXT() REPRESENTATION_CONTEXT('2D SPACE',''
  ) );
#9875 = PCURVE('',#6235,#9876);
#9876 = DEFINITIONAL_REPRESENTATION('',(#9877),#9881);
#9877 = LINE('',#9878,#9879);
#9878 = CARTESIAN_POINT('',(0.,0.));
#9879 = VECTOR('',#9880,1.);
#9880 = DIRECTION('',(0.,1.));
#9881 = ( GEOMETRIC_REPRESENTATION_CONTEXT(2) 
PARAMETRIC_REPRESENTATION_CONTEXT() REPRESENTATION_CONTEXT('2D SPACE',''
  ) );
#9882 = ORIENTED_EDGE('',*,*,#6187,.T.);
#9883 = FACE_BOUND('',#9884,.F.);
#9884 = EDGE_LOOP('',(#9885));
#9885 = ORIENTED_EDGE('',*,*,#9886,.F.);
#9886 = EDGE_CURVE('',#9887,#9887,#9889,.T.);
#9887 = VERTEX_POINT('',#9888);
#9888 = CARTESIAN_POINT('',(227.85,73.,3.));
#9889 = SURFACE_CURVE('',#9890,(#9895,#9902),.PCURVE_S1.);
#9890 = CIRCLE('',#9891,0.85);
#9891 = AXIS2_PLACEMENT_3D('',#9892,#9893,#9894);
#9892 = CARTESIAN_POINT('',(227.,73.,3.));
#9893 = DIRECTION('',(0.,0.,1.));
#9894 = DIRECTION('',(1.,0.,0.));
#9895 = PCURVE('',#6202,#9896);
#9896 = DEFINITIONAL_REPRESENTATION('',(#9897),#9901);
#9897 = CIRCLE('',#9898,0.85);
#9898 = AXIS2_PLACEMENT_2D('',#9899,#9900);
#9899 = CARTESIAN_POINT('',(3.,3.));
#9900 = DIRECTION('',(1.,0.));
#9901 = ( GEOMETRIC_REPRESENTATION_CONTEXT(2) 
PARAMETRIC_REPRESENTATION_CONTEXT() REPRESENTATION_CONTEXT('2D SPACE',''
  ) );
#9902 = PCURVE('',#9903,#9908);
#9903 = CYLINDRICAL_SURFACE('',#9904,0.85);
#9904 = AXIS2_PLACEMENT_3D('',#9905,#9906,#9907);
#9905 = CARTESIAN_POINT('',(227.,73.,3.));
#9906 = DIRECTION('',(-0.,-0.,-1.));
#9907 = DIRECTION('',(1.,0.,0.));
#9908 = DEFINITIONAL_REPRESENTATION('',(#9909),#9913);
#9909 = LINE('',#9910,#9911);
#9910 = CARTESIAN_POINT('',(-0.,0.));
#9911 = VECTOR('',#9912,1.);
#9912 = DIRECTION('',(-1.,0.));
#9913 = ( GEOMETRIC_REPRESENTATION_CONTEXT(2) 
PARAMETRIC_REPRESENTATION_CONTEXT() REPRESENTATION_CONTEXT('2D SPACE',''
  ) );
#9914 = ADVANCED_FACE('',(#9915),#6342,.T.);
#9915 = FACE_BOUND('',#9916,.T.);
#9916 = EDGE_LOOP('',(#9917,#9940,#9963,#9989));
#9917 = ORIENTED_EDGE('',*,*,#9918,.F.);
#9918 = EDGE_CURVE('',#9919,#6327,#9921,.T.);
#9919 = VERTEX_POINT('',#9920);
#9920 = CARTESIAN_POINT('',(224.,10.,3.));
#9921 = SURFACE_CURVE('',#9922,(#9926,#9933),.PCURVE_S1.);
#9922 = LINE('',#9923,#9924);
#9923 = CARTESIAN_POINT('',(224.,10.,3.));
#9924 = VECTOR('',#9925,1.);
#9925 = DIRECTION('',(1.,0.,0.));
#9926 = PCURVE('',#6342,#9927);
#9927 = DEFINITIONAL_REPRESENTATION('',(#9928),#9932);
#9928 = LINE('',#9929,#9930);
#9929 = CARTESIAN_POINT('',(0.,0.));
#9930 = VECTOR('',#9931,1.);
#9931 = DIRECTION('',(0.,1.));
#9932 = ( GEOMETRIC_REPRESENTATION_CONTEXT(2) 
PARAMETRIC_REPRESENTATION_CONTEXT() REPRESENTATION_CONTEXT('2D SPACE',''
  ) );
#9933 = PCURVE('',#6418,#9934);
#9934 = DEFINITIONAL_REPRESENTATION('',(#9935),#9939);
#9935 = LINE('',#9936,#9937);
#9936 = CARTESIAN_POINT('',(0.,10.));
#9937 = VECTOR('',#9938,1.);
#9938 = DIRECTION('',(1.,0.));
#9939 = ( GEOMETRIC_REPRESENTATION_CONTEXT(2) 
PARAMETRIC_REPRESENTATION_CONTEXT() REPRESENTATION_CONTEXT('2D SPACE',''
  ) );
#9940 = ORIENTED_EDGE('',*,*,#9941,.T.);
#9941 = EDGE_CURVE('',#9919,#9942,#9944,.T.);
#9942 = VERTEX_POINT('',#9943);
#9943 = CARTESIAN_POINT('',(224.,10.,15.));
#9944 = SURFACE_CURVE('',#9945,(#9949,#9956),.PCURVE_S1.);
#9945 = LINE('',#9946,#9947);
#9946 = CARTESIAN_POINT('',(224.,10.,3.));
#9947 = VECTOR('',#9948,1.);
#9948 = DIRECTION('',(0.,0.,1.));
#9949 = PCURVE('',#6342,#9950);
#9950 = DEFINITIONAL_REPRESENTATION('',(#9951),#9955);
#9951 = LINE('',#9952,#9953);
#9952 = CARTESIAN_POINT('',(0.,0.));
#9953 = VECTOR('',#9954,1.);
#9954 = DIRECTION('',(1.,0.));
#9955 = ( GEOMETRIC_REPRESENTATION_CONTEXT(2) 
PARAMETRIC_REPRESENTATION_CONTEXT() REPRESENTATION_CONTEXT('2D SPACE',''
  ) );
#9956 = PCURVE('',#6773,#9957);
#9957 = DEFINITIONAL_REPRESENTATION('',(#9958),#9962);
#9958 = LINE('',#9959,#9960);
#9959 = CARTESIAN_POINT('',(0.,-10.));
#9960 = VECTOR('',#9961,1.);
#9961 = DIRECTION('',(1.,0.));
#9962 = ( GEOMETRIC_REPRESENTATION_CONTEXT(2) 
PARAMETRIC_REPRESENTATION_CONTEXT() REPRESENTATION_CONTEXT('2D SPACE',''
  ) );
#9963 = ORIENTED_EDGE('',*,*,#9964,.T.);
#9964 = EDGE_CURVE('',#9942,#6299,#9965,.T.);
#9965 = SURFACE_CURVE('',#9966,(#9970,#9977),.PCURVE_S1.);
#9966 = LINE('',#9967,#9968);
#9967 = CARTESIAN_POINT('',(224.,10.,15.));
#9968 = VECTOR('',#9969,1.);
#9969 = DIRECTION('',(1.,0.,0.));
#9970 = PCURVE('',#6342,#9971);
#9971 = DEFINITIONAL_REPRESENTATION('',(#9972),#9976);
#9972 = LINE('',#9973,#9974);
#9973 = CARTESIAN_POINT('',(12.,0.));
#9974 = VECTOR('',#9975,1.);
#9975 = DIRECTION('',(0.,1.));
#9976 = ( GEOMETRIC_REPRESENTATION_CONTEXT(2) 
PARAMETRIC_REPRESENTATION_CONTEXT() REPRESENTATION_CONTEXT('2D SPACE',''
  ) );
#9977 = PCURVE('',#9978,#9983);
#9978 = PLANE('',#9979);
#9979 = AXIS2_PLACEMENT_3D('',#9980,#9981,#9982);
#9980 = CARTESIAN_POINT('',(224.,0.,15.));
#9981 = DIRECTION('',(0.,0.,1.));
#9982 = DIRECTION('',(1.,0.,0.));
#9983 = DEFINITIONAL_REPRESENTATION('',(#9984),#9988);
#9984 = LINE('',#9985,#9986);
#9985 = CARTESIAN_POINT('',(0.,10.));
#9986 = VECTOR('',#9987,1.);
#9987 = DIRECTION('',(1.,0.));
#9988 = ( GEOMETRIC_REPRESENTATION_CONTEXT(2) 
PARAMETRIC_REPRESENTATION_CONTEXT() REPRESENTATION_CONTEXT('2D SPACE',''
  ) );
#9989 = ORIENTED_EDGE('',*,*,#6326,.F.);
#9990 = ADVANCED_FACE('',(#9991),#6314,.F.);
#9991 = FACE_BOUND('',#9992,.T.);
#9992 = EDGE_LOOP('',(#9993,#9994,#10020,#10021,#10113));
#9993 = ORIENTED_EDGE('',*,*,#6298,.F.);
#9994 = ORIENTED_EDGE('',*,*,#9995,.T.);
#9995 = EDGE_CURVE('',#6299,#6737,#9996,.T.);
#9996 = SURFACE_CURVE('',#9997,(#10002,#10009),.PCURVE_S1.);
#9997 = CIRCLE('',#9998,7.6);
#9998 = AXIS2_PLACEMENT_3D('',#9999,#10000,#10001);
#9999 = CARTESIAN_POINT('',(224.,10.,15.));
#10000 = DIRECTION('',(-0.,-0.,-1.));
#10001 = DIRECTION('',(0.,-1.,0.));
#10002 = PCURVE('',#6314,#10003);
#10003 = DEFINITIONAL_REPRESENTATION('',(#10004),#10008);
#10004 = LINE('',#10005,#10006);
#10005 = CARTESIAN_POINT('',(4.712388980385,16.));
#10006 = VECTOR('',#10007,1.);
#10007 = DIRECTION('',(-1.,0.));
#10008 = ( GEOMETRIC_REPRESENTATION_CONTEXT(2) 
PARAMETRIC_REPRESENTATION_CONTEXT() REPRESENTATION_CONTEXT('2D SPACE',''
  ) );
#10009 = PCURVE('',#9978,#10010);
#10010 = DEFINITIONAL_REPRESENTATION('',(#10011),#10019);
#10011 = ( BOUNDED_CURVE() B_SPLINE_CURVE(2,(#10012,#10013,#10014,#10015
    ,#10016,#10017,#10018),.UNSPECIFIED.,.T.,.F.) 
B_SPLINE_CURVE_WITH_KNOTS((1,2,2,2,2,1),(-2.094395102393,0.,
    2.094395102393,4.188790204786,6.28318530718,8.377580409573),
.UNSPECIFIED.) CURVE() GEOMETRIC_REPRESENTATION_ITEM() 
RATIONAL_B_SPLINE_CURVE((1.,0.5,1.,0.5,1.,0.5,1.)) REPRESENTATION_ITEM(
  '') );
#10012 = CARTESIAN_POINT('',(0.,2.4));
#10013 = CARTESIAN_POINT('',(-13.16358613752,2.4));
#10014 = CARTESIAN_POINT('',(-6.581793068762,13.8));
#10015 = CARTESIAN_POINT('',(-1.861463134704E-15,25.2));
#10016 = CARTESIAN_POINT('',(6.581793068762,13.8));
#10017 = CARTESIAN_POINT('',(13.163586137523,2.4));
#10018 = CARTESIAN_POINT('',(0.,2.4));
#10019 = ( GEOMETRIC_REPRESENTATION_CONTEXT(2) 
PARAMETRIC_REPRESENTATION_CONTEXT() REPRESENTATION_CONTEXT('2D SPACE',''
  ) );
#10020 = ORIENTED_EDGE('',*,*,#6736,.T.);
#10021 = ORIENTED_EDGE('',*,*,#10022,.F.);
#10022 = EDGE_CURVE('',#10023,#6714,#10025,.T.);
#10023 = VERTEX_POINT('',#10024);
#10024 = CARTESIAN_POINT('',(229.3740115361,4.625988464244,
    102.85599500915));
#10025 = SURFACE_CURVE('',#10026,(#10053,#10083),.PCURVE_S1.);
#10026 = B_SPLINE_CURVE_WITH_KNOTS('',7,(#10027,#10028,#10029,#10030,
    #10031,#10032,#10033,#10034,#10035,#10036,#10037,#10038,#10039,
    #10040,#10041,#10042,#10043,#10044,#10045,#10046,#10047,#10048,
    #10049,#10050,#10051,#10052),.UNSPECIFIED.,.F.,.F.,(8,6,6,6,8),(0.,
    0.151853175365,0.292172273438,0.618153392108,1.),.UNSPECIFIED.);
#10027 = CARTESIAN_POINT('',(231.6,10.,107.60491704191));
#10028 = CARTESIAN_POINT('',(231.6,9.598588239444,107.40758095555));
#10029 = CARTESIAN_POINT('',(231.57526510852,9.211230877666,
    107.19802892427));
#10030 = CARTESIAN_POINT('',(231.52891190751,8.838938799466,
    106.97787093845));
#10031 = CARTESIAN_POINT('',(231.4637641444,8.482373476133,
    106.74877706598));
#10032 = CARTESIAN_POINT('',(231.38241346101,8.141931149544,
    106.51242295555));
#10033 = CARTESIAN_POINT('',(231.28725900918,7.817802905363,
    106.27045908871));
#10034 = CARTESIAN_POINT('',(231.08189985513,7.225596867751,
    105.79723012059));
#10035 = CARTESIAN_POINT('',(230.97311506805,6.954346324461,
    105.5659205054));
#10036 = CARTESIAN_POINT('',(230.85562079402,6.695814038499,
    105.33133693758));
#10037 = CARTESIAN_POINT('',(230.73061125586,6.449470313801,
    105.09409131486));
#10038 = CARTESIAN_POINT('',(230.59905447772,6.21473408438,
    104.85463953615));
#10039 = CARTESIAN_POINT('',(230.46171478928,5.991000998674,
    104.61328147092));
#10040 = CARTESIAN_POINT('',(229.98801514036,5.282059374329,
    103.8053769942));
#10041 = CARTESIAN_POINT('',(229.62791762145,4.841304095671,
    103.22966163394));
#10042 = CARTESIAN_POINT('',(229.2477228237,4.451138037781,
    102.64800201105));
#10043 = CARTESIAN_POINT('',(228.8531514665,4.106979307694,
    102.06336791614));
#10044 = CARTESIAN_POINT('',(228.44764688982,3.804549516194,
    101.47685990861));
#10045 = CARTESIAN_POINT('',(228.0328273632,3.540253106367,
    100.88803669745));
#10046 = CARTESIAN_POINT('',(227.11234006072,3.043585107341,
    99.600646431494));
#10047 = CARTESIAN_POINT('',(226.60478997974,2.825258286164,
    98.902668253814));
#10048 = CARTESIAN_POINT('',(226.09006728481,2.653674940025,
    98.203117281213));
#10049 = CARTESIAN_POINT('',(225.5707247106,2.526534472522,
    97.502980916346));
#10050 = CARTESIAN_POINT('',(225.04846778253,2.44223479126,
    96.802549952799));
#10051 = CARTESIAN_POINT('',(224.52452797399,2.399999969718,
    96.101666871086));
#10052 = CARTESIAN_POINT('',(224.,2.4,95.4));
#10053 = PCURVE('',#6314,#10054);
#10054 = DEFINITIONAL_REPRESENTATION('',(#10055),#10082);
#10055 = B_SPLINE_CURVE_WITH_KNOTS('',7,(#10056,#10057,#10058,#10059,
    #10060,#10061,#10062,#10063,#10064,#10065,#10066,#10067,#10068,
    #10069,#10070,#10071,#10072,#10073,#10074,#10075,#10076,#10077,
    #10078,#10079,#10080,#10081),.UNSPECIFIED.,.F.,.F.,(8,6,6,6,8),(0.,
    0.151853175365,0.292172273438,0.618153392108,1.),.UNSPECIFIED.);
#10056 = CARTESIAN_POINT('',(0.,108.60491704191));
#10057 = CARTESIAN_POINT('',(-5.281733691524E-02,108.40758095555));
#10058 = CARTESIAN_POINT('',(-0.103785460628,108.19802892427));
#10059 = CARTESIAN_POINT('',(-0.153011733877,107.97787093845));
#10060 = CARTESIAN_POINT('',(-0.200574683883,107.74877706598));
#10061 = CARTESIAN_POINT('',(-0.246532753909,107.51242295555));
#10062 = CARTESIAN_POINT('',(-0.290929355221,107.27045908871));
#10063 = CARTESIAN_POINT('',(-0.373403263327,106.79723012059));
#10064 = CARTESIAN_POINT('',(-0.411813845273,106.5659205054));
#10065 = CARTESIAN_POINT('',(-0.449120238626,106.33133693758));
#10066 = CARTESIAN_POINT('',(-0.485410840493,106.09409131486));
#10067 = CARTESIAN_POINT('',(-0.520771683134,105.85463953615));
#10068 = CARTESIAN_POINT('',(-0.555288682306,105.61328147092));
#10069 = CARTESIAN_POINT('',(-0.667477740447,104.8053769942));
#10070 = CARTESIAN_POINT('',(-0.742021756257,104.22966163394));
#10071 = CARTESIAN_POINT('',(-0.813287817581,103.64800201105));
#10072 = CARTESIAN_POINT('',(-0.881797562538,103.06336791614));
#10073 = CARTESIAN_POINT('',(-0.948066391154,102.47685990861));
#10074 = CARTESIAN_POINT('',(-1.012615054734,101.88803669745));
#10075 = CARTESIAN_POINT('',(-1.150237826371,100.60064643149));
#10076 = CARTESIAN_POINT('',(-1.222652498634,99.902668253814));
#10077 = CARTESIAN_POINT('',(-1.293644604684,99.203117281213));
#10078 = CARTESIAN_POINT('',(-1.363585690779,98.502980916346));
#10079 = CARTESIAN_POINT('',(-1.432839624377,97.802549952799));
#10080 = CARTESIAN_POINT('',(-1.50177960783,97.101666871086));
#10081 = CARTESIAN_POINT('',(-1.570796326795,96.4));
#10082 = ( GEOMETRIC_REPRESENTATION_CONTEXT(2) 
PARAMETRIC_REPRESENTATION_CONTEXT() REPRESENTATION_CONTEXT('2D SPACE',''
  ) );
#10083 = PCURVE('',#6507,#10084);
#10084 = DEFINITIONAL_REPRESENTATION('',(#10085),#10112);
#10085 = B_SPLINE_CURVE_WITH_KNOTS('',7,(#10086,#10087,#10088,#10089,
    #10090,#10091,#10092,#10093,#10094,#10095,#10096,#10097,#10098,
    #10099,#10100,#10101,#10102,#10103,#10104,#10105,#10106,#10107,
    #10108,#10109,#10110,#10111),.UNSPECIFIED.,.F.,.F.,(8,6,6,6,8),(0.,
    0.151853175365,0.292172273438,0.618153392108,1.),.UNSPECIFIED.);
#10086 = CARTESIAN_POINT('',(0.456909198662,229.2));
#10087 = CARTESIAN_POINT('',(0.489798546387,229.2));
#10088 = CARTESIAN_POINT('',(0.522156758526,229.17526510852));
#10089 = CARTESIAN_POINT('',(0.55392306516,229.12891190751));
#10090 = CARTESIAN_POINT('',(0.585049168632,229.0637641444));
#10091 = CARTESIAN_POINT('',(0.615493733436,228.98241346101));
#10092 = CARTESIAN_POINT('',(0.645218919146,228.88725900918));
#10093 = CARTESIAN_POINT('',(0.700958561188,228.68189985513));
#10094 = CARTESIAN_POINT('',(0.727157297805,228.57311506805));
#10095 = CARTESIAN_POINT('',(0.752807090126,228.45562079402));
#10096 = CARTESIAN_POINT('',(0.777935575878,228.33061125586));
#10097 = CARTESIAN_POINT('',(0.80257573578,228.19905447772));
#10098 = CARTESIAN_POINT('',(0.826765644386,228.06171478928));
#10099 = CARTESIAN_POINT('',(0.905798915538,227.58801514036));
#10100 = CARTESIAN_POINT('',(0.958993125658,227.22791762145));
#10101 = CARTESIAN_POINT('',(1.010337933145,226.8477228237));
#10102 = CARTESIAN_POINT('',(1.060074346219,226.4531514665));
#10103 = CARTESIAN_POINT('',(1.108480193117,226.04764688982));
#10104 = CARTESIAN_POINT('',(1.15586905126,225.6328273632));
#10105 = CARTESIAN_POINT('',(1.257330389238,224.71234006072));
#10106 = CARTESIAN_POINT('',(1.310990805404,224.20478997974));
#10107 = CARTESIAN_POINT('',(1.363789672591,223.69006728481));
#10108 = CARTESIAN_POINT('',(1.415941188272,223.1707247106));
#10109 = CARTESIAN_POINT('',(1.467667575141,222.64846778253));
#10110 = CARTESIAN_POINT('',(1.51920319689,222.12452797399));
#10111 = CARTESIAN_POINT('',(1.570796326795,221.6));
#10112 = ( GEOMETRIC_REPRESENTATION_CONTEXT(2) 
PARAMETRIC_REPRESENTATION_CONTEXT() REPRESENTATION_CONTEXT('2D SPACE',''
  ) );
#10113 = ORIENTED_EDGE('',*,*,#10114,.F.);
#10114 = EDGE_CURVE('',#6271,#10023,#10115,.T.);
#10115 = SURFACE_CURVE('',#10116,(#10197,#10281),.PCURVE_S1.);
#10116 = B_SPLINE_CURVE_WITH_KNOTS('',7,(#10117,#10118,#10119,#10120,
    #10121,#10122,#10123,#10124,#10125,#10126,#10127,#10128,#10129,
    #10130,#10131,#10132,#10133,#10134,#10135,#10136,#10137,#10138,
    #10139,#10140,#10141,#10142,#10143,#10144,#10145,#10146,#10147,
    #10148,#10149,#10150,#10151,#10152,#10153,#10154,#10155,#10156,
    #10157,#10158,#10159,#10160,#10161,#10162,#10163,#10164,#10165,
    #10166,#10167,#10168,#10169,#10170,#10171,#10172,#10173,#10174,
    #10175,#10176,#10177,#10178,#10179,#10180,#10181,#10182,#10183,
    #10184,#10185,#10186,#10187,#10188,#10189,#10190,#10191,#10192,
    #10193,#10194,#10195,#10196),.UNSPECIFIED.,.F.,.F.,(8,6,6,6,6,6,6,6,
    6,6,6,6,6,8),(0.,7.039779716853E-04,1.407955605873E-03,
    2.111932564901E-03,2.791633499162E-03,3.398508287997E-03,
    4.078206603491E-03,4.782177933233E-03,5.486146969912E-03,
    6.190113375999E-03,0.347290013668,0.653241900074,0.795069206883,1.),
  .UNSPECIFIED.);
#10117 = CARTESIAN_POINT('',(231.6,10.,95.4));
#10118 = CARTESIAN_POINT('',(231.6,9.999034030462,95.401292189149));
#10119 = CARTESIAN_POINT('',(231.59999985676,9.998068060923,
    95.402584378297));
#10120 = CARTESIAN_POINT('',(231.59999957028,9.997102091394,
    95.403876567443));
#10121 = CARTESIAN_POINT('',(231.59999914056,9.996136121885,
    95.405168756585));
#10122 = CARTESIAN_POINT('',(231.59999856761,9.995170152406,
    95.40646094572));
#10123 = CARTESIAN_POINT('',(231.59999785142,9.994204182967,
    95.407753134846));
#10124 = CARTESIAN_POINT('',(231.59999613255,9.992272244654,
    95.410337512459));
#10125 = CARTESIAN_POINT('',(231.59999512988,9.991306275779,
    95.411629700944));
#10126 = CARTESIAN_POINT('',(231.59999398397,9.990340306965,
    95.412921889417));
#10127 = CARTESIAN_POINT('',(231.59999269483,9.989374338221,
    95.414214077875));
#10128 = CARTESIAN_POINT('',(231.59999126244,9.988408369557,
    95.415506266315));
#10129 = CARTESIAN_POINT('',(231.59998968682,9.987442400984,
    95.416798454735));
#10130 = CARTESIAN_POINT('',(231.59998624909,9.985510464964,
    95.419382830294));
#10131 = CARTESIAN_POINT('',(231.59998438699,9.984544497518,
    95.420675017433));
#10132 = CARTESIAN_POINT('',(231.59998238165,9.983578530183,
    95.421967204547));
#10133 = CARTESIAN_POINT('',(231.59998023308,9.982612562968,
    95.423259391636));
#10134 = CARTESIAN_POINT('',(231.59997794126,9.981646595884,
    95.424551578696));
#10135 = CARTESIAN_POINT('',(231.59997550621,9.98068062894,
    95.425843765726));
#10136 = CARTESIAN_POINT('',(231.59997043853,9.978782005868,
    95.428383579793));
#10137 = CARTESIAN_POINT('',(231.59996781561,9.977849349728,
    95.429631206831));
#10138 = CARTESIAN_POINT('',(231.59996505917,9.976916693739,
    95.430878833837));
#10139 = CARTESIAN_POINT('',(231.5999621692,9.975984037908,
    95.432126460809));
#10140 = CARTESIAN_POINT('',(231.59995914569,9.975051382245,
    95.433374087745));
#10141 = CARTESIAN_POINT('',(231.59995598865,9.974118726758,
    95.434621714643));
#10142 = CARTESIAN_POINT('',(231.59994976009,9.972353344944,
    95.436983292134));
#10143 = CARTESIAN_POINT('',(231.59994671564,9.97152061858,
    95.438097242735));
#10144 = CARTESIAN_POINT('',(231.59994356474,9.970687892369,
    95.439211193303));
#10145 = CARTESIAN_POINT('',(231.59994030739,9.96985516632,
    95.440325143837));
#10146 = CARTESIAN_POINT('',(231.59993694359,9.969022440438,
    95.441439094334));
#10147 = CARTESIAN_POINT('',(231.59993347334,9.96818971473,
    95.442553044794));
#10148 = CARTESIAN_POINT('',(231.59992589074,9.966424338598,
    95.44491461703));
#10149 = CARTESIAN_POINT('',(231.59992175131,9.965491688219,
    95.446162238795));
#10150 = CARTESIAN_POINT('',(231.59991747836,9.964559038076,
    95.44740986051));
#10151 = CARTESIAN_POINT('',(231.59991307187,9.963626388177,
    95.448657482172));
#10152 = CARTESIAN_POINT('',(231.59990853185,9.962693738532,
    95.44990510378));
#10153 = CARTESIAN_POINT('',(231.59990385831,9.961761089149,
    95.451152725331));
#10154 = CARTESIAN_POINT('',(231.59989407248,9.95986248467,
    95.453692522693));
#10155 = CARTESIAN_POINT('',(231.59988895049,9.958896529594,
    95.4549846985));
#10156 = CARTESIAN_POINT('',(231.59988368527,9.95793057482,
    95.456276874241));
#10157 = CARTESIAN_POINT('',(231.5998782768,9.956964620357,
    95.457569049916));
#10158 = CARTESIAN_POINT('',(231.5998727251,9.955998666215,
    95.458861225522));
#10159 = CARTESIAN_POINT('',(231.59986703016,9.955032712404,
    95.460153401057));
#10160 = CARTESIAN_POINT('',(231.59985535381,9.953100808611,
    95.46273774777));
#10161 = CARTESIAN_POINT('',(231.59984937241,9.95213485863,
    95.464029918948));
#10162 = CARTESIAN_POINT('',(231.59984324777,9.951168908999,
    95.465322090052));
#10163 = CARTESIAN_POINT('',(231.59983697989,9.95020295973,
    95.466614261077));
#10164 = CARTESIAN_POINT('',(231.59983056877,9.949237010833,
    95.467906432023));
#10165 = CARTESIAN_POINT('',(231.59982401441,9.948271062317,
    95.469198602886));
#10166 = CARTESIAN_POINT('',(231.59981061924,9.946339169677,
    95.471782939616));
#10167 = CARTESIAN_POINT('',(231.59980377843,9.945373225554,
    95.473075105483));
#10168 = CARTESIAN_POINT('',(231.59979679438,9.944407281832,
    95.474367271263));
#10169 = CARTESIAN_POINT('',(231.59978966709,9.943441338522,
    95.475659436955));
#10170 = CARTESIAN_POINT('',(231.59978239656,9.942475395634,
    95.476951602556));
#10171 = CARTESIAN_POINT('',(231.59977498279,9.941509453177,
    95.478243768064));
#10172 = CARTESIAN_POINT('',(231.59610575182,9.472505942754,
    96.105641795646));
#10173 = CARTESIAN_POINT('',(231.5588164059,9.004856836678,
    96.731344954432));
#10174 = CARTESIAN_POINT('',(231.48793938837,8.538498441813,
    97.356719074836));
#10175 = CARTESIAN_POINT('',(231.38296577204,8.074389795422,
    97.981769969617));
#10176 = CARTESIAN_POINT('',(231.24288038922,7.613739227504,
    98.606281520501));
#10177 = CARTESIAN_POINT('',(231.0662074212,7.158214185657,
    99.229673983533));
#10178 = CARTESIAN_POINT('',(230.65807994486,6.308290633826,
    100.40806488684));
#10179 = CARTESIAN_POINT('',(230.43450016069,5.913167675697,
    100.96246952362));
#10180 = CARTESIAN_POINT('',(230.17853464168,5.525157564317,
    101.51513313786));
#10181 = CARTESIAN_POINT('',(229.88770792215,5.14548051954,
    102.0663060903));
#10182 = CARTESIAN_POINT('',(229.55903967854,4.776480450179,
    102.61529090938));
#10183 = CARTESIAN_POINT('',(229.18925473993,4.421914631745,
    103.16023948576));
#10184 = CARTESIAN_POINT('',(228.58311341042,3.932383404605,
    103.94732227137));
#10185 = CARTESIAN_POINT('',(228.3814654386,3.781545420908,
    104.19524491487));
#10186 = CARTESIAN_POINT('',(228.16960686501,3.63533135383,
    104.44174052829));
#10187 = CARTESIAN_POINT('',(227.946971897,3.494305840249,
    104.68662859436));
#10188 = CARTESIAN_POINT('',(227.71299557372,3.359202527726,
    104.92959419215));
#10189 = CARTESIAN_POINT('',(227.46713487264,3.230943004463,
    105.17018487537));
#10190 = CARTESIAN_POINT('',(226.83575122257,2.936859302082,
    105.75116549988));
#10191 = CARTESIAN_POINT('',(226.43508674449,2.778932953154,
    106.08987022534));
#10192 = CARTESIAN_POINT('',(226.00587458032,2.640983039133,
    106.42123017952));
#10193 = CARTESIAN_POINT('',(225.54745559948,2.527867096351,
    106.74209621683));
#10194 = CARTESIAN_POINT('',(225.05970866445,2.445305356866,
    107.04892880439));
#10195 = CARTESIAN_POINT('',(224.54326157709,2.4,107.33784685607));
#10196 = CARTESIAN_POINT('',(224.,2.4,107.60491704191));
#10197 = PCURVE('',#6314,#10198);
#10198 = DEFINITIONAL_REPRESENTATION('',(#10199),#10280);
#10199 = B_SPLINE_CURVE_WITH_KNOTS('',7,(#10200,#10201,#10202,#10203,
    #10204,#10205,#10206,#10207,#10208,#10209,#10210,#10211,#10212,
    #10213,#10214,#10215,#10216,#10217,#10218,#10219,#10220,#10221,
    #10222,#10223,#10224,#10225,#10226,#10227,#10228,#10229,#10230,
    #10231,#10232,#10233,#10234,#10235,#10236,#10237,#10238,#10239,
    #10240,#10241,#10242,#10243,#10244,#10245,#10246,#10247,#10248,
    #10249,#10250,#10251,#10252,#10253,#10254,#10255,#10256,#10257,
    #10258,#10259,#10260,#10261,#10262,#10263,#10264,#10265,#10266,
    #10267,#10268,#10269,#10270,#10271,#10272,#10273,#10274,#10275,
    #10276,#10277,#10278,#10279),.UNSPECIFIED.,.F.,.F.,(8,6,6,6,6,6,6,6,
    6,6,6,6,6,8),(0.,7.039779716853E-04,1.407955605873E-03,
    2.111932564901E-03,2.791633499162E-03,3.398508287997E-03,
    4.078206603491E-03,4.782177933233E-03,5.486146969912E-03,
    6.190113375999E-03,0.347290013668,0.653241900074,0.795069206883,1.),
  .UNSPECIFIED.);
#10200 = CARTESIAN_POINT('',(0.,96.4));
#10201 = CARTESIAN_POINT('',(-1.271012550374E-04,96.401292189149));
#10202 = CARTESIAN_POINT('',(-2.542025101399E-04,96.402584378297));
#10203 = CARTESIAN_POINT('',(-3.813037673148E-04,96.403876567443));
#10204 = CARTESIAN_POINT('',(-5.084050285718E-04,96.405168756585));
#10205 = CARTESIAN_POINT('',(-6.355062959235E-04,96.40646094572));
#10206 = CARTESIAN_POINT('',(-7.626075713849E-04,96.407753134846));
#10207 = CARTESIAN_POINT('',(-1.016810081628E-03,96.410337512459));
#10208 = CARTESIAN_POINT('',(-1.14391131643E-03,96.411629700944));
#10209 = CARTESIAN_POINT('',(-1.27101256342E-03,96.412921889417));
#10210 = CARTESIAN_POINT('',(-1.398113824635E-03,96.414214077875));
#10211 = CARTESIAN_POINT('',(-1.525215102108E-03,96.415506266315));
#10212 = CARTESIAN_POINT('',(-1.65231639787E-03,96.416798454735));
#10213 = CARTESIAN_POINT('',(-1.906518908128E-03,96.419382830294));
#10214 = CARTESIAN_POINT('',(-2.033620122628E-03,96.420675017433));
#10215 = CARTESIAN_POINT('',(-2.160721359474E-03,96.421967204547));
#10216 = CARTESIAN_POINT('',(-2.287822620692E-03,96.423259391636));
#10217 = CARTESIAN_POINT('',(-2.414923908316E-03,96.424551578696));
#10218 = CARTESIAN_POINT('',(-2.54202522438E-03,96.425843765726));
#10219 = CARTESIAN_POINT('',(-2.791844939588E-03,96.428383579793));
#10220 = CARTESIAN_POINT('',(-2.914563336672E-03,96.429631206831));
#10221 = CARTESIAN_POINT('',(-3.037281763988E-03,96.430878833837));
#10222 = CARTESIAN_POINT('',(-3.160000223361E-03,96.432126460809));
#10223 = CARTESIAN_POINT('',(-3.282718716619E-03,96.433374087745));
#10224 = CARTESIAN_POINT('',(-3.405437245597E-03,96.434621714643));
#10225 = CARTESIAN_POINT('',(-3.637725772102E-03,96.436983292134));
#10226 = CARTESIAN_POINT('',(-3.747295762014E-03,96.438097242735));
#10227 = CARTESIAN_POINT('',(-3.856865783161E-03,96.439211193303));
#10228 = CARTESIAN_POINT('',(-3.966435836837E-03,96.440325143837));
#10229 = CARTESIAN_POINT('',(-4.076005924342E-03,96.441439094334));
#10230 = CARTESIAN_POINT('',(-4.185576046985E-03,96.442553044794));
#10231 = CARTESIAN_POINT('',(-4.417864522832E-03,96.44491461703));
#10232 = CARTESIAN_POINT('',(-4.540582885301E-03,96.446162238795));
#10233 = CARTESIAN_POINT('',(-4.663301295309E-03,96.44740986051));
#10234 = CARTESIAN_POINT('',(-4.786019754682E-03,96.448657482172));
#10235 = CARTESIAN_POINT('',(-4.908738265249E-03,96.44990510378));
#10236 = CARTESIAN_POINT('',(-5.031456828841E-03,96.451152725331));
#10237 = CARTESIAN_POINT('',(-5.28127652589E-03,96.453692522693));
#10238 = CARTESIAN_POINT('',(-5.408377663336E-03,96.4549846985));
#10239 = CARTESIAN_POINT('',(-5.535478861656E-03,96.456276874241));
#10240 = CARTESIAN_POINT('',(-5.662580122874E-03,96.457569049916));
#10241 = CARTESIAN_POINT('',(-5.789681449023E-03,96.458861225522));
#10242 = CARTESIAN_POINT('',(-5.916782842141E-03,96.460153401057));
#10243 = CARTESIAN_POINT('',(-6.170985352388E-03,96.46273774777));
#10244 = CARTESIAN_POINT('',(-6.298086469513E-03,96.464029918948));
#10245 = CARTESIAN_POINT('',(-6.425187657671E-03,96.465322090052));
#10246 = CARTESIAN_POINT('',(-6.552288918891E-03,96.466614261077));
#10247 = CARTESIAN_POINT('',(-6.679390255204E-03,96.467906432023));
#10248 = CARTESIAN_POINT('',(-6.806491668643E-03,96.469198602886));
#10249 = CARTESIAN_POINT('',(-7.060694178892E-03,96.471782939616));
#10250 = CARTESIAN_POINT('',(-7.187795275701E-03,96.473075105483));
#10251 = CARTESIAN_POINT('',(-7.314896453698E-03,96.474367271263));
#10252 = CARTESIAN_POINT('',(-7.441997714916E-03,96.475659436955));
#10253 = CARTESIAN_POINT('',(-7.569099061386E-03,96.476951602556));
#10254 = CARTESIAN_POINT('',(-7.696200495142E-03,96.478243768064));
#10255 = CARTESIAN_POINT('',(-6.940907723821E-02,97.105641795646));
#10256 = CARTESIAN_POINT('',(-0.130978465738,97.731344954432));
#10257 = CARTESIAN_POINT('',(-0.192793637478,98.356719074836));
#10258 = CARTESIAN_POINT('',(-0.255110889999,98.981769969617));
#10259 = CARTESIAN_POINT('',(-0.318185087496,99.606281520501));
#10260 = CARTESIAN_POINT('',(-0.382278915782,100.22967398353));
#10261 = CARTESIAN_POINT('',(-0.506336169627,101.40806488684));
#10262 = CARTESIAN_POINT('',(-0.565937090144,101.96246952362));
#10263 = CARTESIAN_POINT('',(-0.626868742366,102.51513313786));
#10264 = CARTESIAN_POINT('',(-0.689504146443,103.0663060903));
#10265 = CARTESIAN_POINT('',(-0.754215025413,103.61529090938));
#10266 = CARTESIAN_POINT('',(-0.821380293242,104.16023948576));
#10267 = CARTESIAN_POINT('',(-0.923897784966,104.94732227137));
#10268 = CARTESIAN_POINT('',(-0.95700934261,105.19524491487));
#10269 = CARTESIAN_POINT('',(-0.990839720718,105.44174052829));
#10270 = CARTESIAN_POINT('',(-1.02546610021,105.68662859436));
#10271 = CARTESIAN_POINT('',(-1.060965435514,105.92959419215));
#10272 = CARTESIAN_POINT('',(-1.097416084886,106.17018487537));
#10273 = CARTESIAN_POINT('',(-1.189062549106,106.75116549988));
#10274 = CARTESIAN_POINT('',(-1.24562557054,107.08987022534));
#10275 = CARTESIAN_POINT('',(-1.304743598624,107.42123017952));
#10276 = CARTESIAN_POINT('',(-1.366587385071,107.74209621683));
#10277 = CARTESIAN_POINT('',(-1.431360933184,108.04892880439));
#10278 = CARTESIAN_POINT('',(-1.499314540336,108.33784685607));
#10279 = CARTESIAN_POINT('',(-1.570796326795,108.60491704191));
#10280 = ( GEOMETRIC_REPRESENTATION_CONTEXT(2) 
PARAMETRIC_REPRESENTATION_CONTEXT() REPRESENTATION_CONTEXT('2D SPACE',''
  ) );
#10281 = PCURVE('',#6286,#10282);
#10282 = DEFINITIONAL_REPRESENTATION('',(#10283),#10364);
#10283 = B_SPLINE_CURVE_WITH_KNOTS('',7,(#10284,#10285,#10286,#10287,
    #10288,#10289,#10290,#10291,#10292,#10293,#10294,#10295,#10296,
    #10297,#10298,#10299,#10300,#10301,#10302,#10303,#10304,#10305,
    #10306,#10307,#10308,#10309,#10310,#10311,#10312,#10313,#10314,
    #10315,#10316,#10317,#10318,#10319,#10320,#10321,#10322,#10323,
    #10324,#10325,#10326,#10327,#10328,#10329,#10330,#10331,#10332,
    #10333,#10334,#10335,#10336,#10337,#10338,#10339,#10340,#10341,
    #10342,#10343,#10344,#10345,#10346,#10347,#10348,#10349,#10350,
    #10351,#10352,#10353,#10354,#10355,#10356,#10357,#10358,#10359,
    #10360,#10361,#10362,#10363),.UNSPECIFIED.,.F.,.F.,(8,6,6,6,6,6,6,6,
    6,6,6,6,6,8),(0.,7.039779716853E-04,1.407955605873E-03,
    2.111932564901E-03,2.791633499162E-03,3.398508287997E-03,
    4.078206603491E-03,4.782177933233E-03,5.486146969912E-03,
    6.190113375999E-03,0.347290013668,0.653241900074,0.795069206883,1.),
  .UNSPECIFIED.);
#10284 = CARTESIAN_POINT('',(0.,7.6));
#10285 = CARTESIAN_POINT('',(-9.501390799788E-05,7.599034030462));
#10286 = CARTESIAN_POINT('',(-1.900278159669E-04,7.598068060923));
#10287 = CARTESIAN_POINT('',(-2.850417251609E-04,7.597102091394));
#10288 = CARTESIAN_POINT('',(-3.800556368319E-04,7.596136121885));
#10289 = CARTESIAN_POINT('',(-4.750695522298E-04,7.595170152406));
#10290 = CARTESIAN_POINT('',(-5.700834726031E-04,7.594204182967));
#10291 = CARTESIAN_POINT('',(-7.60111280242E-04,7.592272244654));
#10292 = CARTESIAN_POINT('',(-8.551251675009E-04,7.591306275779));
#10293 = CARTESIAN_POINT('',(-9.50139062213E-04,7.590340306965));
#10294 = CARTESIAN_POINT('',(-1.045152965618E-03,7.589374338221));
#10295 = CARTESIAN_POINT('',(-1.140166878957E-03,7.588408369557));
#10296 = CARTESIAN_POINT('',(-1.235180803473E-03,7.587442400984));
#10297 = CARTESIAN_POINT('',(-1.425208586224E-03,7.585510464964));
#10298 = CARTESIAN_POINT('',(-1.520222444456E-03,7.584544497518));
#10299 = CARTESIAN_POINT('',(-1.615236316352E-03,7.583578530183));
#10300 = CARTESIAN_POINT('',(-1.710250203156E-03,7.582612562968));
#10301 = CARTESIAN_POINT('',(-1.80526410611E-03,7.581646595884));
#10302 = CARTESIAN_POINT('',(-1.900278026455E-03,7.58068062894));
#10303 = CARTESIAN_POINT('',(-2.087029432487E-03,7.578782005868));
#10304 = CARTESIAN_POINT('',(-2.178766916912E-03,7.577849349728));
#10305 = CARTESIAN_POINT('',(-2.270504419825E-03,7.576916693739));
#10306 = CARTESIAN_POINT('',(-2.362241942347E-03,7.575984037908));
#10307 = CARTESIAN_POINT('',(-2.453979485595E-03,7.575051382245));
#10308 = CARTESIAN_POINT('',(-2.545717050684E-03,7.574118726758));
#10309 = CARTESIAN_POINT('',(-2.719363058398E-03,7.572353344944));
#10310 = CARTESIAN_POINT('',(-2.801271496365E-03,7.57152061858));
#10311 = CARTESIAN_POINT('',(-2.883179953432E-03,7.570687892369));
#10312 = CARTESIAN_POINT('',(-2.965088430396E-03,7.56985516632));
#10313 = CARTESIAN_POINT('',(-3.046996928055E-03,7.569022440438));
#10314 = CARTESIAN_POINT('',(-3.128905447201E-03,7.56818971473));
#10315 = CARTESIAN_POINT('',(-3.302551359586E-03,7.566424338598));
#10316 = CARTESIAN_POINT('',(-3.394288758492E-03,7.565491688219));
#10317 = CARTESIAN_POINT('',(-3.486026186468E-03,7.564559038076));
#10318 = CARTESIAN_POINT('',(-3.577763644633E-03,7.563626388177));
#10319 = CARTESIAN_POINT('',(-3.669501134106E-03,7.562693738532));
#10320 = CARTESIAN_POINT('',(-3.761238656002E-03,7.561761089149));
#10321 = CARTESIAN_POINT('',(-3.947989848237E-03,7.55986248467));
#10322 = CARTESIAN_POINT('',(-4.043003521016E-03,7.558896529594));
#10323 = CARTESIAN_POINT('',(-4.138017231017E-03,7.55793057482));
#10324 = CARTESIAN_POINT('',(-4.233030979484E-03,7.556964620357));
#10325 = CARTESIAN_POINT('',(-4.32804476766E-03,7.555998666215));
#10326 = CARTESIAN_POINT('',(-4.423058596784E-03,7.555032712404));
#10327 = CARTESIAN_POINT('',(-4.61308602991E-03,7.553100808611));
#10328 = CARTESIAN_POINT('',(-4.708099633917E-03,7.55213485863));
#10329 = CARTESIAN_POINT('',(-4.803113281355E-03,7.551168908999));
#10330 = CARTESIAN_POINT('',(-4.898126973467E-03,7.55020295973));
#10331 = CARTESIAN_POINT('',(-4.993140711495E-03,7.549237010833));
#10332 = CARTESIAN_POINT('',(-5.088154496682E-03,7.548271062317));
#10333 = CARTESIAN_POINT('',(-5.278181808813E-03,7.546339169677));
#10334 = CARTESIAN_POINT('',(-5.373195335754E-03,7.545373225554));
#10335 = CARTESIAN_POINT('',(-5.468208912339E-03,7.544407281832));
#10336 = CARTESIAN_POINT('',(-5.563222539808E-03,7.543441338522));
#10337 = CARTESIAN_POINT('',(-5.658236219404E-03,7.542475395634));
#10338 = CARTESIAN_POINT('',(-5.753249952368E-03,7.541509453177));
#10339 = CARTESIAN_POINT('',(-5.188624678523E-02,7.072505942754));
#10340 = CARTESIAN_POINT('',(-9.790910235433E-02,6.604856836678));
#10341 = CARTESIAN_POINT('',(-0.14408148588,6.138498441813));
#10342 = CARTESIAN_POINT('',(-0.190563224884,5.674389795422));
#10343 = CARTESIAN_POINT('',(-0.237509836313,5.213739227504));
#10344 = CARTESIAN_POINT('',(-0.285074749165,4.758214185657));
#10345 = CARTESIAN_POINT('',(-0.376770765298,3.908290633826));
#10346 = CARTESIAN_POINT('',(-0.420671137239,3.513167675697));
#10347 = CARTESIAN_POINT('',(-0.465362980296,3.125157564317));
#10348 = CARTESIAN_POINT('',(-0.511071475188,2.74548051954));
#10349 = CARTESIAN_POINT('',(-0.55800176479,2.376480450179));
#10350 = CARTESIAN_POINT('',(-0.60633848311,2.021914631745));
#10351 = CARTESIAN_POINT('',(-0.679384934606,1.532383404605));
#10352 = CARTESIAN_POINT('',(-0.702874721927,1.381545420908));
#10353 = CARTESIAN_POINT('',(-0.726759694696,1.23533135383));
#10354 = CARTESIAN_POINT('',(-0.751077720519,1.094305840249));
#10355 = CARTESIAN_POINT('',(-0.775862680365,0.959202527726));
#10356 = CARTESIAN_POINT('',(-0.801144369731,0.830943004463));
#10357 = CARTESIAN_POINT('',(-0.86423345342,0.536859302082));
#10358 = CARTESIAN_POINT('',(-0.902776230385,0.378932953154));
#10359 = CARTESIAN_POINT('',(-0.942582575568,0.240983039133));
#10360 = CARTESIAN_POINT('',(-0.98364198356,0.127867096351));
#10361 = CARTESIAN_POINT('',(-1.02592441064,4.530535686622E-02));
#10362 = CARTESIAN_POINT('',(-1.069375430493,-1.7763568394E-15));
#10363 = CARTESIAN_POINT('',(-1.113887128133,-1.7763568394E-15));
#10364 = ( GEOMETRIC_REPRESENTATION_CONTEXT(2) 
PARAMETRIC_REPRESENTATION_CONTEXT() REPRESENTATION_CONTEXT('2D SPACE',''
  ) );
#10365 = ADVANCED_FACE('',(#10366),#6286,.F.);
#10366 = FACE_BOUND('',#10367,.T.);
#10367 = EDGE_LOOP('',(#10368,#10369,#10370,#10406,#10429,#10544,#10654,
    #10677,#10792,#10902,#10925,#11040,#11150,#11171,#11172));
#10368 = ORIENTED_EDGE('',*,*,#6270,.F.);
#10369 = ORIENTED_EDGE('',*,*,#10114,.T.);
#10370 = ORIENTED_EDGE('',*,*,#10371,.F.);
#10371 = EDGE_CURVE('',#10372,#10023,#10374,.T.);
#10372 = VERTEX_POINT('',#10373);
#10373 = CARTESIAN_POINT('',(218.,16.,109.));
#10374 = SURFACE_CURVE('',#10375,(#10380,#10393),.PCURVE_S1.);
#10375 = ELLIPSE('',#10376,19.233304448274,13.6);
#10376 = AXIS2_PLACEMENT_3D('',#10377,#10378,#10379);
#10377 = CARTESIAN_POINT('',(218.,16.,95.4));
#10378 = DIRECTION('',(0.707106781187,0.707106781187,0.));
#10379 = DIRECTION('',(0.707106781187,-0.707106781187,0.));
#10380 = PCURVE('',#6286,#10381);
#10381 = DEFINITIONAL_REPRESENTATION('',(#10382),#10392);
#10382 = B_SPLINE_CURVE_WITH_KNOTS('',8,(#10383,#10384,#10385,#10386,
    #10387,#10388,#10389,#10390,#10391),.UNSPECIFIED.,.F.,.F.,(9,9),(
    4.712388980385,6.28318530718),.PIECEWISE_BEZIER_KNOTS.);
#10383 = CARTESIAN_POINT('',(-1.570796326795,13.6));
#10384 = CARTESIAN_POINT('',(-1.374446785946,10.929646244449));
#10385 = CARTESIAN_POINT('',(-1.178097245095,8.259291854874));
#10386 = CARTESIAN_POINT('',(-0.981747704247,5.745819647507));
#10387 = CARTESIAN_POINT('',(-0.785398163398,3.54608099217));
#10388 = CARTESIAN_POINT('',(-0.58904862255,1.797674569763));
#10389 = CARTESIAN_POINT('',(-0.392699081698,0.599226553415));
#10390 = CARTESIAN_POINT('',(-0.196349540849,-6.782195936848E-16));
#10391 = CARTESIAN_POINT('',(0.,-1.33226762955E-15));
#10392 = ( GEOMETRIC_REPRESENTATION_CONTEXT(2) 
PARAMETRIC_REPRESENTATION_CONTEXT() REPRESENTATION_CONTEXT('2D SPACE',''
  ) );
#10393 = PCURVE('',#6507,#10394);
#10394 = DEFINITIONAL_REPRESENTATION('',(#10395),#10405);
#10395 = B_SPLINE_CURVE_WITH_KNOTS('',8,(#10396,#10397,#10398,#10399,
    #10400,#10401,#10402,#10403,#10404),.UNSPECIFIED.,.F.,.F.,(9,9),(
    4.712388980385,6.28318530718),.PIECEWISE_BEZIER_KNOTS.);
#10396 = CARTESIAN_POINT('',(0.,215.6));
#10397 = CARTESIAN_POINT('',(0.196349540849,218.27035375555));
#10398 = CARTESIAN_POINT('',(0.392699081697,220.94070814532));
#10399 = CARTESIAN_POINT('',(0.589048622551,223.4541803511));
#10400 = CARTESIAN_POINT('',(0.785398163393,225.65391900856));
#10401 = CARTESIAN_POINT('',(0.981747704248,227.4023254289));
#10402 = CARTESIAN_POINT('',(1.178097245095,228.60077344669));
#10403 = CARTESIAN_POINT('',(1.374446785946,229.2));
#10404 = CARTESIAN_POINT('',(1.570796326795,229.2));
#10405 = ( GEOMETRIC_REPRESENTATION_CONTEXT(2) 
PARAMETRIC_REPRESENTATION_CONTEXT() REPRESENTATION_CONTEXT('2D SPACE',''
  ) );
#10406 = ORIENTED_EDGE('',*,*,#10407,.T.);
#10407 = EDGE_CURVE('',#10372,#10408,#10410,.T.);
#10408 = VERTEX_POINT('',#10409);
#10409 = CARTESIAN_POINT('',(218.,18.,109.));
#10410 = SURFACE_CURVE('',#10411,(#10415,#10422),.PCURVE_S1.);
#10411 = LINE('',#10412,#10413);
#10412 = CARTESIAN_POINT('',(218.,2.4,109.));
#10413 = VECTOR('',#10414,1.);
#10414 = DIRECTION('',(-0.,1.,-0.));
#10415 = PCURVE('',#6286,#10416);
#10416 = DEFINITIONAL_REPRESENTATION('',(#10417),#10421);
#10417 = LINE('',#10418,#10419);
#10418 = CARTESIAN_POINT('',(-1.570796326795,0.));
#10419 = VECTOR('',#10420,1.);
#10420 = DIRECTION('',(-0.,1.));
#10421 = ( GEOMETRIC_REPRESENTATION_CONTEXT(2) 
PARAMETRIC_REPRESENTATION_CONTEXT() REPRESENTATION_CONTEXT('2D SPACE',''
  ) );
#10422 = PCURVE('',#8747,#10423);
#10423 = DEFINITIONAL_REPRESENTATION('',(#10424),#10428);
#10424 = LINE('',#10425,#10426);
#10425 = CARTESIAN_POINT('',(75.2,-215.6));
#10426 = VECTOR('',#10427,1.);
#10427 = DIRECTION('',(-1.,0.));
#10428 = ( GEOMETRIC_REPRESENTATION_CONTEXT(2) 
PARAMETRIC_REPRESENTATION_CONTEXT() REPRESENTATION_CONTEXT('2D SPACE',''
  ) );
#10429 = ORIENTED_EDGE('',*,*,#10430,.T.);
#10430 = EDGE_CURVE('',#10408,#10431,#10433,.T.);
#10431 = VERTEX_POINT('',#10432);
#10432 = CARTESIAN_POINT('',(224.,24.,107.60491704191));
#10433 = SURFACE_CURVE('',#10434,(#10467,#10503),.PCURVE_S1.);
#10434 = B_SPLINE_CURVE_WITH_KNOTS('',6,(#10435,#10436,#10437,#10438,
    #10439,#10440,#10441,#10442,#10443,#10444,#10445,#10446,#10447,
    #10448,#10449,#10450,#10451,#10452,#10453,#10454,#10455,#10456,
    #10457,#10458,#10459,#10460,#10461,#10462,#10463,#10464,#10465,
    #10466),.UNSPECIFIED.,.F.,.F.,(7,5,5,5,5,5,7),(0.,0.242364001615,
    0.357590368571,0.449918143391,0.521544488469,0.758339214481,1.),
  .UNSPECIFIED.);
#10435 = CARTESIAN_POINT('',(218.,18.,109.));
#10436 = CARTESIAN_POINT('',(218.47219883177,18.,109.));
#10437 = CARTESIAN_POINT('',(218.94003584219,18.04459478825,
    108.9803260358));
#10438 = CARTESIAN_POINT('',(219.39565679353,18.132236763524,
    108.94165955515));
#10439 = CARTESIAN_POINT('',(219.83151047348,18.258954726621,
    108.88663978651));
#10440 = CARTESIAN_POINT('',(220.24086172616,18.418381822696,
    108.81962903841));
#10441 = CARTESIAN_POINT('',(220.79767258183,18.688428474068,
    108.71038914372));
#10442 = CARTESIAN_POINT('',(220.97080536455,18.781234414082,
    108.67341644583));
#10443 = CARTESIAN_POINT('',(221.13764781696,18.879308331154,
    108.63503123071));
#10444 = CARTESIAN_POINT('',(221.2982209667,18.98217220085,
    108.59557256139));
#10445 = CARTESIAN_POINT('',(221.45256809225,19.0893897827,
    108.55535586658));
#10446 = CARTESIAN_POINT('',(221.71949141855,19.289647806008,
    108.48206959712));
#10447 = CARTESIAN_POINT('',(221.83429433934,19.381287456512,
    108.44916216966));
#10448 = CARTESIAN_POINT('',(221.94521782138,19.475301297125,
    108.41608936623));
#10449 = CARTESIAN_POINT('',(222.05231887422,19.571525580404,
    108.38298244168));
#10450 = CARTESIAN_POINT('',(222.15565648797,19.669816080944,
    108.3499623031));
#10451 = CARTESIAN_POINT('',(222.33258691436,19.847806417491,
    108.29167613514));
#10452 = CARTESIAN_POINT('',(222.40765275524,19.926732076627,
    108.26633198076));
#10453 = CARTESIAN_POINT('',(222.48051652601,20.006766147363,
    108.24115897958));
#10454 = CARTESIAN_POINT('',(222.55120403435,20.087854135617,
    108.21620643943));
#10455 = CARTESIAN_POINT('',(222.61973952564,20.16994597865,
    108.19152104303));
#10456 = CARTESIAN_POINT('',(222.90568261176,20.527557279496,
    108.08656642987));
#10457 = CARTESIAN_POINT('',(223.10207182846,20.812746032617,
    108.00934229748));
#10458 = CARTESIAN_POINT('',(223.27593415874,21.106742367589,
    107.93713148696));
#10459 = CARTESIAN_POINT('',(223.427805943,21.408134024763,
    107.87130353631));
#10460 = CARTESIAN_POINT('',(223.55808218199,21.715803578738,
    107.81297979863));
#10461 = CARTESIAN_POINT('',(223.77807458247,22.34825991367,
    107.71214013776));
#10462 = CARTESIAN_POINT('',(223.8668824235,22.673211771865,
    107.66998240102));
#10463 = CARTESIAN_POINT('',(223.93343838313,23.002187207836,
    107.63763908213));
#10464 = CARTESIAN_POINT('',(223.9778034544,23.333831032966,
    107.61582897518));
#10465 = CARTESIAN_POINT('',(224.,23.666859119161,107.60491704191));
#10466 = CARTESIAN_POINT('',(224.,24.,107.60491704191));
#10467 = PCURVE('',#6286,#10468);
#10468 = DEFINITIONAL_REPRESENTATION('',(#10469),#10502);
#10469 = B_SPLINE_CURVE_WITH_KNOTS('',6,(#10470,#10471,#10472,#10473,
    #10474,#10475,#10476,#10477,#10478,#10479,#10480,#10481,#10482,
    #10483,#10484,#10485,#10486,#10487,#10488,#10489,#10490,#10491,
    #10492,#10493,#10494,#10495,#10496,#10497,#10498,#10499,#10500,
    #10501),.UNSPECIFIED.,.F.,.F.,(7,5,5,5,5,5,7),(0.,0.242364001615,
    0.357590368571,0.449918143391,0.521544488469,0.758339214481,1.),
  .UNSPECIFIED.);
#10470 = CARTESIAN_POINT('',(-1.570796326795,15.6));
#10471 = CARTESIAN_POINT('',(-1.536075824459,15.6));
#10472 = CARTESIAN_POINT('',(-1.501675991813,15.64459478825));
#10473 = CARTESIAN_POINT('',(-1.468099374787,15.732236763524));
#10474 = CARTESIAN_POINT('',(-1.435831493575,15.858954726621));
#10475 = CARTESIAN_POINT('',(-1.405346559207,16.018381822696));
#10476 = CARTESIAN_POINT('',(-1.363624096909,16.288428474068));
#10477 = CARTESIAN_POINT('',(-1.350608510397,16.381234414082));
#10478 = CARTESIAN_POINT('',(-1.338022426822,16.479308331154));
#10479 = CARTESIAN_POINT('',(-1.325866148856,16.58217220085));
#10480 = CARTESIAN_POINT('',(-1.314139169857,16.6893897827));
#10481 = CARTESIAN_POINT('',(-1.293786135784,16.889647806008));
#10482 = CARTESIAN_POINT('',(-1.285005334714,16.981287456512));
#10483 = CARTESIAN_POINT('',(-1.276495083824,17.075301297125));
#10484 = CARTESIAN_POINT('',(-1.26825292946,17.171525580404));
#10485 = CARTESIAN_POINT('',(-1.260276396959,17.269816080944));
#10486 = CARTESIAN_POINT('',(-1.246579058918,17.447806417491));
#10487 = CARTESIAN_POINT('',(-1.240753565072,17.526732076627));
#10488 = CARTESIAN_POINT('',(-1.235085417178,17.606766147363));
#10489 = CARTESIAN_POINT('',(-1.22957365636,17.687854135617));
#10490 = CARTESIAN_POINT('',(-1.224217456804,17.76994597865));
#10491 = CARTESIAN_POINT('',(-1.201820668428,18.127557279496));
#10492 = CARTESIAN_POINT('',(-1.1863080073,18.412746032617));
#10493 = CARTESIAN_POINT('',(-1.172468336954,18.706742367589));
#10494 = CARTESIAN_POINT('',(-1.160298700489,19.008134024763));
#10495 = CARTESIAN_POINT('',(-1.149803864613,19.315803578738));
#10496 = CARTESIAN_POINT('',(-1.132009550461,19.94825991367));
#10497 = CARTESIAN_POINT('',(-1.124781805339,20.273211771865));
#10498 = CARTESIAN_POINT('',(-1.119340804789,20.602187207836));
#10499 = CARTESIAN_POINT('',(-1.115705782895,20.933831032966));
#10500 = CARTESIAN_POINT('',(-1.113887128133,21.266859119161));
#10501 = CARTESIAN_POINT('',(-1.113887128133,21.6));
#10502 = ( GEOMETRIC_REPRESENTATION_CONTEXT(2) 
PARAMETRIC_REPRESENTATION_CONTEXT() REPRESENTATION_CONTEXT('2D SPACE',''
  ) );
#10503 = PCURVE('',#10504,#10509);
#10504 = CYLINDRICAL_SURFACE('',#10505,6.);
#10505 = AXIS2_PLACEMENT_3D('',#10506,#10507,#10508);
#10506 = CARTESIAN_POINT('',(218.,24.,93.));
#10507 = DIRECTION('',(-0.,-0.,-1.));
#10508 = DIRECTION('',(1.,0.,0.));
#10509 = DEFINITIONAL_REPRESENTATION('',(#10510),#10543);
#10510 = B_SPLINE_CURVE_WITH_KNOTS('',6,(#10511,#10512,#10513,#10514,
    #10515,#10516,#10517,#10518,#10519,#10520,#10521,#10522,#10523,
    #10524,#10525,#10526,#10527,#10528,#10529,#10530,#10531,#10532,
    #10533,#10534,#10535,#10536,#10537,#10538,#10539,#10540,#10541,
    #10542),.UNSPECIFIED.,.F.,.F.,(7,5,5,5,5,5,7),(0.,0.242364001615,
    0.357590368571,0.449918143391,0.521544488469,0.758339214481,1.),
  .UNSPECIFIED.);
#10511 = CARTESIAN_POINT('',(-4.712388980385,-16.));
#10512 = CARTESIAN_POINT('',(-4.79108878568,-16.));
#10513 = CARTESIAN_POINT('',(-4.869061558622,-15.9803260358));
#10514 = CARTESIAN_POINT('',(-4.945876134452,-15.94165955515));
#10515 = CARTESIAN_POINT('',(-5.021068288887,-15.88663978651));
#10516 = CARTESIAN_POINT('',(-5.09404988136,-15.81962903841));
#10517 = CARTESIAN_POINT('',(-5.197189959101,-15.71038914372));
#10518 = CARTESIAN_POINT('',(-5.229902803715,-15.67341644583));
#10519 = CARTESIAN_POINT('',(-5.262121509364,-15.63503123071));
#10520 = CARTESIAN_POINT('',(-5.293870296598,-15.59557256139));
#10521 = CARTESIAN_POINT('',(-5.325171479368,-15.55535586658));
#10522 = CARTESIAN_POINT('',(-5.380787059226,-15.48206959712));
#10523 = CARTESIAN_POINT('',(-5.405258324828,-15.44916216966));
#10524 = CARTESIAN_POINT('',(-5.429476861612,-15.41608936623));
#10525 = CARTESIAN_POINT('',(-5.453458452825,-15.38298244168));
#10526 = CARTESIAN_POINT('',(-5.477218788186,-15.3499623031));
#10527 = CARTESIAN_POINT('',(-5.519046787742,-15.29167613514));
#10528 = CARTESIAN_POINT('',(-5.537196164735,-15.26633198076));
#10529 = CARTESIAN_POINT('',(-5.555228746301,-15.24115897958));
#10530 = CARTESIAN_POINT('',(-5.573151420276,-15.21620643943));
#10531 = CARTESIAN_POINT('',(-5.590970810894,-15.19152104303));
#10532 = CARTESIAN_POINT('',(-5.667283270011,-15.08656642987));
#10533 = CARTESIAN_POINT('',(-5.724847567596,-15.00934229748));
#10534 = CARTESIAN_POINT('',(-5.781574869728,-14.93713148696));
#10535 = CARTESIAN_POINT('',(-5.837638113561,-14.87130353631));
#10536 = CARTESIAN_POINT('',(-5.893203208022,-14.81297979863));
#10537 = CARTESIAN_POINT('',(-6.004807378577,-14.71214013776));
#10538 = CARTESIAN_POINT('',(-6.060822538477,-14.66998240102));
#10539 = CARTESIAN_POINT('',(-6.116575070055,-14.63763908213));
#10540 = CARTESIAN_POINT('',(-6.172157145524,-14.61582897518));
#10541 = CARTESIAN_POINT('',(-6.22766182704,-14.60491704191));
#10542 = CARTESIAN_POINT('',(-6.28318530718,-14.60491704191));
#10543 = ( GEOMETRIC_REPRESENTATION_CONTEXT(2) 
PARAMETRIC_REPRESENTATION_CONTEXT() REPRESENTATION_CONTEXT('2D SPACE',''
  ) );
#10544 = ORIENTED_EDGE('',*,*,#10545,.T.);
#10545 = EDGE_CURVE('',#10431,#10546,#10548,.T.);
#10546 = VERTEX_POINT('',#10547);
#10547 = CARTESIAN_POINT('',(218.,30.,109.));
#10548 = SURFACE_CURVE('',#10549,(#10582,#10618),.PCURVE_S1.);
#10549 = B_SPLINE_CURVE_WITH_KNOTS('',6,(#10550,#10551,#10552,#10553,
    #10554,#10555,#10556,#10557,#10558,#10559,#10560,#10561,#10562,
    #10563,#10564,#10565,#10566,#10567,#10568,#10569,#10570,#10571,
    #10572,#10573,#10574,#10575,#10576,#10577,#10578,#10579,#10580,
    #10581),.UNSPECIFIED.,.F.,.F.,(7,5,5,5,5,5,7),(0.,0.238789957369,
    0.477850562427,0.548556096483,0.639928143945,0.757596242712,1.),
  .UNSPECIFIED.);
#10550 = CARTESIAN_POINT('',(224.,24.,107.60491704191));
#10551 = CARTESIAN_POINT('',(224.,24.329176587051,107.60491704191));
#10552 = CARTESIAN_POINT('',(223.97832857677,24.65824664989,
    107.61557082257));
#10553 = CARTESIAN_POINT('',(223.93501187949,24.985981194363,
    107.63686554257));
#10554 = CARTESIAN_POINT('',(223.87002905267,25.311139307091,
    107.66845307867));
#10555 = CARTESIAN_POINT('',(223.78332312037,25.632413213157,
    107.70964754241));
#10556 = CARTESIAN_POINT('',(223.56623918949,26.264692830783,
    107.80932159856));
#10557 = CARTESIAN_POINT('',(223.43583396828,26.575622135426,
    107.86781092698));
#10558 = CARTESIAN_POINT('',(223.28343102471,26.880201412611,
    107.93399377272));
#10559 = CARTESIAN_POINT('',(223.10862916177,27.177284236535,
    108.00672225696));
#10560 = CARTESIAN_POINT('',(222.91088094796,27.465420758028,
    108.0845908678));
#10561 = CARTESIAN_POINT('',(222.62409051146,27.824761375613,
    108.18994332984));
#10562 = CARTESIAN_POINT('',(222.55655517072,27.905850358217,
    108.21429522944));
#10563 = CARTESIAN_POINT('',(222.48692395614,27.985963363701,
    108.2389095194));
#10564 = CARTESIAN_POINT('',(222.4151736114,28.065052389311,
    108.26374138953));
#10565 = CARTESIAN_POINT('',(222.34127938208,28.143065254388,
    108.28874354866));
#10566 = CARTESIAN_POINT('',(222.16691780328,28.319297294914,
    108.34633200522));
#10567 = CARTESIAN_POINT('',(222.06499812633,28.416755960636,
    108.37899837257));
#10568 = CARTESIAN_POINT('',(221.95939720559,28.512201313803,
    108.41175852626));
#10569 = CARTESIAN_POINT('',(221.850057947,28.605494540287,
    108.44449582106));
#10570 = CARTESIAN_POINT('',(221.73692494163,28.696478295568,
    108.47708376697));
#10571 = CARTESIAN_POINT('',(221.4692980638,28.898944158013,
    108.5509845914));
#10572 = CARTESIAN_POINT('',(221.31223517271,29.008817262699,
    108.59211917519));
#10573 = CARTESIAN_POINT('',(221.14868450802,29.114178941806,
    108.63248431108));
#10574 = CARTESIAN_POINT('',(220.97859796248,29.214567520379,
    108.67174555712));
#10575 = CARTESIAN_POINT('',(220.80195137597,29.309475628095,
    108.70954264245));
#10576 = CARTESIAN_POINT('',(220.24132916334,29.581434102749,
    108.81955182908));
#10577 = CARTESIAN_POINT('',(219.83190793187,29.740930739455,
    108.88658989111));
#10578 = CARTESIAN_POINT('',(219.39595831081,29.867707305137,
    108.94163490813));
#10579 = CARTESIAN_POINT('',(218.94023174094,29.955387663393,
    108.98031828575));
#10580 = CARTESIAN_POINT('',(218.4722917641,30.,109.));
#10581 = CARTESIAN_POINT('',(218.,30.,109.));
#10582 = PCURVE('',#6286,#10583);
#10583 = DEFINITIONAL_REPRESENTATION('',(#10584),#10617);
#10584 = B_SPLINE_CURVE_WITH_KNOTS('',6,(#10585,#10586,#10587,#10588,
    #10589,#10590,#10591,#10592,#10593,#10594,#10595,#10596,#10597,
    #10598,#10599,#10600,#10601,#10602,#10603,#10604,#10605,#10606,
    #10607,#10608,#10609,#10610,#10611,#10612,#10613,#10614,#10615,
    #10616),.UNSPECIFIED.,.F.,.F.,(7,5,5,5,5,5,7),(0.,0.238789957369,
    0.477850562427,0.548556096483,0.639928143945,0.757596242712,1.),
  .UNSPECIFIED.);
#10585 = CARTESIAN_POINT('',(-1.113887128133,21.6));
#10586 = CARTESIAN_POINT('',(-1.113887128133,21.929176587051));
#10587 = CARTESIAN_POINT('',(-1.115662757523,22.25824664989));
#10588 = CARTESIAN_POINT('',(-1.11921188126,22.585981194363));
#10589 = CARTESIAN_POINT('',(-1.124524559757,22.911139307091));
#10590 = CARTESIAN_POINT('',(-1.131582356304,23.232413213157));
#10591 = CARTESIAN_POINT('',(-1.149146553696,23.864692830783));
#10592 = CARTESIAN_POINT('',(-1.159655025247,24.175622135426));
#10593 = CARTESIAN_POINT('',(-1.171870878037,24.480201412611));
#10594 = CARTESIAN_POINT('',(-1.185788896298,24.777284236535));
#10595 = CARTESIAN_POINT('',(-1.201411791871,25.065420758028));
#10596 = CARTESIAN_POINT('',(-1.2238771506,25.424761375613));
#10597 = CARTESIAN_POINT('',(-1.229155855308,25.505850358217));
#10598 = CARTESIAN_POINT('',(-1.234586105983,25.585963363701));
#10599 = CARTESIAN_POINT('',(-1.240168691629,25.665052389311));
#10600 = CARTESIAN_POINT('',(-1.245904528401,25.743065254388));
#10601 = CARTESIAN_POINT('',(-1.259406416663,25.919297294914));
#10602 = CARTESIAN_POINT('',(-1.267275733364,26.016755960636));
#10603 = CARTESIAN_POINT('',(-1.275405001837,26.112201313803));
#10604 = CARTESIAN_POINT('',(-1.283796607934,26.205494540287));
#10605 = CARTESIAN_POINT('',(-1.292452931224,26.296478295568));
#10606 = CARTESIAN_POINT('',(-1.312867836792,26.498944158013));
#10607 = CARTESIAN_POINT('',(-1.324805028387,26.608817262699));
#10608 = CARTESIAN_POINT('',(-1.337189725813,26.714178941806));
#10609 = CARTESIAN_POINT('',(-1.35002258275,26.814567520379));
#10610 = CARTESIAN_POINT('',(-1.363303382241,26.909475628095));
#10611 = CARTESIAN_POINT('',(-1.405311738843,27.181434102749));
#10612 = CARTESIAN_POINT('',(-1.435802075634,27.340930739455));
#10613 = CARTESIAN_POINT('',(-1.468077159338,27.467707305137));
#10614 = CARTESIAN_POINT('',(-1.501661587937,27.555387663393));
#10615 = CARTESIAN_POINT('',(-1.536068991199,27.6));
#10616 = CARTESIAN_POINT('',(-1.570796326795,27.6));
#10617 = ( GEOMETRIC_REPRESENTATION_CONTEXT(2) 
PARAMETRIC_REPRESENTATION_CONTEXT() REPRESENTATION_CONTEXT('2D SPACE',''
  ) );
#10618 = PCURVE('',#10504,#10619);
#10619 = DEFINITIONAL_REPRESENTATION('',(#10620),#10653);
#10620 = B_SPLINE_CURVE_WITH_KNOTS('',6,(#10621,#10622,#10623,#10624,
    #10625,#10626,#10627,#10628,#10629,#10630,#10631,#10632,#10633,
    #10634,#10635,#10636,#10637,#10638,#10639,#10640,#10641,#10642,
    #10643,#10644,#10645,#10646,#10647,#10648,#10649,#10650,#10651,
    #10652),.UNSPECIFIED.,.F.,.F.,(7,5,5,5,5,5,7),(0.,0.238789957369,
    0.477850562427,0.548556096483,0.639928143945,0.757596242712,1.),
  .UNSPECIFIED.);
#10621 = CARTESIAN_POINT('',(0.,-14.60491704191));
#10622 = CARTESIAN_POINT('',(-5.486276450842E-02,-14.60491704191));
#10623 = CARTESIAN_POINT('',(-0.109707775333,-14.61557082257));
#10624 = CARTESIAN_POINT('',(-0.164627435888,-14.63686554257));
#10625 = CARTESIAN_POINT('',(-0.219711219415,-14.66845307867));
#10626 = CARTESIAN_POINT('',(-0.275047732702,-14.70964754241));
#10627 = CARTESIAN_POINT('',(-0.386465732932,-14.80932159856));
#10628 = CARTESIAN_POINT('',(-0.442536474486,-14.86781092698));
#10629 = CARTESIAN_POINT('',(-0.499109141738,-14.93399377272));
#10630 = CARTESIAN_POINT('',(-0.556353587946,-15.00672225696));
#10631 = CARTESIAN_POINT('',(-0.614446897988,-15.0845908678));
#10632 = CARTESIAN_POINT('',(-0.691072690338,-15.18994332984));
#10633 = CARTESIAN_POINT('',(-0.708657110402,-15.21429522944));
#10634 = CARTESIAN_POINT('',(-0.726341873196,-15.2389095194));
#10635 = CARTESIAN_POINT('',(-0.744133339693,-15.26374138953));
#10636 = CARTESIAN_POINT('',(-0.762038122596,-15.28874354866));
#10637 = CARTESIAN_POINT('',(-0.803356564897,-15.34633200522));
#10638 = CARTESIAN_POINT('',(-0.826850501125,-15.37899837257));
#10639 = CARTESIAN_POINT('',(-0.850559948598,-15.41175852626));
#10640 = CARTESIAN_POINT('',(-0.874500075569,-15.44449582106));
#10641 = CARTESIAN_POINT('',(-0.898686164959,-15.47708376697));
#10642 = CARTESIAN_POINT('',(-0.954616819244,-15.5509845914));
#10643 = CARTESIAN_POINT('',(-0.986541160009,-15.59211917519));
#10644 = CARTESIAN_POINT('',(-1.018930412414,-15.63248431108));
#10645 = CARTESIAN_POINT('',(-1.05180846944,-15.67174555712));
#10646 = CARTESIAN_POINT('',(-1.085201263576,-15.70954264245));
#10647 = CARTESIAN_POINT('',(-1.189051941264,-15.81955182908));
#10648 = CARTESIAN_POINT('',(-1.262048546752,-15.88658989111));
#10649 = CARTESIAN_POINT('',(-1.337258404154,-15.94163490813));
#10650 = CARTESIAN_POINT('',(-1.414091097741,-15.98031828575));
#10651 = CARTESIAN_POINT('',(-1.492081032777,-16.));
#10652 = CARTESIAN_POINT('',(-1.570796326795,-16.));
#10653 = ( GEOMETRIC_REPRESENTATION_CONTEXT(2) 
PARAMETRIC_REPRESENTATION_CONTEXT() REPRESENTATION_CONTEXT('2D SPACE',''
  ) );
#10654 = ORIENTED_EDGE('',*,*,#10655,.T.);
#10655 = EDGE_CURVE('',#10546,#10656,#10658,.T.);
#10656 = VERTEX_POINT('',#10657);
#10657 = CARTESIAN_POINT('',(218.,32.,109.));
#10658 = SURFACE_CURVE('',#10659,(#10663,#10670),.PCURVE_S1.);
#10659 = LINE('',#10660,#10661);
#10660 = CARTESIAN_POINT('',(218.,2.4,109.));
#10661 = VECTOR('',#10662,1.);
#10662 = DIRECTION('',(-0.,1.,-0.));
#10663 = PCURVE('',#6286,#10664);
#10664 = DEFINITIONAL_REPRESENTATION('',(#10665),#10669);
#10665 = LINE('',#10666,#10667);
#10666 = CARTESIAN_POINT('',(-1.570796326795,0.));
#10667 = VECTOR('',#10668,1.);
#10668 = DIRECTION('',(-0.,1.));
#10669 = ( GEOMETRIC_REPRESENTATION_CONTEXT(2) 
PARAMETRIC_REPRESENTATION_CONTEXT() REPRESENTATION_CONTEXT('2D SPACE',''
  ) );
#10670 = PCURVE('',#8747,#10671);
#10671 = DEFINITIONAL_REPRESENTATION('',(#10672),#10676);
#10672 = LINE('',#10673,#10674);
#10673 = CARTESIAN_POINT('',(75.2,-215.6));
#10674 = VECTOR('',#10675,1.);
#10675 = DIRECTION('',(-1.,0.));
#10676 = ( GEOMETRIC_REPRESENTATION_CONTEXT(2) 
PARAMETRIC_REPRESENTATION_CONTEXT() REPRESENTATION_CONTEXT('2D SPACE',''
  ) );
#10677 = ORIENTED_EDGE('',*,*,#10678,.T.);
#10678 = EDGE_CURVE('',#10656,#10679,#10681,.T.);
#10679 = VERTEX_POINT('',#10680);
#10680 = CARTESIAN_POINT('',(224.,38.,107.60491704191));
#10681 = SURFACE_CURVE('',#10682,(#10715,#10751),.PCURVE_S1.);
#10682 = B_SPLINE_CURVE_WITH_KNOTS('',6,(#10683,#10684,#10685,#10686,
    #10687,#10688,#10689,#10690,#10691,#10692,#10693,#10694,#10695,
    #10696,#10697,#10698,#10699,#10700,#10701,#10702,#10703,#10704,
    #10705,#10706,#10707,#10708,#10709,#10710,#10711,#10712,#10713,
    #10714),.UNSPECIFIED.,.F.,.F.,(7,5,5,5,5,5,7),(0.,0.24236400531,
    0.357590374023,0.449918150251,0.521544496421,0.758339211565,1.),
  .UNSPECIFIED.);
#10683 = CARTESIAN_POINT('',(218.,32.,109.));
#10684 = CARTESIAN_POINT('',(218.47219883177,32.,109.));
#10685 = CARTESIAN_POINT('',(218.94003584219,32.04459478825,
    108.9803260358));
#10686 = CARTESIAN_POINT('',(219.39565679353,32.132236763524,
    108.94165955515));
#10687 = CARTESIAN_POINT('',(219.83151047348,32.258954726621,
    108.88663978651));
#10688 = CARTESIAN_POINT('',(220.24086172616,32.418381822696,
    108.81962903841));
#10689 = CARTESIAN_POINT('',(220.79767258183,32.688428474069,
    108.71038914372));
#10690 = CARTESIAN_POINT('',(220.97080536455,32.781234414082,
    108.67341644583));
#10691 = CARTESIAN_POINT('',(221.13764781696,32.879308331154,
    108.63503123071));
#10692 = CARTESIAN_POINT('',(221.2982209667,32.98217220085,
    108.59557256139));
#10693 = CARTESIAN_POINT('',(221.45256809225,33.0893897827,
    108.55535586658));
#10694 = CARTESIAN_POINT('',(221.71949141855,33.289647806008,
    108.48206959712));
#10695 = CARTESIAN_POINT('',(221.83429433934,33.381287456512,
    108.44916216966));
#10696 = CARTESIAN_POINT('',(221.94521782138,33.475301297125,
    108.41608936623));
#10697 = CARTESIAN_POINT('',(222.05231887422,33.571525580404,
    108.38298244168));
#10698 = CARTESIAN_POINT('',(222.15565648797,33.669816080944,
    108.3499623031));
#10699 = CARTESIAN_POINT('',(222.33258691436,33.847806417491,
    108.29167613514));
#10700 = CARTESIAN_POINT('',(222.40765275524,33.926732076627,
    108.26633198076));
#10701 = CARTESIAN_POINT('',(222.48051652601,34.006766147363,
    108.24115897958));
#10702 = CARTESIAN_POINT('',(222.55120403435,34.087854135617,
    108.21620643943));
#10703 = CARTESIAN_POINT('',(222.61973952564,34.16994597865,
    108.19152104303));
#10704 = CARTESIAN_POINT('',(222.90568259834,34.527557262709,
    108.08656643479));
#10705 = CARTESIAN_POINT('',(223.10207184494,34.812746060605,
    108.00934229096));
#10706 = CARTESIAN_POINT('',(223.27593416206,35.106742366994,
    107.93713148601));
#10707 = CARTESIAN_POINT('',(223.42780592809,35.408133996526,
    107.87130354237));
#10708 = CARTESIAN_POINT('',(223.5580821883,35.71580359688,
    107.81297979574));
#10709 = CARTESIAN_POINT('',(223.77807458247,36.348259913669,
    107.71214013776));
#10710 = CARTESIAN_POINT('',(223.8668824235,36.673211771866,
    107.66998240102));
#10711 = CARTESIAN_POINT('',(223.93343838313,37.002187207835,
    107.63763908213));
#10712 = CARTESIAN_POINT('',(223.9778034544,37.333831032967,
    107.61582897518));
#10713 = CARTESIAN_POINT('',(224.,37.66685911916,107.60491704191));
#10714 = CARTESIAN_POINT('',(224.,38.,107.60491704191));
#10715 = PCURVE('',#6286,#10716);
#10716 = DEFINITIONAL_REPRESENTATION('',(#10717),#10750);
#10717 = B_SPLINE_CURVE_WITH_KNOTS('',6,(#10718,#10719,#10720,#10721,
    #10722,#10723,#10724,#10725,#10726,#10727,#10728,#10729,#10730,
    #10731,#10732,#10733,#10734,#10735,#10736,#10737,#10738,#10739,
    #10740,#10741,#10742,#10743,#10744,#10745,#10746,#10747,#10748,
    #10749),.UNSPECIFIED.,.F.,.F.,(7,5,5,5,5,5,7),(0.,0.24236400531,
    0.357590374023,0.449918150251,0.521544496421,0.758339211565,1.),
  .UNSPECIFIED.);
#10718 = CARTESIAN_POINT('',(-1.570796326795,29.6));
#10719 = CARTESIAN_POINT('',(-1.536075824459,29.6));
#10720 = CARTESIAN_POINT('',(-1.501675991813,29.64459478825));
#10721 = CARTESIAN_POINT('',(-1.468099374787,29.732236763524));
#10722 = CARTESIAN_POINT('',(-1.435831493575,29.858954726621));
#10723 = CARTESIAN_POINT('',(-1.405346559207,30.018381822696));
#10724 = CARTESIAN_POINT('',(-1.363624096909,30.288428474068));
#10725 = CARTESIAN_POINT('',(-1.350608510397,30.381234414082));
#10726 = CARTESIAN_POINT('',(-1.338022426822,30.479308331154));
#10727 = CARTESIAN_POINT('',(-1.325866148856,30.58217220085));
#10728 = CARTESIAN_POINT('',(-1.314139169857,30.6893897827));
#10729 = CARTESIAN_POINT('',(-1.293786135784,30.889647806008));
#10730 = CARTESIAN_POINT('',(-1.285005334714,30.981287456512));
#10731 = CARTESIAN_POINT('',(-1.276495083824,31.075301297125));
#10732 = CARTESIAN_POINT('',(-1.26825292946,31.171525580404));
#10733 = CARTESIAN_POINT('',(-1.260276396959,31.269816080944));
#10734 = CARTESIAN_POINT('',(-1.246579058918,31.447806417491));
#10735 = CARTESIAN_POINT('',(-1.240753565072,31.526732076627));
#10736 = CARTESIAN_POINT('',(-1.235085417178,31.606766147363));
#10737 = CARTESIAN_POINT('',(-1.22957365636,31.687854135617));
#10738 = CARTESIAN_POINT('',(-1.224217456804,31.76994597865));
#10739 = CARTESIAN_POINT('',(-1.201820669479,32.127557262709));
#10740 = CARTESIAN_POINT('',(-1.186308005996,32.412746060605));
#10741 = CARTESIAN_POINT('',(-1.172468336702,32.706742366994));
#10742 = CARTESIAN_POINT('',(-1.160298701673,33.008133996526));
#10743 = CARTESIAN_POINT('',(-1.149803864102,33.31580359688));
#10744 = CARTESIAN_POINT('',(-1.132009550461,33.948259913669));
#10745 = CARTESIAN_POINT('',(-1.124781805339,34.273211771866));
#10746 = CARTESIAN_POINT('',(-1.119340804789,34.602187207835));
#10747 = CARTESIAN_POINT('',(-1.115705782895,34.933831032967));
#10748 = CARTESIAN_POINT('',(-1.113887128133,35.26685911916));
#10749 = CARTESIAN_POINT('',(-1.113887128133,35.6));
#10750 = ( GEOMETRIC_REPRESENTATION_CONTEXT(2) 
PARAMETRIC_REPRESENTATION_CONTEXT() REPRESENTATION_CONTEXT('2D SPACE',''
  ) );
#10751 = PCURVE('',#10752,#10757);
#10752 = CYLINDRICAL_SURFACE('',#10753,6.);
#10753 = AXIS2_PLACEMENT_3D('',#10754,#10755,#10756);
#10754 = CARTESIAN_POINT('',(218.,38.,93.));
#10755 = DIRECTION('',(-0.,-0.,-1.));
#10756 = DIRECTION('',(1.,0.,0.));
#10757 = DEFINITIONAL_REPRESENTATION('',(#10758),#10791);
#10758 = B_SPLINE_CURVE_WITH_KNOTS('',6,(#10759,#10760,#10761,#10762,
    #10763,#10764,#10765,#10766,#10767,#10768,#10769,#10770,#10771,
    #10772,#10773,#10774,#10775,#10776,#10777,#10778,#10779,#10780,
    #10781,#10782,#10783,#10784,#10785,#10786,#10787,#10788,#10789,
    #10790),.UNSPECIFIED.,.F.,.F.,(7,5,5,5,5,5,7),(0.,0.24236400531,
    0.357590374023,0.449918150251,0.521544496421,0.758339211565,1.),
  .UNSPECIFIED.);
#10759 = CARTESIAN_POINT('',(-4.712388980385,-16.));
#10760 = CARTESIAN_POINT('',(-4.79108878568,-16.));
#10761 = CARTESIAN_POINT('',(-4.869061558622,-15.9803260358));
#10762 = CARTESIAN_POINT('',(-4.945876134452,-15.94165955515));
#10763 = CARTESIAN_POINT('',(-5.021068288887,-15.88663978651));
#10764 = CARTESIAN_POINT('',(-5.09404988136,-15.81962903841));
#10765 = CARTESIAN_POINT('',(-5.197189959101,-15.71038914372));
#10766 = CARTESIAN_POINT('',(-5.229902803715,-15.67341644583));
#10767 = CARTESIAN_POINT('',(-5.262121509364,-15.63503123071));
#10768 = CARTESIAN_POINT('',(-5.293870296598,-15.59557256139));
#10769 = CARTESIAN_POINT('',(-5.325171479368,-15.55535586658));
#10770 = CARTESIAN_POINT('',(-5.380787059226,-15.48206959712));
#10771 = CARTESIAN_POINT('',(-5.405258324828,-15.44916216966));
#10772 = CARTESIAN_POINT('',(-5.429476861612,-15.41608936623));
#10773 = CARTESIAN_POINT('',(-5.453458452825,-15.38298244168));
#10774 = CARTESIAN_POINT('',(-5.477218788186,-15.3499623031));
#10775 = CARTESIAN_POINT('',(-5.519046787742,-15.29167613514));
#10776 = CARTESIAN_POINT('',(-5.537196164735,-15.26633198076));
#10777 = CARTESIAN_POINT('',(-5.555228746301,-15.24115897958));
#10778 = CARTESIAN_POINT('',(-5.573151420276,-15.21620643943));
#10779 = CARTESIAN_POINT('',(-5.590970810894,-15.19152104303));
#10780 = CARTESIAN_POINT('',(-5.667283266429,-15.08656643479));
#10781 = CARTESIAN_POINT('',(-5.724847573073,-15.00934229096));
#10782 = CARTESIAN_POINT('',(-5.78157486991,-14.93713148601));
#10783 = CARTESIAN_POINT('',(-5.837638108175,-14.87130354237));
#10784 = CARTESIAN_POINT('',(-5.893203211223,-14.81297979574));
#10785 = CARTESIAN_POINT('',(-6.004807378576,-14.71214013776));
#10786 = CARTESIAN_POINT('',(-6.060822538477,-14.66998240102));
#10787 = CARTESIAN_POINT('',(-6.116575070055,-14.63763908213));
#10788 = CARTESIAN_POINT('',(-6.172157145524,-14.61582897518));
#10789 = CARTESIAN_POINT('',(-6.22766182704,-14.60491704191));
#10790 = CARTESIAN_POINT('',(-6.28318530718,-14.60491704191));
#10791 = ( GEOMETRIC_REPRESENTATION_CONTEXT(2) 
PARAMETRIC_REPRESENTATION_CONTEXT() REPRESENTATION_CONTEXT('2D SPACE',''
  ) );
#10792 = ORIENTED_EDGE('',*,*,#10793,.T.);
#10793 = EDGE_CURVE('',#10679,#10794,#10796,.T.);
#10794 = VERTEX_POINT('',#10795);
#10795 = CARTESIAN_POINT('',(218.,44.,109.));
#10796 = SURFACE_CURVE('',#10797,(#10830,#10866),.PCURVE_S1.);
#10797 = B_SPLINE_CURVE_WITH_KNOTS('',6,(#10798,#10799,#10800,#10801,
    #10802,#10803,#10804,#10805,#10806,#10807,#10808,#10809,#10810,
    #10811,#10812,#10813,#10814,#10815,#10816,#10817,#10818,#10819,
    #10820,#10821,#10822,#10823,#10824,#10825,#10826,#10827,#10828,
    #10829),.UNSPECIFIED.,.F.,.F.,(7,5,5,5,5,5,7),(0.,0.238789957369,
    0.477850562427,0.548556096483,0.639928143945,0.757596242711,1.),
  .UNSPECIFIED.);
#10798 = CARTESIAN_POINT('',(224.,38.,107.60491704191));
#10799 = CARTESIAN_POINT('',(224.,38.32917658705,107.60491704191));
#10800 = CARTESIAN_POINT('',(223.97832857677,38.65824664989,
    107.61557082257));
#10801 = CARTESIAN_POINT('',(223.93501187949,38.985981194363,
    107.63686554257));
#10802 = CARTESIAN_POINT('',(223.87002905267,39.311139307091,
    107.66845307867));
#10803 = CARTESIAN_POINT('',(223.78332312037,39.632413213157,
    107.70964754241));
#10804 = CARTESIAN_POINT('',(223.56623918949,40.264692830783,
    107.80932159856));
#10805 = CARTESIAN_POINT('',(223.43583396828,40.575622135426,
    107.86781092698));
#10806 = CARTESIAN_POINT('',(223.28343102471,40.880201412611,
    107.93399377272));
#10807 = CARTESIAN_POINT('',(223.10862916177,41.177284236535,
    108.00672225696));
#10808 = CARTESIAN_POINT('',(222.91088094796,41.465420758028,
    108.0845908678));
#10809 = CARTESIAN_POINT('',(222.62409051146,41.824761375613,
    108.18994332984));
#10810 = CARTESIAN_POINT('',(222.55655517072,41.905850358217,
    108.21429522944));
#10811 = CARTESIAN_POINT('',(222.48692395614,41.985963363701,
    108.2389095194));
#10812 = CARTESIAN_POINT('',(222.4151736114,42.065052389311,
    108.26374138953));
#10813 = CARTESIAN_POINT('',(222.34127938208,42.143065254388,
    108.28874354866));
#10814 = CARTESIAN_POINT('',(222.16691780328,42.319297294914,
    108.34633200522));
#10815 = CARTESIAN_POINT('',(222.06499812633,42.416755960636,
    108.37899837257));
#10816 = CARTESIAN_POINT('',(221.95939720559,42.512201313803,
    108.41175852626));
#10817 = CARTESIAN_POINT('',(221.850057947,42.605494540287,
    108.44449582106));
#10818 = CARTESIAN_POINT('',(221.73692494163,42.696478295568,
    108.47708376697));
#10819 = CARTESIAN_POINT('',(221.4692980638,42.898944158013,
    108.5509845914));
#10820 = CARTESIAN_POINT('',(221.31223517271,43.008817262698,
    108.59211917519));
#10821 = CARTESIAN_POINT('',(221.14868450802,43.114178941806,
    108.63248431108));
#10822 = CARTESIAN_POINT('',(220.97859796248,43.214567520379,
    108.67174555712));
#10823 = CARTESIAN_POINT('',(220.80195137597,43.309475628095,
    108.70954264245));
#10824 = CARTESIAN_POINT('',(220.24132916334,43.581434102749,
    108.81955182908));
#10825 = CARTESIAN_POINT('',(219.83190793187,43.740930739455,
    108.88658989111));
#10826 = CARTESIAN_POINT('',(219.39595831081,43.867707305137,
    108.94163490813));
#10827 = CARTESIAN_POINT('',(218.94023174094,43.955387663393,
    108.98031828575));
#10828 = CARTESIAN_POINT('',(218.4722917641,44.,109.));
#10829 = CARTESIAN_POINT('',(218.,44.,109.));
#10830 = PCURVE('',#6286,#10831);
#10831 = DEFINITIONAL_REPRESENTATION('',(#10832),#10865);
#10832 = B_SPLINE_CURVE_WITH_KNOTS('',6,(#10833,#10834,#10835,#10836,
    #10837,#10838,#10839,#10840,#10841,#10842,#10843,#10844,#10845,
    #10846,#10847,#10848,#10849,#10850,#10851,#10852,#10853,#10854,
    #10855,#10856,#10857,#10858,#10859,#10860,#10861,#10862,#10863,
    #10864),.UNSPECIFIED.,.F.,.F.,(7,5,5,5,5,5,7),(0.,0.238789957369,
    0.477850562427,0.548556096483,0.639928143945,0.757596242711,1.),
  .UNSPECIFIED.);
#10833 = CARTESIAN_POINT('',(-1.113887128133,35.6));
#10834 = CARTESIAN_POINT('',(-1.113887128133,35.92917658705));
#10835 = CARTESIAN_POINT('',(-1.115662757523,36.25824664989));
#10836 = CARTESIAN_POINT('',(-1.11921188126,36.585981194363));
#10837 = CARTESIAN_POINT('',(-1.124524559757,36.911139307091));
#10838 = CARTESIAN_POINT('',(-1.131582356304,37.232413213157));
#10839 = CARTESIAN_POINT('',(-1.149146553696,37.864692830783));
#10840 = CARTESIAN_POINT('',(-1.159655025247,38.175622135426));
#10841 = CARTESIAN_POINT('',(-1.171870878037,38.480201412611));
#10842 = CARTESIAN_POINT('',(-1.185788896298,38.777284236535));
#10843 = CARTESIAN_POINT('',(-1.201411791871,39.065420758028));
#10844 = CARTESIAN_POINT('',(-1.2238771506,39.424761375613));
#10845 = CARTESIAN_POINT('',(-1.229155855308,39.505850358217));
#10846 = CARTESIAN_POINT('',(-1.234586105983,39.585963363701));
#10847 = CARTESIAN_POINT('',(-1.240168691629,39.665052389311));
#10848 = CARTESIAN_POINT('',(-1.245904528401,39.743065254388));
#10849 = CARTESIAN_POINT('',(-1.259406416663,39.919297294914));
#10850 = CARTESIAN_POINT('',(-1.267275733364,40.016755960636));
#10851 = CARTESIAN_POINT('',(-1.275405001837,40.112201313803));
#10852 = CARTESIAN_POINT('',(-1.283796607934,40.205494540287));
#10853 = CARTESIAN_POINT('',(-1.292452931224,40.296478295568));
#10854 = CARTESIAN_POINT('',(-1.312867836792,40.498944158013));
#10855 = CARTESIAN_POINT('',(-1.324805028387,40.608817262698));
#10856 = CARTESIAN_POINT('',(-1.337189725813,40.714178941806));
#10857 = CARTESIAN_POINT('',(-1.35002258275,40.814567520379));
#10858 = CARTESIAN_POINT('',(-1.363303382241,40.909475628095));
#10859 = CARTESIAN_POINT('',(-1.405311738843,41.181434102749));
#10860 = CARTESIAN_POINT('',(-1.435802075634,41.340930739455));
#10861 = CARTESIAN_POINT('',(-1.468077159338,41.467707305137));
#10862 = CARTESIAN_POINT('',(-1.501661587937,41.555387663393));
#10863 = CARTESIAN_POINT('',(-1.536068991199,41.6));
#10864 = CARTESIAN_POINT('',(-1.570796326795,41.6));
#10865 = ( GEOMETRIC_REPRESENTATION_CONTEXT(2) 
PARAMETRIC_REPRESENTATION_CONTEXT() REPRESENTATION_CONTEXT('2D SPACE',''
  ) );
#10866 = PCURVE('',#10752,#10867);
#10867 = DEFINITIONAL_REPRESENTATION('',(#10868),#10901);
#10868 = B_SPLINE_CURVE_WITH_KNOTS('',6,(#10869,#10870,#10871,#10872,
    #10873,#10874,#10875,#10876,#10877,#10878,#10879,#10880,#10881,
    #10882,#10883,#10884,#10885,#10886,#10887,#10888,#10889,#10890,
    #10891,#10892,#10893,#10894,#10895,#10896,#10897,#10898,#10899,
    #10900),.UNSPECIFIED.,.F.,.F.,(7,5,5,5,5,5,7),(0.,0.238789957369,
    0.477850562427,0.548556096483,0.639928143945,0.757596242711,1.),
  .UNSPECIFIED.);
#10869 = CARTESIAN_POINT('',(0.,-14.60491704191));
#10870 = CARTESIAN_POINT('',(-5.486276450842E-02,-14.60491704191));
#10871 = CARTESIAN_POINT('',(-0.109707775333,-14.61557082257));
#10872 = CARTESIAN_POINT('',(-0.164627435888,-14.63686554257));
#10873 = CARTESIAN_POINT('',(-0.219711219415,-14.66845307867));
#10874 = CARTESIAN_POINT('',(-0.275047732702,-14.70964754241));
#10875 = CARTESIAN_POINT('',(-0.386465732932,-14.80932159856));
#10876 = CARTESIAN_POINT('',(-0.442536474486,-14.86781092698));
#10877 = CARTESIAN_POINT('',(-0.499109141738,-14.93399377272));
#10878 = CARTESIAN_POINT('',(-0.556353587946,-15.00672225696));
#10879 = CARTESIAN_POINT('',(-0.614446897988,-15.0845908678));
#10880 = CARTESIAN_POINT('',(-0.691072690338,-15.18994332984));
#10881 = CARTESIAN_POINT('',(-0.708657110402,-15.21429522944));
#10882 = CARTESIAN_POINT('',(-0.726341873196,-15.2389095194));
#10883 = CARTESIAN_POINT('',(-0.744133339693,-15.26374138953));
#10884 = CARTESIAN_POINT('',(-0.762038122596,-15.28874354866));
#10885 = CARTESIAN_POINT('',(-0.803356564897,-15.34633200522));
#10886 = CARTESIAN_POINT('',(-0.826850501125,-15.37899837257));
#10887 = CARTESIAN_POINT('',(-0.850559948598,-15.41175852626));
#10888 = CARTESIAN_POINT('',(-0.874500075569,-15.44449582106));
#10889 = CARTESIAN_POINT('',(-0.898686164959,-15.47708376697));
#10890 = CARTESIAN_POINT('',(-0.954616819244,-15.5509845914));
#10891 = CARTESIAN_POINT('',(-0.986541160009,-15.59211917519));
#10892 = CARTESIAN_POINT('',(-1.018930412414,-15.63248431108));
#10893 = CARTESIAN_POINT('',(-1.05180846944,-15.67174555712));
#10894 = CARTESIAN_POINT('',(-1.085201263576,-15.70954264245));
#10895 = CARTESIAN_POINT('',(-1.189051941264,-15.81955182908));
#10896 = CARTESIAN_POINT('',(-1.262048546752,-15.88658989111));
#10897 = CARTESIAN_POINT('',(-1.337258404154,-15.94163490813));
#10898 = CARTESIAN_POINT('',(-1.414091097741,-15.98031828575));
#10899 = CARTESIAN_POINT('',(-1.492081032777,-16.));
#10900 = CARTESIAN_POINT('',(-1.570796326795,-16.));
#10901 = ( GEOMETRIC_REPRESENTATION_CONTEXT(2) 
PARAMETRIC_REPRESENTATION_CONTEXT() REPRESENTATION_CONTEXT('2D SPACE',''
  ) );
#10902 = ORIENTED_EDGE('',*,*,#10903,.T.);
#10903 = EDGE_CURVE('',#10794,#10904,#10906,.T.);
#10904 = VERTEX_POINT('',#10905);
#10905 = CARTESIAN_POINT('',(218.,45.999999999999,109.));
#10906 = SURFACE_CURVE('',#10907,(#10911,#10918),.PCURVE_S1.);
#10907 = LINE('',#10908,#10909);
#10908 = CARTESIAN_POINT('',(218.,2.4,109.));
#10909 = VECTOR('',#10910,1.);
#10910 = DIRECTION('',(-0.,1.,-0.));
#10911 = PCURVE('',#6286,#10912);
#10912 = DEFINITIONAL_REPRESENTATION('',(#10913),#10917);
#10913 = LINE('',#10914,#10915);
#10914 = CARTESIAN_POINT('',(-1.570796326795,0.));
#10915 = VECTOR('',#10916,1.);
#10916 = DIRECTION('',(-0.,1.));
#10917 = ( GEOMETRIC_REPRESENTATION_CONTEXT(2) 
PARAMETRIC_REPRESENTATION_CONTEXT() REPRESENTATION_CONTEXT('2D SPACE',''
  ) );
#10918 = PCURVE('',#8747,#10919);
#10919 = DEFINITIONAL_REPRESENTATION('',(#10920),#10924);
#10920 = LINE('',#10921,#10922);
#10921 = CARTESIAN_POINT('',(75.2,-215.6));
#10922 = VECTOR('',#10923,1.);
#10923 = DIRECTION('',(-1.,0.));
#10924 = ( GEOMETRIC_REPRESENTATION_CONTEXT(2) 
PARAMETRIC_REPRESENTATION_CONTEXT() REPRESENTATION_CONTEXT('2D SPACE',''
  ) );
#10925 = ORIENTED_EDGE('',*,*,#10926,.T.);
#10926 = EDGE_CURVE('',#10904,#10927,#10929,.T.);
#10927 = VERTEX_POINT('',#10928);
#10928 = CARTESIAN_POINT('',(224.,52.,107.60491704191));
#10929 = SURFACE_CURVE('',#10930,(#10963,#10999),.PCURVE_S1.);
#10930 = B_SPLINE_CURVE_WITH_KNOTS('',6,(#10931,#10932,#10933,#10934,
    #10935,#10936,#10937,#10938,#10939,#10940,#10941,#10942,#10943,
    #10944,#10945,#10946,#10947,#10948,#10949,#10950,#10951,#10952,
    #10953,#10954,#10955,#10956,#10957,#10958,#10959,#10960,#10961,
    #10962),.UNSPECIFIED.,.F.,.F.,(7,5,5,5,5,5,7),(0.,0.242364001589,
    0.357590368534,0.449918143344,0.521544488415,0.758339214436,1.),
  .UNSPECIFIED.);
#10931 = CARTESIAN_POINT('',(218.,46.,109.));
#10932 = CARTESIAN_POINT('',(218.47219883177,46.,109.));
#10933 = CARTESIAN_POINT('',(218.94003584219,46.04459478825,
    108.9803260358));
#10934 = CARTESIAN_POINT('',(219.39565679353,46.132236763524,
    108.94165955515));
#10935 = CARTESIAN_POINT('',(219.83151047348,46.258954726621,
    108.88663978651));
#10936 = CARTESIAN_POINT('',(220.24086172616,46.418381822696,
    108.81962903841));
#10937 = CARTESIAN_POINT('',(220.79767258183,46.688428474068,
    108.71038914372));
#10938 = CARTESIAN_POINT('',(220.97080536455,46.781234414082,
    108.67341644583));
#10939 = CARTESIAN_POINT('',(221.13764781696,46.879308331154,
    108.63503123071));
#10940 = CARTESIAN_POINT('',(221.2982209667,46.98217220085,
    108.59557256139));
#10941 = CARTESIAN_POINT('',(221.45256809225,47.0893897827,
    108.55535586658));
#10942 = CARTESIAN_POINT('',(221.71949141855,47.289647806008,
    108.48206959712));
#10943 = CARTESIAN_POINT('',(221.83429433934,47.381287456512,
    108.44916216966));
#10944 = CARTESIAN_POINT('',(221.94521782138,47.475301297125,
    108.41608936623));
#10945 = CARTESIAN_POINT('',(222.05231887422,47.571525580404,
    108.38298244168));
#10946 = CARTESIAN_POINT('',(222.15565648797,47.669816080944,
    108.3499623031));
#10947 = CARTESIAN_POINT('',(222.33258691436,47.847806417491,
    108.29167613514));
#10948 = CARTESIAN_POINT('',(222.40765275524,47.926732076627,
    108.26633198076));
#10949 = CARTESIAN_POINT('',(222.48051652601,48.006766147363,
    108.24115897958));
#10950 = CARTESIAN_POINT('',(222.55120403435,48.087854135617,
    108.21620643943));
#10951 = CARTESIAN_POINT('',(222.61973952564,48.16994597865,
    108.19152104303));
#10952 = CARTESIAN_POINT('',(222.90568261179,48.527557279536,
    108.08656642985));
#10953 = CARTESIAN_POINT('',(223.10207182845,48.812746032611,
    108.00934229748));
#10954 = CARTESIAN_POINT('',(223.27593415872,49.106742367546,
    107.93713148697));
#10955 = CARTESIAN_POINT('',(223.427805943,49.408134024747,
    107.87130353631));
#10956 = CARTESIAN_POINT('',(223.558082182,49.715803578783,
    107.81297979862));
#10957 = CARTESIAN_POINT('',(223.77807458247,50.34825991367,
    107.71214013776));
#10958 = CARTESIAN_POINT('',(223.8668824235,50.673211771864,
    107.66998240102));
#10959 = CARTESIAN_POINT('',(223.93343838313,51.002187207837,
    107.63763908213));
#10960 = CARTESIAN_POINT('',(223.9778034544,51.333831032965,
    107.61582897518));
#10961 = CARTESIAN_POINT('',(224.,51.666859119161,107.60491704191));
#10962 = CARTESIAN_POINT('',(224.,52.,107.60491704191));
#10963 = PCURVE('',#6286,#10964);
#10964 = DEFINITIONAL_REPRESENTATION('',(#10965),#10998);
#10965 = B_SPLINE_CURVE_WITH_KNOTS('',6,(#10966,#10967,#10968,#10969,
    #10970,#10971,#10972,#10973,#10974,#10975,#10976,#10977,#10978,
    #10979,#10980,#10981,#10982,#10983,#10984,#10985,#10986,#10987,
    #10988,#10989,#10990,#10991,#10992,#10993,#10994,#10995,#10996,
    #10997),.UNSPECIFIED.,.F.,.F.,(7,5,5,5,5,5,7),(0.,0.242364001589,
    0.357590368534,0.449918143344,0.521544488415,0.758339214436,1.),
  .UNSPECIFIED.);
#10966 = CARTESIAN_POINT('',(-1.570796326795,43.6));
#10967 = CARTESIAN_POINT('',(-1.536075824459,43.6));
#10968 = CARTESIAN_POINT('',(-1.501675991813,43.64459478825));
#10969 = CARTESIAN_POINT('',(-1.468099374787,43.732236763524));
#10970 = CARTESIAN_POINT('',(-1.435831493575,43.858954726621));
#10971 = CARTESIAN_POINT('',(-1.405346559207,44.018381822696));
#10972 = CARTESIAN_POINT('',(-1.363624096909,44.288428474068));
#10973 = CARTESIAN_POINT('',(-1.350608510397,44.381234414082));
#10974 = CARTESIAN_POINT('',(-1.338022426822,44.479308331154));
#10975 = CARTESIAN_POINT('',(-1.325866148856,44.58217220085));
#10976 = CARTESIAN_POINT('',(-1.314139169857,44.6893897827));
#10977 = CARTESIAN_POINT('',(-1.293786135784,44.889647806008));
#10978 = CARTESIAN_POINT('',(-1.285005334714,44.981287456512));
#10979 = CARTESIAN_POINT('',(-1.276495083824,45.075301297125));
#10980 = CARTESIAN_POINT('',(-1.26825292946,45.171525580404));
#10981 = CARTESIAN_POINT('',(-1.260276396959,45.269816080944));
#10982 = CARTESIAN_POINT('',(-1.246579058918,45.447806417491));
#10983 = CARTESIAN_POINT('',(-1.240753565072,45.526732076627));
#10984 = CARTESIAN_POINT('',(-1.235085417178,45.606766147363));
#10985 = CARTESIAN_POINT('',(-1.22957365636,45.687854135617));
#10986 = CARTESIAN_POINT('',(-1.224217456804,45.76994597865));
#10987 = CARTESIAN_POINT('',(-1.201820668425,46.127557279536));
#10988 = CARTESIAN_POINT('',(-1.186308007301,46.412746032611));
#10989 = CARTESIAN_POINT('',(-1.172468336956,46.706742367546));
#10990 = CARTESIAN_POINT('',(-1.160298700489,47.008134024747));
#10991 = CARTESIAN_POINT('',(-1.149803864611,47.315803578783));
#10992 = CARTESIAN_POINT('',(-1.132009550461,47.94825991367));
#10993 = CARTESIAN_POINT('',(-1.124781805339,48.273211771864));
#10994 = CARTESIAN_POINT('',(-1.119340804789,48.602187207837));
#10995 = CARTESIAN_POINT('',(-1.115705782895,48.933831032965));
#10996 = CARTESIAN_POINT('',(-1.113887128133,49.266859119161));
#10997 = CARTESIAN_POINT('',(-1.113887128133,49.6));
#10998 = ( GEOMETRIC_REPRESENTATION_CONTEXT(2) 
PARAMETRIC_REPRESENTATION_CONTEXT() REPRESENTATION_CONTEXT('2D SPACE',''
  ) );
#10999 = PCURVE('',#11000,#11005);
#11000 = CYLINDRICAL_SURFACE('',#11001,6.);
#11001 = AXIS2_PLACEMENT_3D('',#11002,#11003,#11004);
#11002 = CARTESIAN_POINT('',(218.,52.,93.));
#11003 = DIRECTION('',(-0.,-0.,-1.));
#11004 = DIRECTION('',(1.,0.,0.));
#11005 = DEFINITIONAL_REPRESENTATION('',(#11006),#11039);
#11006 = B_SPLINE_CURVE_WITH_KNOTS('',6,(#11007,#11008,#11009,#11010,
    #11011,#11012,#11013,#11014,#11015,#11016,#11017,#11018,#11019,
    #11020,#11021,#11022,#11023,#11024,#11025,#11026,#11027,#11028,
    #11029,#11030,#11031,#11032,#11033,#11034,#11035,#11036,#11037,
    #11038),.UNSPECIFIED.,.F.,.F.,(7,5,5,5,5,5,7),(0.,0.242364001589,
    0.357590368534,0.449918143344,0.521544488415,0.758339214436,1.),
  .UNSPECIFIED.);
#11007 = CARTESIAN_POINT('',(-4.712388980385,-16.));
#11008 = CARTESIAN_POINT('',(-4.79108878568,-16.));
#11009 = CARTESIAN_POINT('',(-4.869061558622,-15.9803260358));
#11010 = CARTESIAN_POINT('',(-4.945876134452,-15.94165955515));
#11011 = CARTESIAN_POINT('',(-5.021068288887,-15.88663978651));
#11012 = CARTESIAN_POINT('',(-5.09404988136,-15.81962903841));
#11013 = CARTESIAN_POINT('',(-5.197189959101,-15.71038914372));
#11014 = CARTESIAN_POINT('',(-5.229902803715,-15.67341644583));
#11015 = CARTESIAN_POINT('',(-5.262121509364,-15.63503123071));
#11016 = CARTESIAN_POINT('',(-5.293870296598,-15.59557256139));
#11017 = CARTESIAN_POINT('',(-5.325171479368,-15.55535586658));
#11018 = CARTESIAN_POINT('',(-5.380787059226,-15.48206959712));
#11019 = CARTESIAN_POINT('',(-5.405258324828,-15.44916216966));
#11020 = CARTESIAN_POINT('',(-5.429476861612,-15.41608936623));
#11021 = CARTESIAN_POINT('',(-5.453458452825,-15.38298244168));
#11022 = CARTESIAN_POINT('',(-5.477218788186,-15.3499623031));
#11023 = CARTESIAN_POINT('',(-5.519046787742,-15.29167613514));
#11024 = CARTESIAN_POINT('',(-5.537196164735,-15.26633198076));
#11025 = CARTESIAN_POINT('',(-5.555228746301,-15.24115897958));
#11026 = CARTESIAN_POINT('',(-5.573151420276,-15.21620643943));
#11027 = CARTESIAN_POINT('',(-5.590970810894,-15.19152104303));
#11028 = CARTESIAN_POINT('',(-5.66728327002,-15.08656642985));
#11029 = CARTESIAN_POINT('',(-5.724847567593,-15.00934229748));
#11030 = CARTESIAN_POINT('',(-5.781574869719,-14.93713148697));
#11031 = CARTESIAN_POINT('',(-5.837638113558,-14.87130353631));
#11032 = CARTESIAN_POINT('',(-5.89320320803,-14.81297979862));
#11033 = CARTESIAN_POINT('',(-6.004807378577,-14.71214013776));
#11034 = CARTESIAN_POINT('',(-6.060822538477,-14.66998240102));
#11035 = CARTESIAN_POINT('',(-6.116575070055,-14.63763908213));
#11036 = CARTESIAN_POINT('',(-6.172157145524,-14.61582897518));
#11037 = CARTESIAN_POINT('',(-6.22766182704,-14.60491704191));
#11038 = CARTESIAN_POINT('',(-6.28318530718,-14.60491704191));
#11039 = ( GEOMETRIC_REPRESENTATION_CONTEXT(2) 
PARAMETRIC_REPRESENTATION_CONTEXT() REPRESENTATION_CONTEXT('2D SPACE',''
  ) );
#11040 = ORIENTED_EDGE('',*,*,#11041,.T.);
#11041 = EDGE_CURVE('',#10927,#11042,#11044,.T.);
#11042 = VERTEX_POINT('',#11043);
#11043 = CARTESIAN_POINT('',(218.,58.000000000001,109.));
#11044 = SURFACE_CURVE('',#11045,(#11078,#11114),.PCURVE_S1.);
#11045 = B_SPLINE_CURVE_WITH_KNOTS('',6,(#11046,#11047,#11048,#11049,
    #11050,#11051,#11052,#11053,#11054,#11055,#11056,#11057,#11058,
    #11059,#11060,#11061,#11062,#11063,#11064,#11065,#11066,#11067,
    #11068,#11069,#11070,#11071,#11072,#11073,#11074,#11075,#11076,
    #11077),.UNSPECIFIED.,.F.,.F.,(7,5,5,5,5,5,7),(0.,0.238789960382,
    0.477850554192,0.548556089364,0.639928138269,0.757596238892,1.),
  .UNSPECIFIED.);
#11046 = CARTESIAN_POINT('',(224.,52.,107.60491704191));
#11047 = CARTESIAN_POINT('',(224.,52.32917658705,107.60491704191));
#11048 = CARTESIAN_POINT('',(223.97832857677,52.65824664989,
    107.61557082257));
#11049 = CARTESIAN_POINT('',(223.93501187949,52.985981194363,
    107.63686554257));
#11050 = CARTESIAN_POINT('',(223.87002905267,53.311139307091,
    107.66845307867));
#11051 = CARTESIAN_POINT('',(223.78332312037,53.632413213157,
    107.70964754241));
#11052 = CARTESIAN_POINT('',(223.56623919598,54.264692811909,
    107.80932159558));
#11053 = CARTESIAN_POINT('',(223.43583395288,54.57562216478,
    107.86781093325));
#11054 = CARTESIAN_POINT('',(223.28343102817,54.880201413247,
    107.93399377172));
#11055 = CARTESIAN_POINT('',(223.10862917882,55.17728420745,
    108.00672225021));
#11056 = CARTESIAN_POINT('',(222.91088093406,55.465420775454,
    108.08459087291));
#11057 = CARTESIAN_POINT('',(222.62409051146,55.824761375613,
    108.18994332984));
#11058 = CARTESIAN_POINT('',(222.55655517072,55.905850358217,
    108.21429522944));
#11059 = CARTESIAN_POINT('',(222.48692395614,55.985963363701,
    108.2389095194));
#11060 = CARTESIAN_POINT('',(222.4151736114,56.065052389311,
    108.26374138953));
#11061 = CARTESIAN_POINT('',(222.34127938208,56.143065254388,
    108.28874354866));
#11062 = CARTESIAN_POINT('',(222.16691780328,56.319297294914,
    108.34633200522));
#11063 = CARTESIAN_POINT('',(222.06499812633,56.416755960636,
    108.37899837257));
#11064 = CARTESIAN_POINT('',(221.95939720559,56.512201313803,
    108.41175852626));
#11065 = CARTESIAN_POINT('',(221.850057947,56.605494540287,
    108.44449582106));
#11066 = CARTESIAN_POINT('',(221.73692494163,56.696478295568,
    108.47708376697));
#11067 = CARTESIAN_POINT('',(221.4692980638,56.898944158012,
    108.5509845914));
#11068 = CARTESIAN_POINT('',(221.31223517271,57.008817262699,
    108.59211917519));
#11069 = CARTESIAN_POINT('',(221.14868450802,57.114178941807,
    108.63248431108));
#11070 = CARTESIAN_POINT('',(220.97859796248,57.214567520379,
    108.67174555712));
#11071 = CARTESIAN_POINT('',(220.80195137597,57.309475628094,
    108.70954264245));
#11072 = CARTESIAN_POINT('',(220.24132916335,57.581434102747,
    108.81955182908));
#11073 = CARTESIAN_POINT('',(219.83190793187,57.740930739457,
    108.88658989111));
#11074 = CARTESIAN_POINT('',(219.3959583108,57.867707305138,
    108.94163490813));
#11075 = CARTESIAN_POINT('',(218.94023174094,57.955387663392,
    108.98031828575));
#11076 = CARTESIAN_POINT('',(218.47229176411,58.,109.));
#11077 = CARTESIAN_POINT('',(218.,58.,109.));
#11078 = PCURVE('',#6286,#11079);
#11079 = DEFINITIONAL_REPRESENTATION('',(#11080),#11113);
#11080 = B_SPLINE_CURVE_WITH_KNOTS('',6,(#11081,#11082,#11083,#11084,
    #11085,#11086,#11087,#11088,#11089,#11090,#11091,#11092,#11093,
    #11094,#11095,#11096,#11097,#11098,#11099,#11100,#11101,#11102,
    #11103,#11104,#11105,#11106,#11107,#11108,#11109,#11110,#11111,
    #11112),.UNSPECIFIED.,.F.,.F.,(7,5,5,5,5,5,7),(0.,0.238789960382,
    0.477850554192,0.548556089364,0.639928138269,0.757596238892,1.),
  .UNSPECIFIED.);
#11081 = CARTESIAN_POINT('',(-1.113887128133,49.6));
#11082 = CARTESIAN_POINT('',(-1.113887128133,49.92917658705));
#11083 = CARTESIAN_POINT('',(-1.115662757523,50.25824664989));
#11084 = CARTESIAN_POINT('',(-1.11921188126,50.585981194363));
#11085 = CARTESIAN_POINT('',(-1.124524559757,50.911139307091));
#11086 = CARTESIAN_POINT('',(-1.131582356304,51.232413213157));
#11087 = CARTESIAN_POINT('',(-1.149146553172,51.864692811909));
#11088 = CARTESIAN_POINT('',(-1.159655026471,52.17562216478));
#11089 = CARTESIAN_POINT('',(-1.171870877773,52.480201413247));
#11090 = CARTESIAN_POINT('',(-1.185788894949,52.77728420745));
#11091 = CARTESIAN_POINT('',(-1.20141179296,53.065420775454));
#11092 = CARTESIAN_POINT('',(-1.2238771506,53.424761375613));
#11093 = CARTESIAN_POINT('',(-1.229155855308,53.505850358217));
#11094 = CARTESIAN_POINT('',(-1.234586105983,53.585963363701));
#11095 = CARTESIAN_POINT('',(-1.240168691629,53.665052389311));
#11096 = CARTESIAN_POINT('',(-1.245904528401,53.743065254388));
#11097 = CARTESIAN_POINT('',(-1.259406416663,53.919297294914));
#11098 = CARTESIAN_POINT('',(-1.267275733364,54.016755960636));
#11099 = CARTESIAN_POINT('',(-1.275405001837,54.112201313803));
#11100 = CARTESIAN_POINT('',(-1.283796607934,54.205494540287));
#11101 = CARTESIAN_POINT('',(-1.292452931224,54.296478295568));
#11102 = CARTESIAN_POINT('',(-1.312867836792,54.498944158012));
#11103 = CARTESIAN_POINT('',(-1.324805028387,54.608817262699));
#11104 = CARTESIAN_POINT('',(-1.337189725813,54.714178941807));
#11105 = CARTESIAN_POINT('',(-1.35002258275,54.814567520379));
#11106 = CARTESIAN_POINT('',(-1.363303382241,54.909475628094));
#11107 = CARTESIAN_POINT('',(-1.405311738843,55.181434102747));
#11108 = CARTESIAN_POINT('',(-1.435802075635,55.340930739457));
#11109 = CARTESIAN_POINT('',(-1.468077159339,55.467707305138));
#11110 = CARTESIAN_POINT('',(-1.501661587937,55.555387663392));
#11111 = CARTESIAN_POINT('',(-1.536068991198,55.6));
#11112 = CARTESIAN_POINT('',(-1.570796326795,55.6));
#11113 = ( GEOMETRIC_REPRESENTATION_CONTEXT(2) 
PARAMETRIC_REPRESENTATION_CONTEXT() REPRESENTATION_CONTEXT('2D SPACE',''
  ) );
#11114 = PCURVE('',#11000,#11115);
#11115 = DEFINITIONAL_REPRESENTATION('',(#11116),#11149);
#11116 = B_SPLINE_CURVE_WITH_KNOTS('',6,(#11117,#11118,#11119,#11120,
    #11121,#11122,#11123,#11124,#11125,#11126,#11127,#11128,#11129,
    #11130,#11131,#11132,#11133,#11134,#11135,#11136,#11137,#11138,
    #11139,#11140,#11141,#11142,#11143,#11144,#11145,#11146,#11147,
    #11148),.UNSPECIFIED.,.F.,.F.,(7,5,5,5,5,5,7),(0.,0.238789960382,
    0.477850554192,0.548556089364,0.639928138269,0.757596238892,1.),
  .UNSPECIFIED.);
#11117 = CARTESIAN_POINT('',(0.,-14.60491704191));
#11118 = CARTESIAN_POINT('',(-5.486276450841E-02,-14.60491704191));
#11119 = CARTESIAN_POINT('',(-0.109707775333,-14.61557082257));
#11120 = CARTESIAN_POINT('',(-0.164627435888,-14.63686554257));
#11121 = CARTESIAN_POINT('',(-0.219711219415,-14.66845307867));
#11122 = CARTESIAN_POINT('',(-0.275047732702,-14.70964754241));
#11123 = CARTESIAN_POINT('',(-0.386465729606,-14.80932159558));
#11124 = CARTESIAN_POINT('',(-0.442536480079,-14.86781093325));
#11125 = CARTESIAN_POINT('',(-0.499109141551,-14.93399377172));
#11126 = CARTESIAN_POINT('',(-0.55635358226,-15.00672225021));
#11127 = CARTESIAN_POINT('',(-0.614446901704,-15.08459087291));
#11128 = CARTESIAN_POINT('',(-0.691072690338,-15.18994332984));
#11129 = CARTESIAN_POINT('',(-0.708657110402,-15.21429522944));
#11130 = CARTESIAN_POINT('',(-0.726341873196,-15.2389095194));
#11131 = CARTESIAN_POINT('',(-0.744133339693,-15.26374138953));
#11132 = CARTESIAN_POINT('',(-0.762038122596,-15.28874354866));
#11133 = CARTESIAN_POINT('',(-0.803356564897,-15.34633200522));
#11134 = CARTESIAN_POINT('',(-0.826850501125,-15.37899837257));
#11135 = CARTESIAN_POINT('',(-0.850559948598,-15.41175852626));
#11136 = CARTESIAN_POINT('',(-0.874500075569,-15.44449582106));
#11137 = CARTESIAN_POINT('',(-0.898686164959,-15.47708376697));
#11138 = CARTESIAN_POINT('',(-0.954616819244,-15.5509845914));
#11139 = CARTESIAN_POINT('',(-0.986541160009,-15.59211917519));
#11140 = CARTESIAN_POINT('',(-1.018930412414,-15.63248431108));
#11141 = CARTESIAN_POINT('',(-1.05180846944,-15.67174555712));
#11142 = CARTESIAN_POINT('',(-1.085201263576,-15.70954264245));
#11143 = CARTESIAN_POINT('',(-1.189051941263,-15.81955182908));
#11144 = CARTESIAN_POINT('',(-1.262048546752,-15.88658989111));
#11145 = CARTESIAN_POINT('',(-1.337258404155,-15.94163490813));
#11146 = CARTESIAN_POINT('',(-1.414091097742,-15.98031828575));
#11147 = CARTESIAN_POINT('',(-1.492081032776,-16.));
#11148 = CARTESIAN_POINT('',(-1.570796326795,-16.));
#11149 = ( GEOMETRIC_REPRESENTATION_CONTEXT(2) 
PARAMETRIC_REPRESENTATION_CONTEXT() REPRESENTATION_CONTEXT('2D SPACE',''
  ) );
#11150 = ORIENTED_EDGE('',*,*,#11151,.T.);
#11151 = EDGE_CURVE('',#11042,#9800,#11152,.T.);
#11152 = SURFACE_CURVE('',#11153,(#11157,#11164),.PCURVE_S1.);
#11153 = LINE('',#11154,#11155);
#11154 = CARTESIAN_POINT('',(218.,2.4,109.));
#11155 = VECTOR('',#11156,1.);
#11156 = DIRECTION('',(-0.,1.,-0.));
#11157 = PCURVE('',#6286,#11158);
#11158 = DEFINITIONAL_REPRESENTATION('',(#11159),#11163);
#11159 = LINE('',#11160,#11161);
#11160 = CARTESIAN_POINT('',(-1.570796326795,0.));
#11161 = VECTOR('',#11162,1.);
#11162 = DIRECTION('',(-0.,1.));
#11163 = ( GEOMETRIC_REPRESENTATION_CONTEXT(2) 
PARAMETRIC_REPRESENTATION_CONTEXT() REPRESENTATION_CONTEXT('2D SPACE',''
  ) );
#11164 = PCURVE('',#8747,#11165);
#11165 = DEFINITIONAL_REPRESENTATION('',(#11166),#11170);
#11166 = LINE('',#11167,#11168);
#11167 = CARTESIAN_POINT('',(75.2,-215.6));
#11168 = VECTOR('',#11169,1.);
#11169 = DIRECTION('',(-1.,0.));
#11170 = ( GEOMETRIC_REPRESENTATION_CONTEXT(2) 
PARAMETRIC_REPRESENTATION_CONTEXT() REPRESENTATION_CONTEXT('2D SPACE',''
  ) );
#11171 = ORIENTED_EDGE('',*,*,#9822,.F.);
#11172 = ORIENTED_EDGE('',*,*,#9542,.F.);
#11173 = ADVANCED_FACE('',(#11174),#6235,.F.);
#11174 = FACE_BOUND('',#11175,.F.);
#11175 = EDGE_LOOP('',(#11176,#11177,#11178,#11199));
#11176 = ORIENTED_EDGE('',*,*,#9862,.F.);
#11177 = ORIENTED_EDGE('',*,*,#9351,.T.);
#11178 = ORIENTED_EDGE('',*,*,#11179,.T.);
#11179 = EDGE_CURVE('',#9324,#6220,#11180,.T.);
#11180 = SURFACE_CURVE('',#11181,(#11185,#11192),.PCURVE_S1.);
#11181 = LINE('',#11182,#11183);
#11182 = CARTESIAN_POINT('',(224.,70.,15.));
#11183 = VECTOR('',#11184,1.);
#11184 = DIRECTION('',(1.,0.,0.));
#11185 = PCURVE('',#6235,#11186);
#11186 = DEFINITIONAL_REPRESENTATION('',(#11187),#11191);
#11187 = LINE('',#11188,#11189);
#11188 = CARTESIAN_POINT('',(12.,0.));
#11189 = VECTOR('',#11190,1.);
#11190 = DIRECTION('',(0.,1.));
#11191 = ( GEOMETRIC_REPRESENTATION_CONTEXT(2) 
PARAMETRIC_REPRESENTATION_CONTEXT() REPRESENTATION_CONTEXT('2D SPACE',''
  ) );
#11192 = PCURVE('',#9339,#11193);
#11193 = DEFINITIONAL_REPRESENTATION('',(#11194),#11198);
#11194 = LINE('',#11195,#11196);
#11195 = CARTESIAN_POINT('',(0.,0.));
#11196 = VECTOR('',#11197,1.);
#11197 = DIRECTION('',(1.,0.));
#11198 = ( GEOMETRIC_REPRESENTATION_CONTEXT(2) 
PARAMETRIC_REPRESENTATION_CONTEXT() REPRESENTATION_CONTEXT('2D SPACE',''
  ) );
#11199 = ORIENTED_EDGE('',*,*,#6219,.F.);
#11200 = ADVANCED_FACE('',(#11201,#11226),#6418,.F.);
#11201 = FACE_BOUND('',#11202,.F.);
#11202 = EDGE_LOOP('',(#11203,#11224,#11225));
#11203 = ORIENTED_EDGE('',*,*,#11204,.F.);
#11204 = EDGE_CURVE('',#6381,#9919,#11205,.T.);
#11205 = SURFACE_CURVE('',#11206,(#11210,#11217),.PCURVE_S1.);
#11206 = LINE('',#11207,#11208);
#11207 = CARTESIAN_POINT('',(224.,0.,3.));
#11208 = VECTOR('',#11209,1.);
#11209 = DIRECTION('',(0.,1.,0.));
#11210 = PCURVE('',#6418,#11211);
#11211 = DEFINITIONAL_REPRESENTATION('',(#11212),#11216);
#11212 = LINE('',#11213,#11214);
#11213 = CARTESIAN_POINT('',(0.,0.));
#11214 = VECTOR('',#11215,1.);
#11215 = DIRECTION('',(0.,1.));
#11216 = ( GEOMETRIC_REPRESENTATION_CONTEXT(2) 
PARAMETRIC_REPRESENTATION_CONTEXT() REPRESENTATION_CONTEXT('2D SPACE',''
  ) );
#11217 = PCURVE('',#6773,#11218);
#11218 = DEFINITIONAL_REPRESENTATION('',(#11219),#11223);
#11219 = LINE('',#11220,#11221);
#11220 = CARTESIAN_POINT('',(0.,0.));
#11221 = VECTOR('',#11222,1.);
#11222 = DIRECTION('',(0.,-1.));
#11223 = ( GEOMETRIC_REPRESENTATION_CONTEXT(2) 
PARAMETRIC_REPRESENTATION_CONTEXT() REPRESENTATION_CONTEXT('2D SPACE',''
  ) );
#11224 = ORIENTED_EDGE('',*,*,#6403,.F.);
#11225 = ORIENTED_EDGE('',*,*,#9918,.F.);
#11226 = FACE_BOUND('',#11227,.F.);
#11227 = EDGE_LOOP('',(#11228));
#11228 = ORIENTED_EDGE('',*,*,#11229,.F.);
#11229 = EDGE_CURVE('',#11230,#11230,#11232,.T.);
#11230 = VERTEX_POINT('',#11231);
#11231 = CARTESIAN_POINT('',(227.85,7.,3.));
#11232 = SURFACE_CURVE('',#11233,(#11238,#11245),.PCURVE_S1.);
#11233 = CIRCLE('',#11234,0.85);
#11234 = AXIS2_PLACEMENT_3D('',#11235,#11236,#11237);
#11235 = CARTESIAN_POINT('',(227.,7.,3.));
#11236 = DIRECTION('',(0.,0.,1.));
#11237 = DIRECTION('',(1.,0.,0.));
#11238 = PCURVE('',#6418,#11239);
#11239 = DEFINITIONAL_REPRESENTATION('',(#11240),#11244);
#11240 = CIRCLE('',#11241,0.85);
#11241 = AXIS2_PLACEMENT_2D('',#11242,#11243);
#11242 = CARTESIAN_POINT('',(3.,7.));
#11243 = DIRECTION('',(1.,0.));
#11244 = ( GEOMETRIC_REPRESENTATION_CONTEXT(2) 
PARAMETRIC_REPRESENTATION_CONTEXT() REPRESENTATION_CONTEXT('2D SPACE',''
  ) );
#11245 = PCURVE('',#11246,#11251);
#11246 = CYLINDRICAL_SURFACE('',#11247,0.85);
#11247 = AXIS2_PLACEMENT_3D('',#11248,#11249,#11250);
#11248 = CARTESIAN_POINT('',(227.,7.,3.));
#11249 = DIRECTION('',(-0.,-0.,-1.));
#11250 = DIRECTION('',(1.,0.,0.));
#11251 = DEFINITIONAL_REPRESENTATION('',(#11252),#11256);
#11252 = LINE('',#11253,#11254);
#11253 = CARTESIAN_POINT('',(-0.,0.));
#11254 = VECTOR('',#11255,1.);
#11255 = DIRECTION('',(-1.,0.));
#11256 = ( GEOMETRIC_REPRESENTATION_CONTEXT(2) 
PARAMETRIC_REPRESENTATION_CONTEXT() REPRESENTATION_CONTEXT('2D SPACE',''
  ) );
#11257 = ADVANCED_FACE('',(#11258),#6773,.F.);
#11258 = FACE_BOUND('',#11259,.F.);
#11259 = EDGE_LOOP('',(#11260,#11281,#11282,#11283));
#11260 = ORIENTED_EDGE('',*,*,#11261,.F.);
#11261 = EDGE_CURVE('',#6737,#9942,#11262,.T.);
#11262 = SURFACE_CURVE('',#11263,(#11267,#11274),.PCURVE_S1.);
#11263 = LINE('',#11264,#11265);
#11264 = CARTESIAN_POINT('',(224.,0.,15.));
#11265 = VECTOR('',#11266,1.);
#11266 = DIRECTION('',(0.,1.,0.));
#11267 = PCURVE('',#6773,#11268);
#11268 = DEFINITIONAL_REPRESENTATION('',(#11269),#11273);
#11269 = LINE('',#11270,#11271);
#11270 = CARTESIAN_POINT('',(12.,0.));
#11271 = VECTOR('',#11272,1.);
#11272 = DIRECTION('',(0.,-1.));
#11273 = ( GEOMETRIC_REPRESENTATION_CONTEXT(2) 
PARAMETRIC_REPRESENTATION_CONTEXT() REPRESENTATION_CONTEXT('2D SPACE',''
  ) );
#11274 = PCURVE('',#9978,#11275);
#11275 = DEFINITIONAL_REPRESENTATION('',(#11276),#11280);
#11276 = LINE('',#11277,#11278);
#11277 = CARTESIAN_POINT('',(0.,0.));
#11278 = VECTOR('',#11279,1.);
#11279 = DIRECTION('',(0.,1.));
#11280 = ( GEOMETRIC_REPRESENTATION_CONTEXT(2) 
PARAMETRIC_REPRESENTATION_CONTEXT() REPRESENTATION_CONTEXT('2D SPACE',''
  ) );
#11281 = ORIENTED_EDGE('',*,*,#6759,.F.);
#11282 = ORIENTED_EDGE('',*,*,#11204,.T.);
#11283 = ORIENTED_EDGE('',*,*,#9941,.T.);
#11284 = ADVANCED_FACE('',(#11285),#6456,.T.);
#11285 = FACE_BOUND('',#11286,.T.);
#11286 = EDGE_LOOP('',(#11287,#11308,#11309,#11310));
#11287 = ORIENTED_EDGE('',*,*,#11288,.F.);
#11288 = EDGE_CURVE('',#6441,#8325,#11289,.T.);
#11289 = SURFACE_CURVE('',#11290,(#11294,#11301),.PCURVE_S1.);
#11290 = LINE('',#11291,#11292);
#11291 = CARTESIAN_POINT('',(10.,0.,15.));
#11292 = VECTOR('',#11293,1.);
#11293 = DIRECTION('',(0.,1.,0.));
#11294 = PCURVE('',#6456,#11295);
#11295 = DEFINITIONAL_REPRESENTATION('',(#11296),#11300);
#11296 = LINE('',#11297,#11298);
#11297 = CARTESIAN_POINT('',(12.,0.));
#11298 = VECTOR('',#11299,1.);
#11299 = DIRECTION('',(0.,-1.));
#11300 = ( GEOMETRIC_REPRESENTATION_CONTEXT(2) 
PARAMETRIC_REPRESENTATION_CONTEXT() REPRESENTATION_CONTEXT('2D SPACE',''
  ) );
#11301 = PCURVE('',#8340,#11302);
#11302 = DEFINITIONAL_REPRESENTATION('',(#11303),#11307);
#11303 = LINE('',#11304,#11305);
#11304 = CARTESIAN_POINT('',(10.,0.));
#11305 = VECTOR('',#11306,1.);
#11306 = DIRECTION('',(0.,1.));
#11307 = ( GEOMETRIC_REPRESENTATION_CONTEXT(2) 
PARAMETRIC_REPRESENTATION_CONTEXT() REPRESENTATION_CONTEXT('2D SPACE',''
  ) );
#11308 = ORIENTED_EDGE('',*,*,#6440,.F.);
#11309 = ORIENTED_EDGE('',*,*,#8267,.T.);
#11310 = ORIENTED_EDGE('',*,*,#8352,.T.);
#11311 = ADVANCED_FACE('',(#11312),#6507,.F.);
#11312 = FACE_BOUND('',#11313,.F.);
#11313 = EDGE_LOOP('',(#11314,#11335,#11336,#11337,#11338,#11362,#11390,
    #11412,#11413,#11414));
#11314 = ORIENTED_EDGE('',*,*,#11315,.F.);
#11315 = EDGE_CURVE('',#8730,#10372,#11316,.T.);
#11316 = SURFACE_CURVE('',#11317,(#11321,#11328),.PCURVE_S1.);
#11317 = LINE('',#11318,#11319);
#11318 = CARTESIAN_POINT('',(2.4,16.,109.));
#11319 = VECTOR('',#11320,1.);
#11320 = DIRECTION('',(1.,0.,0.));
#11321 = PCURVE('',#6507,#11322);
#11322 = DEFINITIONAL_REPRESENTATION('',(#11323),#11327);
#11323 = LINE('',#11324,#11325);
#11324 = CARTESIAN_POINT('',(0.,0.));
#11325 = VECTOR('',#11326,1.);
#11326 = DIRECTION('',(0.,1.));
#11327 = ( GEOMETRIC_REPRESENTATION_CONTEXT(2) 
PARAMETRIC_REPRESENTATION_CONTEXT() REPRESENTATION_CONTEXT('2D SPACE',''
  ) );
#11328 = PCURVE('',#8747,#11329);
#11329 = DEFINITIONAL_REPRESENTATION('',(#11330),#11334);
#11330 = LINE('',#11331,#11332);
#11331 = CARTESIAN_POINT('',(61.6,0.));
#11332 = VECTOR('',#11333,1.);
#11333 = DIRECTION('',(0.,-1.));
#11334 = ( GEOMETRIC_REPRESENTATION_CONTEXT(2) 
PARAMETRIC_REPRESENTATION_CONTEXT() REPRESENTATION_CONTEXT('2D SPACE',''
  ) );
#11335 = ORIENTED_EDGE('',*,*,#8759,.T.);
#11336 = ORIENTED_EDGE('',*,*,#8400,.T.);
#11337 = ORIENTED_EDGE('',*,*,#6491,.T.);
#11338 = ORIENTED_EDGE('',*,*,#11339,.F.);
#11339 = EDGE_CURVE('',#11340,#6492,#11342,.T.);
#11340 = VERTEX_POINT('',#11341);
#11341 = CARTESIAN_POINT('',(11.,2.885122951396,99.));
#11342 = SURFACE_CURVE('',#11343,(#11348,#11355),.PCURVE_S1.);
#11343 = CIRCLE('',#11344,13.6);
#11344 = AXIS2_PLACEMENT_3D('',#11345,#11346,#11347);
#11345 = CARTESIAN_POINT('',(11.,16.,95.4));
#11346 = DIRECTION('',(1.,0.,0.));
#11347 = DIRECTION('',(0.,-0.,1.));
#11348 = PCURVE('',#6507,#11349);
#11349 = DEFINITIONAL_REPRESENTATION('',(#11350),#11354);
#11350 = LINE('',#11351,#11352);
#11351 = CARTESIAN_POINT('',(0.,8.6));
#11352 = VECTOR('',#11353,1.);
#11353 = DIRECTION('',(1.,0.));
#11354 = ( GEOMETRIC_REPRESENTATION_CONTEXT(2) 
PARAMETRIC_REPRESENTATION_CONTEXT() REPRESENTATION_CONTEXT('2D SPACE',''
  ) );
#11355 = PCURVE('',#6535,#11356);
#11356 = DEFINITIONAL_REPRESENTATION('',(#11357),#11361);
#11357 = CIRCLE('',#11358,13.6);
#11358 = AXIS2_PLACEMENT_2D('',#11359,#11360);
#11359 = CARTESIAN_POINT('',(92.4,-14.1));
#11360 = DIRECTION('',(1.,0.));
#11361 = ( GEOMETRIC_REPRESENTATION_CONTEXT(2) 
PARAMETRIC_REPRESENTATION_CONTEXT() REPRESENTATION_CONTEXT('2D SPACE',''
  ) );
#11362 = ORIENTED_EDGE('',*,*,#11363,.F.);
#11363 = EDGE_CURVE('',#11364,#11340,#11366,.T.);
#11364 = VERTEX_POINT('',#11365);
#11365 = CARTESIAN_POINT('',(223.,2.885122951396,99.));
#11366 = SURFACE_CURVE('',#11367,(#11371,#11378),.PCURVE_S1.);
#11367 = LINE('',#11368,#11369);
#11368 = CARTESIAN_POINT('',(223.,2.885122951396,99.));
#11369 = VECTOR('',#11370,1.);
#11370 = DIRECTION('',(-1.,0.,0.));
#11371 = PCURVE('',#6507,#11372);
#11372 = DEFINITIONAL_REPRESENTATION('',(#11373),#11377);
#11373 = LINE('',#11374,#11375);
#11374 = CARTESIAN_POINT('',(1.302897414389,220.6));
#11375 = VECTOR('',#11376,1.);
#11376 = DIRECTION('',(-0.,-1.));
#11377 = ( GEOMETRIC_REPRESENTATION_CONTEXT(2) 
PARAMETRIC_REPRESENTATION_CONTEXT() REPRESENTATION_CONTEXT('2D SPACE',''
  ) );
#11378 = PCURVE('',#11379,#11384);
#11379 = PLANE('',#11380);
#11380 = AXIS2_PLACEMENT_3D('',#11381,#11382,#11383);
#11381 = CARTESIAN_POINT('',(215.,1.9,99.));
#11382 = DIRECTION('',(0.,0.,1.));
#11383 = DIRECTION('',(1.,0.,0.));
#11384 = DEFINITIONAL_REPRESENTATION('',(#11385),#11389);
#11385 = LINE('',#11386,#11387);
#11386 = CARTESIAN_POINT('',(8.,0.985122951396));
#11387 = VECTOR('',#11388,1.);
#11388 = DIRECTION('',(-1.,0.));
#11389 = ( GEOMETRIC_REPRESENTATION_CONTEXT(2) 
PARAMETRIC_REPRESENTATION_CONTEXT() REPRESENTATION_CONTEXT('2D SPACE',''
  ) );
#11390 = ORIENTED_EDGE('',*,*,#11391,.T.);
#11391 = EDGE_CURVE('',#11364,#6686,#11392,.T.);
#11392 = SURFACE_CURVE('',#11393,(#11398,#11405),.PCURVE_S1.);
#11393 = CIRCLE('',#11394,13.6);
#11394 = AXIS2_PLACEMENT_3D('',#11395,#11396,#11397);
#11395 = CARTESIAN_POINT('',(223.,16.,95.4));
#11396 = DIRECTION('',(1.,0.,0.));
#11397 = DIRECTION('',(0.,-0.,1.));
#11398 = PCURVE('',#6507,#11399);
#11399 = DEFINITIONAL_REPRESENTATION('',(#11400),#11404);
#11400 = LINE('',#11401,#11402);
#11401 = CARTESIAN_POINT('',(0.,220.6));
#11402 = VECTOR('',#11403,1.);
#11403 = DIRECTION('',(1.,0.));
#11404 = ( GEOMETRIC_REPRESENTATION_CONTEXT(2) 
PARAMETRIC_REPRESENTATION_CONTEXT() REPRESENTATION_CONTEXT('2D SPACE',''
  ) );
#11405 = PCURVE('',#6701,#11406);
#11406 = DEFINITIONAL_REPRESENTATION('',(#11407),#11411);
#11407 = CIRCLE('',#11408,13.6);
#11408 = AXIS2_PLACEMENT_2D('',#11409,#11410);
#11409 = CARTESIAN_POINT('',(92.4,-14.1));
#11410 = DIRECTION('',(1.,0.));
#11411 = ( GEOMETRIC_REPRESENTATION_CONTEXT(2) 
PARAMETRIC_REPRESENTATION_CONTEXT() REPRESENTATION_CONTEXT('2D SPACE',''
  ) );
#11412 = ORIENTED_EDGE('',*,*,#6713,.T.);
#11413 = ORIENTED_EDGE('',*,*,#10022,.F.);
#11414 = ORIENTED_EDGE('',*,*,#10371,.F.);
#11415 = ADVANCED_FACE('',(#11416),#6701,.T.);
#11416 = FACE_BOUND('',#11417,.T.);
#11417 = EDGE_LOOP('',(#11418,#11441,#11442,#11443,#11466));
#11418 = ORIENTED_EDGE('',*,*,#11419,.F.);
#11419 = EDGE_CURVE('',#11364,#11420,#11422,.T.);
#11420 = VERTEX_POINT('',#11421);
#11421 = CARTESIAN_POINT('',(223.,6.9,99.));
#11422 = SURFACE_CURVE('',#11423,(#11427,#11434),.PCURVE_S1.);
#11423 = LINE('',#11424,#11425);
#11424 = CARTESIAN_POINT('',(223.,1.9,99.));
#11425 = VECTOR('',#11426,1.);
#11426 = DIRECTION('',(0.,1.,0.));
#11427 = PCURVE('',#6701,#11428);
#11428 = DEFINITIONAL_REPRESENTATION('',(#11429),#11433);
#11429 = LINE('',#11430,#11431);
#11430 = CARTESIAN_POINT('',(96.,0.));
#11431 = VECTOR('',#11432,1.);
#11432 = DIRECTION('',(0.,-1.));
#11433 = ( GEOMETRIC_REPRESENTATION_CONTEXT(2) 
PARAMETRIC_REPRESENTATION_CONTEXT() REPRESENTATION_CONTEXT('2D SPACE',''
  ) );
#11434 = PCURVE('',#11379,#11435);
#11435 = DEFINITIONAL_REPRESENTATION('',(#11436),#11440);
#11436 = LINE('',#11437,#11438);
#11437 = CARTESIAN_POINT('',(8.,0.));
#11438 = VECTOR('',#11439,1.);
#11439 = DIRECTION('',(0.,1.));
#11440 = ( GEOMETRIC_REPRESENTATION_CONTEXT(2) 
PARAMETRIC_REPRESENTATION_CONTEXT() REPRESENTATION_CONTEXT('2D SPACE',''
  ) );
#11441 = ORIENTED_EDGE('',*,*,#11391,.T.);
#11442 = ORIENTED_EDGE('',*,*,#6685,.F.);
#11443 = ORIENTED_EDGE('',*,*,#11444,.T.);
#11444 = EDGE_CURVE('',#6659,#11445,#11447,.T.);
#11445 = VERTEX_POINT('',#11446);
#11446 = CARTESIAN_POINT('',(223.,6.9,3.));
#11447 = SURFACE_CURVE('',#11448,(#11452,#11459),.PCURVE_S1.);
#11448 = LINE('',#11449,#11450);
#11449 = CARTESIAN_POINT('',(223.,1.9,3.));
#11450 = VECTOR('',#11451,1.);
#11451 = DIRECTION('',(0.,1.,0.));
#11452 = PCURVE('',#6701,#11453);
#11453 = DEFINITIONAL_REPRESENTATION('',(#11454),#11458);
#11454 = LINE('',#11455,#11456);
#11455 = CARTESIAN_POINT('',(0.,0.));
#11456 = VECTOR('',#11457,1.);
#11457 = DIRECTION('',(0.,-1.));
#11458 = ( GEOMETRIC_REPRESENTATION_CONTEXT(2) 
PARAMETRIC_REPRESENTATION_CONTEXT() REPRESENTATION_CONTEXT('2D SPACE',''
  ) );
#11459 = PCURVE('',#6674,#11460);
#11460 = DEFINITIONAL_REPRESENTATION('',(#11461),#11465);
#11461 = LINE('',#11462,#11463);
#11462 = CARTESIAN_POINT('',(8.,0.));
#11463 = VECTOR('',#11464,1.);
#11464 = DIRECTION('',(0.,1.));
#11465 = ( GEOMETRIC_REPRESENTATION_CONTEXT(2) 
PARAMETRIC_REPRESENTATION_CONTEXT() REPRESENTATION_CONTEXT('2D SPACE',''
  ) );
#11466 = ORIENTED_EDGE('',*,*,#11467,.T.);
#11467 = EDGE_CURVE('',#11445,#11420,#11468,.T.);
#11468 = SURFACE_CURVE('',#11469,(#11473,#11480),.PCURVE_S1.);
#11469 = LINE('',#11470,#11471);
#11470 = CARTESIAN_POINT('',(223.,6.9,3.));
#11471 = VECTOR('',#11472,1.);
#11472 = DIRECTION('',(0.,0.,1.));
#11473 = PCURVE('',#6701,#11474);
#11474 = DEFINITIONAL_REPRESENTATION('',(#11475),#11479);
#11475 = LINE('',#11476,#11477);
#11476 = CARTESIAN_POINT('',(0.,-5.));
#11477 = VECTOR('',#11478,1.);
#11478 = DIRECTION('',(1.,0.));
#11479 = ( GEOMETRIC_REPRESENTATION_CONTEXT(2) 
PARAMETRIC_REPRESENTATION_CONTEXT() REPRESENTATION_CONTEXT('2D SPACE',''
  ) );
#11480 = PCURVE('',#11481,#11486);
#11481 = PLANE('',#11482);
#11482 = AXIS2_PLACEMENT_3D('',#11483,#11484,#11485);
#11483 = CARTESIAN_POINT('',(215.,6.9,3.));
#11484 = DIRECTION('',(0.,1.,0.));
#11485 = DIRECTION('',(0.,0.,1.));
#11486 = DEFINITIONAL_REPRESENTATION('',(#11487),#11491);
#11487 = LINE('',#11488,#11489);
#11488 = CARTESIAN_POINT('',(0.,8.));
#11489 = VECTOR('',#11490,1.);
#11490 = DIRECTION('',(1.,0.));
#11491 = ( GEOMETRIC_REPRESENTATION_CONTEXT(2) 
PARAMETRIC_REPRESENTATION_CONTEXT() REPRESENTATION_CONTEXT('2D SPACE',''
  ) );
#11492 = ADVANCED_FACE('',(#11493),#6674,.F.);
#11493 = FACE_BOUND('',#11494,.F.);
#11494 = EDGE_LOOP('',(#11495,#11525,#11551,#11570,#11571,#11572));
#11495 = ORIENTED_EDGE('',*,*,#11496,.F.);
#11496 = EDGE_CURVE('',#11497,#11499,#11501,.T.);
#11497 = VERTEX_POINT('',#11498);
#11498 = CARTESIAN_POINT('',(215.,5.7,3.));
#11499 = VERTEX_POINT('',#11500);
#11500 = CARTESIAN_POINT('',(215.,6.9,3.));
#11501 = SURFACE_CURVE('',#11502,(#11506,#11513),.PCURVE_S1.);
#11502 = LINE('',#11503,#11504);
#11503 = CARTESIAN_POINT('',(215.,1.9,3.));
#11504 = VECTOR('',#11505,1.);
#11505 = DIRECTION('',(0.,1.,0.));
#11506 = PCURVE('',#6674,#11507);
#11507 = DEFINITIONAL_REPRESENTATION('',(#11508),#11512);
#11508 = LINE('',#11509,#11510);
#11509 = CARTESIAN_POINT('',(0.,0.));
#11510 = VECTOR('',#11511,1.);
#11511 = DIRECTION('',(0.,1.));
#11512 = ( GEOMETRIC_REPRESENTATION_CONTEXT(2) 
PARAMETRIC_REPRESENTATION_CONTEXT() REPRESENTATION_CONTEXT('2D SPACE',''
  ) );
#11513 = PCURVE('',#11514,#11519);
#11514 = PLANE('',#11515);
#11515 = AXIS2_PLACEMENT_3D('',#11516,#11517,#11518);
#11516 = CARTESIAN_POINT('',(215.,1.9,3.));
#11517 = DIRECTION('',(1.,0.,0.));
#11518 = DIRECTION('',(0.,0.,1.));
#11519 = DEFINITIONAL_REPRESENTATION('',(#11520),#11524);
#11520 = LINE('',#11521,#11522);
#11521 = CARTESIAN_POINT('',(0.,0.));
#11522 = VECTOR('',#11523,1.);
#11523 = DIRECTION('',(0.,-1.));
#11524 = ( GEOMETRIC_REPRESENTATION_CONTEXT(2) 
PARAMETRIC_REPRESENTATION_CONTEXT() REPRESENTATION_CONTEXT('2D SPACE',''
  ) );
#11525 = ORIENTED_EDGE('',*,*,#11526,.F.);
#11526 = EDGE_CURVE('',#11527,#11497,#11529,.T.);
#11527 = VERTEX_POINT('',#11528);
#11528 = CARTESIAN_POINT('',(220.3,5.7,3.));
#11529 = SURFACE_CURVE('',#11530,(#11534,#11540),.PCURVE_S1.);
#11530 = LINE('',#11531,#11532);
#11531 = CARTESIAN_POINT('',(114.35,5.7,3.));
#11532 = VECTOR('',#11533,1.);
#11533 = DIRECTION('',(-1.,0.,0.));
#11534 = PCURVE('',#6674,#11535);
#11535 = DEFINITIONAL_REPRESENTATION('',(#11536),#11539);
#11536 = B_SPLINE_CURVE_WITH_KNOTS('',1,(#11537,#11538),.UNSPECIFIED.,
  .F.,.F.,(2,2),(-105.95,-100.65),.PIECEWISE_BEZIER_KNOTS.);
#11537 = CARTESIAN_POINT('',(5.3,3.8));
#11538 = CARTESIAN_POINT('',(0.,3.8));
#11539 = ( GEOMETRIC_REPRESENTATION_CONTEXT(2) 
PARAMETRIC_REPRESENTATION_CONTEXT() REPRESENTATION_CONTEXT('2D SPACE',''
  ) );
#11540 = PCURVE('',#11541,#11546);
#11541 = PLANE('',#11542);
#11542 = AXIS2_PLACEMENT_3D('',#11543,#11544,#11545);
#11543 = CARTESIAN_POINT('',(13.7,5.7,-1.));
#11544 = DIRECTION('',(0.,1.,0.));
#11545 = DIRECTION('',(0.,0.,1.));
#11546 = DEFINITIONAL_REPRESENTATION('',(#11547),#11550);
#11547 = B_SPLINE_CURVE_WITH_KNOTS('',1,(#11548,#11549),.UNSPECIFIED.,
  .F.,.F.,(2,2),(-105.95,-100.65),.PIECEWISE_BEZIER_KNOTS.);
#11548 = CARTESIAN_POINT('',(4.,206.6));
#11549 = CARTESIAN_POINT('',(4.,201.3));
#11550 = ( GEOMETRIC_REPRESENTATION_CONTEXT(2) 
PARAMETRIC_REPRESENTATION_CONTEXT() REPRESENTATION_CONTEXT('2D SPACE',''
  ) );
#11551 = ORIENTED_EDGE('',*,*,#11552,.F.);
#11552 = EDGE_CURVE('',#6631,#11527,#11553,.T.);
#11553 = SURFACE_CURVE('',#11554,(#11558,#11564),.PCURVE_S1.);
#11554 = LINE('',#11555,#11556);
#11555 = CARTESIAN_POINT('',(220.3,2.15,3.));
#11556 = VECTOR('',#11557,1.);
#11557 = DIRECTION('',(0.,1.,0.));
#11558 = PCURVE('',#6674,#11559);
#11559 = DEFINITIONAL_REPRESENTATION('',(#11560),#11563);
#11560 = B_SPLINE_CURVE_WITH_KNOTS('',1,(#11561,#11562),.UNSPECIFIED.,
  .F.,.F.,(2,2),(0.25,3.55),.PIECEWISE_BEZIER_KNOTS.);
#11561 = CARTESIAN_POINT('',(5.3,0.5));
#11562 = CARTESIAN_POINT('',(5.3,3.8));
#11563 = ( GEOMETRIC_REPRESENTATION_CONTEXT(2) 
PARAMETRIC_REPRESENTATION_CONTEXT() REPRESENTATION_CONTEXT('2D SPACE',''
  ) );
#11564 = PCURVE('',#6646,#11565);
#11565 = DEFINITIONAL_REPRESENTATION('',(#11566),#11569);
#11566 = B_SPLINE_CURVE_WITH_KNOTS('',1,(#11567,#11568),.UNSPECIFIED.,
  .F.,.F.,(2,2),(0.25,3.55),.PIECEWISE_BEZIER_KNOTS.);
#11567 = CARTESIAN_POINT('',(4.,0.));
#11568 = CARTESIAN_POINT('',(4.,-3.3));
#11569 = ( GEOMETRIC_REPRESENTATION_CONTEXT(2) 
PARAMETRIC_REPRESENTATION_CONTEXT() REPRESENTATION_CONTEXT('2D SPACE',''
  ) );
#11570 = ORIENTED_EDGE('',*,*,#6658,.T.);
#11571 = ORIENTED_EDGE('',*,*,#11444,.T.);
#11572 = ORIENTED_EDGE('',*,*,#11573,.F.);
#11573 = EDGE_CURVE('',#11499,#11445,#11574,.T.);
#11574 = SURFACE_CURVE('',#11575,(#11579,#11586),.PCURVE_S1.);
#11575 = LINE('',#11576,#11577);
#11576 = CARTESIAN_POINT('',(215.,6.9,3.));
#11577 = VECTOR('',#11578,1.);
#11578 = DIRECTION('',(1.,0.,0.));
#11579 = PCURVE('',#6674,#11580);
#11580 = DEFINITIONAL_REPRESENTATION('',(#11581),#11585);
#11581 = LINE('',#11582,#11583);
#11582 = CARTESIAN_POINT('',(0.,5.));
#11583 = VECTOR('',#11584,1.);
#11584 = DIRECTION('',(1.,0.));
#11585 = ( GEOMETRIC_REPRESENTATION_CONTEXT(2) 
PARAMETRIC_REPRESENTATION_CONTEXT() REPRESENTATION_CONTEXT('2D SPACE',''
  ) );
#11586 = PCURVE('',#11481,#11587);
#11587 = DEFINITIONAL_REPRESENTATION('',(#11588),#11592);
#11588 = LINE('',#11589,#11590);
#11589 = CARTESIAN_POINT('',(0.,0.));
#11590 = VECTOR('',#11591,1.);
#11591 = DIRECTION('',(0.,1.));
#11592 = ( GEOMETRIC_REPRESENTATION_CONTEXT(2) 
PARAMETRIC_REPRESENTATION_CONTEXT() REPRESENTATION_CONTEXT('2D SPACE',''
  ) );
#11593 = ADVANCED_FACE('',(#11594),#6535,.F.);
#11594 = FACE_BOUND('',#11595,.F.);
#11595 = EDGE_LOOP('',(#11596,#11621,#11642,#11643,#11644));
#11596 = ORIENTED_EDGE('',*,*,#11597,.F.);
#11597 = EDGE_CURVE('',#11598,#11600,#11602,.T.);
#11598 = VERTEX_POINT('',#11599);
#11599 = CARTESIAN_POINT('',(11.,6.9,99.));
#11600 = VERTEX_POINT('',#11601);
#11601 = CARTESIAN_POINT('',(11.,6.9,3.));
#11602 = SURFACE_CURVE('',#11603,(#11607,#11614),.PCURVE_S1.);
#11603 = LINE('',#11604,#11605);
#11604 = CARTESIAN_POINT('',(11.,6.9,99.));
#11605 = VECTOR('',#11606,1.);
#11606 = DIRECTION('',(0.,0.,-1.));
#11607 = PCURVE('',#6535,#11608);
#11608 = DEFINITIONAL_REPRESENTATION('',(#11609),#11613);
#11609 = LINE('',#11610,#11611);
#11610 = CARTESIAN_POINT('',(96.,-5.));
#11611 = VECTOR('',#11612,1.);
#11612 = DIRECTION('',(-1.,0.));
#11613 = ( GEOMETRIC_REPRESENTATION_CONTEXT(2) 
PARAMETRIC_REPRESENTATION_CONTEXT() REPRESENTATION_CONTEXT('2D SPACE',''
  ) );
#11614 = PCURVE('',#11481,#11615);
#11615 = DEFINITIONAL_REPRESENTATION('',(#11616),#11620);
#11616 = LINE('',#11617,#11618);
#11617 = CARTESIAN_POINT('',(96.,-204.));
#11618 = VECTOR('',#11619,1.);
#11619 = DIRECTION('',(-1.,0.));
#11620 = ( GEOMETRIC_REPRESENTATION_CONTEXT(2) 
PARAMETRIC_REPRESENTATION_CONTEXT() REPRESENTATION_CONTEXT('2D SPACE',''
  ) );
#11621 = ORIENTED_EDGE('',*,*,#11622,.F.);
#11622 = EDGE_CURVE('',#11340,#11598,#11623,.T.);
#11623 = SURFACE_CURVE('',#11624,(#11628,#11635),.PCURVE_S1.);
#11624 = LINE('',#11625,#11626);
#11625 = CARTESIAN_POINT('',(11.,1.9,99.));
#11626 = VECTOR('',#11627,1.);
#11627 = DIRECTION('',(0.,1.,0.));
#11628 = PCURVE('',#6535,#11629);
#11629 = DEFINITIONAL_REPRESENTATION('',(#11630),#11634);
#11630 = LINE('',#11631,#11632);
#11631 = CARTESIAN_POINT('',(96.,0.));
#11632 = VECTOR('',#11633,1.);
#11633 = DIRECTION('',(0.,-1.));
#11634 = ( GEOMETRIC_REPRESENTATION_CONTEXT(2) 
PARAMETRIC_REPRESENTATION_CONTEXT() REPRESENTATION_CONTEXT('2D SPACE',''
  ) );
#11635 = PCURVE('',#11379,#11636);
#11636 = DEFINITIONAL_REPRESENTATION('',(#11637),#11641);
#11637 = LINE('',#11638,#11639);
#11638 = CARTESIAN_POINT('',(-204.,0.));
#11639 = VECTOR('',#11640,1.);
#11640 = DIRECTION('',(0.,1.));
#11641 = ( GEOMETRIC_REPRESENTATION_CONTEXT(2) 
PARAMETRIC_REPRESENTATION_CONTEXT() REPRESENTATION_CONTEXT('2D SPACE',''
  ) );
#11642 = ORIENTED_EDGE('',*,*,#11339,.T.);
#11643 = ORIENTED_EDGE('',*,*,#6519,.T.);
#11644 = ORIENTED_EDGE('',*,*,#11645,.T.);
#11645 = EDGE_CURVE('',#6520,#11600,#11646,.T.);
#11646 = SURFACE_CURVE('',#11647,(#11651,#11658),.PCURVE_S1.);
#11647 = LINE('',#11648,#11649);
#11648 = CARTESIAN_POINT('',(11.,1.9,3.));
#11649 = VECTOR('',#11650,1.);
#11650 = DIRECTION('',(0.,1.,0.));
#11651 = PCURVE('',#6535,#11652);
#11652 = DEFINITIONAL_REPRESENTATION('',(#11653),#11657);
#11653 = LINE('',#11654,#11655);
#11654 = CARTESIAN_POINT('',(0.,0.));
#11655 = VECTOR('',#11656,1.);
#11656 = DIRECTION('',(0.,-1.));
#11657 = ( GEOMETRIC_REPRESENTATION_CONTEXT(2) 
PARAMETRIC_REPRESENTATION_CONTEXT() REPRESENTATION_CONTEXT('2D SPACE',''
  ) );
#11658 = PCURVE('',#6563,#11659);
#11659 = DEFINITIONAL_REPRESENTATION('',(#11660),#11664);
#11660 = LINE('',#11661,#11662);
#11661 = CARTESIAN_POINT('',(0.,0.));
#11662 = VECTOR('',#11663,1.);
#11663 = DIRECTION('',(0.,1.));
#11664 = ( GEOMETRIC_REPRESENTATION_CONTEXT(2) 
PARAMETRIC_REPRESENTATION_CONTEXT() REPRESENTATION_CONTEXT('2D SPACE',''
  ) );
#11665 = ADVANCED_FACE('',(#11666),#6646,.F.);
#11666 = FACE_BOUND('',#11667,.F.);
#11667 = EDGE_LOOP('',(#11668,#11669,#11670,#11693));
#11668 = ORIENTED_EDGE('',*,*,#6630,.F.);
#11669 = ORIENTED_EDGE('',*,*,#11552,.T.);
#11670 = ORIENTED_EDGE('',*,*,#11671,.T.);
#11671 = EDGE_CURVE('',#11527,#11672,#11674,.T.);
#11672 = VERTEX_POINT('',#11673);
#11673 = CARTESIAN_POINT('',(220.3,5.7,96.3));
#11674 = SURFACE_CURVE('',#11675,(#11679,#11686),.PCURVE_S1.);
#11675 = LINE('',#11676,#11677);
#11676 = CARTESIAN_POINT('',(220.3,5.7,-1.));
#11677 = VECTOR('',#11678,1.);
#11678 = DIRECTION('',(0.,0.,1.));
#11679 = PCURVE('',#6646,#11680);
#11680 = DEFINITIONAL_REPRESENTATION('',(#11681),#11685);
#11681 = LINE('',#11682,#11683);
#11682 = CARTESIAN_POINT('',(0.,-3.3));
#11683 = VECTOR('',#11684,1.);
#11684 = DIRECTION('',(1.,0.));
#11685 = ( GEOMETRIC_REPRESENTATION_CONTEXT(2) 
PARAMETRIC_REPRESENTATION_CONTEXT() REPRESENTATION_CONTEXT('2D SPACE',''
  ) );
#11686 = PCURVE('',#11541,#11687);
#11687 = DEFINITIONAL_REPRESENTATION('',(#11688),#11692);
#11688 = LINE('',#11689,#11690);
#11689 = CARTESIAN_POINT('',(0.,206.6));
#11690 = VECTOR('',#11691,1.);
#11691 = DIRECTION('',(1.,0.));
#11692 = ( GEOMETRIC_REPRESENTATION_CONTEXT(2) 
PARAMETRIC_REPRESENTATION_CONTEXT() REPRESENTATION_CONTEXT('2D SPACE',''
  ) );
#11693 = ORIENTED_EDGE('',*,*,#11694,.F.);
#11694 = EDGE_CURVE('',#6603,#11672,#11695,.T.);
#11695 = SURFACE_CURVE('',#11696,(#11700,#11707),.PCURVE_S1.);
#11696 = LINE('',#11697,#11698);
#11697 = CARTESIAN_POINT('',(220.3,2.4,96.3));
#11698 = VECTOR('',#11699,1.);
#11699 = DIRECTION('',(0.,1.,0.));
#11700 = PCURVE('',#6646,#11701);
#11701 = DEFINITIONAL_REPRESENTATION('',(#11702),#11706);
#11702 = LINE('',#11703,#11704);
#11703 = CARTESIAN_POINT('',(97.3,0.));
#11704 = VECTOR('',#11705,1.);
#11705 = DIRECTION('',(0.,-1.));
#11706 = ( GEOMETRIC_REPRESENTATION_CONTEXT(2) 
PARAMETRIC_REPRESENTATION_CONTEXT() REPRESENTATION_CONTEXT('2D SPACE',''
  ) );
#11707 = PCURVE('',#6618,#11708);
#11708 = DEFINITIONAL_REPRESENTATION('',(#11709),#11713);
#11709 = LINE('',#11710,#11711);
#11710 = CARTESIAN_POINT('',(206.6,0.));
#11711 = VECTOR('',#11712,1.);
#11712 = DIRECTION('',(0.,1.));
#11713 = ( GEOMETRIC_REPRESENTATION_CONTEXT(2) 
PARAMETRIC_REPRESENTATION_CONTEXT() REPRESENTATION_CONTEXT('2D SPACE',''
  ) );
#11714 = ADVANCED_FACE('',(#11715),#6563,.F.);
#11715 = FACE_BOUND('',#11716,.F.);
#11716 = EDGE_LOOP('',(#11717,#11718,#11719,#11740,#11761,#11789));
#11717 = ORIENTED_EDGE('',*,*,#11645,.F.);
#11718 = ORIENTED_EDGE('',*,*,#6547,.T.);
#11719 = ORIENTED_EDGE('',*,*,#11720,.T.);
#11720 = EDGE_CURVE('',#6548,#11721,#11723,.T.);
#11721 = VERTEX_POINT('',#11722);
#11722 = CARTESIAN_POINT('',(13.7,5.7,3.));
#11723 = SURFACE_CURVE('',#11724,(#11728,#11734),.PCURVE_S1.);
#11724 = LINE('',#11725,#11726);
#11725 = CARTESIAN_POINT('',(13.7,2.15,3.));
#11726 = VECTOR('',#11727,1.);
#11727 = DIRECTION('',(0.,1.,0.));
#11728 = PCURVE('',#6563,#11729);
#11729 = DEFINITIONAL_REPRESENTATION('',(#11730),#11733);
#11730 = B_SPLINE_CURVE_WITH_KNOTS('',1,(#11731,#11732),.UNSPECIFIED.,
  .F.,.F.,(2,2),(0.25,3.55),.PIECEWISE_BEZIER_KNOTS.);
#11731 = CARTESIAN_POINT('',(2.7,0.5));
#11732 = CARTESIAN_POINT('',(2.7,3.8));
#11733 = ( GEOMETRIC_REPRESENTATION_CONTEXT(2) 
PARAMETRIC_REPRESENTATION_CONTEXT() REPRESENTATION_CONTEXT('2D SPACE',''
  ) );
#11734 = PCURVE('',#6590,#11735);
#11735 = DEFINITIONAL_REPRESENTATION('',(#11736),#11739);
#11736 = B_SPLINE_CURVE_WITH_KNOTS('',1,(#11737,#11738),.UNSPECIFIED.,
  .F.,.F.,(2,2),(0.25,3.55),.PIECEWISE_BEZIER_KNOTS.);
#11737 = CARTESIAN_POINT('',(4.,0.));
#11738 = CARTESIAN_POINT('',(4.,-3.3));
#11739 = ( GEOMETRIC_REPRESENTATION_CONTEXT(2) 
PARAMETRIC_REPRESENTATION_CONTEXT() REPRESENTATION_CONTEXT('2D SPACE',''
  ) );
#11740 = ORIENTED_EDGE('',*,*,#11741,.F.);
#11741 = EDGE_CURVE('',#11742,#11721,#11744,.T.);
#11742 = VERTEX_POINT('',#11743);
#11743 = CARTESIAN_POINT('',(19.,5.7,3.));
#11744 = SURFACE_CURVE('',#11745,(#11749,#11755),.PCURVE_S1.);
#11745 = LINE('',#11746,#11747);
#11746 = CARTESIAN_POINT('',(12.35,5.7,3.));
#11747 = VECTOR('',#11748,1.);
#11748 = DIRECTION('',(-1.,0.,0.));
#11749 = PCURVE('',#6563,#11750);
#11750 = DEFINITIONAL_REPRESENTATION('',(#11751),#11754);
#11751 = B_SPLINE_CURVE_WITH_KNOTS('',1,(#11752,#11753),.UNSPECIFIED.,
  .F.,.F.,(2,2),(-6.65,-1.35),.PIECEWISE_BEZIER_KNOTS.);
#11752 = CARTESIAN_POINT('',(8.,3.8));
#11753 = CARTESIAN_POINT('',(2.7,3.8));
#11754 = ( GEOMETRIC_REPRESENTATION_CONTEXT(2) 
PARAMETRIC_REPRESENTATION_CONTEXT() REPRESENTATION_CONTEXT('2D SPACE',''
  ) );
#11755 = PCURVE('',#11541,#11756);
#11756 = DEFINITIONAL_REPRESENTATION('',(#11757),#11760);
#11757 = B_SPLINE_CURVE_WITH_KNOTS('',1,(#11758,#11759),.UNSPECIFIED.,
  .F.,.F.,(2,2),(-6.65,-1.35),.PIECEWISE_BEZIER_KNOTS.);
#11758 = CARTESIAN_POINT('',(4.,5.3));
#11759 = CARTESIAN_POINT('',(4.,0.));
#11760 = ( GEOMETRIC_REPRESENTATION_CONTEXT(2) 
PARAMETRIC_REPRESENTATION_CONTEXT() REPRESENTATION_CONTEXT('2D SPACE',''
  ) );
#11761 = ORIENTED_EDGE('',*,*,#11762,.T.);
#11762 = EDGE_CURVE('',#11742,#11763,#11765,.T.);
#11763 = VERTEX_POINT('',#11764);
#11764 = CARTESIAN_POINT('',(19.,6.9,3.));
#11765 = SURFACE_CURVE('',#11766,(#11770,#11777),.PCURVE_S1.);
#11766 = LINE('',#11767,#11768);
#11767 = CARTESIAN_POINT('',(19.,1.9,3.));
#11768 = VECTOR('',#11769,1.);
#11769 = DIRECTION('',(0.,1.,0.));
#11770 = PCURVE('',#6563,#11771);
#11771 = DEFINITIONAL_REPRESENTATION('',(#11772),#11776);
#11772 = LINE('',#11773,#11774);
#11773 = CARTESIAN_POINT('',(8.,0.));
#11774 = VECTOR('',#11775,1.);
#11775 = DIRECTION('',(0.,1.));
#11776 = ( GEOMETRIC_REPRESENTATION_CONTEXT(2) 
PARAMETRIC_REPRESENTATION_CONTEXT() REPRESENTATION_CONTEXT('2D SPACE',''
  ) );
#11777 = PCURVE('',#11778,#11783);
#11778 = PLANE('',#11779);
#11779 = AXIS2_PLACEMENT_3D('',#11780,#11781,#11782);
#11780 = CARTESIAN_POINT('',(19.,1.9,3.));
#11781 = DIRECTION('',(1.,0.,0.));
#11782 = DIRECTION('',(0.,0.,1.));
#11783 = DEFINITIONAL_REPRESENTATION('',(#11784),#11788);
#11784 = LINE('',#11785,#11786);
#11785 = CARTESIAN_POINT('',(0.,0.));
#11786 = VECTOR('',#11787,1.);
#11787 = DIRECTION('',(0.,-1.));
#11788 = ( GEOMETRIC_REPRESENTATION_CONTEXT(2) 
PARAMETRIC_REPRESENTATION_CONTEXT() REPRESENTATION_CONTEXT('2D SPACE',''
  ) );
#11789 = ORIENTED_EDGE('',*,*,#11790,.F.);
#11790 = EDGE_CURVE('',#11600,#11763,#11791,.T.);
#11791 = SURFACE_CURVE('',#11792,(#11796,#11803),.PCURVE_S1.);
#11792 = LINE('',#11793,#11794);
#11793 = CARTESIAN_POINT('',(11.,6.9,3.));
#11794 = VECTOR('',#11795,1.);
#11795 = DIRECTION('',(1.,0.,0.));
#11796 = PCURVE('',#6563,#11797);
#11797 = DEFINITIONAL_REPRESENTATION('',(#11798),#11802);
#11798 = LINE('',#11799,#11800);
#11799 = CARTESIAN_POINT('',(0.,5.));
#11800 = VECTOR('',#11801,1.);
#11801 = DIRECTION('',(1.,0.));
#11802 = ( GEOMETRIC_REPRESENTATION_CONTEXT(2) 
PARAMETRIC_REPRESENTATION_CONTEXT() REPRESENTATION_CONTEXT('2D SPACE',''
  ) );
#11803 = PCURVE('',#11481,#11804);
#11804 = DEFINITIONAL_REPRESENTATION('',(#11805),#11809);
#11805 = LINE('',#11806,#11807);
#11806 = CARTESIAN_POINT('',(0.,-204.));
#11807 = VECTOR('',#11808,1.);
#11808 = DIRECTION('',(0.,1.));
#11809 = ( GEOMETRIC_REPRESENTATION_CONTEXT(2) 
PARAMETRIC_REPRESENTATION_CONTEXT() REPRESENTATION_CONTEXT('2D SPACE',''
  ) );
#11810 = ADVANCED_FACE('',(#11811),#6618,.F.);
#11811 = FACE_BOUND('',#11812,.F.);
#11812 = EDGE_LOOP('',(#11813,#11836,#11837,#11838));
#11813 = ORIENTED_EDGE('',*,*,#11814,.F.);
#11814 = EDGE_CURVE('',#6575,#11815,#11817,.T.);
#11815 = VERTEX_POINT('',#11816);
#11816 = CARTESIAN_POINT('',(13.7,5.7,96.3));
#11817 = SURFACE_CURVE('',#11818,(#11822,#11829),.PCURVE_S1.);
#11818 = LINE('',#11819,#11820);
#11819 = CARTESIAN_POINT('',(13.7,2.4,96.3));
#11820 = VECTOR('',#11821,1.);
#11821 = DIRECTION('',(0.,1.,0.));
#11822 = PCURVE('',#6618,#11823);
#11823 = DEFINITIONAL_REPRESENTATION('',(#11824),#11828);
#11824 = LINE('',#11825,#11826);
#11825 = CARTESIAN_POINT('',(0.,0.));
#11826 = VECTOR('',#11827,1.);
#11827 = DIRECTION('',(0.,1.));
#11828 = ( GEOMETRIC_REPRESENTATION_CONTEXT(2) 
PARAMETRIC_REPRESENTATION_CONTEXT() REPRESENTATION_CONTEXT('2D SPACE',''
  ) );
#11829 = PCURVE('',#6590,#11830);
#11830 = DEFINITIONAL_REPRESENTATION('',(#11831),#11835);
#11831 = LINE('',#11832,#11833);
#11832 = CARTESIAN_POINT('',(97.3,0.));
#11833 = VECTOR('',#11834,1.);
#11834 = DIRECTION('',(0.,-1.));
#11835 = ( GEOMETRIC_REPRESENTATION_CONTEXT(2) 
PARAMETRIC_REPRESENTATION_CONTEXT() REPRESENTATION_CONTEXT('2D SPACE',''
  ) );
#11836 = ORIENTED_EDGE('',*,*,#6602,.T.);
#11837 = ORIENTED_EDGE('',*,*,#11694,.T.);
#11838 = ORIENTED_EDGE('',*,*,#11839,.F.);
#11839 = EDGE_CURVE('',#11815,#11672,#11840,.T.);
#11840 = SURFACE_CURVE('',#11841,(#11845,#11852),.PCURVE_S1.);
#11841 = LINE('',#11842,#11843);
#11842 = CARTESIAN_POINT('',(13.7,5.7,96.3));
#11843 = VECTOR('',#11844,1.);
#11844 = DIRECTION('',(1.,0.,0.));
#11845 = PCURVE('',#6618,#11846);
#11846 = DEFINITIONAL_REPRESENTATION('',(#11847),#11851);
#11847 = LINE('',#11848,#11849);
#11848 = CARTESIAN_POINT('',(0.,3.3));
#11849 = VECTOR('',#11850,1.);
#11850 = DIRECTION('',(1.,0.));
#11851 = ( GEOMETRIC_REPRESENTATION_CONTEXT(2) 
PARAMETRIC_REPRESENTATION_CONTEXT() REPRESENTATION_CONTEXT('2D SPACE',''
  ) );
#11852 = PCURVE('',#11541,#11853);
#11853 = DEFINITIONAL_REPRESENTATION('',(#11854),#11858);
#11854 = LINE('',#11855,#11856);
#11855 = CARTESIAN_POINT('',(97.3,0.));
#11856 = VECTOR('',#11857,1.);
#11857 = DIRECTION('',(0.,1.));
#11858 = ( GEOMETRIC_REPRESENTATION_CONTEXT(2) 
PARAMETRIC_REPRESENTATION_CONTEXT() REPRESENTATION_CONTEXT('2D SPACE',''
  ) );
#11859 = ADVANCED_FACE('',(#11860),#6590,.T.);
#11860 = FACE_BOUND('',#11861,.T.);
#11861 = EDGE_LOOP('',(#11862,#11863,#11864,#11885));
#11862 = ORIENTED_EDGE('',*,*,#6574,.F.);
#11863 = ORIENTED_EDGE('',*,*,#11720,.T.);
#11864 = ORIENTED_EDGE('',*,*,#11865,.T.);
#11865 = EDGE_CURVE('',#11721,#11815,#11866,.T.);
#11866 = SURFACE_CURVE('',#11867,(#11871,#11878),.PCURVE_S1.);
#11867 = LINE('',#11868,#11869);
#11868 = CARTESIAN_POINT('',(13.7,5.7,-1.));
#11869 = VECTOR('',#11870,1.);
#11870 = DIRECTION('',(0.,0.,1.));
#11871 = PCURVE('',#6590,#11872);
#11872 = DEFINITIONAL_REPRESENTATION('',(#11873),#11877);
#11873 = LINE('',#11874,#11875);
#11874 = CARTESIAN_POINT('',(0.,-3.3));
#11875 = VECTOR('',#11876,1.);
#11876 = DIRECTION('',(1.,0.));
#11877 = ( GEOMETRIC_REPRESENTATION_CONTEXT(2) 
PARAMETRIC_REPRESENTATION_CONTEXT() REPRESENTATION_CONTEXT('2D SPACE',''
  ) );
#11878 = PCURVE('',#11541,#11879);
#11879 = DEFINITIONAL_REPRESENTATION('',(#11880),#11884);
#11880 = LINE('',#11881,#11882);
#11881 = CARTESIAN_POINT('',(0.,0.));
#11882 = VECTOR('',#11883,1.);
#11883 = DIRECTION('',(1.,0.));
#11884 = ( GEOMETRIC_REPRESENTATION_CONTEXT(2) 
PARAMETRIC_REPRESENTATION_CONTEXT() REPRESENTATION_CONTEXT('2D SPACE',''
  ) );
#11885 = ORIENTED_EDGE('',*,*,#11814,.F.);
#11886 = ADVANCED_FACE('',(#11887),#6804,.F.);
#11887 = FACE_BOUND('',#11888,.F.);
#11888 = EDGE_LOOP('',(#11889,#11912,#11933,#11954));
#11889 = ORIENTED_EDGE('',*,*,#11890,.F.);
#11890 = EDGE_CURVE('',#11891,#6788,#11893,.T.);
#11891 = VERTEX_POINT('',#11892);
#11892 = CARTESIAN_POINT('',(204.,1.,28.));
#11893 = SURFACE_CURVE('',#11894,(#11898,#11905),.PCURVE_S1.);
#11894 = LINE('',#11895,#11896);
#11895 = CARTESIAN_POINT('',(204.,-1.,28.));
#11896 = VECTOR('',#11897,1.);
#11897 = DIRECTION('',(-0.,1.,-0.));
#11898 = PCURVE('',#6804,#11899);
#11899 = DEFINITIONAL_REPRESENTATION('',(#11900),#11904);
#11900 = LINE('',#11901,#11902);
#11901 = CARTESIAN_POINT('',(184.,0.));
#11902 = VECTOR('',#11903,1.);
#11903 = DIRECTION('',(0.,-1.));
#11904 = ( GEOMETRIC_REPRESENTATION_CONTEXT(2) 
PARAMETRIC_REPRESENTATION_CONTEXT() REPRESENTATION_CONTEXT('2D SPACE',''
  ) );
#11905 = PCURVE('',#6832,#11906);
#11906 = DEFINITIONAL_REPRESENTATION('',(#11907),#11911);
#11907 = LINE('',#11908,#11909);
#11908 = CARTESIAN_POINT('',(-0.,0.));
#11909 = VECTOR('',#11910,1.);
#11910 = DIRECTION('',(-0.,1.));
#11911 = ( GEOMETRIC_REPRESENTATION_CONTEXT(2) 
PARAMETRIC_REPRESENTATION_CONTEXT() REPRESENTATION_CONTEXT('2D SPACE',''
  ) );
#11912 = ORIENTED_EDGE('',*,*,#11913,.T.);
#11913 = EDGE_CURVE('',#11891,#11914,#11916,.T.);
#11914 = VERTEX_POINT('',#11915);
#11915 = CARTESIAN_POINT('',(30.,1.,28.));
#11916 = SURFACE_CURVE('',#11917,(#11921,#11927),.PCURVE_S1.);
#11917 = LINE('',#11918,#11919);
#11918 = CARTESIAN_POINT('',(68.5,1.,28.));
#11919 = VECTOR('',#11920,1.);
#11920 = DIRECTION('',(-1.,0.,0.));
#11921 = PCURVE('',#6804,#11922);
#11922 = DEFINITIONAL_REPRESENTATION('',(#11923),#11926);
#11923 = B_SPLINE_CURVE_WITH_KNOTS('',1,(#11924,#11925),.UNSPECIFIED.,
  .F.,.F.,(2,2),(-135.5,38.5),.PIECEWISE_BEZIER_KNOTS.);
#11924 = CARTESIAN_POINT('',(184.,-2.));
#11925 = CARTESIAN_POINT('',(10.,-2.));
#11926 = ( GEOMETRIC_REPRESENTATION_CONTEXT(2) 
PARAMETRIC_REPRESENTATION_CONTEXT() REPRESENTATION_CONTEXT('2D SPACE',''
  ) );
#11927 = PCURVE('',#7878,#11928);
#11928 = DEFINITIONAL_REPRESENTATION('',(#11929),#11932);
#11929 = B_SPLINE_CURVE_WITH_KNOTS('',1,(#11930,#11931),.UNSPECIFIED.,
  .F.,.F.,(2,2),(-135.5,38.5),.PIECEWISE_BEZIER_KNOTS.);
#11930 = CARTESIAN_POINT('',(32.,87.));
#11931 = CARTESIAN_POINT('',(32.,-87.));
#11932 = ( GEOMETRIC_REPRESENTATION_CONTEXT(2) 
PARAMETRIC_REPRESENTATION_CONTEXT() REPRESENTATION_CONTEXT('2D SPACE',''
  ) );
#11933 = ORIENTED_EDGE('',*,*,#11934,.T.);
#11934 = EDGE_CURVE('',#11914,#6790,#11935,.T.);
#11935 = SURFACE_CURVE('',#11936,(#11940,#11947),.PCURVE_S1.);
#11936 = LINE('',#11937,#11938);
#11937 = CARTESIAN_POINT('',(30.,-1.,28.));
#11938 = VECTOR('',#11939,1.);
#11939 = DIRECTION('',(-0.,1.,-0.));
#11940 = PCURVE('',#6804,#11941);
#11941 = DEFINITIONAL_REPRESENTATION('',(#11942),#11946);
#11942 = LINE('',#11943,#11944);
#11943 = CARTESIAN_POINT('',(10.,0.));
#11944 = VECTOR('',#11945,1.);
#11945 = DIRECTION('',(0.,-1.));
#11946 = ( GEOMETRIC_REPRESENTATION_CONTEXT(2) 
PARAMETRIC_REPRESENTATION_CONTEXT() REPRESENTATION_CONTEXT('2D SPACE',''
  ) );
#11947 = PCURVE('',#6995,#11948);
#11948 = DEFINITIONAL_REPRESENTATION('',(#11949),#11953);
#11949 = LINE('',#11950,#11951);
#11950 = CARTESIAN_POINT('',(0.,0.));
#11951 = VECTOR('',#11952,1.);
#11952 = DIRECTION('',(0.,1.));
#11953 = ( GEOMETRIC_REPRESENTATION_CONTEXT(2) 
PARAMETRIC_REPRESENTATION_CONTEXT() REPRESENTATION_CONTEXT('2D SPACE',''
  ) );
#11954 = ORIENTED_EDGE('',*,*,#6787,.F.);
#11955 = ADVANCED_FACE('',(#11956),#6995,.F.);
#11956 = FACE_BOUND('',#11957,.F.);
#11957 = EDGE_LOOP('',(#11958,#11959,#11987,#12008));
#11958 = ORIENTED_EDGE('',*,*,#11934,.F.);
#11959 = ORIENTED_EDGE('',*,*,#11960,.T.);
#11960 = EDGE_CURVE('',#11914,#11961,#11963,.T.);
#11961 = VERTEX_POINT('',#11962);
#11962 = CARTESIAN_POINT('',(20.,1.,38.));
#11963 = SURFACE_CURVE('',#11964,(#11969,#11976),.PCURVE_S1.);
#11964 = CIRCLE('',#11965,10.);
#11965 = AXIS2_PLACEMENT_3D('',#11966,#11967,#11968);
#11966 = CARTESIAN_POINT('',(30.,1.,38.));
#11967 = DIRECTION('',(-0.,1.,0.));
#11968 = DIRECTION('',(0.,0.,-1.));
#11969 = PCURVE('',#6995,#11970);
#11970 = DEFINITIONAL_REPRESENTATION('',(#11971),#11975);
#11971 = LINE('',#11972,#11973);
#11972 = CARTESIAN_POINT('',(0.,2.));
#11973 = VECTOR('',#11974,1.);
#11974 = DIRECTION('',(1.,0.));
#11975 = ( GEOMETRIC_REPRESENTATION_CONTEXT(2) 
PARAMETRIC_REPRESENTATION_CONTEXT() REPRESENTATION_CONTEXT('2D SPACE',''
  ) );
#11976 = PCURVE('',#7878,#11977);
#11977 = DEFINITIONAL_REPRESENTATION('',(#11978),#11986);
#11978 = ( BOUNDED_CURVE() B_SPLINE_CURVE(2,(#11979,#11980,#11981,#11982
    ,#11983,#11984,#11985),.UNSPECIFIED.,.T.,.F.) 
B_SPLINE_CURVE_WITH_KNOTS((1,2,2,2,2,1),(-2.094395102393,0.,
    2.094395102393,4.188790204786,6.28318530718,8.377580409573),
.UNSPECIFIED.) CURVE() GEOMETRIC_REPRESENTATION_ITEM() 
RATIONAL_B_SPLINE_CURVE((1.,0.5,1.,0.5,1.,0.5,1.)) REPRESENTATION_ITEM(
  '') );
#11979 = CARTESIAN_POINT('',(32.,-87.));
#11980 = CARTESIAN_POINT('',(32.,-104.3205080756));
#11981 = CARTESIAN_POINT('',(17.,-95.66025403784));
#11982 = CARTESIAN_POINT('',(2.,-87.));
#11983 = CARTESIAN_POINT('',(17.,-78.33974596215));
#11984 = CARTESIAN_POINT('',(32.,-69.67949192431));
#11985 = CARTESIAN_POINT('',(32.,-87.));
#11986 = ( GEOMETRIC_REPRESENTATION_CONTEXT(2) 
PARAMETRIC_REPRESENTATION_CONTEXT() REPRESENTATION_CONTEXT('2D SPACE',''
  ) );
#11987 = ORIENTED_EDGE('',*,*,#11988,.T.);
#11988 = EDGE_CURVE('',#11961,#6955,#11989,.T.);
#11989 = SURFACE_CURVE('',#11990,(#11994,#12001),.PCURVE_S1.);
#11990 = LINE('',#11991,#11992);
#11991 = CARTESIAN_POINT('',(20.,-1.,38.));
#11992 = VECTOR('',#11993,1.);
#11993 = DIRECTION('',(-0.,1.,-0.));
#11994 = PCURVE('',#6995,#11995);
#11995 = DEFINITIONAL_REPRESENTATION('',(#11996),#12000);
#11996 = LINE('',#11997,#11998);
#11997 = CARTESIAN_POINT('',(1.570796326795,0.));
#11998 = VECTOR('',#11999,1.);
#11999 = DIRECTION('',(0.,1.));
#12000 = ( GEOMETRIC_REPRESENTATION_CONTEXT(2) 
PARAMETRIC_REPRESENTATION_CONTEXT() REPRESENTATION_CONTEXT('2D SPACE',''
  ) );
#12001 = PCURVE('',#6969,#12002);
#12002 = DEFINITIONAL_REPRESENTATION('',(#12003),#12007);
#12003 = LINE('',#12004,#12005);
#12004 = CARTESIAN_POINT('',(54.,0.));
#12005 = VECTOR('',#12006,1.);
#12006 = DIRECTION('',(0.,-1.));
#12007 = ( GEOMETRIC_REPRESENTATION_CONTEXT(2) 
PARAMETRIC_REPRESENTATION_CONTEXT() REPRESENTATION_CONTEXT('2D SPACE',''
  ) );
#12008 = ORIENTED_EDGE('',*,*,#6980,.F.);
#12009 = ADVANCED_FACE('',(#12010),#6969,.F.);
#12010 = FACE_BOUND('',#12011,.F.);
#12011 = EDGE_LOOP('',(#12012,#12013,#12034,#12055));
#12012 = ORIENTED_EDGE('',*,*,#11988,.F.);
#12013 = ORIENTED_EDGE('',*,*,#12014,.T.);
#12014 = EDGE_CURVE('',#11961,#12015,#12017,.T.);
#12015 = VERTEX_POINT('',#12016);
#12016 = CARTESIAN_POINT('',(20.,1.,82.));
#12017 = SURFACE_CURVE('',#12018,(#12022,#12028),.PCURVE_S1.);
#12018 = LINE('',#12019,#12020);
#12019 = CARTESIAN_POINT('',(20.,1.,76.));
#12020 = VECTOR('',#12021,1.);
#12021 = DIRECTION('',(0.,0.,1.));
#12022 = PCURVE('',#6969,#12023);
#12023 = DEFINITIONAL_REPRESENTATION('',(#12024),#12027);
#12024 = B_SPLINE_CURVE_WITH_KNOTS('',1,(#12025,#12026),.UNSPECIFIED.,
  .F.,.F.,(2,2),(-38.,6.),.PIECEWISE_BEZIER_KNOTS.);
#12025 = CARTESIAN_POINT('',(54.,-2.));
#12026 = CARTESIAN_POINT('',(10.,-2.));
#12027 = ( GEOMETRIC_REPRESENTATION_CONTEXT(2) 
PARAMETRIC_REPRESENTATION_CONTEXT() REPRESENTATION_CONTEXT('2D SPACE',''
  ) );
#12028 = PCURVE('',#7878,#12029);
#12029 = DEFINITIONAL_REPRESENTATION('',(#12030),#12033);
#12030 = B_SPLINE_CURVE_WITH_KNOTS('',1,(#12031,#12032),.UNSPECIFIED.,
  .F.,.F.,(2,2),(-38.,6.),.PIECEWISE_BEZIER_KNOTS.);
#12031 = CARTESIAN_POINT('',(22.,-97.));
#12032 = CARTESIAN_POINT('',(-22.,-97.));
#12033 = ( GEOMETRIC_REPRESENTATION_CONTEXT(2) 
PARAMETRIC_REPRESENTATION_CONTEXT() REPRESENTATION_CONTEXT('2D SPACE',''
  ) );
#12034 = ORIENTED_EDGE('',*,*,#12035,.T.);
#12035 = EDGE_CURVE('',#12015,#6926,#12036,.T.);
#12036 = SURFACE_CURVE('',#12037,(#12041,#12048),.PCURVE_S1.);
#12037 = LINE('',#12038,#12039);
#12038 = CARTESIAN_POINT('',(20.,-1.,82.));
#12039 = VECTOR('',#12040,1.);
#12040 = DIRECTION('',(-0.,1.,-0.));
#12041 = PCURVE('',#6969,#12042);
#12042 = DEFINITIONAL_REPRESENTATION('',(#12043),#12047);
#12043 = LINE('',#12044,#12045);
#12044 = CARTESIAN_POINT('',(10.,0.));
#12045 = VECTOR('',#12046,1.);
#12046 = DIRECTION('',(0.,-1.));
#12047 = ( GEOMETRIC_REPRESENTATION_CONTEXT(2) 
PARAMETRIC_REPRESENTATION_CONTEXT() REPRESENTATION_CONTEXT('2D SPACE',''
  ) );
#12048 = PCURVE('',#6942,#12049);
#12049 = DEFINITIONAL_REPRESENTATION('',(#12050),#12054);
#12050 = LINE('',#12051,#12052);
#12051 = CARTESIAN_POINT('',(-1.570796326795,0.));
#12052 = VECTOR('',#12053,1.);
#12053 = DIRECTION('',(-0.,1.));
#12054 = ( GEOMETRIC_REPRESENTATION_CONTEXT(2) 
PARAMETRIC_REPRESENTATION_CONTEXT() REPRESENTATION_CONTEXT('2D SPACE',''
  ) );
#12055 = ORIENTED_EDGE('',*,*,#6954,.F.);
#12056 = ADVANCED_FACE('',(#12057),#6942,.F.);
#12057 = FACE_BOUND('',#12058,.T.);
#12058 = EDGE_LOOP('',(#12059,#12082,#12108,#12109));
#12059 = ORIENTED_EDGE('',*,*,#12060,.F.);
#12060 = EDGE_CURVE('',#12061,#6900,#12063,.T.);
#12061 = VERTEX_POINT('',#12062);
#12062 = CARTESIAN_POINT('',(30.,1.,92.));
#12063 = SURFACE_CURVE('',#12064,(#12068,#12075),.PCURVE_S1.);
#12064 = LINE('',#12065,#12066);
#12065 = CARTESIAN_POINT('',(30.,-1.,92.));
#12066 = VECTOR('',#12067,1.);
#12067 = DIRECTION('',(-0.,1.,-0.));
#12068 = PCURVE('',#6942,#12069);
#12069 = DEFINITIONAL_REPRESENTATION('',(#12070),#12074);
#12070 = LINE('',#12071,#12072);
#12071 = CARTESIAN_POINT('',(-0.,0.));
#12072 = VECTOR('',#12073,1.);
#12073 = DIRECTION('',(-0.,1.));
#12074 = ( GEOMETRIC_REPRESENTATION_CONTEXT(2) 
PARAMETRIC_REPRESENTATION_CONTEXT() REPRESENTATION_CONTEXT('2D SPACE',''
  ) );
#12075 = PCURVE('',#6914,#12076);
#12076 = DEFINITIONAL_REPRESENTATION('',(#12077),#12081);
#12077 = LINE('',#12078,#12079);
#12078 = CARTESIAN_POINT('',(184.,0.));
#12079 = VECTOR('',#12080,1.);
#12080 = DIRECTION('',(0.,-1.));
#12081 = ( GEOMETRIC_REPRESENTATION_CONTEXT(2) 
PARAMETRIC_REPRESENTATION_CONTEXT() REPRESENTATION_CONTEXT('2D SPACE',''
  ) );
#12082 = ORIENTED_EDGE('',*,*,#12083,.F.);
#12083 = EDGE_CURVE('',#12015,#12061,#12084,.T.);
#12084 = SURFACE_CURVE('',#12085,(#12090,#12097),.PCURVE_S1.);
#12085 = CIRCLE('',#12086,10.);
#12086 = AXIS2_PLACEMENT_3D('',#12087,#12088,#12089);
#12087 = CARTESIAN_POINT('',(30.,1.,82.));
#12088 = DIRECTION('',(-0.,1.,0.));
#12089 = DIRECTION('',(0.,0.,1.));
#12090 = PCURVE('',#6942,#12091);
#12091 = DEFINITIONAL_REPRESENTATION('',(#12092),#12096);
#12092 = LINE('',#12093,#12094);
#12093 = CARTESIAN_POINT('',(-6.28318530718,2.));
#12094 = VECTOR('',#12095,1.);
#12095 = DIRECTION('',(1.,-0.));
#12096 = ( GEOMETRIC_REPRESENTATION_CONTEXT(2) 
PARAMETRIC_REPRESENTATION_CONTEXT() REPRESENTATION_CONTEXT('2D SPACE',''
  ) );
#12097 = PCURVE('',#7878,#12098);
#12098 = DEFINITIONAL_REPRESENTATION('',(#12099),#12107);
#12099 = ( BOUNDED_CURVE() B_SPLINE_CURVE(2,(#12100,#12101,#12102,#12103
    ,#12104,#12105,#12106),.UNSPECIFIED.,.T.,.F.) 
B_SPLINE_CURVE_WITH_KNOTS((1,2,2,2,2,1),(-2.094395102393,0.,
    2.094395102393,4.188790204786,6.28318530718,8.377580409573),
.UNSPECIFIED.) CURVE() GEOMETRIC_REPRESENTATION_ITEM() 
RATIONAL_B_SPLINE_CURVE((1.,0.5,1.,0.5,1.,0.5,1.)) REPRESENTATION_ITEM(
  '') );
#12100 = CARTESIAN_POINT('',(-32.,-87.));
#12101 = CARTESIAN_POINT('',(-32.,-69.67949192431));
#12102 = CARTESIAN_POINT('',(-17.,-78.33974596215));
#12103 = CARTESIAN_POINT('',(-2.,-87.));
#12104 = CARTESIAN_POINT('',(-17.,-95.66025403784));
#12105 = CARTESIAN_POINT('',(-32.,-104.3205080756));
#12106 = CARTESIAN_POINT('',(-32.,-87.));
#12107 = ( GEOMETRIC_REPRESENTATION_CONTEXT(2) 
PARAMETRIC_REPRESENTATION_CONTEXT() REPRESENTATION_CONTEXT('2D SPACE',''
  ) );
#12108 = ORIENTED_EDGE('',*,*,#12035,.T.);
#12109 = ORIENTED_EDGE('',*,*,#6925,.T.);
#12110 = ADVANCED_FACE('',(#12111),#6914,.F.);
#12111 = FACE_BOUND('',#12112,.F.);
#12112 = EDGE_LOOP('',(#12113,#12114,#12135,#12156));
#12113 = ORIENTED_EDGE('',*,*,#12060,.F.);
#12114 = ORIENTED_EDGE('',*,*,#12115,.T.);
#12115 = EDGE_CURVE('',#12061,#12116,#12118,.T.);
#12116 = VERTEX_POINT('',#12117);
#12117 = CARTESIAN_POINT('',(204.,1.,92.));
#12118 = SURFACE_CURVE('',#12119,(#12123,#12129),.PCURVE_S1.);
#12119 = LINE('',#12120,#12121);
#12120 = CARTESIAN_POINT('',(165.5,1.,92.));
#12121 = VECTOR('',#12122,1.);
#12122 = DIRECTION('',(1.,0.,0.));
#12123 = PCURVE('',#6914,#12124);
#12124 = DEFINITIONAL_REPRESENTATION('',(#12125),#12128);
#12125 = B_SPLINE_CURVE_WITH_KNOTS('',1,(#12126,#12127),.UNSPECIFIED.,
  .F.,.F.,(2,2),(-135.5,38.5),.PIECEWISE_BEZIER_KNOTS.);
#12126 = CARTESIAN_POINT('',(184.,-2.));
#12127 = CARTESIAN_POINT('',(10.,-2.));
#12128 = ( GEOMETRIC_REPRESENTATION_CONTEXT(2) 
PARAMETRIC_REPRESENTATION_CONTEXT() REPRESENTATION_CONTEXT('2D SPACE',''
  ) );
#12129 = PCURVE('',#7878,#12130);
#12130 = DEFINITIONAL_REPRESENTATION('',(#12131),#12134);
#12131 = B_SPLINE_CURVE_WITH_KNOTS('',1,(#12132,#12133),.UNSPECIFIED.,
  .F.,.F.,(2,2),(-135.5,38.5),.PIECEWISE_BEZIER_KNOTS.);
#12132 = CARTESIAN_POINT('',(-32.,-87.));
#12133 = CARTESIAN_POINT('',(-32.,87.));
#12134 = ( GEOMETRIC_REPRESENTATION_CONTEXT(2) 
PARAMETRIC_REPRESENTATION_CONTEXT() REPRESENTATION_CONTEXT('2D SPACE',''
  ) );
#12135 = ORIENTED_EDGE('',*,*,#12136,.T.);
#12136 = EDGE_CURVE('',#12116,#6871,#12137,.T.);
#12137 = SURFACE_CURVE('',#12138,(#12142,#12149),.PCURVE_S1.);
#12138 = LINE('',#12139,#12140);
#12139 = CARTESIAN_POINT('',(204.,-1.,92.));
#12140 = VECTOR('',#12141,1.);
#12141 = DIRECTION('',(-0.,1.,-0.));
#12142 = PCURVE('',#6914,#12143);
#12143 = DEFINITIONAL_REPRESENTATION('',(#12144),#12148);
#12144 = LINE('',#12145,#12146);
#12145 = CARTESIAN_POINT('',(10.,0.));
#12146 = VECTOR('',#12147,1.);
#12147 = DIRECTION('',(0.,-1.));
#12148 = ( GEOMETRIC_REPRESENTATION_CONTEXT(2) 
PARAMETRIC_REPRESENTATION_CONTEXT() REPRESENTATION_CONTEXT('2D SPACE',''
  ) );
#12149 = PCURVE('',#6887,#12150);
#12150 = DEFINITIONAL_REPRESENTATION('',(#12151),#12155);
#12151 = LINE('',#12152,#12153);
#12152 = CARTESIAN_POINT('',(-1.570796326795,0.));
#12153 = VECTOR('',#12154,1.);
#12154 = DIRECTION('',(-0.,1.));
#12155 = ( GEOMETRIC_REPRESENTATION_CONTEXT(2) 
PARAMETRIC_REPRESENTATION_CONTEXT() REPRESENTATION_CONTEXT('2D SPACE',''
  ) );
#12156 = ORIENTED_EDGE('',*,*,#6899,.F.);
#12157 = ADVANCED_FACE('',(#12158),#6887,.F.);
#12158 = FACE_BOUND('',#12159,.T.);
#12159 = EDGE_LOOP('',(#12160,#12183,#12209,#12210));
#12160 = ORIENTED_EDGE('',*,*,#12161,.F.);
#12161 = EDGE_CURVE('',#12162,#6845,#12164,.T.);
#12162 = VERTEX_POINT('',#12163);
#12163 = CARTESIAN_POINT('',(214.,1.,82.));
#12164 = SURFACE_CURVE('',#12165,(#12169,#12176),.PCURVE_S1.);
#12165 = LINE('',#12166,#12167);
#12166 = CARTESIAN_POINT('',(214.,-1.,82.));
#12167 = VECTOR('',#12168,1.);
#12168 = DIRECTION('',(-0.,1.,-0.));
#12169 = PCURVE('',#6887,#12170);
#12170 = DEFINITIONAL_REPRESENTATION('',(#12171),#12175);
#12171 = LINE('',#12172,#12173);
#12172 = CARTESIAN_POINT('',(-0.,0.));
#12173 = VECTOR('',#12174,1.);
#12174 = DIRECTION('',(-0.,1.));
#12175 = ( GEOMETRIC_REPRESENTATION_CONTEXT(2) 
PARAMETRIC_REPRESENTATION_CONTEXT() REPRESENTATION_CONTEXT('2D SPACE',''
  ) );
#12176 = PCURVE('',#6859,#12177);
#12177 = DEFINITIONAL_REPRESENTATION('',(#12178),#12182);
#12178 = LINE('',#12179,#12180);
#12179 = CARTESIAN_POINT('',(54.,0.));
#12180 = VECTOR('',#12181,1.);
#12181 = DIRECTION('',(0.,-1.));
#12182 = ( GEOMETRIC_REPRESENTATION_CONTEXT(2) 
PARAMETRIC_REPRESENTATION_CONTEXT() REPRESENTATION_CONTEXT('2D SPACE',''
  ) );
#12183 = ORIENTED_EDGE('',*,*,#12184,.F.);
#12184 = EDGE_CURVE('',#12116,#12162,#12185,.T.);
#12185 = SURFACE_CURVE('',#12186,(#12191,#12198),.PCURVE_S1.);
#12186 = CIRCLE('',#12187,10.);
#12187 = AXIS2_PLACEMENT_3D('',#12188,#12189,#12190);
#12188 = CARTESIAN_POINT('',(204.,1.,82.));
#12189 = DIRECTION('',(-0.,1.,-0.));
#12190 = DIRECTION('',(1.,0.,-0.));
#12191 = PCURVE('',#6887,#12192);
#12192 = DEFINITIONAL_REPRESENTATION('',(#12193),#12197);
#12193 = LINE('',#12194,#12195);
#12194 = CARTESIAN_POINT('',(-6.28318530718,2.));
#12195 = VECTOR('',#12196,1.);
#12196 = DIRECTION('',(1.,-0.));
#12197 = ( GEOMETRIC_REPRESENTATION_CONTEXT(2) 
PARAMETRIC_REPRESENTATION_CONTEXT() REPRESENTATION_CONTEXT('2D SPACE',''
  ) );
#12198 = PCURVE('',#7878,#12199);
#12199 = DEFINITIONAL_REPRESENTATION('',(#12200),#12208);
#12200 = ( BOUNDED_CURVE() B_SPLINE_CURVE(2,(#12201,#12202,#12203,#12204
    ,#12205,#12206,#12207),.UNSPECIFIED.,.T.,.F.) 
B_SPLINE_CURVE_WITH_KNOTS((1,2,2,2,2,1),(-2.094395102393,0.,
    2.094395102393,4.188790204786,6.28318530718,8.377580409573),
.UNSPECIFIED.) CURVE() GEOMETRIC_REPRESENTATION_ITEM() 
RATIONAL_B_SPLINE_CURVE((1.,0.5,1.,0.5,1.,0.5,1.)) REPRESENTATION_ITEM(
  '') );
#12201 = CARTESIAN_POINT('',(-22.,97.));
#12202 = CARTESIAN_POINT('',(-4.679491924311,97.));
#12203 = CARTESIAN_POINT('',(-13.33974596215,82.));
#12204 = CARTESIAN_POINT('',(-22.,67.));
#12205 = CARTESIAN_POINT('',(-30.66025403784,82.));
#12206 = CARTESIAN_POINT('',(-39.32050807568,97.));
#12207 = CARTESIAN_POINT('',(-22.,97.));
#12208 = ( GEOMETRIC_REPRESENTATION_CONTEXT(2) 
PARAMETRIC_REPRESENTATION_CONTEXT() REPRESENTATION_CONTEXT('2D SPACE',''
  ) );
#12209 = ORIENTED_EDGE('',*,*,#12136,.T.);
#12210 = ORIENTED_EDGE('',*,*,#6870,.T.);
#12211 = ADVANCED_FACE('',(#12212),#6859,.F.);
#12212 = FACE_BOUND('',#12213,.F.);
#12213 = EDGE_LOOP('',(#12214,#12215,#12236,#12257));
#12214 = ORIENTED_EDGE('',*,*,#12161,.F.);
#12215 = ORIENTED_EDGE('',*,*,#12216,.T.);
#12216 = EDGE_CURVE('',#12162,#12217,#12219,.T.);
#12217 = VERTEX_POINT('',#12218);
#12218 = CARTESIAN_POINT('',(214.,1.,38.));
#12219 = SURFACE_CURVE('',#12220,(#12224,#12230),.PCURVE_S1.);
#12220 = LINE('',#12221,#12222);
#12221 = CARTESIAN_POINT('',(214.,1.,44.));
#12222 = VECTOR('',#12223,1.);
#12223 = DIRECTION('',(-0.,0.,-1.));
#12224 = PCURVE('',#6859,#12225);
#12225 = DEFINITIONAL_REPRESENTATION('',(#12226),#12229);
#12226 = B_SPLINE_CURVE_WITH_KNOTS('',1,(#12227,#12228),.UNSPECIFIED.,
  .F.,.F.,(2,2),(-38.,6.),.PIECEWISE_BEZIER_KNOTS.);
#12227 = CARTESIAN_POINT('',(54.,-2.));
#12228 = CARTESIAN_POINT('',(10.,-2.));
#12229 = ( GEOMETRIC_REPRESENTATION_CONTEXT(2) 
PARAMETRIC_REPRESENTATION_CONTEXT() REPRESENTATION_CONTEXT('2D SPACE',''
  ) );
#12230 = PCURVE('',#7878,#12231);
#12231 = DEFINITIONAL_REPRESENTATION('',(#12232),#12235);
#12232 = B_SPLINE_CURVE_WITH_KNOTS('',1,(#12233,#12234),.UNSPECIFIED.,
  .F.,.F.,(2,2),(-38.,6.),.PIECEWISE_BEZIER_KNOTS.);
#12233 = CARTESIAN_POINT('',(-22.,97.));
#12234 = CARTESIAN_POINT('',(22.,97.));
#12235 = ( GEOMETRIC_REPRESENTATION_CONTEXT(2) 
PARAMETRIC_REPRESENTATION_CONTEXT() REPRESENTATION_CONTEXT('2D SPACE',''
  ) );
#12236 = ORIENTED_EDGE('',*,*,#12237,.T.);
#12237 = EDGE_CURVE('',#12217,#6816,#12238,.T.);
#12238 = SURFACE_CURVE('',#12239,(#12243,#12250),.PCURVE_S1.);
#12239 = LINE('',#12240,#12241);
#12240 = CARTESIAN_POINT('',(214.,-1.,38.));
#12241 = VECTOR('',#12242,1.);
#12242 = DIRECTION('',(-0.,1.,-0.));
#12243 = PCURVE('',#6859,#12244);
#12244 = DEFINITIONAL_REPRESENTATION('',(#12245),#12249);
#12245 = LINE('',#12246,#12247);
#12246 = CARTESIAN_POINT('',(10.,0.));
#12247 = VECTOR('',#12248,1.);
#12248 = DIRECTION('',(0.,-1.));
#12249 = ( GEOMETRIC_REPRESENTATION_CONTEXT(2) 
PARAMETRIC_REPRESENTATION_CONTEXT() REPRESENTATION_CONTEXT('2D SPACE',''
  ) );
#12250 = PCURVE('',#6832,#12251);
#12251 = DEFINITIONAL_REPRESENTATION('',(#12252),#12256);
#12252 = LINE('',#12253,#12254);
#12253 = CARTESIAN_POINT('',(-1.570796326795,0.));
#12254 = VECTOR('',#12255,1.);
#12255 = DIRECTION('',(-0.,1.));
#12256 = ( GEOMETRIC_REPRESENTATION_CONTEXT(2) 
PARAMETRIC_REPRESENTATION_CONTEXT() REPRESENTATION_CONTEXT('2D SPACE',''
  ) );
#12257 = ORIENTED_EDGE('',*,*,#6844,.F.);
#12258 = ADVANCED_FACE('',(#12259),#6832,.F.);
#12259 = FACE_BOUND('',#12260,.T.);
#12260 = EDGE_LOOP('',(#12261,#12262,#12288,#12289));
#12261 = ORIENTED_EDGE('',*,*,#11890,.F.);
#12262 = ORIENTED_EDGE('',*,*,#12263,.F.);
#12263 = EDGE_CURVE('',#12217,#11891,#12264,.T.);
#12264 = SURFACE_CURVE('',#12265,(#12270,#12277),.PCURVE_S1.);
#12265 = CIRCLE('',#12266,10.);
#12266 = AXIS2_PLACEMENT_3D('',#12267,#12268,#12269);
#12267 = CARTESIAN_POINT('',(204.,1.,38.));
#12268 = DIRECTION('',(-0.,1.,0.));
#12269 = DIRECTION('',(0.,0.,-1.));
#12270 = PCURVE('',#6832,#12271);
#12271 = DEFINITIONAL_REPRESENTATION('',(#12272),#12276);
#12272 = LINE('',#12273,#12274);
#12273 = CARTESIAN_POINT('',(-6.28318530718,2.));
#12274 = VECTOR('',#12275,1.);
#12275 = DIRECTION('',(1.,-0.));
#12276 = ( GEOMETRIC_REPRESENTATION_CONTEXT(2) 
PARAMETRIC_REPRESENTATION_CONTEXT() REPRESENTATION_CONTEXT('2D SPACE',''
  ) );
#12277 = PCURVE('',#7878,#12278);
#12278 = DEFINITIONAL_REPRESENTATION('',(#12279),#12287);
#12279 = ( BOUNDED_CURVE() B_SPLINE_CURVE(2,(#12280,#12281,#12282,#12283
    ,#12284,#12285,#12286),.UNSPECIFIED.,.T.,.F.) 
B_SPLINE_CURVE_WITH_KNOTS((1,2,2,2,2,1),(-2.094395102393,0.,
    2.094395102393,4.188790204786,6.28318530718,8.377580409573),
.UNSPECIFIED.) CURVE() GEOMETRIC_REPRESENTATION_ITEM() 
RATIONAL_B_SPLINE_CURVE((1.,0.5,1.,0.5,1.,0.5,1.)) REPRESENTATION_ITEM(
  '') );
#12280 = CARTESIAN_POINT('',(32.,87.));
#12281 = CARTESIAN_POINT('',(32.,69.679491924311));
#12282 = CARTESIAN_POINT('',(17.,78.339745962156));
#12283 = CARTESIAN_POINT('',(2.,87.));
#12284 = CARTESIAN_POINT('',(17.,95.660254037844));
#12285 = CARTESIAN_POINT('',(32.,104.32050807568));
#12286 = CARTESIAN_POINT('',(32.,87.));
#12287 = ( GEOMETRIC_REPRESENTATION_CONTEXT(2) 
PARAMETRIC_REPRESENTATION_CONTEXT() REPRESENTATION_CONTEXT('2D SPACE',''
  ) );
#12288 = ORIENTED_EDGE('',*,*,#12237,.T.);
#12289 = ORIENTED_EDGE('',*,*,#6815,.T.);
#12290 = ADVANCED_FACE('',(#12291),#7179,.F.);
#12291 = FACE_BOUND('',#12292,.T.);
#12292 = EDGE_LOOP('',(#12293,#12326,#12347,#12348,#12349,#12350));
#12293 = ORIENTED_EDGE('',*,*,#12294,.T.);
#12294 = EDGE_CURVE('',#12295,#12295,#12297,.T.);
#12295 = VERTEX_POINT('',#12296);
#12296 = CARTESIAN_POINT('',(221.3,24.,93.));
#12297 = SURFACE_CURVE('',#12298,(#12303,#12310),.PCURVE_S1.);
#12298 = CIRCLE('',#12299,3.3);
#12299 = AXIS2_PLACEMENT_3D('',#12300,#12301,#12302);
#12300 = CARTESIAN_POINT('',(218.,24.,93.));
#12301 = DIRECTION('',(0.,0.,-1.));
#12302 = DIRECTION('',(1.,0.,0.));
#12303 = PCURVE('',#7179,#12304);
#12304 = DEFINITIONAL_REPRESENTATION('',(#12305),#12309);
#12305 = LINE('',#12306,#12307);
#12306 = CARTESIAN_POINT('',(-6.28318530718,-1.));
#12307 = VECTOR('',#12308,1.);
#12308 = DIRECTION('',(1.,-0.));
#12309 = ( GEOMETRIC_REPRESENTATION_CONTEXT(2) 
PARAMETRIC_REPRESENTATION_CONTEXT() REPRESENTATION_CONTEXT('2D SPACE',''
  ) );
#12310 = PCURVE('',#12311,#12316);
#12311 = PLANE('',#12312);
#12312 = AXIS2_PLACEMENT_3D('',#12313,#12314,#12315);
#12313 = CARTESIAN_POINT('',(218.,24.,93.));
#12314 = DIRECTION('',(0.,0.,1.));
#12315 = DIRECTION('',(1.,0.,-0.));
#12316 = DEFINITIONAL_REPRESENTATION('',(#12317),#12325);
#12317 = ( BOUNDED_CURVE() B_SPLINE_CURVE(2,(#12318,#12319,#12320,#12321
    ,#12322,#12323,#12324),.UNSPECIFIED.,.T.,.F.) 
B_SPLINE_CURVE_WITH_KNOTS((1,2,2,2,2,1),(-2.094395102393,0.,
    2.094395102393,4.188790204786,6.28318530718,8.377580409573),
.UNSPECIFIED.) CURVE() GEOMETRIC_REPRESENTATION_ITEM() 
RATIONAL_B_SPLINE_CURVE((1.,0.5,1.,0.5,1.,0.5,1.)) REPRESENTATION_ITEM(
  '') );
#12318 = CARTESIAN_POINT('',(3.3,0.));
#12319 = CARTESIAN_POINT('',(3.3,-5.715767664977));
#12320 = CARTESIAN_POINT('',(-1.65,-2.857883832489));
#12321 = CARTESIAN_POINT('',(-6.6,-8.082668874373E-16));
#12322 = CARTESIAN_POINT('',(-1.65,2.857883832489));
#12323 = CARTESIAN_POINT('',(3.3,5.715767664977));
#12324 = CARTESIAN_POINT('',(3.3,0.));
#12325 = ( GEOMETRIC_REPRESENTATION_CONTEXT(2) 
PARAMETRIC_REPRESENTATION_CONTEXT() REPRESENTATION_CONTEXT('2D SPACE',''
  ) );
#12326 = ORIENTED_EDGE('',*,*,#12327,.T.);
#12327 = EDGE_CURVE('',#12295,#7402,#12328,.T.);
#12328 = SEAM_CURVE('',#12329,(#12333,#12340),.PCURVE_S1.);
#12329 = LINE('',#12330,#12331);
#12330 = CARTESIAN_POINT('',(221.3,24.,92.));
#12331 = VECTOR('',#12332,1.);
#12332 = DIRECTION('',(0.,0.,1.));
#12333 = PCURVE('',#7179,#12334);
#12334 = DEFINITIONAL_REPRESENTATION('',(#12335),#12339);
#12335 = LINE('',#12336,#12337);
#12336 = CARTESIAN_POINT('',(-6.28318530718,0.));
#12337 = VECTOR('',#12338,1.);
#12338 = DIRECTION('',(-0.,-1.));
#12339 = ( GEOMETRIC_REPRESENTATION_CONTEXT(2) 
PARAMETRIC_REPRESENTATION_CONTEXT() REPRESENTATION_CONTEXT('2D SPACE',''
  ) );
#12340 = PCURVE('',#7179,#12341);
#12341 = DEFINITIONAL_REPRESENTATION('',(#12342),#12346);
#12342 = LINE('',#12343,#12344);
#12343 = CARTESIAN_POINT('',(-0.,0.));
#12344 = VECTOR('',#12345,1.);
#12345 = DIRECTION('',(-0.,-1.));
#12346 = ( GEOMETRIC_REPRESENTATION_CONTEXT(2) 
PARAMETRIC_REPRESENTATION_CONTEXT() REPRESENTATION_CONTEXT('2D SPACE',''
  ) );
#12347 = ORIENTED_EDGE('',*,*,#7463,.T.);
#12348 = ORIENTED_EDGE('',*,*,#7162,.F.);
#12349 = ORIENTED_EDGE('',*,*,#7401,.T.);
#12350 = ORIENTED_EDGE('',*,*,#12327,.F.);
#12351 = ADVANCED_FACE('',(#12352),#7127,.F.);
#12352 = FACE_BOUND('',#12353,.T.);
#12353 = EDGE_LOOP('',(#12354,#12387,#12408,#12409,#12410,#12411));
#12354 = ORIENTED_EDGE('',*,*,#12355,.T.);
#12355 = EDGE_CURVE('',#12356,#12356,#12358,.T.);
#12356 = VERTEX_POINT('',#12357);
#12357 = CARTESIAN_POINT('',(221.3,38.,93.));
#12358 = SURFACE_CURVE('',#12359,(#12364,#12371),.PCURVE_S1.);
#12359 = CIRCLE('',#12360,3.3);
#12360 = AXIS2_PLACEMENT_3D('',#12361,#12362,#12363);
#12361 = CARTESIAN_POINT('',(218.,38.,93.));
#12362 = DIRECTION('',(0.,0.,-1.));
#12363 = DIRECTION('',(1.,0.,0.));
#12364 = PCURVE('',#7127,#12365);
#12365 = DEFINITIONAL_REPRESENTATION('',(#12366),#12370);
#12366 = LINE('',#12367,#12368);
#12367 = CARTESIAN_POINT('',(-6.28318530718,-1.));
#12368 = VECTOR('',#12369,1.);
#12369 = DIRECTION('',(1.,-0.));
#12370 = ( GEOMETRIC_REPRESENTATION_CONTEXT(2) 
PARAMETRIC_REPRESENTATION_CONTEXT() REPRESENTATION_CONTEXT('2D SPACE',''
  ) );
#12371 = PCURVE('',#12372,#12377);
#12372 = PLANE('',#12373);
#12373 = AXIS2_PLACEMENT_3D('',#12374,#12375,#12376);
#12374 = CARTESIAN_POINT('',(218.,38.,93.));
#12375 = DIRECTION('',(0.,0.,1.));
#12376 = DIRECTION('',(1.,0.,-0.));
#12377 = DEFINITIONAL_REPRESENTATION('',(#12378),#12386);
#12378 = ( BOUNDED_CURVE() B_SPLINE_CURVE(2,(#12379,#12380,#12381,#12382
    ,#12383,#12384,#12385),.UNSPECIFIED.,.T.,.F.) 
B_SPLINE_CURVE_WITH_KNOTS((1,2,2,2,2,1),(-2.094395102393,0.,
    2.094395102393,4.188790204786,6.28318530718,8.377580409573),
.UNSPECIFIED.) CURVE() GEOMETRIC_REPRESENTATION_ITEM() 
RATIONAL_B_SPLINE_CURVE((1.,0.5,1.,0.5,1.,0.5,1.)) REPRESENTATION_ITEM(
  '') );
#12379 = CARTESIAN_POINT('',(3.3,0.));
#12380 = CARTESIAN_POINT('',(3.3,-5.715767664977));
#12381 = CARTESIAN_POINT('',(-1.65,-2.857883832489));
#12382 = CARTESIAN_POINT('',(-6.6,-8.082668874373E-16));
#12383 = CARTESIAN_POINT('',(-1.65,2.857883832489));
#12384 = CARTESIAN_POINT('',(3.3,5.715767664977));
#12385 = CARTESIAN_POINT('',(3.3,0.));
#12386 = ( GEOMETRIC_REPRESENTATION_CONTEXT(2) 
PARAMETRIC_REPRESENTATION_CONTEXT() REPRESENTATION_CONTEXT('2D SPACE',''
  ) );
#12387 = ORIENTED_EDGE('',*,*,#12388,.T.);
#12388 = EDGE_CURVE('',#12356,#7537,#12389,.T.);
#12389 = SEAM_CURVE('',#12390,(#12394,#12401),.PCURVE_S1.);
#12390 = LINE('',#12391,#12392);
#12391 = CARTESIAN_POINT('',(221.3,38.,92.));
#12392 = VECTOR('',#12393,1.);
#12393 = DIRECTION('',(0.,0.,1.));
#12394 = PCURVE('',#7127,#12395);
#12395 = DEFINITIONAL_REPRESENTATION('',(#12396),#12400);
#12396 = LINE('',#12397,#12398);
#12397 = CARTESIAN_POINT('',(-6.28318530718,0.));
#12398 = VECTOR('',#12399,1.);
#12399 = DIRECTION('',(-0.,-1.));
#12400 = ( GEOMETRIC_REPRESENTATION_CONTEXT(2) 
PARAMETRIC_REPRESENTATION_CONTEXT() REPRESENTATION_CONTEXT('2D SPACE',''
  ) );
#12401 = PCURVE('',#7127,#12402);
#12402 = DEFINITIONAL_REPRESENTATION('',(#12403),#12407);
#12403 = LINE('',#12404,#12405);
#12404 = CARTESIAN_POINT('',(-0.,0.));
#12405 = VECTOR('',#12406,1.);
#12406 = DIRECTION('',(-0.,-1.));
#12407 = ( GEOMETRIC_REPRESENTATION_CONTEXT(2) 
PARAMETRIC_REPRESENTATION_CONTEXT() REPRESENTATION_CONTEXT('2D SPACE',''
  ) );
#12408 = ORIENTED_EDGE('',*,*,#7598,.T.);
#12409 = ORIENTED_EDGE('',*,*,#7110,.F.);
#12410 = ORIENTED_EDGE('',*,*,#7536,.T.);
#12411 = ORIENTED_EDGE('',*,*,#12388,.F.);
#12412 = ADVANCED_FACE('',(#12413),#7075,.F.);
#12413 = FACE_BOUND('',#12414,.T.);
#12414 = EDGE_LOOP('',(#12415,#12448,#12469,#12470,#12471,#12472));
#12415 = ORIENTED_EDGE('',*,*,#12416,.T.);
#12416 = EDGE_CURVE('',#12417,#12417,#12419,.T.);
#12417 = VERTEX_POINT('',#12418);
#12418 = CARTESIAN_POINT('',(221.3,52.,93.));
#12419 = SURFACE_CURVE('',#12420,(#12425,#12432),.PCURVE_S1.);
#12420 = CIRCLE('',#12421,3.3);
#12421 = AXIS2_PLACEMENT_3D('',#12422,#12423,#12424);
#12422 = CARTESIAN_POINT('',(218.,52.,93.));
#12423 = DIRECTION('',(0.,0.,-1.));
#12424 = DIRECTION('',(1.,0.,0.));
#12425 = PCURVE('',#7075,#12426);
#12426 = DEFINITIONAL_REPRESENTATION('',(#12427),#12431);
#12427 = LINE('',#12428,#12429);
#12428 = CARTESIAN_POINT('',(-6.28318530718,-1.));
#12429 = VECTOR('',#12430,1.);
#12430 = DIRECTION('',(1.,-0.));
#12431 = ( GEOMETRIC_REPRESENTATION_CONTEXT(2) 
PARAMETRIC_REPRESENTATION_CONTEXT() REPRESENTATION_CONTEXT('2D SPACE',''
  ) );
#12432 = PCURVE('',#12433,#12438);
#12433 = PLANE('',#12434);
#12434 = AXIS2_PLACEMENT_3D('',#12435,#12436,#12437);
#12435 = CARTESIAN_POINT('',(218.,52.,93.));
#12436 = DIRECTION('',(0.,0.,1.));
#12437 = DIRECTION('',(1.,0.,-0.));
#12438 = DEFINITIONAL_REPRESENTATION('',(#12439),#12447);
#12439 = ( BOUNDED_CURVE() B_SPLINE_CURVE(2,(#12440,#12441,#12442,#12443
    ,#12444,#12445,#12446),.UNSPECIFIED.,.T.,.F.) 
B_SPLINE_CURVE_WITH_KNOTS((1,2,2,2,2,1),(-2.094395102393,0.,
    2.094395102393,4.188790204786,6.28318530718,8.377580409573),
.UNSPECIFIED.) CURVE() GEOMETRIC_REPRESENTATION_ITEM() 
RATIONAL_B_SPLINE_CURVE((1.,0.5,1.,0.5,1.,0.5,1.)) REPRESENTATION_ITEM(
  '') );
#12440 = CARTESIAN_POINT('',(3.3,0.));
#12441 = CARTESIAN_POINT('',(3.3,-5.715767664977));
#12442 = CARTESIAN_POINT('',(-1.65,-2.857883832489));
#12443 = CARTESIAN_POINT('',(-6.6,-8.082668874373E-16));
#12444 = CARTESIAN_POINT('',(-1.65,2.857883832489));
#12445 = CARTESIAN_POINT('',(3.3,5.715767664977));
#12446 = CARTESIAN_POINT('',(3.3,0.));
#12447 = ( GEOMETRIC_REPRESENTATION_CONTEXT(2) 
PARAMETRIC_REPRESENTATION_CONTEXT() REPRESENTATION_CONTEXT('2D SPACE',''
  ) );
#12448 = ORIENTED_EDGE('',*,*,#12449,.T.);
#12449 = EDGE_CURVE('',#12417,#7672,#12450,.T.);
#12450 = SEAM_CURVE('',#12451,(#12455,#12462),.PCURVE_S1.);
#12451 = LINE('',#12452,#12453);
#12452 = CARTESIAN_POINT('',(221.3,52.,92.));
#12453 = VECTOR('',#12454,1.);
#12454 = DIRECTION('',(0.,0.,1.));
#12455 = PCURVE('',#7075,#12456);
#12456 = DEFINITIONAL_REPRESENTATION('',(#12457),#12461);
#12457 = LINE('',#12458,#12459);
#12458 = CARTESIAN_POINT('',(-6.28318530718,0.));
#12459 = VECTOR('',#12460,1.);
#12460 = DIRECTION('',(-0.,-1.));
#12461 = ( GEOMETRIC_REPRESENTATION_CONTEXT(2) 
PARAMETRIC_REPRESENTATION_CONTEXT() REPRESENTATION_CONTEXT('2D SPACE',''
  ) );
#12462 = PCURVE('',#7075,#12463);
#12463 = DEFINITIONAL_REPRESENTATION('',(#12464),#12468);
#12464 = LINE('',#12465,#12466);
#12465 = CARTESIAN_POINT('',(-0.,0.));
#12466 = VECTOR('',#12467,1.);
#12467 = DIRECTION('',(-0.,-1.));
#12468 = ( GEOMETRIC_REPRESENTATION_CONTEXT(2) 
PARAMETRIC_REPRESENTATION_CONTEXT() REPRESENTATION_CONTEXT('2D SPACE',''
  ) );
#12469 = ORIENTED_EDGE('',*,*,#7733,.T.);
#12470 = ORIENTED_EDGE('',*,*,#7058,.F.);
#12471 = ORIENTED_EDGE('',*,*,#7671,.T.);
#12472 = ORIENTED_EDGE('',*,*,#12449,.F.);
#12473 = ADVANCED_FACE('',(#12474,#12484),#7878,.T.);
#12474 = FACE_BOUND('',#12475,.T.);
#12475 = EDGE_LOOP('',(#12476,#12477,#12478,#12479,#12480,#12481,#12482,
    #12483));
#12476 = ORIENTED_EDGE('',*,*,#7862,.T.);
#12477 = ORIENTED_EDGE('',*,*,#8218,.T.);
#12478 = ORIENTED_EDGE('',*,*,#8190,.T.);
#12479 = ORIENTED_EDGE('',*,*,#8141,.T.);
#12480 = ORIENTED_EDGE('',*,*,#8091,.T.);
#12481 = ORIENTED_EDGE('',*,*,#8042,.T.);
#12482 = ORIENTED_EDGE('',*,*,#7992,.T.);
#12483 = ORIENTED_EDGE('',*,*,#7939,.F.);
#12484 = FACE_BOUND('',#12485,.T.);
#12485 = EDGE_LOOP('',(#12486,#12487,#12488,#12489,#12490,#12491,#12492,
    #12493));
#12486 = ORIENTED_EDGE('',*,*,#12263,.T.);
#12487 = ORIENTED_EDGE('',*,*,#11913,.T.);
#12488 = ORIENTED_EDGE('',*,*,#11960,.T.);
#12489 = ORIENTED_EDGE('',*,*,#12014,.T.);
#12490 = ORIENTED_EDGE('',*,*,#12083,.T.);
#12491 = ORIENTED_EDGE('',*,*,#12115,.T.);
#12492 = ORIENTED_EDGE('',*,*,#12184,.T.);
#12493 = ORIENTED_EDGE('',*,*,#12216,.T.);
#12494 = ADVANCED_FACE('',(#12495),#8307,.F.);
#12495 = FACE_BOUND('',#12496,.T.);
#12496 = EDGE_LOOP('',(#12497,#12520,#12547,#12548));
#12497 = ORIENTED_EDGE('',*,*,#12498,.T.);
#12498 = EDGE_CURVE('',#8291,#12499,#12501,.T.);
#12499 = VERTEX_POINT('',#12500);
#12500 = CARTESIAN_POINT('',(7.85,7.,13.));
#12501 = SEAM_CURVE('',#12502,(#12506,#12513),.PCURVE_S1.);
#12502 = LINE('',#12503,#12504);
#12503 = CARTESIAN_POINT('',(7.85,7.,3.));
#12504 = VECTOR('',#12505,1.);
#12505 = DIRECTION('',(0.,0.,1.));
#12506 = PCURVE('',#8307,#12507);
#12507 = DEFINITIONAL_REPRESENTATION('',(#12508),#12512);
#12508 = LINE('',#12509,#12510);
#12509 = CARTESIAN_POINT('',(-0.,0.));
#12510 = VECTOR('',#12511,1.);
#12511 = DIRECTION('',(-0.,-1.));
#12512 = ( GEOMETRIC_REPRESENTATION_CONTEXT(2) 
PARAMETRIC_REPRESENTATION_CONTEXT() REPRESENTATION_CONTEXT('2D SPACE',''
  ) );
#12513 = PCURVE('',#8307,#12514);
#12514 = DEFINITIONAL_REPRESENTATION('',(#12515),#12519);
#12515 = LINE('',#12516,#12517);
#12516 = CARTESIAN_POINT('',(-6.28318530718,0.));
#12517 = VECTOR('',#12518,1.);
#12518 = DIRECTION('',(-0.,-1.));
#12519 = ( GEOMETRIC_REPRESENTATION_CONTEXT(2) 
PARAMETRIC_REPRESENTATION_CONTEXT() REPRESENTATION_CONTEXT('2D SPACE',''
  ) );
#12520 = ORIENTED_EDGE('',*,*,#12521,.T.);
#12521 = EDGE_CURVE('',#12499,#12499,#12522,.T.);
#12522 = SURFACE_CURVE('',#12523,(#12528,#12535),.PCURVE_S1.);
#12523 = CIRCLE('',#12524,0.85);
#12524 = AXIS2_PLACEMENT_3D('',#12525,#12526,#12527);
#12525 = CARTESIAN_POINT('',(7.,7.,13.));
#12526 = DIRECTION('',(0.,0.,1.));
#12527 = DIRECTION('',(1.,0.,0.));
#12528 = PCURVE('',#8307,#12529);
#12529 = DEFINITIONAL_REPRESENTATION('',(#12530),#12534);
#12530 = LINE('',#12531,#12532);
#12531 = CARTESIAN_POINT('',(-0.,-10.));
#12532 = VECTOR('',#12533,1.);
#12533 = DIRECTION('',(-1.,0.));
#12534 = ( GEOMETRIC_REPRESENTATION_CONTEXT(2) 
PARAMETRIC_REPRESENTATION_CONTEXT() REPRESENTATION_CONTEXT('2D SPACE',''
  ) );
#12535 = PCURVE('',#12536,#12541);
#12536 = PLANE('',#12537);
#12537 = AXIS2_PLACEMENT_3D('',#12538,#12539,#12540);
#12538 = CARTESIAN_POINT('',(7.,7.,13.));
#12539 = DIRECTION('',(0.,0.,1.));
#12540 = DIRECTION('',(1.,0.,-0.));
#12541 = DEFINITIONAL_REPRESENTATION('',(#12542),#12546);
#12542 = CIRCLE('',#12543,0.85);
#12543 = AXIS2_PLACEMENT_2D('',#12544,#12545);
#12544 = CARTESIAN_POINT('',(0.,0.));
#12545 = DIRECTION('',(1.,0.));
#12546 = ( GEOMETRIC_REPRESENTATION_CONTEXT(2) 
PARAMETRIC_REPRESENTATION_CONTEXT() REPRESENTATION_CONTEXT('2D SPACE',''
  ) );
#12547 = ORIENTED_EDGE('',*,*,#12498,.F.);
#12548 = ORIENTED_EDGE('',*,*,#8290,.F.);
#12549 = ADVANCED_FACE('',(#12550),#8340,.T.);
#12550 = FACE_BOUND('',#12551,.T.);
#12551 = EDGE_LOOP('',(#12552,#12553,#12554));
#12552 = ORIENTED_EDGE('',*,*,#8324,.F.);
#12553 = ORIENTED_EDGE('',*,*,#8377,.T.);
#12554 = ORIENTED_EDGE('',*,*,#11288,.T.);
#12555 = ADVANCED_FACE('',(#12556),#8747,.T.);
#12556 = FACE_BOUND('',#12557,.T.);
#12557 = EDGE_LOOP('',(#12558,#12559,#12560,#12561,#12562,#12584,#12585,
    #12607,#12608,#12630));
#12558 = ORIENTED_EDGE('',*,*,#11315,.F.);
#12559 = ORIENTED_EDGE('',*,*,#8729,.T.);
#12560 = ORIENTED_EDGE('',*,*,#9799,.T.);
#12561 = ORIENTED_EDGE('',*,*,#11151,.F.);
#12562 = ORIENTED_EDGE('',*,*,#12563,.F.);
#12563 = EDGE_CURVE('',#10904,#11042,#12564,.T.);
#12564 = SURFACE_CURVE('',#12565,(#12570,#12577),.PCURVE_S1.);
#12565 = CIRCLE('',#12566,6.);
#12566 = AXIS2_PLACEMENT_3D('',#12567,#12568,#12569);
#12567 = CARTESIAN_POINT('',(218.,52.,109.));
#12568 = DIRECTION('',(0.,0.,-1.));
#12569 = DIRECTION('',(1.,0.,0.));
#12570 = PCURVE('',#8747,#12571);
#12571 = DEFINITIONAL_REPRESENTATION('',(#12572),#12576);
#12572 = CIRCLE('',#12573,6.);
#12573 = AXIS2_PLACEMENT_2D('',#12574,#12575);
#12574 = CARTESIAN_POINT('',(25.6,-215.6));
#12575 = DIRECTION('',(0.,-1.));
#12576 = ( GEOMETRIC_REPRESENTATION_CONTEXT(2) 
PARAMETRIC_REPRESENTATION_CONTEXT() REPRESENTATION_CONTEXT('2D SPACE',''
  ) );
#12577 = PCURVE('',#11000,#12578);
#12578 = DEFINITIONAL_REPRESENTATION('',(#12579),#12583);
#12579 = LINE('',#12580,#12581);
#12580 = CARTESIAN_POINT('',(-6.28318530718,-16.));
#12581 = VECTOR('',#12582,1.);
#12582 = DIRECTION('',(1.,-0.));
#12583 = ( GEOMETRIC_REPRESENTATION_CONTEXT(2) 
PARAMETRIC_REPRESENTATION_CONTEXT() REPRESENTATION_CONTEXT('2D SPACE',''
  ) );
#12584 = ORIENTED_EDGE('',*,*,#10903,.F.);
#12585 = ORIENTED_EDGE('',*,*,#12586,.F.);
#12586 = EDGE_CURVE('',#10656,#10794,#12587,.T.);
#12587 = SURFACE_CURVE('',#12588,(#12593,#12600),.PCURVE_S1.);
#12588 = CIRCLE('',#12589,6.);
#12589 = AXIS2_PLACEMENT_3D('',#12590,#12591,#12592);
#12590 = CARTESIAN_POINT('',(218.,38.,109.));
#12591 = DIRECTION('',(0.,0.,-1.));
#12592 = DIRECTION('',(1.,0.,0.));
#12593 = PCURVE('',#8747,#12594);
#12594 = DEFINITIONAL_REPRESENTATION('',(#12595),#12599);
#12595 = CIRCLE('',#12596,6.);
#12596 = AXIS2_PLACEMENT_2D('',#12597,#12598);
#12597 = CARTESIAN_POINT('',(39.6,-215.6));
#12598 = DIRECTION('',(0.,-1.));
#12599 = ( GEOMETRIC_REPRESENTATION_CONTEXT(2) 
PARAMETRIC_REPRESENTATION_CONTEXT() REPRESENTATION_CONTEXT('2D SPACE',''
  ) );
#12600 = PCURVE('',#10752,#12601);
#12601 = DEFINITIONAL_REPRESENTATION('',(#12602),#12606);
#12602 = LINE('',#12603,#12604);
#12603 = CARTESIAN_POINT('',(-6.28318530718,-16.));
#12604 = VECTOR('',#12605,1.);
#12605 = DIRECTION('',(1.,-0.));
#12606 = ( GEOMETRIC_REPRESENTATION_CONTEXT(2) 
PARAMETRIC_REPRESENTATION_CONTEXT() REPRESENTATION_CONTEXT('2D SPACE',''
  ) );
#12607 = ORIENTED_EDGE('',*,*,#10655,.F.);
#12608 = ORIENTED_EDGE('',*,*,#12609,.F.);
#12609 = EDGE_CURVE('',#10408,#10546,#12610,.T.);
#12610 = SURFACE_CURVE('',#12611,(#12616,#12623),.PCURVE_S1.);
#12611 = CIRCLE('',#12612,6.);
#12612 = AXIS2_PLACEMENT_3D('',#12613,#12614,#12615);
#12613 = CARTESIAN_POINT('',(218.,24.,109.));
#12614 = DIRECTION('',(0.,0.,-1.));
#12615 = DIRECTION('',(1.,0.,0.));
#12616 = PCURVE('',#8747,#12617);
#12617 = DEFINITIONAL_REPRESENTATION('',(#12618),#12622);
#12618 = CIRCLE('',#12619,6.);
#12619 = AXIS2_PLACEMENT_2D('',#12620,#12621);
#12620 = CARTESIAN_POINT('',(53.6,-215.6));
#12621 = DIRECTION('',(0.,-1.));
#12622 = ( GEOMETRIC_REPRESENTATION_CONTEXT(2) 
PARAMETRIC_REPRESENTATION_CONTEXT() REPRESENTATION_CONTEXT('2D SPACE',''
  ) );
#12623 = PCURVE('',#10504,#12624);
#12624 = DEFINITIONAL_REPRESENTATION('',(#12625),#12629);
#12625 = LINE('',#12626,#12627);
#12626 = CARTESIAN_POINT('',(-6.28318530718,-16.));
#12627 = VECTOR('',#12628,1.);
#12628 = DIRECTION('',(1.,-0.));
#12629 = ( GEOMETRIC_REPRESENTATION_CONTEXT(2) 
PARAMETRIC_REPRESENTATION_CONTEXT() REPRESENTATION_CONTEXT('2D SPACE',''
  ) );
#12630 = ORIENTED_EDGE('',*,*,#10407,.F.);
#12631 = ADVANCED_FACE('',(#12632),#9108,.T.);
#12632 = FACE_BOUND('',#12633,.T.);
#12633 = EDGE_LOOP('',(#12634,#12635,#12636));
#12634 = ORIENTED_EDGE('',*,*,#9145,.F.);
#12635 = ORIENTED_EDGE('',*,*,#9092,.T.);
#12636 = ORIENTED_EDGE('',*,*,#9399,.T.);
#12637 = ADVANCED_FACE('',(#12638),#9308,.F.);
#12638 = FACE_BOUND('',#12639,.T.);
#12639 = EDGE_LOOP('',(#12640,#12663,#12690,#12691));
#12640 = ORIENTED_EDGE('',*,*,#12641,.T.);
#12641 = EDGE_CURVE('',#9292,#12642,#12644,.T.);
#12642 = VERTEX_POINT('',#12643);
#12643 = CARTESIAN_POINT('',(7.85,73.,13.));
#12644 = SEAM_CURVE('',#12645,(#12649,#12656),.PCURVE_S1.);
#12645 = LINE('',#12646,#12647);
#12646 = CARTESIAN_POINT('',(7.85,73.,3.));
#12647 = VECTOR('',#12648,1.);
#12648 = DIRECTION('',(0.,0.,1.));
#12649 = PCURVE('',#9308,#12650);
#12650 = DEFINITIONAL_REPRESENTATION('',(#12651),#12655);
#12651 = LINE('',#12652,#12653);
#12652 = CARTESIAN_POINT('',(-0.,0.));
#12653 = VECTOR('',#12654,1.);
#12654 = DIRECTION('',(-0.,-1.));
#12655 = ( GEOMETRIC_REPRESENTATION_CONTEXT(2) 
PARAMETRIC_REPRESENTATION_CONTEXT() REPRESENTATION_CONTEXT('2D SPACE',''
  ) );
#12656 = PCURVE('',#9308,#12657);
#12657 = DEFINITIONAL_REPRESENTATION('',(#12658),#12662);
#12658 = LINE('',#12659,#12660);
#12659 = CARTESIAN_POINT('',(-6.28318530718,0.));
#12660 = VECTOR('',#12661,1.);
#12661 = DIRECTION('',(-0.,-1.));
#12662 = ( GEOMETRIC_REPRESENTATION_CONTEXT(2) 
PARAMETRIC_REPRESENTATION_CONTEXT() REPRESENTATION_CONTEXT('2D SPACE',''
  ) );
#12663 = ORIENTED_EDGE('',*,*,#12664,.T.);
#12664 = EDGE_CURVE('',#12642,#12642,#12665,.T.);
#12665 = SURFACE_CURVE('',#12666,(#12671,#12678),.PCURVE_S1.);
#12666 = CIRCLE('',#12667,0.85);
#12667 = AXIS2_PLACEMENT_3D('',#12668,#12669,#12670);
#12668 = CARTESIAN_POINT('',(7.,73.,13.));
#12669 = DIRECTION('',(0.,0.,1.));
#12670 = DIRECTION('',(1.,0.,0.));
#12671 = PCURVE('',#9308,#12672);
#12672 = DEFINITIONAL_REPRESENTATION('',(#12673),#12677);
#12673 = LINE('',#12674,#12675);
#12674 = CARTESIAN_POINT('',(-0.,-10.));
#12675 = VECTOR('',#12676,1.);
#12676 = DIRECTION('',(-1.,0.));
#12677 = ( GEOMETRIC_REPRESENTATION_CONTEXT(2) 
PARAMETRIC_REPRESENTATION_CONTEXT() REPRESENTATION_CONTEXT('2D SPACE',''
  ) );
#12678 = PCURVE('',#12679,#12684);
#12679 = PLANE('',#12680);
#12680 = AXIS2_PLACEMENT_3D('',#12681,#12682,#12683);
#12681 = CARTESIAN_POINT('',(7.,73.,13.));
#12682 = DIRECTION('',(0.,0.,1.));
#12683 = DIRECTION('',(1.,0.,-0.));
#12684 = DEFINITIONAL_REPRESENTATION('',(#12685),#12689);
#12685 = CIRCLE('',#12686,0.85);
#12686 = AXIS2_PLACEMENT_2D('',#12687,#12688);
#12687 = CARTESIAN_POINT('',(0.,0.));
#12688 = DIRECTION('',(1.,0.));
#12689 = ( GEOMETRIC_REPRESENTATION_CONTEXT(2) 
PARAMETRIC_REPRESENTATION_CONTEXT() REPRESENTATION_CONTEXT('2D SPACE',''
  ) );
#12690 = ORIENTED_EDGE('',*,*,#12641,.F.);
#12691 = ORIENTED_EDGE('',*,*,#9291,.F.);
#12692 = ADVANCED_FACE('',(#12693),#9339,.T.);
#12693 = FACE_BOUND('',#12694,.T.);
#12694 = EDGE_LOOP('',(#12695,#12696,#12697));
#12695 = ORIENTED_EDGE('',*,*,#9323,.F.);
#12696 = ORIENTED_EDGE('',*,*,#11179,.T.);
#12697 = ORIENTED_EDGE('',*,*,#9427,.T.);
#12698 = ADVANCED_FACE('',(#12699),#9903,.F.);
#12699 = FACE_BOUND('',#12700,.T.);
#12700 = EDGE_LOOP('',(#12701,#12724,#12751,#12752));
#12701 = ORIENTED_EDGE('',*,*,#12702,.T.);
#12702 = EDGE_CURVE('',#9887,#12703,#12705,.T.);
#12703 = VERTEX_POINT('',#12704);
#12704 = CARTESIAN_POINT('',(227.85,73.,13.));
#12705 = SEAM_CURVE('',#12706,(#12710,#12717),.PCURVE_S1.);
#12706 = LINE('',#12707,#12708);
#12707 = CARTESIAN_POINT('',(227.85,73.,3.));
#12708 = VECTOR('',#12709,1.);
#12709 = DIRECTION('',(0.,0.,1.));
#12710 = PCURVE('',#9903,#12711);
#12711 = DEFINITIONAL_REPRESENTATION('',(#12712),#12716);
#12712 = LINE('',#12713,#12714);
#12713 = CARTESIAN_POINT('',(-0.,0.));
#12714 = VECTOR('',#12715,1.);
#12715 = DIRECTION('',(-0.,-1.));
#12716 = ( GEOMETRIC_REPRESENTATION_CONTEXT(2) 
PARAMETRIC_REPRESENTATION_CONTEXT() REPRESENTATION_CONTEXT('2D SPACE',''
  ) );
#12717 = PCURVE('',#9903,#12718);
#12718 = DEFINITIONAL_REPRESENTATION('',(#12719),#12723);
#12719 = LINE('',#12720,#12721);
#12720 = CARTESIAN_POINT('',(-6.28318530718,0.));
#12721 = VECTOR('',#12722,1.);
#12722 = DIRECTION('',(-0.,-1.));
#12723 = ( GEOMETRIC_REPRESENTATION_CONTEXT(2) 
PARAMETRIC_REPRESENTATION_CONTEXT() REPRESENTATION_CONTEXT('2D SPACE',''
  ) );
#12724 = ORIENTED_EDGE('',*,*,#12725,.T.);
#12725 = EDGE_CURVE('',#12703,#12703,#12726,.T.);
#12726 = SURFACE_CURVE('',#12727,(#12732,#12739),.PCURVE_S1.);
#12727 = CIRCLE('',#12728,0.85);
#12728 = AXIS2_PLACEMENT_3D('',#12729,#12730,#12731);
#12729 = CARTESIAN_POINT('',(227.,73.,13.));
#12730 = DIRECTION('',(0.,0.,1.));
#12731 = DIRECTION('',(1.,0.,0.));
#12732 = PCURVE('',#9903,#12733);
#12733 = DEFINITIONAL_REPRESENTATION('',(#12734),#12738);
#12734 = LINE('',#12735,#12736);
#12735 = CARTESIAN_POINT('',(-0.,-10.));
#12736 = VECTOR('',#12737,1.);
#12737 = DIRECTION('',(-1.,0.));
#12738 = ( GEOMETRIC_REPRESENTATION_CONTEXT(2) 
PARAMETRIC_REPRESENTATION_CONTEXT() REPRESENTATION_CONTEXT('2D SPACE',''
  ) );
#12739 = PCURVE('',#12740,#12745);
#12740 = PLANE('',#12741);
#12741 = AXIS2_PLACEMENT_3D('',#12742,#12743,#12744);
#12742 = CARTESIAN_POINT('',(227.,73.,13.));
#12743 = DIRECTION('',(0.,0.,1.));
#12744 = DIRECTION('',(1.,0.,-0.));
#12745 = DEFINITIONAL_REPRESENTATION('',(#12746),#12750);
#12746 = CIRCLE('',#12747,0.85);
#12747 = AXIS2_PLACEMENT_2D('',#12748,#12749);
#12748 = CARTESIAN_POINT('',(0.,0.));
#12749 = DIRECTION('',(1.,0.));
#12750 = ( GEOMETRIC_REPRESENTATION_CONTEXT(2) 
PARAMETRIC_REPRESENTATION_CONTEXT() REPRESENTATION_CONTEXT('2D SPACE',''
  ) );
#12751 = ORIENTED_EDGE('',*,*,#12702,.F.);
#12752 = ORIENTED_EDGE('',*,*,#9886,.F.);
#12753 = ADVANCED_FACE('',(#12754),#9978,.T.);
#12754 = FACE_BOUND('',#12755,.T.);
#12755 = EDGE_LOOP('',(#12756,#12757,#12758));
#12756 = ORIENTED_EDGE('',*,*,#11261,.F.);
#12757 = ORIENTED_EDGE('',*,*,#9995,.F.);
#12758 = ORIENTED_EDGE('',*,*,#9964,.F.);
#12759 = ADVANCED_FACE('',(#12760),#11000,.T.);
#12760 = FACE_BOUND('',#12761,.F.);
#12761 = EDGE_LOOP('',(#12762,#12786,#12807,#12808,#12809,#12810));
#12762 = ORIENTED_EDGE('',*,*,#12763,.F.);
#12763 = EDGE_CURVE('',#12764,#12764,#12766,.T.);
#12764 = VERTEX_POINT('',#12765);
#12765 = CARTESIAN_POINT('',(224.,52.,93.));
#12766 = SURFACE_CURVE('',#12767,(#12772,#12779),.PCURVE_S1.);
#12767 = CIRCLE('',#12768,6.);
#12768 = AXIS2_PLACEMENT_3D('',#12769,#12770,#12771);
#12769 = CARTESIAN_POINT('',(218.,52.,93.));
#12770 = DIRECTION('',(0.,0.,1.));
#12771 = DIRECTION('',(1.,0.,0.));
#12772 = PCURVE('',#11000,#12773);
#12773 = DEFINITIONAL_REPRESENTATION('',(#12774),#12778);
#12774 = LINE('',#12775,#12776);
#12775 = CARTESIAN_POINT('',(-0.,0.));
#12776 = VECTOR('',#12777,1.);
#12777 = DIRECTION('',(-1.,0.));
#12778 = ( GEOMETRIC_REPRESENTATION_CONTEXT(2) 
PARAMETRIC_REPRESENTATION_CONTEXT() REPRESENTATION_CONTEXT('2D SPACE',''
  ) );
#12779 = PCURVE('',#12433,#12780);
#12780 = DEFINITIONAL_REPRESENTATION('',(#12781),#12785);
#12781 = CIRCLE('',#12782,6.);
#12782 = AXIS2_PLACEMENT_2D('',#12783,#12784);
#12783 = CARTESIAN_POINT('',(0.,0.));
#12784 = DIRECTION('',(1.,0.));
#12785 = ( GEOMETRIC_REPRESENTATION_CONTEXT(2) 
PARAMETRIC_REPRESENTATION_CONTEXT() REPRESENTATION_CONTEXT('2D SPACE',''
  ) );
#12786 = ORIENTED_EDGE('',*,*,#12787,.T.);
#12787 = EDGE_CURVE('',#12764,#10927,#12788,.T.);
#12788 = SEAM_CURVE('',#12789,(#12793,#12800),.PCURVE_S1.);
#12789 = LINE('',#12790,#12791);
#12790 = CARTESIAN_POINT('',(224.,52.,93.));
#12791 = VECTOR('',#12792,1.);
#12792 = DIRECTION('',(0.,0.,1.));
#12793 = PCURVE('',#11000,#12794);
#12794 = DEFINITIONAL_REPRESENTATION('',(#12795),#12799);
#12795 = LINE('',#12796,#12797);
#12796 = CARTESIAN_POINT('',(-6.28318530718,0.));
#12797 = VECTOR('',#12798,1.);
#12798 = DIRECTION('',(-0.,-1.));
#12799 = ( GEOMETRIC_REPRESENTATION_CONTEXT(2) 
PARAMETRIC_REPRESENTATION_CONTEXT() REPRESENTATION_CONTEXT('2D SPACE',''
  ) );
#12800 = PCURVE('',#11000,#12801);
#12801 = DEFINITIONAL_REPRESENTATION('',(#12802),#12806);
#12802 = LINE('',#12803,#12804);
#12803 = CARTESIAN_POINT('',(-0.,0.));
#12804 = VECTOR('',#12805,1.);
#12805 = DIRECTION('',(-0.,-1.));
#12806 = ( GEOMETRIC_REPRESENTATION_CONTEXT(2) 
PARAMETRIC_REPRESENTATION_CONTEXT() REPRESENTATION_CONTEXT('2D SPACE',''
  ) );
#12807 = ORIENTED_EDGE('',*,*,#11041,.T.);
#12808 = ORIENTED_EDGE('',*,*,#12563,.F.);
#12809 = ORIENTED_EDGE('',*,*,#10926,.T.);
#12810 = ORIENTED_EDGE('',*,*,#12787,.F.);
#12811 = ADVANCED_FACE('',(#12812),#10752,.T.);
#12812 = FACE_BOUND('',#12813,.F.);
#12813 = EDGE_LOOP('',(#12814,#12838,#12859,#12860,#12861,#12862));
#12814 = ORIENTED_EDGE('',*,*,#12815,.F.);
#12815 = EDGE_CURVE('',#12816,#12816,#12818,.T.);
#12816 = VERTEX_POINT('',#12817);
#12817 = CARTESIAN_POINT('',(224.,38.,93.));
#12818 = SURFACE_CURVE('',#12819,(#12824,#12831),.PCURVE_S1.);
#12819 = CIRCLE('',#12820,6.);
#12820 = AXIS2_PLACEMENT_3D('',#12821,#12822,#12823);
#12821 = CARTESIAN_POINT('',(218.,38.,93.));
#12822 = DIRECTION('',(0.,0.,1.));
#12823 = DIRECTION('',(1.,0.,0.));
#12824 = PCURVE('',#10752,#12825);
#12825 = DEFINITIONAL_REPRESENTATION('',(#12826),#12830);
#12826 = LINE('',#12827,#12828);
#12827 = CARTESIAN_POINT('',(-0.,0.));
#12828 = VECTOR('',#12829,1.);
#12829 = DIRECTION('',(-1.,0.));
#12830 = ( GEOMETRIC_REPRESENTATION_CONTEXT(2) 
PARAMETRIC_REPRESENTATION_CONTEXT() REPRESENTATION_CONTEXT('2D SPACE',''
  ) );
#12831 = PCURVE('',#12372,#12832);
#12832 = DEFINITIONAL_REPRESENTATION('',(#12833),#12837);
#12833 = CIRCLE('',#12834,6.);
#12834 = AXIS2_PLACEMENT_2D('',#12835,#12836);
#12835 = CARTESIAN_POINT('',(0.,0.));
#12836 = DIRECTION('',(1.,0.));
#12837 = ( GEOMETRIC_REPRESENTATION_CONTEXT(2) 
PARAMETRIC_REPRESENTATION_CONTEXT() REPRESENTATION_CONTEXT('2D SPACE',''
  ) );
#12838 = ORIENTED_EDGE('',*,*,#12839,.T.);
#12839 = EDGE_CURVE('',#12816,#10679,#12840,.T.);
#12840 = SEAM_CURVE('',#12841,(#12845,#12852),.PCURVE_S1.);
#12841 = LINE('',#12842,#12843);
#12842 = CARTESIAN_POINT('',(224.,38.,93.));
#12843 = VECTOR('',#12844,1.);
#12844 = DIRECTION('',(0.,0.,1.));
#12845 = PCURVE('',#10752,#12846);
#12846 = DEFINITIONAL_REPRESENTATION('',(#12847),#12851);
#12847 = LINE('',#12848,#12849);
#12848 = CARTESIAN_POINT('',(-6.28318530718,0.));
#12849 = VECTOR('',#12850,1.);
#12850 = DIRECTION('',(-0.,-1.));
#12851 = ( GEOMETRIC_REPRESENTATION_CONTEXT(2) 
PARAMETRIC_REPRESENTATION_CONTEXT() REPRESENTATION_CONTEXT('2D SPACE',''
  ) );
#12852 = PCURVE('',#10752,#12853);
#12853 = DEFINITIONAL_REPRESENTATION('',(#12854),#12858);
#12854 = LINE('',#12855,#12856);
#12855 = CARTESIAN_POINT('',(-0.,0.));
#12856 = VECTOR('',#12857,1.);
#12857 = DIRECTION('',(-0.,-1.));
#12858 = ( GEOMETRIC_REPRESENTATION_CONTEXT(2) 
PARAMETRIC_REPRESENTATION_CONTEXT() REPRESENTATION_CONTEXT('2D SPACE',''
  ) );
#12859 = ORIENTED_EDGE('',*,*,#10793,.T.);
#12860 = ORIENTED_EDGE('',*,*,#12586,.F.);
#12861 = ORIENTED_EDGE('',*,*,#10678,.T.);
#12862 = ORIENTED_EDGE('',*,*,#12839,.F.);
#12863 = ADVANCED_FACE('',(#12864),#10504,.T.);
#12864 = FACE_BOUND('',#12865,.F.);
#12865 = EDGE_LOOP('',(#12866,#12890,#12911,#12912,#12913,#12914));
#12866 = ORIENTED_EDGE('',*,*,#12867,.F.);
#12867 = EDGE_CURVE('',#12868,#12868,#12870,.T.);
#12868 = VERTEX_POINT('',#12869);
#12869 = CARTESIAN_POINT('',(224.,24.,93.));
#12870 = SURFACE_CURVE('',#12871,(#12876,#12883),.PCURVE_S1.);
#12871 = CIRCLE('',#12872,6.);
#12872 = AXIS2_PLACEMENT_3D('',#12873,#12874,#12875);
#12873 = CARTESIAN_POINT('',(218.,24.,93.));
#12874 = DIRECTION('',(0.,0.,1.));
#12875 = DIRECTION('',(1.,0.,0.));
#12876 = PCURVE('',#10504,#12877);
#12877 = DEFINITIONAL_REPRESENTATION('',(#12878),#12882);
#12878 = LINE('',#12879,#12880);
#12879 = CARTESIAN_POINT('',(-0.,0.));
#12880 = VECTOR('',#12881,1.);
#12881 = DIRECTION('',(-1.,0.));
#12882 = ( GEOMETRIC_REPRESENTATION_CONTEXT(2) 
PARAMETRIC_REPRESENTATION_CONTEXT() REPRESENTATION_CONTEXT('2D SPACE',''
  ) );
#12883 = PCURVE('',#12311,#12884);
#12884 = DEFINITIONAL_REPRESENTATION('',(#12885),#12889);
#12885 = CIRCLE('',#12886,6.);
#12886 = AXIS2_PLACEMENT_2D('',#12887,#12888);
#12887 = CARTESIAN_POINT('',(0.,0.));
#12888 = DIRECTION('',(1.,0.));
#12889 = ( GEOMETRIC_REPRESENTATION_CONTEXT(2) 
PARAMETRIC_REPRESENTATION_CONTEXT() REPRESENTATION_CONTEXT('2D SPACE',''
  ) );
#12890 = ORIENTED_EDGE('',*,*,#12891,.T.);
#12891 = EDGE_CURVE('',#12868,#10431,#12892,.T.);
#12892 = SEAM_CURVE('',#12893,(#12897,#12904),.PCURVE_S1.);
#12893 = LINE('',#12894,#12895);
#12894 = CARTESIAN_POINT('',(224.,24.,93.));
#12895 = VECTOR('',#12896,1.);
#12896 = DIRECTION('',(0.,0.,1.));
#12897 = PCURVE('',#10504,#12898);
#12898 = DEFINITIONAL_REPRESENTATION('',(#12899),#12903);
#12899 = LINE('',#12900,#12901);
#12900 = CARTESIAN_POINT('',(-6.28318530718,0.));
#12901 = VECTOR('',#12902,1.);
#12902 = DIRECTION('',(-0.,-1.));
#12903 = ( GEOMETRIC_REPRESENTATION_CONTEXT(2) 
PARAMETRIC_REPRESENTATION_CONTEXT() REPRESENTATION_CONTEXT('2D SPACE',''
  ) );
#12904 = PCURVE('',#10504,#12905);
#12905 = DEFINITIONAL_REPRESENTATION('',(#12906),#12910);
#12906 = LINE('',#12907,#12908);
#12907 = CARTESIAN_POINT('',(-0.,0.));
#12908 = VECTOR('',#12909,1.);
#12909 = DIRECTION('',(-0.,-1.));
#12910 = ( GEOMETRIC_REPRESENTATION_CONTEXT(2) 
PARAMETRIC_REPRESENTATION_CONTEXT() REPRESENTATION_CONTEXT('2D SPACE',''
  ) );
#12911 = ORIENTED_EDGE('',*,*,#10545,.T.);
#12912 = ORIENTED_EDGE('',*,*,#12609,.F.);
#12913 = ORIENTED_EDGE('',*,*,#10430,.T.);
#12914 = ORIENTED_EDGE('',*,*,#12891,.F.);
#12915 = ADVANCED_FACE('',(#12916),#11246,.F.);
#12916 = FACE_BOUND('',#12917,.T.);
#12917 = EDGE_LOOP('',(#12918,#12941,#12968,#12969));
#12918 = ORIENTED_EDGE('',*,*,#12919,.T.);
#12919 = EDGE_CURVE('',#11230,#12920,#12922,.T.);
#12920 = VERTEX_POINT('',#12921);
#12921 = CARTESIAN_POINT('',(227.85,7.,13.));
#12922 = SEAM_CURVE('',#12923,(#12927,#12934),.PCURVE_S1.);
#12923 = LINE('',#12924,#12925);
#12924 = CARTESIAN_POINT('',(227.85,7.,3.));
#12925 = VECTOR('',#12926,1.);
#12926 = DIRECTION('',(0.,0.,1.));
#12927 = PCURVE('',#11246,#12928);
#12928 = DEFINITIONAL_REPRESENTATION('',(#12929),#12933);
#12929 = LINE('',#12930,#12931);
#12930 = CARTESIAN_POINT('',(-0.,0.));
#12931 = VECTOR('',#12932,1.);
#12932 = DIRECTION('',(-0.,-1.));
#12933 = ( GEOMETRIC_REPRESENTATION_CONTEXT(2) 
PARAMETRIC_REPRESENTATION_CONTEXT() REPRESENTATION_CONTEXT('2D SPACE',''
  ) );
#12934 = PCURVE('',#11246,#12935);
#12935 = DEFINITIONAL_REPRESENTATION('',(#12936),#12940);
#12936 = LINE('',#12937,#12938);
#12937 = CARTESIAN_POINT('',(-6.28318530718,0.));
#12938 = VECTOR('',#12939,1.);
#12939 = DIRECTION('',(-0.,-1.));
#12940 = ( GEOMETRIC_REPRESENTATION_CONTEXT(2) 
PARAMETRIC_REPRESENTATION_CONTEXT() REPRESENTATION_CONTEXT('2D SPACE',''
  ) );
#12941 = ORIENTED_EDGE('',*,*,#12942,.T.);
#12942 = EDGE_CURVE('',#12920,#12920,#12943,.T.);
#12943 = SURFACE_CURVE('',#12944,(#12949,#12956),.PCURVE_S1.);
#12944 = CIRCLE('',#12945,0.85);
#12945 = AXIS2_PLACEMENT_3D('',#12946,#12947,#12948);
#12946 = CARTESIAN_POINT('',(227.,7.,13.));
#12947 = DIRECTION('',(0.,0.,1.));
#12948 = DIRECTION('',(1.,0.,0.));
#12949 = PCURVE('',#11246,#12950);
#12950 = DEFINITIONAL_REPRESENTATION('',(#12951),#12955);
#12951 = LINE('',#12952,#12953);
#12952 = CARTESIAN_POINT('',(-0.,-10.));
#12953 = VECTOR('',#12954,1.);
#12954 = DIRECTION('',(-1.,0.));
#12955 = ( GEOMETRIC_REPRESENTATION_CONTEXT(2) 
PARAMETRIC_REPRESENTATION_CONTEXT() REPRESENTATION_CONTEXT('2D SPACE',''
  ) );
#12956 = PCURVE('',#12957,#12962);
#12957 = PLANE('',#12958);
#12958 = AXIS2_PLACEMENT_3D('',#12959,#12960,#12961);
#12959 = CARTESIAN_POINT('',(227.,7.,13.));
#12960 = DIRECTION('',(0.,0.,1.));
#12961 = DIRECTION('',(1.,0.,-0.));
#12962 = DEFINITIONAL_REPRESENTATION('',(#12963),#12967);
#12963 = CIRCLE('',#12964,0.85);
#12964 = AXIS2_PLACEMENT_2D('',#12965,#12966);
#12965 = CARTESIAN_POINT('',(0.,0.));
#12966 = DIRECTION('',(1.,0.));
#12967 = ( GEOMETRIC_REPRESENTATION_CONTEXT(2) 
PARAMETRIC_REPRESENTATION_CONTEXT() REPRESENTATION_CONTEXT('2D SPACE',''
  ) );
#12968 = ORIENTED_EDGE('',*,*,#12919,.F.);
#12969 = ORIENTED_EDGE('',*,*,#11229,.F.);
#12970 = ADVANCED_FACE('',(#12971),#11379,.T.);
#12971 = FACE_BOUND('',#12972,.T.);
#12972 = EDGE_LOOP('',(#12973,#12994,#12995,#12996));
#12973 = ORIENTED_EDGE('',*,*,#12974,.T.);
#12974 = EDGE_CURVE('',#11420,#11598,#12975,.T.);
#12975 = SURFACE_CURVE('',#12976,(#12980,#12987),.PCURVE_S1.);
#12976 = LINE('',#12977,#12978);
#12977 = CARTESIAN_POINT('',(223.,6.9,99.));
#12978 = VECTOR('',#12979,1.);
#12979 = DIRECTION('',(-1.,0.,0.));
#12980 = PCURVE('',#11379,#12981);
#12981 = DEFINITIONAL_REPRESENTATION('',(#12982),#12986);
#12982 = LINE('',#12983,#12984);
#12983 = CARTESIAN_POINT('',(8.,5.));
#12984 = VECTOR('',#12985,1.);
#12985 = DIRECTION('',(-1.,0.));
#12986 = ( GEOMETRIC_REPRESENTATION_CONTEXT(2) 
PARAMETRIC_REPRESENTATION_CONTEXT() REPRESENTATION_CONTEXT('2D SPACE',''
  ) );
#12987 = PCURVE('',#11481,#12988);
#12988 = DEFINITIONAL_REPRESENTATION('',(#12989),#12993);
#12989 = LINE('',#12990,#12991);
#12990 = CARTESIAN_POINT('',(96.,8.));
#12991 = VECTOR('',#12992,1.);
#12992 = DIRECTION('',(0.,-1.));
#12993 = ( GEOMETRIC_REPRESENTATION_CONTEXT(2) 
PARAMETRIC_REPRESENTATION_CONTEXT() REPRESENTATION_CONTEXT('2D SPACE',''
  ) );
#12994 = ORIENTED_EDGE('',*,*,#11622,.F.);
#12995 = ORIENTED_EDGE('',*,*,#11363,.F.);
#12996 = ORIENTED_EDGE('',*,*,#11419,.T.);
#12997 = ADVANCED_FACE('',(#12998),#11481,.T.);
#12998 = FACE_BOUND('',#12999,.T.);
#12999 = EDGE_LOOP('',(#13000,#13001,#13002,#13025,#13053,#13074,#13075,
    #13076));
#13000 = ORIENTED_EDGE('',*,*,#11467,.F.);
#13001 = ORIENTED_EDGE('',*,*,#11573,.F.);
#13002 = ORIENTED_EDGE('',*,*,#13003,.T.);
#13003 = EDGE_CURVE('',#11499,#13004,#13006,.T.);
#13004 = VERTEX_POINT('',#13005);
#13005 = CARTESIAN_POINT('',(215.,6.9,94.));
#13006 = SURFACE_CURVE('',#13007,(#13011,#13018),.PCURVE_S1.);
#13007 = LINE('',#13008,#13009);
#13008 = CARTESIAN_POINT('',(215.,6.9,3.));
#13009 = VECTOR('',#13010,1.);
#13010 = DIRECTION('',(0.,0.,1.));
#13011 = PCURVE('',#11481,#13012);
#13012 = DEFINITIONAL_REPRESENTATION('',(#13013),#13017);
#13013 = LINE('',#13014,#13015);
#13014 = CARTESIAN_POINT('',(0.,0.));
#13015 = VECTOR('',#13016,1.);
#13016 = DIRECTION('',(1.,0.));
#13017 = ( GEOMETRIC_REPRESENTATION_CONTEXT(2) 
PARAMETRIC_REPRESENTATION_CONTEXT() REPRESENTATION_CONTEXT('2D SPACE',''
  ) );
#13018 = PCURVE('',#11514,#13019);
#13019 = DEFINITIONAL_REPRESENTATION('',(#13020),#13024);
#13020 = LINE('',#13021,#13022);
#13021 = CARTESIAN_POINT('',(0.,-5.));
#13022 = VECTOR('',#13023,1.);
#13023 = DIRECTION('',(1.,0.));
#13024 = ( GEOMETRIC_REPRESENTATION_CONTEXT(2) 
PARAMETRIC_REPRESENTATION_CONTEXT() REPRESENTATION_CONTEXT('2D SPACE',''
  ) );
#13025 = ORIENTED_EDGE('',*,*,#13026,.F.);
#13026 = EDGE_CURVE('',#13027,#13004,#13029,.T.);
#13027 = VERTEX_POINT('',#13028);
#13028 = CARTESIAN_POINT('',(19.,6.9,94.));
#13029 = SURFACE_CURVE('',#13030,(#13034,#13041),.PCURVE_S1.);
#13030 = LINE('',#13031,#13032);
#13031 = CARTESIAN_POINT('',(11.,6.9,94.));
#13032 = VECTOR('',#13033,1.);
#13033 = DIRECTION('',(1.,0.,0.));
#13034 = PCURVE('',#11481,#13035);
#13035 = DEFINITIONAL_REPRESENTATION('',(#13036),#13040);
#13036 = LINE('',#13037,#13038);
#13037 = CARTESIAN_POINT('',(91.,-204.));
#13038 = VECTOR('',#13039,1.);
#13039 = DIRECTION('',(0.,1.));
#13040 = ( GEOMETRIC_REPRESENTATION_CONTEXT(2) 
PARAMETRIC_REPRESENTATION_CONTEXT() REPRESENTATION_CONTEXT('2D SPACE',''
  ) );
#13041 = PCURVE('',#13042,#13047);
#13042 = PLANE('',#13043);
#13043 = AXIS2_PLACEMENT_3D('',#13044,#13045,#13046);
#13044 = CARTESIAN_POINT('',(11.,1.9,94.));
#13045 = DIRECTION('',(0.,0.,1.));
#13046 = DIRECTION('',(1.,0.,0.));
#13047 = DEFINITIONAL_REPRESENTATION('',(#13048),#13052);
#13048 = LINE('',#13049,#13050);
#13049 = CARTESIAN_POINT('',(0.,5.));
#13050 = VECTOR('',#13051,1.);
#13051 = DIRECTION('',(1.,0.));
#13052 = ( GEOMETRIC_REPRESENTATION_CONTEXT(2) 
PARAMETRIC_REPRESENTATION_CONTEXT() REPRESENTATION_CONTEXT('2D SPACE',''
  ) );
#13053 = ORIENTED_EDGE('',*,*,#13054,.F.);
#13054 = EDGE_CURVE('',#11763,#13027,#13055,.T.);
#13055 = SURFACE_CURVE('',#13056,(#13060,#13067),.PCURVE_S1.);
#13056 = LINE('',#13057,#13058);
#13057 = CARTESIAN_POINT('',(19.,6.9,3.));
#13058 = VECTOR('',#13059,1.);
#13059 = DIRECTION('',(0.,0.,1.));
#13060 = PCURVE('',#11481,#13061);
#13061 = DEFINITIONAL_REPRESENTATION('',(#13062),#13066);
#13062 = LINE('',#13063,#13064);
#13063 = CARTESIAN_POINT('',(0.,-196.));
#13064 = VECTOR('',#13065,1.);
#13065 = DIRECTION('',(1.,0.));
#13066 = ( GEOMETRIC_REPRESENTATION_CONTEXT(2) 
PARAMETRIC_REPRESENTATION_CONTEXT() REPRESENTATION_CONTEXT('2D SPACE',''
  ) );
#13067 = PCURVE('',#11778,#13068);
#13068 = DEFINITIONAL_REPRESENTATION('',(#13069),#13073);
#13069 = LINE('',#13070,#13071);
#13070 = CARTESIAN_POINT('',(0.,-5.));
#13071 = VECTOR('',#13072,1.);
#13072 = DIRECTION('',(1.,0.));
#13073 = ( GEOMETRIC_REPRESENTATION_CONTEXT(2) 
PARAMETRIC_REPRESENTATION_CONTEXT() REPRESENTATION_CONTEXT('2D SPACE',''
  ) );
#13074 = ORIENTED_EDGE('',*,*,#11790,.F.);
#13075 = ORIENTED_EDGE('',*,*,#11597,.F.);
#13076 = ORIENTED_EDGE('',*,*,#12974,.F.);
#13077 = ADVANCED_FACE('',(#13078),#11514,.F.);
#13078 = FACE_BOUND('',#13079,.F.);
#13079 = EDGE_LOOP('',(#13080,#13081,#13082,#13103));
#13080 = ORIENTED_EDGE('',*,*,#11496,.T.);
#13081 = ORIENTED_EDGE('',*,*,#13003,.T.);
#13082 = ORIENTED_EDGE('',*,*,#13083,.T.);
#13083 = EDGE_CURVE('',#13004,#13084,#13086,.T.);
#13084 = VERTEX_POINT('',#13085);
#13085 = CARTESIAN_POINT('',(215.,5.7,94.));
#13086 = SURFACE_CURVE('',#13087,(#13091,#13097),.PCURVE_S1.);
#13087 = LINE('',#13088,#13089);
#13088 = CARTESIAN_POINT('',(215.,1.9,94.));
#13089 = VECTOR('',#13090,1.);
#13090 = DIRECTION('',(0.,-1.,0.));
#13091 = PCURVE('',#11514,#13092);
#13092 = DEFINITIONAL_REPRESENTATION('',(#13093),#13096);
#13093 = B_SPLINE_CURVE_WITH_KNOTS('',1,(#13094,#13095),.UNSPECIFIED.,
  .F.,.F.,(2,2),(-5.,-0.5),.PIECEWISE_BEZIER_KNOTS.);
#13094 = CARTESIAN_POINT('',(91.,-5.));
#13095 = CARTESIAN_POINT('',(91.,-0.5));
#13096 = ( GEOMETRIC_REPRESENTATION_CONTEXT(2) 
PARAMETRIC_REPRESENTATION_CONTEXT() REPRESENTATION_CONTEXT('2D SPACE',''
  ) );
#13097 = PCURVE('',#13042,#13098);
#13098 = DEFINITIONAL_REPRESENTATION('',(#13099),#13102);
#13099 = B_SPLINE_CURVE_WITH_KNOTS('',1,(#13100,#13101),.UNSPECIFIED.,
  .F.,.F.,(2,2),(-5.,-0.5),.PIECEWISE_BEZIER_KNOTS.);
#13100 = CARTESIAN_POINT('',(204.,5.));
#13101 = CARTESIAN_POINT('',(204.,0.5));
#13102 = ( GEOMETRIC_REPRESENTATION_CONTEXT(2) 
PARAMETRIC_REPRESENTATION_CONTEXT() REPRESENTATION_CONTEXT('2D SPACE',''
  ) );
#13103 = ORIENTED_EDGE('',*,*,#13104,.F.);
#13104 = EDGE_CURVE('',#11497,#13084,#13105,.T.);
#13105 = SURFACE_CURVE('',#13106,(#13110,#13116),.PCURVE_S1.);
#13106 = LINE('',#13107,#13108);
#13107 = CARTESIAN_POINT('',(215.,5.7,1.));
#13108 = VECTOR('',#13109,1.);
#13109 = DIRECTION('',(0.,0.,1.));
#13110 = PCURVE('',#11514,#13111);
#13111 = DEFINITIONAL_REPRESENTATION('',(#13112),#13115);
#13112 = B_SPLINE_CURVE_WITH_KNOTS('',1,(#13113,#13114),.UNSPECIFIED.,
  .F.,.F.,(2,2),(2.,93.),.PIECEWISE_BEZIER_KNOTS.);
#13113 = CARTESIAN_POINT('',(0.,-3.8));
#13114 = CARTESIAN_POINT('',(91.,-3.8));
#13115 = ( GEOMETRIC_REPRESENTATION_CONTEXT(2) 
PARAMETRIC_REPRESENTATION_CONTEXT() REPRESENTATION_CONTEXT('2D SPACE',''
  ) );
#13116 = PCURVE('',#11541,#13117);
#13117 = DEFINITIONAL_REPRESENTATION('',(#13118),#13121);
#13118 = B_SPLINE_CURVE_WITH_KNOTS('',1,(#13119,#13120),.UNSPECIFIED.,
  .F.,.F.,(2,2),(2.,93.),.PIECEWISE_BEZIER_KNOTS.);
#13119 = CARTESIAN_POINT('',(4.,201.3));
#13120 = CARTESIAN_POINT('',(95.,201.3));
#13121 = ( GEOMETRIC_REPRESENTATION_CONTEXT(2) 
PARAMETRIC_REPRESENTATION_CONTEXT() REPRESENTATION_CONTEXT('2D SPACE',''
  ) );
#13122 = ADVANCED_FACE('',(#13123),#11541,.F.);
#13123 = FACE_BOUND('',#13124,.F.);
#13124 = EDGE_LOOP('',(#13125,#13126,#13127,#13128,#13149,#13168,#13169,
    #13170));
#13125 = ORIENTED_EDGE('',*,*,#11671,.F.);
#13126 = ORIENTED_EDGE('',*,*,#11526,.T.);
#13127 = ORIENTED_EDGE('',*,*,#13104,.T.);
#13128 = ORIENTED_EDGE('',*,*,#13129,.T.);
#13129 = EDGE_CURVE('',#13084,#13130,#13132,.T.);
#13130 = VERTEX_POINT('',#13131);
#13131 = CARTESIAN_POINT('',(19.,5.7,94.));
#13132 = SURFACE_CURVE('',#13133,(#13137,#13143),.PCURVE_S1.);
#13133 = LINE('',#13134,#13135);
#13134 = CARTESIAN_POINT('',(12.35,5.7,94.));
#13135 = VECTOR('',#13136,1.);
#13136 = DIRECTION('',(-1.,0.,0.));
#13137 = PCURVE('',#11541,#13138);
#13138 = DEFINITIONAL_REPRESENTATION('',(#13139),#13142);
#13139 = B_SPLINE_CURVE_WITH_KNOTS('',1,(#13140,#13141),.UNSPECIFIED.,
  .F.,.F.,(2,2),(-202.65,-6.65),.PIECEWISE_BEZIER_KNOTS.);
#13140 = CARTESIAN_POINT('',(95.,201.3));
#13141 = CARTESIAN_POINT('',(95.,5.3));
#13142 = ( GEOMETRIC_REPRESENTATION_CONTEXT(2) 
PARAMETRIC_REPRESENTATION_CONTEXT() REPRESENTATION_CONTEXT('2D SPACE',''
  ) );
#13143 = PCURVE('',#13042,#13144);
#13144 = DEFINITIONAL_REPRESENTATION('',(#13145),#13148);
#13145 = B_SPLINE_CURVE_WITH_KNOTS('',1,(#13146,#13147),.UNSPECIFIED.,
  .F.,.F.,(2,2),(-202.65,-6.65),.PIECEWISE_BEZIER_KNOTS.);
#13146 = CARTESIAN_POINT('',(204.,3.8));
#13147 = CARTESIAN_POINT('',(8.,3.8));
#13148 = ( GEOMETRIC_REPRESENTATION_CONTEXT(2) 
PARAMETRIC_REPRESENTATION_CONTEXT() REPRESENTATION_CONTEXT('2D SPACE',''
  ) );
#13149 = ORIENTED_EDGE('',*,*,#13150,.F.);
#13150 = EDGE_CURVE('',#11742,#13130,#13151,.T.);
#13151 = SURFACE_CURVE('',#13152,(#13156,#13162),.PCURVE_S1.);
#13152 = LINE('',#13153,#13154);
#13153 = CARTESIAN_POINT('',(19.,5.7,1.));
#13154 = VECTOR('',#13155,1.);
#13155 = DIRECTION('',(0.,0.,1.));
#13156 = PCURVE('',#11541,#13157);
#13157 = DEFINITIONAL_REPRESENTATION('',(#13158),#13161);
#13158 = B_SPLINE_CURVE_WITH_KNOTS('',1,(#13159,#13160),.UNSPECIFIED.,
  .F.,.F.,(2,2),(2.,93.),.PIECEWISE_BEZIER_KNOTS.);
#13159 = CARTESIAN_POINT('',(4.,5.3));
#13160 = CARTESIAN_POINT('',(95.,5.3));
#13161 = ( GEOMETRIC_REPRESENTATION_CONTEXT(2) 
PARAMETRIC_REPRESENTATION_CONTEXT() REPRESENTATION_CONTEXT('2D SPACE',''
  ) );
#13162 = PCURVE('',#11778,#13163);
#13163 = DEFINITIONAL_REPRESENTATION('',(#13164),#13167);
#13164 = B_SPLINE_CURVE_WITH_KNOTS('',1,(#13165,#13166),.UNSPECIFIED.,
  .F.,.F.,(2,2),(2.,93.),.PIECEWISE_BEZIER_KNOTS.);
#13165 = CARTESIAN_POINT('',(0.,-3.8));
#13166 = CARTESIAN_POINT('',(91.,-3.8));
#13167 = ( GEOMETRIC_REPRESENTATION_CONTEXT(2) 
PARAMETRIC_REPRESENTATION_CONTEXT() REPRESENTATION_CONTEXT('2D SPACE',''
  ) );
#13168 = ORIENTED_EDGE('',*,*,#11741,.T.);
#13169 = ORIENTED_EDGE('',*,*,#11865,.T.);
#13170 = ORIENTED_EDGE('',*,*,#11839,.T.);
#13171 = ADVANCED_FACE('',(#13172),#11778,.T.);
#13172 = FACE_BOUND('',#13173,.T.);
#13173 = EDGE_LOOP('',(#13174,#13175,#13176,#13195));
#13174 = ORIENTED_EDGE('',*,*,#11762,.T.);
#13175 = ORIENTED_EDGE('',*,*,#13054,.T.);
#13176 = ORIENTED_EDGE('',*,*,#13177,.T.);
#13177 = EDGE_CURVE('',#13027,#13130,#13178,.T.);
#13178 = SURFACE_CURVE('',#13179,(#13183,#13189),.PCURVE_S1.);
#13179 = LINE('',#13180,#13181);
#13180 = CARTESIAN_POINT('',(19.,1.9,94.));
#13181 = VECTOR('',#13182,1.);
#13182 = DIRECTION('',(0.,-1.,0.));
#13183 = PCURVE('',#11778,#13184);
#13184 = DEFINITIONAL_REPRESENTATION('',(#13185),#13188);
#13185 = B_SPLINE_CURVE_WITH_KNOTS('',1,(#13186,#13187),.UNSPECIFIED.,
  .F.,.F.,(2,2),(-5.,-0.5),.PIECEWISE_BEZIER_KNOTS.);
#13186 = CARTESIAN_POINT('',(91.,-5.));
#13187 = CARTESIAN_POINT('',(91.,-0.5));
#13188 = ( GEOMETRIC_REPRESENTATION_CONTEXT(2) 
PARAMETRIC_REPRESENTATION_CONTEXT() REPRESENTATION_CONTEXT('2D SPACE',''
  ) );
#13189 = PCURVE('',#13042,#13190);
#13190 = DEFINITIONAL_REPRESENTATION('',(#13191),#13194);
#13191 = B_SPLINE_CURVE_WITH_KNOTS('',1,(#13192,#13193),.UNSPECIFIED.,
  .F.,.F.,(2,2),(-5.,-0.5),.PIECEWISE_BEZIER_KNOTS.);
#13192 = CARTESIAN_POINT('',(8.,5.));
#13193 = CARTESIAN_POINT('',(8.,0.5));
#13194 = ( GEOMETRIC_REPRESENTATION_CONTEXT(2) 
PARAMETRIC_REPRESENTATION_CONTEXT() REPRESENTATION_CONTEXT('2D SPACE',''
  ) );
#13195 = ORIENTED_EDGE('',*,*,#13150,.F.);
#13196 = ADVANCED_FACE('',(#13197,#13200),#12311,.F.);
#13197 = FACE_BOUND('',#13198,.F.);
#13198 = EDGE_LOOP('',(#13199));
#13199 = ORIENTED_EDGE('',*,*,#12867,.T.);
#13200 = FACE_BOUND('',#13201,.F.);
#13201 = EDGE_LOOP('',(#13202));
#13202 = ORIENTED_EDGE('',*,*,#12294,.T.);
#13203 = ADVANCED_FACE('',(#13204,#13207),#12372,.F.);
#13204 = FACE_BOUND('',#13205,.F.);
#13205 = EDGE_LOOP('',(#13206));
#13206 = ORIENTED_EDGE('',*,*,#12815,.T.);
#13207 = FACE_BOUND('',#13208,.F.);
#13208 = EDGE_LOOP('',(#13209));
#13209 = ORIENTED_EDGE('',*,*,#12355,.T.);
#13210 = ADVANCED_FACE('',(#13211,#13214),#12433,.F.);
#13211 = FACE_BOUND('',#13212,.F.);
#13212 = EDGE_LOOP('',(#13213));
#13213 = ORIENTED_EDGE('',*,*,#12763,.T.);
#13214 = FACE_BOUND('',#13215,.F.);
#13215 = EDGE_LOOP('',(#13216));
#13216 = ORIENTED_EDGE('',*,*,#12416,.T.);
#13217 = ADVANCED_FACE('',(#13218),#12536,.F.);
#13218 = FACE_BOUND('',#13219,.F.);
#13219 = EDGE_LOOP('',(#13220));
#13220 = ORIENTED_EDGE('',*,*,#12521,.T.);
#13221 = ADVANCED_FACE('',(#13222),#12679,.F.);
#13222 = FACE_BOUND('',#13223,.F.);
#13223 = EDGE_LOOP('',(#13224));
#13224 = ORIENTED_EDGE('',*,*,#12664,.T.);
#13225 = ADVANCED_FACE('',(#13226),#12740,.F.);
#13226 = FACE_BOUND('',#13227,.F.);
#13227 = EDGE_LOOP('',(#13228));
#13228 = ORIENTED_EDGE('',*,*,#12725,.T.);
#13229 = ADVANCED_FACE('',(#13230),#12957,.F.);
#13230 = FACE_BOUND('',#13231,.F.);
#13231 = EDGE_LOOP('',(#13232));
#13232 = ORIENTED_EDGE('',*,*,#12942,.T.);
#13233 = ADVANCED_FACE('',(#13234),#13042,.F.);
#13234 = FACE_BOUND('',#13235,.F.);
#13235 = EDGE_LOOP('',(#13236,#13237,#13238,#13239));
#13236 = ORIENTED_EDGE('',*,*,#13026,.F.);
#13237 = ORIENTED_EDGE('',*,*,#13177,.T.);
#13238 = ORIENTED_EDGE('',*,*,#13129,.F.);
#13239 = ORIENTED_EDGE('',*,*,#13083,.F.);
#13240 = ( GEOMETRIC_REPRESENTATION_CONTEXT(3) 
GLOBAL_UNCERTAINTY_ASSIGNED_CONTEXT((#13244)) 
GLOBAL_UNIT_ASSIGNED_CONTEXT((#13241,#13242,#13243)) 
REPRESENTATION_CONTEXT('Context #1',
  '3D Context with UNIT and UNCERTAINTY') );
#13241 = ( LENGTH_UNIT() NAMED_UNIT(*) SI_UNIT(.MILLI.,.METRE.) );
#13242 = ( NAMED_UNIT(*) PLANE_ANGLE_UNIT() SI_UNIT($,.RADIAN.) );
#13243 = ( NAMED_UNIT(*) SI_UNIT($,.STERADIAN.) SOLID_ANGLE_UNIT() );
#13244 = UNCERTAINTY_MEASURE_WITH_UNIT(LENGTH_MEASURE(1.E-07),#13241,
  'distance_accuracy_value','confusion accuracy');
#13245 = PRODUCT_RELATED_PRODUCT_CATEGORY('part',$,(#7));
ENDSEC;
END-ISO-10303-21;
