ISO-10303-21;
HEADER;
FILE_DESCRIPTION(('Open CASCADE Model'),'2;1');
FILE_NAME('Open CASCADE Shape Model','2026-10-06T04:25:32',('Author'),(
    'Open CASCADE'),'Open CASCADE STEP processor 7.9','Open CASCADE 7.9'
  ,'Unknown');
FILE_SCHEMA(('AUTOMOTIVE_DESIGN { 1 0 10303 214 1 1 1 1 }'));
ENDSEC;
DATA;
#1 = APPLICATION_PROTOCOL_DEFINITION('international standard',
  'automotive_design',2000,#2);
#2 = APPLICATION_CONTEXT(
  'core data for automotive mechanical design processes');
#3 = SHAPE_DEFINITION_REPRESENTATION(#4,#10);
#4 = PRODUCT_DEFINITION_SHAPE('','',#5);
#5 = PRODUCT_DEFINITION('design','',#6,#9);
#6 = PRODUCT_DEFINITION_FORMATION('','',#7);
#7 = PRODUCT('Open CASCADE STEP translator 7.9 1',
  'Open CASCADE STEP translator 7.9 1','',(#8));
#8 = PRODUCT_CONTEXT('',#2,'mechanical');
#9 = PRODUCT_DEFINITION_CONTEXT('part definition',#2,'design');
#10 = ADVANCED_BREP_SHAPE_REPRESENTATION('',(#11,#15),#8127);
#11 = AXIS2_PLACEMENT_3D('',#12,#13,#14);
#12 = CARTESIAN_POINT('',(0.,0.,0.));
#13 = DIRECTION('',(0.,0.,1.));
#14 = DIRECTION('',(1.,0.,-0.));
#15 = MANIFOLD_SOLID_BREP('',#16);
#16 = CLOSED_SHELL('',(#17,#137,#321,#416,#808,#871,#1192,#1291,#1390,
    #1452,#1701,#1764,#1813,#1854,#1931,#2202,#2256,#2653,#2703,#2964,
    #3018,#3648,#3657,#3716,#3775,#3829,#3883,#3937,#3996,#4055,#4082,
    #4129,#4156,#4183,#4210,#4237,#4264,#4291,#4298,#4379,#4600,#4664,
    #4714,#4763,#4822,#4871,#4920,#4959,#5040,#5089,#5138,#5145,#5247,
    #5331,#5774,#5826,#5875,#6296,#6422,#6429,#6510,#6559,#6612,#6651,
    #6658,#6665,#6696,#6819,#6868,#6917,#7008,#7057,#7106,#7153,#7229,
    #7258,#7449,#7478,#7507,#7562,#7617,#7672,#7697,#7810,#7839,#7846,
    #7853,#7860,#7867,#7896,#7924,#7929,#7957,#7962,#7990,#7995,#8050,
    #8075,#8104,#8111,#8115,#8119,#8123));
#17 = ADVANCED_FACE('',(#18),#32,.F.);
#18 = FACE_BOUND('',#19,.F.);
#19 = EDGE_LOOP('',(#20,#55,#83,#111));
#20 = ORIENTED_EDGE('',*,*,#21,.F.);
#21 = EDGE_CURVE('',#22,#24,#26,.T.);
#22 = VERTEX_POINT('',#23);
#23 = CARTESIAN_POINT('',(-4.440892098501E-16,3.,109.));
#24 = VERTEX_POINT('',#25);
#25 = CARTESIAN_POINT('',(-4.440892098501E-16,77.,109.));
#26 = SURFACE_CURVE('',#27,(#31,#43),.PCURVE_S1.);
#27 = LINE('',#28,#29);
#28 = CARTESIAN_POINT('',(-4.440892098501E-16,0.,109.));
#29 = VECTOR('',#30,1.);
#30 = DIRECTION('',(-0.,1.,-0.));
#31 = PCURVE('',#32,#37);
#32 = PLANE('',#33);
#33 = AXIS2_PLACEMENT_3D('',#34,#35,#36);
#34 = CARTESIAN_POINT('',(0.,0.,0.));
#35 = DIRECTION('',(1.,0.,0.));
#36 = DIRECTION('',(0.,0.,1.));
#37 = DEFINITIONAL_REPRESENTATION('',(#38),#42);
#38 = LINE('',#39,#40);
#39 = CARTESIAN_POINT('',(109.,0.));
#40 = VECTOR('',#41,1.);
#41 = DIRECTION('',(0.,-1.));
#42 = ( GEOMETRIC_REPRESENTATION_CONTEXT(2) 
PARAMETRIC_REPRESENTATION_CONTEXT() REPRESENTATION_CONTEXT('2D SPACE',''
  ) );
#43 = PCURVE('',#44,#49);
#44 = CYLINDRICAL_SURFACE('',#45,3.);
#45 = AXIS2_PLACEMENT_3D('',#46,#47,#48);
#46 = CARTESIAN_POINT('',(3.,0.,109.));
#47 = DIRECTION('',(-0.,1.,-0.));
#48 = DIRECTION('',(0.,0.,1.));
#49 = DEFINITIONAL_REPRESENTATION('',(#50),#54);
#50 = LINE('',#51,#52);
#51 = CARTESIAN_POINT('',(-1.570796326795,0.));
#52 = VECTOR('',#53,1.);
#53 = DIRECTION('',(-0.,1.));
#54 = ( GEOMETRIC_REPRESENTATION_CONTEXT(2) 
PARAMETRIC_REPRESENTATION_CONTEXT() REPRESENTATION_CONTEXT('2D SPACE',''
  ) );
#55 = ORIENTED_EDGE('',*,*,#56,.F.);
#56 = EDGE_CURVE('',#57,#22,#59,.T.);
#57 = VERTEX_POINT('',#58);
#58 = CARTESIAN_POINT('',(-4.440892098501E-16,3.,0.));
#59 = SURFACE_CURVE('',#60,(#64,#71),.PCURVE_S1.);
#60 = LINE('',#61,#62);
#61 = CARTESIAN_POINT('',(-4.440892098501E-16,3.,0.));
#62 = VECTOR('',#63,1.);
#63 = DIRECTION('',(0.,0.,1.));
#64 = PCURVE('',#32,#65);
#65 = DEFINITIONAL_REPRESENTATION('',(#66),#70);
#66 = LINE('',#67,#68);
#67 = CARTESIAN_POINT('',(0.,-3.));
#68 = VECTOR('',#69,1.);
#69 = DIRECTION('',(1.,0.));
#70 = ( GEOMETRIC_REPRESENTATION_CONTEXT(2) 
PARAMETRIC_REPRESENTATION_CONTEXT() REPRESENTATION_CONTEXT('2D SPACE',''
  ) );
#71 = PCURVE('',#72,#77);
#72 = CYLINDRICAL_SURFACE('',#73,3.);
#73 = AXIS2_PLACEMENT_3D('',#74,#75,#76);
#74 = CARTESIAN_POINT('',(3.,3.,0.));
#75 = DIRECTION('',(0.,0.,1.));
#76 = DIRECTION('',(-1.,-0.,0.));
#77 = DEFINITIONAL_REPRESENTATION('',(#78),#82);
#78 = LINE('',#79,#80);
#79 = CARTESIAN_POINT('',(0.,0.));
#80 = VECTOR('',#81,1.);
#81 = DIRECTION('',(0.,1.));
#82 = ( GEOMETRIC_REPRESENTATION_CONTEXT(2) 
PARAMETRIC_REPRESENTATION_CONTEXT() REPRESENTATION_CONTEXT('2D SPACE',''
  ) );
#83 = ORIENTED_EDGE('',*,*,#84,.T.);
#84 = EDGE_CURVE('',#57,#85,#87,.T.);
#85 = VERTEX_POINT('',#86);
#86 = CARTESIAN_POINT('',(-4.440892098501E-16,77.,0.));
#87 = SURFACE_CURVE('',#88,(#92,#99),.PCURVE_S1.);
#88 = LINE('',#89,#90);
#89 = CARTESIAN_POINT('',(0.,0.,0.));
#90 = VECTOR('',#91,1.);
#91 = DIRECTION('',(0.,1.,0.));
#92 = PCURVE('',#32,#93);
#93 = DEFINITIONAL_REPRESENTATION('',(#94),#98);
#94 = LINE('',#95,#96);
#95 = CARTESIAN_POINT('',(0.,0.));
#96 = VECTOR('',#97,1.);
#97 = DIRECTION('',(0.,-1.));
#98 = ( GEOMETRIC_REPRESENTATION_CONTEXT(2) 
PARAMETRIC_REPRESENTATION_CONTEXT() REPRESENTATION_CONTEXT('2D SPACE',''
  ) );
#99 = PCURVE('',#100,#105);
#100 = PLANE('',#101);
#101 = AXIS2_PLACEMENT_3D('',#102,#103,#104);
#102 = CARTESIAN_POINT('',(0.,0.,0.));
#103 = DIRECTION('',(0.,0.,1.));
#104 = DIRECTION('',(1.,0.,0.));
#105 = DEFINITIONAL_REPRESENTATION('',(#106),#110);
#106 = LINE('',#107,#108);
#107 = CARTESIAN_POINT('',(0.,0.));
#108 = VECTOR('',#109,1.);
#109 = DIRECTION('',(0.,1.));
#110 = ( GEOMETRIC_REPRESENTATION_CONTEXT(2) 
PARAMETRIC_REPRESENTATION_CONTEXT() REPRESENTATION_CONTEXT('2D SPACE',''
  ) );
#111 = ORIENTED_EDGE('',*,*,#112,.T.);
#112 = EDGE_CURVE('',#85,#24,#113,.T.);
#113 = SURFACE_CURVE('',#114,(#118,#125),.PCURVE_S1.);
#114 = LINE('',#115,#116);
#115 = CARTESIAN_POINT('',(-4.440892098501E-16,77.,0.));
#116 = VECTOR('',#117,1.);
#117 = DIRECTION('',(0.,0.,1.));
#118 = PCURVE('',#32,#119);
#119 = DEFINITIONAL_REPRESENTATION('',(#120),#124);
#120 = LINE('',#121,#122);
#121 = CARTESIAN_POINT('',(0.,-77.));
#122 = VECTOR('',#123,1.);
#123 = DIRECTION('',(1.,0.));
#124 = ( GEOMETRIC_REPRESENTATION_CONTEXT(2) 
PARAMETRIC_REPRESENTATION_CONTEXT() REPRESENTATION_CONTEXT('2D SPACE',''
  ) );
#125 = PCURVE('',#126,#131);
#126 = CYLINDRICAL_SURFACE('',#127,3.);
#127 = AXIS2_PLACEMENT_3D('',#128,#129,#130);
#128 = CARTESIAN_POINT('',(3.,77.,0.));
#129 = DIRECTION('',(0.,0.,1.));
#130 = DIRECTION('',(-1.,-0.,0.));
#131 = DEFINITIONAL_REPRESENTATION('',(#132),#136);
#132 = LINE('',#133,#134);
#133 = CARTESIAN_POINT('',(-0.,0.));
#134 = VECTOR('',#135,1.);
#135 = DIRECTION('',(-0.,1.));
#136 = ( GEOMETRIC_REPRESENTATION_CONTEXT(2) 
PARAMETRIC_REPRESENTATION_CONTEXT() REPRESENTATION_CONTEXT('2D SPACE',''
  ) );
#137 = ADVANCED_FACE('',(#138),#44,.T.);
#138 = FACE_BOUND('',#139,.F.);
#139 = EDGE_LOOP('',(#140,#170,#211,#245,#246,#282));
#140 = ORIENTED_EDGE('',*,*,#141,.F.);
#141 = EDGE_CURVE('',#142,#144,#146,.T.);
#142 = VERTEX_POINT('',#143);
#143 = CARTESIAN_POINT('',(3.,3.,112.));
#144 = VERTEX_POINT('',#145);
#145 = CARTESIAN_POINT('',(3.,77.,112.));
#146 = SURFACE_CURVE('',#147,(#151,#158),.PCURVE_S1.);
#147 = LINE('',#148,#149);
#148 = CARTESIAN_POINT('',(3.,0.,112.));
#149 = VECTOR('',#150,1.);
#150 = DIRECTION('',(-0.,1.,-0.));
#151 = PCURVE('',#44,#152);
#152 = DEFINITIONAL_REPRESENTATION('',(#153),#157);
#153 = LINE('',#154,#155);
#154 = CARTESIAN_POINT('',(-0.,0.));
#155 = VECTOR('',#156,1.);
#156 = DIRECTION('',(-0.,1.));
#157 = ( GEOMETRIC_REPRESENTATION_CONTEXT(2) 
PARAMETRIC_REPRESENTATION_CONTEXT() REPRESENTATION_CONTEXT('2D SPACE',''
  ) );
#158 = PCURVE('',#159,#164);
#159 = PLANE('',#160);
#160 = AXIS2_PLACEMENT_3D('',#161,#162,#163);
#161 = CARTESIAN_POINT('',(0.,0.,112.));
#162 = DIRECTION('',(0.,0.,1.));
#163 = DIRECTION('',(1.,0.,0.));
#164 = DEFINITIONAL_REPRESENTATION('',(#165),#169);
#165 = LINE('',#166,#167);
#166 = CARTESIAN_POINT('',(3.,0.));
#167 = VECTOR('',#168,1.);
#168 = DIRECTION('',(0.,1.));
#169 = ( GEOMETRIC_REPRESENTATION_CONTEXT(2) 
PARAMETRIC_REPRESENTATION_CONTEXT() REPRESENTATION_CONTEXT('2D SPACE',''
  ) );
#170 = ORIENTED_EDGE('',*,*,#171,.T.);
#171 = EDGE_CURVE('',#142,#172,#174,.T.);
#172 = VERTEX_POINT('',#173);
#173 = CARTESIAN_POINT('',(0.87867965644,0.87867965644,111.12132034356)
  );
#174 = SURFACE_CURVE('',#175,(#180,#193),.PCURVE_S1.);
#175 = ELLIPSE('',#176,4.242640687119,3.);
#176 = AXIS2_PLACEMENT_3D('',#177,#178,#179);
#177 = CARTESIAN_POINT('',(3.,3.,109.));
#178 = DIRECTION('',(0.707106781187,-0.707106781187,0.));
#179 = DIRECTION('',(0.707106781187,0.707106781187,0.));
#180 = PCURVE('',#44,#181);
#181 = DEFINITIONAL_REPRESENTATION('',(#182),#192);
#182 = B_SPLINE_CURVE_WITH_KNOTS('',8,(#183,#184,#185,#186,#187,#188,
    #189,#190,#191),.UNSPECIFIED.,.F.,.F.,(9,9),(1.570796326795,
    3.14159265359),.PIECEWISE_BEZIER_KNOTS.);
#183 = CARTESIAN_POINT('',(0.,3.));
#184 = CARTESIAN_POINT('',(-0.196349540849,2.410951377452));
#185 = CARTESIAN_POINT('',(-0.392699081699,1.821902615045));
#186 = CARTESIAN_POINT('',(-0.589048622548,1.267460216364));
#187 = CARTESIAN_POINT('',(-0.785398163393,0.782223748269));
#188 = CARTESIAN_POINT('',(-0.981747704247,0.396545860979));
#189 = CARTESIAN_POINT('',(-1.178097245097,0.132182327959));
#190 = CARTESIAN_POINT('',(-1.374446785946,-3.719515588355E-16));
#191 = CARTESIAN_POINT('',(-1.570796326795,-4.440892098501E-16));
#192 = ( GEOMETRIC_REPRESENTATION_CONTEXT(2) 
PARAMETRIC_REPRESENTATION_CONTEXT() REPRESENTATION_CONTEXT('2D SPACE',''
  ) );
#193 = PCURVE('',#194,#199);
#194 = CYLINDRICAL_SURFACE('',#195,3.);
#195 = AXIS2_PLACEMENT_3D('',#196,#197,#198);
#196 = CARTESIAN_POINT('',(0.,3.,109.));
#197 = DIRECTION('',(1.,0.,0.));
#198 = DIRECTION('',(0.,-0.,1.));
#199 = DEFINITIONAL_REPRESENTATION('',(#200),#210);
#200 = B_SPLINE_CURVE_WITH_KNOTS('',8,(#201,#202,#203,#204,#205,#206,
    #207,#208,#209),.UNSPECIFIED.,.F.,.F.,(9,9),(1.570796326795,
    3.14159265359),.PIECEWISE_BEZIER_KNOTS.);
#201 = CARTESIAN_POINT('',(0.,3.));
#202 = CARTESIAN_POINT('',(0.196349540849,2.410951377452));
#203 = CARTESIAN_POINT('',(0.392699081699,1.821902615045));
#204 = CARTESIAN_POINT('',(0.589048622548,1.267460216364));
#205 = CARTESIAN_POINT('',(0.785398163393,0.782223748269));
#206 = CARTESIAN_POINT('',(0.981747704247,0.396545860979));
#207 = CARTESIAN_POINT('',(1.178097245097,0.132182327959));
#208 = CARTESIAN_POINT('',(1.374446785946,-3.719515588355E-16));
#209 = CARTESIAN_POINT('',(1.570796326795,-4.440892098501E-16));
#210 = ( GEOMETRIC_REPRESENTATION_CONTEXT(2) 
PARAMETRIC_REPRESENTATION_CONTEXT() REPRESENTATION_CONTEXT('2D SPACE',''
  ) );
#211 = ORIENTED_EDGE('',*,*,#212,.F.);
#212 = EDGE_CURVE('',#22,#172,#213,.T.);
#213 = SURFACE_CURVE('',#214,(#219,#232),.PCURVE_S1.);
#214 = ELLIPSE('',#215,4.242640687119,3.);
#215 = AXIS2_PLACEMENT_3D('',#216,#217,#218);
#216 = CARTESIAN_POINT('',(3.,3.,109.));
#217 = DIRECTION('',(0.,0.707106781187,0.707106781187));
#218 = DIRECTION('',(0.,-0.707106781187,0.707106781187));
#219 = PCURVE('',#44,#220);
#220 = DEFINITIONAL_REPRESENTATION('',(#221),#231);
#221 = B_SPLINE_CURVE_WITH_KNOTS('',8,(#222,#223,#224,#225,#226,#227,
    #228,#229,#230),.UNSPECIFIED.,.F.,.F.,(9,9),(4.712388980385,
    6.28318530718),.PIECEWISE_BEZIER_KNOTS.);
#222 = CARTESIAN_POINT('',(-1.570796326795,3.));
#223 = CARTESIAN_POINT('',(-1.374446785946,2.410951377452));
#224 = CARTESIAN_POINT('',(-1.178097245095,1.821902615044));
#225 = CARTESIAN_POINT('',(-0.981747704246,1.267460216366));
#226 = CARTESIAN_POINT('',(-0.785398163394,0.782223748267));
#227 = CARTESIAN_POINT('',(-0.589048622548,0.396545860979));
#228 = CARTESIAN_POINT('',(-0.392699081698,0.132182327958));
#229 = CARTESIAN_POINT('',(-0.196349540849,-2.998139078209E-16));
#230 = CARTESIAN_POINT('',(-2.960594732334E-16,-4.440892098501E-16));
#231 = ( GEOMETRIC_REPRESENTATION_CONTEXT(2) 
PARAMETRIC_REPRESENTATION_CONTEXT() REPRESENTATION_CONTEXT('2D SPACE',''
  ) );
#232 = PCURVE('',#72,#233);
#233 = DEFINITIONAL_REPRESENTATION('',(#234),#244);
#234 = B_SPLINE_CURVE_WITH_KNOTS('',8,(#235,#236,#237,#238,#239,#240,
    #241,#242,#243),.UNSPECIFIED.,.F.,.F.,(9,9),(4.712388980385,
    6.28318530718),.PIECEWISE_BEZIER_KNOTS.);
#235 = CARTESIAN_POINT('',(0.,109.));
#236 = CARTESIAN_POINT('',(0.196349540849,109.58904862254));
#237 = CARTESIAN_POINT('',(0.392699081698,110.17809738492));
#238 = CARTESIAN_POINT('',(0.589048622548,110.7325397834));
#239 = CARTESIAN_POINT('',(0.785398163393,111.21777625184));
#240 = CARTESIAN_POINT('',(0.981747704248,111.6034541389));
#241 = CARTESIAN_POINT('',(1.178097245096,111.86781767202));
#242 = CARTESIAN_POINT('',(1.374446785946,112.));
#243 = CARTESIAN_POINT('',(1.570796326795,112.));
#244 = ( GEOMETRIC_REPRESENTATION_CONTEXT(2) 
PARAMETRIC_REPRESENTATION_CONTEXT() REPRESENTATION_CONTEXT('2D SPACE',''
  ) );
#245 = ORIENTED_EDGE('',*,*,#21,.T.);
#246 = ORIENTED_EDGE('',*,*,#247,.F.);
#247 = EDGE_CURVE('',#248,#24,#250,.T.);
#248 = VERTEX_POINT('',#249);
#249 = CARTESIAN_POINT('',(0.87867965644,79.12132034356,111.12132034356)
  );
#250 = SURFACE_CURVE('',#251,(#256,#269),.PCURVE_S1.);
#251 = ELLIPSE('',#252,4.242640687119,3.);
#252 = AXIS2_PLACEMENT_3D('',#253,#254,#255);
#253 = CARTESIAN_POINT('',(3.,77.,109.));
#254 = DIRECTION('',(0.,-0.707106781187,0.707106781187));
#255 = DIRECTION('',(0.,0.707106781187,0.707106781187));
#256 = PCURVE('',#44,#257);
#257 = DEFINITIONAL_REPRESENTATION('',(#258),#268);
#258 = B_SPLINE_CURVE_WITH_KNOTS('',8,(#259,#260,#261,#262,#263,#264,
    #265,#266,#267),.UNSPECIFIED.,.F.,.F.,(9,9),(0.,1.570796326795),
  .PIECEWISE_BEZIER_KNOTS.);
#259 = CARTESIAN_POINT('',(0.,80.));
#260 = CARTESIAN_POINT('',(-0.196349540849,80.));
#261 = CARTESIAN_POINT('',(-0.392699081699,79.867817671926));
#262 = CARTESIAN_POINT('',(-0.589048622547,79.603454139607));
#263 = CARTESIAN_POINT('',(-0.785398163394,79.217776250327));
#264 = CARTESIAN_POINT('',(-0.981747704247,78.732539784047));
#265 = CARTESIAN_POINT('',(-1.178097245097,78.178097384764));
#266 = CARTESIAN_POINT('',(-1.374446785946,77.589048622548));
#267 = CARTESIAN_POINT('',(-1.570796326795,77.));
#268 = ( GEOMETRIC_REPRESENTATION_CONTEXT(2) 
PARAMETRIC_REPRESENTATION_CONTEXT() REPRESENTATION_CONTEXT('2D SPACE',''
  ) );
#269 = PCURVE('',#126,#270);
#270 = DEFINITIONAL_REPRESENTATION('',(#271),#281);
#271 = B_SPLINE_CURVE_WITH_KNOTS('',8,(#272,#273,#274,#275,#276,#277,
    #278,#279,#280),.UNSPECIFIED.,.F.,.F.,(9,9),(0.,1.570796326795),
  .PIECEWISE_BEZIER_KNOTS.);
#272 = CARTESIAN_POINT('',(-1.570796326795,112.));
#273 = CARTESIAN_POINT('',(-1.374446785946,112.));
#274 = CARTESIAN_POINT('',(-1.178097245096,111.86781767198));
#275 = CARTESIAN_POINT('',(-0.981747704247,111.60345413931));
#276 = CARTESIAN_POINT('',(-0.785398163396,111.21777625172));
#277 = CARTESIAN_POINT('',(-0.589048622547,110.73253978363));
#278 = CARTESIAN_POINT('',(-0.392699081699,110.17809738488));
#279 = CARTESIAN_POINT('',(-0.196349540849,109.58904862254));
#280 = CARTESIAN_POINT('',(0.,109.));
#281 = ( GEOMETRIC_REPRESENTATION_CONTEXT(2) 
PARAMETRIC_REPRESENTATION_CONTEXT() REPRESENTATION_CONTEXT('2D SPACE',''
  ) );
#282 = ORIENTED_EDGE('',*,*,#283,.T.);
#283 = EDGE_CURVE('',#248,#144,#284,.T.);
#284 = SURFACE_CURVE('',#285,(#290,#303),.PCURVE_S1.);
#285 = ELLIPSE('',#286,4.242640687119,3.);
#286 = AXIS2_PLACEMENT_3D('',#287,#288,#289);
#287 = CARTESIAN_POINT('',(3.,77.,109.));
#288 = DIRECTION('',(0.707106781187,0.707106781187,0.));
#289 = DIRECTION('',(0.707106781187,-0.707106781187,0.));
#290 = PCURVE('',#44,#291);
#291 = DEFINITIONAL_REPRESENTATION('',(#292),#302);
#292 = B_SPLINE_CURVE_WITH_KNOTS('',8,(#293,#294,#295,#296,#297,#298,
    #299,#300,#301),.UNSPECIFIED.,.F.,.F.,(9,9),(3.14159265359,
    4.712388980385),.PIECEWISE_BEZIER_KNOTS.);
#293 = CARTESIAN_POINT('',(-1.570796326795,80.));
#294 = CARTESIAN_POINT('',(-1.374446785946,80.));
#295 = CARTESIAN_POINT('',(-1.178097245096,79.867817671926));
#296 = CARTESIAN_POINT('',(-0.981747704242,79.603454139607));
#297 = CARTESIAN_POINT('',(-0.785398163402,79.217776250327));
#298 = CARTESIAN_POINT('',(-0.589048622545,78.732539784047));
#299 = CARTESIAN_POINT('',(-0.3926990817,78.178097384764));
#300 = CARTESIAN_POINT('',(-0.196349540849,77.589048622548));
#301 = CARTESIAN_POINT('',(-1.480297366167E-16,77.));
#302 = ( GEOMETRIC_REPRESENTATION_CONTEXT(2) 
PARAMETRIC_REPRESENTATION_CONTEXT() REPRESENTATION_CONTEXT('2D SPACE',''
  ) );
#303 = PCURVE('',#304,#309);
#304 = CYLINDRICAL_SURFACE('',#305,3.);
#305 = AXIS2_PLACEMENT_3D('',#306,#307,#308);
#306 = CARTESIAN_POINT('',(0.,77.,109.));
#307 = DIRECTION('',(1.,0.,0.));
#308 = DIRECTION('',(-0.,1.,0.));
#309 = DEFINITIONAL_REPRESENTATION('',(#310),#320);
#310 = B_SPLINE_CURVE_WITH_KNOTS('',8,(#311,#312,#313,#314,#315,#316,
    #317,#318,#319),.UNSPECIFIED.,.F.,.F.,(9,9),(3.14159265359,
    4.712388980385),.PIECEWISE_BEZIER_KNOTS.);
#311 = CARTESIAN_POINT('',(0.,-4.440892098501E-16));
#312 = CARTESIAN_POINT('',(0.196349540849,-5.162268608646E-16));
#313 = CARTESIAN_POINT('',(0.392699081698,0.13218232796));
#314 = CARTESIAN_POINT('',(0.589048622549,0.396545860974));
#315 = CARTESIAN_POINT('',(0.785398163397,0.782223748273));
#316 = CARTESIAN_POINT('',(0.981747704246,1.267460216359));
#317 = CARTESIAN_POINT('',(1.178097245095,1.821902615046));
#318 = CARTESIAN_POINT('',(1.374446785946,2.410951377452));
#319 = CARTESIAN_POINT('',(1.570796326795,3.));
#320 = ( GEOMETRIC_REPRESENTATION_CONTEXT(2) 
PARAMETRIC_REPRESENTATION_CONTEXT() REPRESENTATION_CONTEXT('2D SPACE',''
  ) );
#321 = ADVANCED_FACE('',(#322),#126,.T.);
#322 = FACE_BOUND('',#323,.F.);
#323 = EDGE_LOOP('',(#324,#325,#353,#381,#415));
#324 = ORIENTED_EDGE('',*,*,#112,.F.);
#325 = ORIENTED_EDGE('',*,*,#326,.T.);
#326 = EDGE_CURVE('',#85,#327,#329,.T.);
#327 = VERTEX_POINT('',#328);
#328 = CARTESIAN_POINT('',(3.,80.,0.));
#329 = SURFACE_CURVE('',#330,(#335,#342),.PCURVE_S1.);
#330 = CIRCLE('',#331,3.);
#331 = AXIS2_PLACEMENT_3D('',#332,#333,#334);
#332 = CARTESIAN_POINT('',(3.,77.,0.));
#333 = DIRECTION('',(-0.,-0.,-1.));
#334 = DIRECTION('',(0.,-1.,0.));
#335 = PCURVE('',#126,#336);
#336 = DEFINITIONAL_REPRESENTATION('',(#337),#341);
#337 = LINE('',#338,#339);
#338 = CARTESIAN_POINT('',(1.570796326795,-0.));
#339 = VECTOR('',#340,1.);
#340 = DIRECTION('',(-1.,0.));
#341 = ( GEOMETRIC_REPRESENTATION_CONTEXT(2) 
PARAMETRIC_REPRESENTATION_CONTEXT() REPRESENTATION_CONTEXT('2D SPACE',''
  ) );
#342 = PCURVE('',#100,#343);
#343 = DEFINITIONAL_REPRESENTATION('',(#344),#352);
#344 = ( BOUNDED_CURVE() B_SPLINE_CURVE(2,(#345,#346,#347,#348,#349,#350
,#351),.UNSPECIFIED.,.T.,.F.) B_SPLINE_CURVE_WITH_KNOTS((1,2,2,2,2,1),(
    -2.094395102393,0.,2.094395102393,4.188790204786,6.28318530718,
8.377580409573),.UNSPECIFIED.) CURVE() GEOMETRIC_REPRESENTATION_ITEM() 
RATIONAL_B_SPLINE_CURVE((1.,0.5,1.,0.5,1.,0.5,1.)) REPRESENTATION_ITEM(
  '') );
#345 = CARTESIAN_POINT('',(3.,74.));
#346 = CARTESIAN_POINT('',(-2.196152422707,74.));
#347 = CARTESIAN_POINT('',(0.401923788647,78.5));
#348 = CARTESIAN_POINT('',(3.,83.));
#349 = CARTESIAN_POINT('',(5.598076211353,78.5));
#350 = CARTESIAN_POINT('',(8.196152422707,74.));
#351 = CARTESIAN_POINT('',(3.,74.));
#352 = ( GEOMETRIC_REPRESENTATION_CONTEXT(2) 
PARAMETRIC_REPRESENTATION_CONTEXT() REPRESENTATION_CONTEXT('2D SPACE',''
  ) );
#353 = ORIENTED_EDGE('',*,*,#354,.T.);
#354 = EDGE_CURVE('',#327,#355,#357,.T.);
#355 = VERTEX_POINT('',#356);
#356 = CARTESIAN_POINT('',(3.,80.,109.));
#357 = SURFACE_CURVE('',#358,(#362,#369),.PCURVE_S1.);
#358 = LINE('',#359,#360);
#359 = CARTESIAN_POINT('',(3.,80.,0.));
#360 = VECTOR('',#361,1.);
#361 = DIRECTION('',(0.,0.,1.));
#362 = PCURVE('',#126,#363);
#363 = DEFINITIONAL_REPRESENTATION('',(#364),#368);
#364 = LINE('',#365,#366);
#365 = CARTESIAN_POINT('',(-1.570796326795,0.));
#366 = VECTOR('',#367,1.);
#367 = DIRECTION('',(-0.,1.));
#368 = ( GEOMETRIC_REPRESENTATION_CONTEXT(2) 
PARAMETRIC_REPRESENTATION_CONTEXT() REPRESENTATION_CONTEXT('2D SPACE',''
  ) );
#369 = PCURVE('',#370,#375);
#370 = PLANE('',#371);
#371 = AXIS2_PLACEMENT_3D('',#372,#373,#374);
#372 = CARTESIAN_POINT('',(0.,80.,0.));
#373 = DIRECTION('',(0.,1.,0.));
#374 = DIRECTION('',(0.,0.,1.));
#375 = DEFINITIONAL_REPRESENTATION('',(#376),#380);
#376 = LINE('',#377,#378);
#377 = CARTESIAN_POINT('',(0.,3.));
#378 = VECTOR('',#379,1.);
#379 = DIRECTION('',(1.,0.));
#380 = ( GEOMETRIC_REPRESENTATION_CONTEXT(2) 
PARAMETRIC_REPRESENTATION_CONTEXT() REPRESENTATION_CONTEXT('2D SPACE',''
  ) );
#381 = ORIENTED_EDGE('',*,*,#382,.T.);
#382 = EDGE_CURVE('',#355,#248,#383,.T.);
#383 = SURFACE_CURVE('',#384,(#389,#402),.PCURVE_S1.);
#384 = ELLIPSE('',#385,4.242640687119,3.);
#385 = AXIS2_PLACEMENT_3D('',#386,#387,#388);
#386 = CARTESIAN_POINT('',(3.,77.,109.));
#387 = DIRECTION('',(0.707106781187,0.,0.707106781187));
#388 = DIRECTION('',(-0.707106781187,0.,0.707106781187));
#389 = PCURVE('',#126,#390);
#390 = DEFINITIONAL_REPRESENTATION('',(#391),#401);
#391 = B_SPLINE_CURVE_WITH_KNOTS('',8,(#392,#393,#394,#395,#396,#397,
    #398,#399,#400),.UNSPECIFIED.,.F.,.F.,(9,9),(4.712388980385,
    6.28318530718),.PIECEWISE_BEZIER_KNOTS.);
#392 = CARTESIAN_POINT('',(-1.570796326795,109.));
#393 = CARTESIAN_POINT('',(-1.374446785946,109.58904862254));
#394 = CARTESIAN_POINT('',(-1.178097245095,110.17809738492));
#395 = CARTESIAN_POINT('',(-0.981747704248,110.7325397834));
#396 = CARTESIAN_POINT('',(-0.785398163394,111.21777625184));
#397 = CARTESIAN_POINT('',(-0.589048622551,111.6034541389));
#398 = CARTESIAN_POINT('',(-0.392699081698,111.86781767202));
#399 = CARTESIAN_POINT('',(-0.196349540849,112.));
#400 = CARTESIAN_POINT('',(0.,112.));
#401 = ( GEOMETRIC_REPRESENTATION_CONTEXT(2) 
PARAMETRIC_REPRESENTATION_CONTEXT() REPRESENTATION_CONTEXT('2D SPACE',''
  ) );
#402 = PCURVE('',#304,#403);
#403 = DEFINITIONAL_REPRESENTATION('',(#404),#414);
#404 = B_SPLINE_CURVE_WITH_KNOTS('',8,(#405,#406,#407,#408,#409,#410,
    #411,#412,#413),.UNSPECIFIED.,.F.,.F.,(9,9),(4.712388980385,
    6.28318530718),.PIECEWISE_BEZIER_KNOTS.);
#405 = CARTESIAN_POINT('',(0.,3.));
#406 = CARTESIAN_POINT('',(0.196349540849,2.410951377452));
#407 = CARTESIAN_POINT('',(0.392699081698,1.821902615044));
#408 = CARTESIAN_POINT('',(0.589048622549,1.267460216366));
#409 = CARTESIAN_POINT('',(0.785398163397,0.782223748267));
#410 = CARTESIAN_POINT('',(0.981747704246,0.396545860979));
#411 = CARTESIAN_POINT('',(1.178097245095,0.132182327958));
#412 = CARTESIAN_POINT('',(1.374446785946,-2.998139078209E-16));
#413 = CARTESIAN_POINT('',(1.570796326795,-4.440892098501E-16));
#414 = ( GEOMETRIC_REPRESENTATION_CONTEXT(2) 
PARAMETRIC_REPRESENTATION_CONTEXT() REPRESENTATION_CONTEXT('2D SPACE',''
  ) );
#415 = ORIENTED_EDGE('',*,*,#247,.T.);
#416 = ADVANCED_FACE('',(#417,#584),#100,.F.);
#417 = FACE_BOUND('',#418,.F.);
#418 = EDGE_LOOP('',(#419,#420,#444,#472,#505,#533,#562,#583));
#419 = ORIENTED_EDGE('',*,*,#84,.F.);
#420 = ORIENTED_EDGE('',*,*,#421,.T.);
#421 = EDGE_CURVE('',#57,#422,#424,.T.);
#422 = VERTEX_POINT('',#423);
#423 = CARTESIAN_POINT('',(3.,-4.440892098501E-16,0.));
#424 = SURFACE_CURVE('',#425,(#430,#437),.PCURVE_S1.);
#425 = CIRCLE('',#426,3.);
#426 = AXIS2_PLACEMENT_3D('',#427,#428,#429);
#427 = CARTESIAN_POINT('',(3.,3.,0.));
#428 = DIRECTION('',(0.,0.,1.));
#429 = DIRECTION('',(0.,-1.,0.));
#430 = PCURVE('',#100,#431);
#431 = DEFINITIONAL_REPRESENTATION('',(#432),#436);
#432 = CIRCLE('',#433,3.);
#433 = AXIS2_PLACEMENT_2D('',#434,#435);
#434 = CARTESIAN_POINT('',(3.,3.));
#435 = DIRECTION('',(0.,-1.));
#436 = ( GEOMETRIC_REPRESENTATION_CONTEXT(2) 
PARAMETRIC_REPRESENTATION_CONTEXT() REPRESENTATION_CONTEXT('2D SPACE',''
  ) );
#437 = PCURVE('',#72,#438);
#438 = DEFINITIONAL_REPRESENTATION('',(#439),#443);
#439 = LINE('',#440,#441);
#440 = CARTESIAN_POINT('',(-4.712388980385,0.));
#441 = VECTOR('',#442,1.);
#442 = DIRECTION('',(1.,0.));
#443 = ( GEOMETRIC_REPRESENTATION_CONTEXT(2) 
PARAMETRIC_REPRESENTATION_CONTEXT() REPRESENTATION_CONTEXT('2D SPACE',''
  ) );
#444 = ORIENTED_EDGE('',*,*,#445,.T.);
#445 = EDGE_CURVE('',#422,#446,#448,.T.);
#446 = VERTEX_POINT('',#447);
#447 = CARTESIAN_POINT('',(231.,-4.440892098501E-16,0.));
#448 = SURFACE_CURVE('',#449,(#453,#460),.PCURVE_S1.);
#449 = LINE('',#450,#451);
#450 = CARTESIAN_POINT('',(0.,0.,0.));
#451 = VECTOR('',#452,1.);
#452 = DIRECTION('',(1.,0.,0.));
#453 = PCURVE('',#100,#454);
#454 = DEFINITIONAL_REPRESENTATION('',(#455),#459);
#455 = LINE('',#456,#457);
#456 = CARTESIAN_POINT('',(0.,0.));
#457 = VECTOR('',#458,1.);
#458 = DIRECTION('',(1.,0.));
#459 = ( GEOMETRIC_REPRESENTATION_CONTEXT(2) 
PARAMETRIC_REPRESENTATION_CONTEXT() REPRESENTATION_CONTEXT('2D SPACE',''
  ) );
#460 = PCURVE('',#461,#466);
#461 = PLANE('',#462);
#462 = AXIS2_PLACEMENT_3D('',#463,#464,#465);
#463 = CARTESIAN_POINT('',(0.,0.,0.));
#464 = DIRECTION('',(0.,1.,0.));
#465 = DIRECTION('',(0.,0.,1.));
#466 = DEFINITIONAL_REPRESENTATION('',(#467),#471);
#467 = LINE('',#468,#469);
#468 = CARTESIAN_POINT('',(0.,0.));
#469 = VECTOR('',#470,1.);
#470 = DIRECTION('',(0.,1.));
#471 = ( GEOMETRIC_REPRESENTATION_CONTEXT(2) 
PARAMETRIC_REPRESENTATION_CONTEXT() REPRESENTATION_CONTEXT('2D SPACE',''
  ) );
#472 = ORIENTED_EDGE('',*,*,#473,.F.);
#473 = EDGE_CURVE('',#474,#446,#476,.T.);
#474 = VERTEX_POINT('',#475);
#475 = CARTESIAN_POINT('',(234.,3.,0.));
#476 = SURFACE_CURVE('',#477,(#482,#493),.PCURVE_S1.);
#477 = CIRCLE('',#478,3.);
#478 = AXIS2_PLACEMENT_3D('',#479,#480,#481);
#479 = CARTESIAN_POINT('',(231.,3.,0.));
#480 = DIRECTION('',(-0.,-0.,-1.));
#481 = DIRECTION('',(0.,-1.,0.));
#482 = PCURVE('',#100,#483);
#483 = DEFINITIONAL_REPRESENTATION('',(#484),#492);
#484 = ( BOUNDED_CURVE() B_SPLINE_CURVE(2,(#485,#486,#487,#488,#489,#490
,#491),.UNSPECIFIED.,.T.,.F.) B_SPLINE_CURVE_WITH_KNOTS((1,2,2,2,2,1),(
    -2.094395102393,0.,2.094395102393,4.188790204786,6.28318530718,
8.377580409573),.UNSPECIFIED.) CURVE() GEOMETRIC_REPRESENTATION_ITEM() 
RATIONAL_B_SPLINE_CURVE((1.,0.5,1.,0.5,1.,0.5,1.)) REPRESENTATION_ITEM(
  '') );
#485 = CARTESIAN_POINT('',(231.,-4.440892098501E-16));
#486 = CARTESIAN_POINT('',(225.80384757729,-4.440892098501E-16));
#487 = CARTESIAN_POINT('',(228.40192378864,4.5));
#488 = CARTESIAN_POINT('',(231.,9.));
#489 = CARTESIAN_POINT('',(233.59807621135,4.5));
#490 = CARTESIAN_POINT('',(236.1961524227,3.996802888651E-15));
#491 = CARTESIAN_POINT('',(231.,-4.440892098501E-16));
#492 = ( GEOMETRIC_REPRESENTATION_CONTEXT(2) 
PARAMETRIC_REPRESENTATION_CONTEXT() REPRESENTATION_CONTEXT('2D SPACE',''
  ) );
#493 = PCURVE('',#494,#499);
#494 = CYLINDRICAL_SURFACE('',#495,3.);
#495 = AXIS2_PLACEMENT_3D('',#496,#497,#498);
#496 = CARTESIAN_POINT('',(231.,3.,0.));
#497 = DIRECTION('',(0.,0.,1.));
#498 = DIRECTION('',(1.,0.,-0.));
#499 = DEFINITIONAL_REPRESENTATION('',(#500),#504);
#500 = LINE('',#501,#502);
#501 = CARTESIAN_POINT('',(4.712388980385,-0.));
#502 = VECTOR('',#503,1.);
#503 = DIRECTION('',(-1.,0.));
#504 = ( GEOMETRIC_REPRESENTATION_CONTEXT(2) 
PARAMETRIC_REPRESENTATION_CONTEXT() REPRESENTATION_CONTEXT('2D SPACE',''
  ) );
#505 = ORIENTED_EDGE('',*,*,#506,.T.);
#506 = EDGE_CURVE('',#474,#507,#509,.T.);
#507 = VERTEX_POINT('',#508);
#508 = CARTESIAN_POINT('',(234.,77.,0.));
#509 = SURFACE_CURVE('',#510,(#514,#521),.PCURVE_S1.);
#510 = LINE('',#511,#512);
#511 = CARTESIAN_POINT('',(234.,0.,0.));
#512 = VECTOR('',#513,1.);
#513 = DIRECTION('',(0.,1.,0.));
#514 = PCURVE('',#100,#515);
#515 = DEFINITIONAL_REPRESENTATION('',(#516),#520);
#516 = LINE('',#517,#518);
#517 = CARTESIAN_POINT('',(234.,0.));
#518 = VECTOR('',#519,1.);
#519 = DIRECTION('',(0.,1.));
#520 = ( GEOMETRIC_REPRESENTATION_CONTEXT(2) 
PARAMETRIC_REPRESENTATION_CONTEXT() REPRESENTATION_CONTEXT('2D SPACE',''
  ) );
#521 = PCURVE('',#522,#527);
#522 = PLANE('',#523);
#523 = AXIS2_PLACEMENT_3D('',#524,#525,#526);
#524 = CARTESIAN_POINT('',(234.,0.,0.));
#525 = DIRECTION('',(1.,0.,0.));
#526 = DIRECTION('',(0.,0.,1.));
#527 = DEFINITIONAL_REPRESENTATION('',(#528),#532);
#528 = LINE('',#529,#530);
#529 = CARTESIAN_POINT('',(0.,0.));
#530 = VECTOR('',#531,1.);
#531 = DIRECTION('',(0.,-1.));
#532 = ( GEOMETRIC_REPRESENTATION_CONTEXT(2) 
PARAMETRIC_REPRESENTATION_CONTEXT() REPRESENTATION_CONTEXT('2D SPACE',''
  ) );
#533 = ORIENTED_EDGE('',*,*,#534,.T.);
#534 = EDGE_CURVE('',#507,#535,#537,.T.);
#535 = VERTEX_POINT('',#536);
#536 = CARTESIAN_POINT('',(231.,80.,0.));
#537 = SURFACE_CURVE('',#538,(#543,#550),.PCURVE_S1.);
#538 = CIRCLE('',#539,3.);
#539 = AXIS2_PLACEMENT_3D('',#540,#541,#542);
#540 = CARTESIAN_POINT('',(231.,77.,0.));
#541 = DIRECTION('',(0.,0.,1.));
#542 = DIRECTION('',(0.,-1.,0.));
#543 = PCURVE('',#100,#544);
#544 = DEFINITIONAL_REPRESENTATION('',(#545),#549);
#545 = CIRCLE('',#546,3.);
#546 = AXIS2_PLACEMENT_2D('',#547,#548);
#547 = CARTESIAN_POINT('',(231.,77.));
#548 = DIRECTION('',(0.,-1.));
#549 = ( GEOMETRIC_REPRESENTATION_CONTEXT(2) 
PARAMETRIC_REPRESENTATION_CONTEXT() REPRESENTATION_CONTEXT('2D SPACE',''
  ) );
#550 = PCURVE('',#551,#556);
#551 = CYLINDRICAL_SURFACE('',#552,3.);
#552 = AXIS2_PLACEMENT_3D('',#553,#554,#555);
#553 = CARTESIAN_POINT('',(231.,77.,0.));
#554 = DIRECTION('',(0.,0.,1.));
#555 = DIRECTION('',(1.,0.,-0.));
#556 = DEFINITIONAL_REPRESENTATION('',(#557),#561);
#557 = LINE('',#558,#559);
#558 = CARTESIAN_POINT('',(-1.570796326795,0.));
#559 = VECTOR('',#560,1.);
#560 = DIRECTION('',(1.,0.));
#561 = ( GEOMETRIC_REPRESENTATION_CONTEXT(2) 
PARAMETRIC_REPRESENTATION_CONTEXT() REPRESENTATION_CONTEXT('2D SPACE',''
  ) );
#562 = ORIENTED_EDGE('',*,*,#563,.F.);
#563 = EDGE_CURVE('',#327,#535,#564,.T.);
#564 = SURFACE_CURVE('',#565,(#569,#576),.PCURVE_S1.);
#565 = LINE('',#566,#567);
#566 = CARTESIAN_POINT('',(0.,80.,0.));
#567 = VECTOR('',#568,1.);
#568 = DIRECTION('',(1.,0.,0.));
#569 = PCURVE('',#100,#570);
#570 = DEFINITIONAL_REPRESENTATION('',(#571),#575);
#571 = LINE('',#572,#573);
#572 = CARTESIAN_POINT('',(0.,80.));
#573 = VECTOR('',#574,1.);
#574 = DIRECTION('',(1.,0.));
#575 = ( GEOMETRIC_REPRESENTATION_CONTEXT(2) 
PARAMETRIC_REPRESENTATION_CONTEXT() REPRESENTATION_CONTEXT('2D SPACE',''
  ) );
#576 = PCURVE('',#370,#577);
#577 = DEFINITIONAL_REPRESENTATION('',(#578),#582);
#578 = LINE('',#579,#580);
#579 = CARTESIAN_POINT('',(0.,0.));
#580 = VECTOR('',#581,1.);
#581 = DIRECTION('',(0.,1.));
#582 = ( GEOMETRIC_REPRESENTATION_CONTEXT(2) 
PARAMETRIC_REPRESENTATION_CONTEXT() REPRESENTATION_CONTEXT('2D SPACE',''
  ) );
#583 = ORIENTED_EDGE('',*,*,#326,.F.);
#584 = FACE_BOUND('',#585,.F.);
#585 = EDGE_LOOP('',(#586,#617,#643,#672,#698,#727,#753,#782));
#586 = ORIENTED_EDGE('',*,*,#587,.F.);
#587 = EDGE_CURVE('',#588,#590,#592,.T.);
#588 = VERTEX_POINT('',#589);
#589 = CARTESIAN_POINT('',(2.4,3.,0.));
#590 = VERTEX_POINT('',#591);
#591 = CARTESIAN_POINT('',(3.,2.4,0.));
#592 = SURFACE_CURVE('',#593,(#598,#605),.PCURVE_S1.);
#593 = CIRCLE('',#594,0.6);
#594 = AXIS2_PLACEMENT_3D('',#595,#596,#597);
#595 = CARTESIAN_POINT('',(3.,3.,0.));
#596 = DIRECTION('',(0.,0.,1.));
#597 = DIRECTION('',(-1.,-0.,0.));
#598 = PCURVE('',#100,#599);
#599 = DEFINITIONAL_REPRESENTATION('',(#600),#604);
#600 = CIRCLE('',#601,0.6);
#601 = AXIS2_PLACEMENT_2D('',#602,#603);
#602 = CARTESIAN_POINT('',(3.,3.));
#603 = DIRECTION('',(-1.,0.));
#604 = ( GEOMETRIC_REPRESENTATION_CONTEXT(2) 
PARAMETRIC_REPRESENTATION_CONTEXT() REPRESENTATION_CONTEXT('2D SPACE',''
  ) );
#605 = PCURVE('',#606,#611);
#606 = CYLINDRICAL_SURFACE('',#607,0.6);
#607 = AXIS2_PLACEMENT_3D('',#608,#609,#610);
#608 = CARTESIAN_POINT('',(3.,3.,-1.));
#609 = DIRECTION('',(0.,0.,1.));
#610 = DIRECTION('',(-1.,-0.,0.));
#611 = DEFINITIONAL_REPRESENTATION('',(#612),#616);
#612 = LINE('',#613,#614);
#613 = CARTESIAN_POINT('',(0.,1.));
#614 = VECTOR('',#615,1.);
#615 = DIRECTION('',(1.,0.));
#616 = ( GEOMETRIC_REPRESENTATION_CONTEXT(2) 
PARAMETRIC_REPRESENTATION_CONTEXT() REPRESENTATION_CONTEXT('2D SPACE',''
  ) );
#617 = ORIENTED_EDGE('',*,*,#618,.T.);
#618 = EDGE_CURVE('',#588,#619,#621,.T.);
#619 = VERTEX_POINT('',#620);
#620 = CARTESIAN_POINT('',(2.4,77.,0.));
#621 = SURFACE_CURVE('',#622,(#626,#632),.PCURVE_S1.);
#622 = LINE('',#623,#624);
#623 = CARTESIAN_POINT('',(2.4,1.2,0.));
#624 = VECTOR('',#625,1.);
#625 = DIRECTION('',(0.,1.,0.));
#626 = PCURVE('',#100,#627);
#627 = DEFINITIONAL_REPRESENTATION('',(#628),#631);
#628 = B_SPLINE_CURVE_WITH_KNOTS('',1,(#629,#630),.UNSPECIFIED.,.F.,.F.,
  (2,2),(1.8,75.8),.PIECEWISE_BEZIER_KNOTS.);
#629 = CARTESIAN_POINT('',(2.4,3.));
#630 = CARTESIAN_POINT('',(2.4,77.));
#631 = ( GEOMETRIC_REPRESENTATION_CONTEXT(2) 
PARAMETRIC_REPRESENTATION_CONTEXT() REPRESENTATION_CONTEXT('2D SPACE',''
  ) );
#632 = PCURVE('',#633,#638);
#633 = PLANE('',#634);
#634 = AXIS2_PLACEMENT_3D('',#635,#636,#637);
#635 = CARTESIAN_POINT('',(2.4,2.4,-1.));
#636 = DIRECTION('',(1.,0.,0.));
#637 = DIRECTION('',(0.,0.,1.));
#638 = DEFINITIONAL_REPRESENTATION('',(#639),#642);
#639 = B_SPLINE_CURVE_WITH_KNOTS('',1,(#640,#641),.UNSPECIFIED.,.F.,.F.,
  (2,2),(1.8,75.8),.PIECEWISE_BEZIER_KNOTS.);
#640 = CARTESIAN_POINT('',(1.,-0.6));
#641 = CARTESIAN_POINT('',(1.,-74.6));
#642 = ( GEOMETRIC_REPRESENTATION_CONTEXT(2) 
PARAMETRIC_REPRESENTATION_CONTEXT() REPRESENTATION_CONTEXT('2D SPACE',''
  ) );
#643 = ORIENTED_EDGE('',*,*,#644,.F.);
#644 = EDGE_CURVE('',#645,#619,#647,.T.);
#645 = VERTEX_POINT('',#646);
#646 = CARTESIAN_POINT('',(3.,77.6,0.));
#647 = SURFACE_CURVE('',#648,(#653,#660),.PCURVE_S1.);
#648 = CIRCLE('',#649,0.6);
#649 = AXIS2_PLACEMENT_3D('',#650,#651,#652);
#650 = CARTESIAN_POINT('',(3.,77.,0.));
#651 = DIRECTION('',(0.,0.,1.));
#652 = DIRECTION('',(-1.,-0.,0.));
#653 = PCURVE('',#100,#654);
#654 = DEFINITIONAL_REPRESENTATION('',(#655),#659);
#655 = CIRCLE('',#656,0.6);
#656 = AXIS2_PLACEMENT_2D('',#657,#658);
#657 = CARTESIAN_POINT('',(3.,77.));
#658 = DIRECTION('',(-1.,0.));
#659 = ( GEOMETRIC_REPRESENTATION_CONTEXT(2) 
PARAMETRIC_REPRESENTATION_CONTEXT() REPRESENTATION_CONTEXT('2D SPACE',''
  ) );
#660 = PCURVE('',#661,#666);
#661 = CYLINDRICAL_SURFACE('',#662,0.6);
#662 = AXIS2_PLACEMENT_3D('',#663,#664,#665);
#663 = CARTESIAN_POINT('',(3.,77.,-1.));
#664 = DIRECTION('',(0.,0.,1.));
#665 = DIRECTION('',(-1.,-0.,0.));
#666 = DEFINITIONAL_REPRESENTATION('',(#667),#671);
#667 = LINE('',#668,#669);
#668 = CARTESIAN_POINT('',(-6.28318530718,1.));
#669 = VECTOR('',#670,1.);
#670 = DIRECTION('',(1.,-0.));
#671 = ( GEOMETRIC_REPRESENTATION_CONTEXT(2) 
PARAMETRIC_REPRESENTATION_CONTEXT() REPRESENTATION_CONTEXT('2D SPACE',''
  ) );
#672 = ORIENTED_EDGE('',*,*,#673,.F.);
#673 = EDGE_CURVE('',#674,#645,#676,.T.);
#674 = VERTEX_POINT('',#675);
#675 = CARTESIAN_POINT('',(231.,77.6,0.));
#676 = SURFACE_CURVE('',#677,(#681,#687),.PCURVE_S1.);
#677 = LINE('',#678,#679);
#678 = CARTESIAN_POINT('',(1.2,77.6,0.));
#679 = VECTOR('',#680,1.);
#680 = DIRECTION('',(-1.,0.,0.));
#681 = PCURVE('',#100,#682);
#682 = DEFINITIONAL_REPRESENTATION('',(#683),#686);
#683 = B_SPLINE_CURVE_WITH_KNOTS('',1,(#684,#685),.UNSPECIFIED.,.F.,.F.,
  (2,2),(-229.8,-1.8),.PIECEWISE_BEZIER_KNOTS.);
#684 = CARTESIAN_POINT('',(231.,77.6));
#685 = CARTESIAN_POINT('',(3.,77.6));
#686 = ( GEOMETRIC_REPRESENTATION_CONTEXT(2) 
PARAMETRIC_REPRESENTATION_CONTEXT() REPRESENTATION_CONTEXT('2D SPACE',''
  ) );
#687 = PCURVE('',#688,#693);
#688 = PLANE('',#689);
#689 = AXIS2_PLACEMENT_3D('',#690,#691,#692);
#690 = CARTESIAN_POINT('',(2.4,77.6,-1.));
#691 = DIRECTION('',(0.,1.,0.));
#692 = DIRECTION('',(0.,0.,1.));
#693 = DEFINITIONAL_REPRESENTATION('',(#694),#697);
#694 = B_SPLINE_CURVE_WITH_KNOTS('',1,(#695,#696),.UNSPECIFIED.,.F.,.F.,
  (2,2),(-229.8,-1.8),.PIECEWISE_BEZIER_KNOTS.);
#695 = CARTESIAN_POINT('',(1.,228.6));
#696 = CARTESIAN_POINT('',(1.,0.6));
#697 = ( GEOMETRIC_REPRESENTATION_CONTEXT(2) 
PARAMETRIC_REPRESENTATION_CONTEXT() REPRESENTATION_CONTEXT('2D SPACE',''
  ) );
#698 = ORIENTED_EDGE('',*,*,#699,.F.);
#699 = EDGE_CURVE('',#700,#674,#702,.T.);
#700 = VERTEX_POINT('',#701);
#701 = CARTESIAN_POINT('',(231.6,77.,0.));
#702 = SURFACE_CURVE('',#703,(#708,#715),.PCURVE_S1.);
#703 = CIRCLE('',#704,0.6);
#704 = AXIS2_PLACEMENT_3D('',#705,#706,#707);
#705 = CARTESIAN_POINT('',(231.,77.,0.));
#706 = DIRECTION('',(0.,0.,1.));
#707 = DIRECTION('',(1.,0.,-0.));
#708 = PCURVE('',#100,#709);
#709 = DEFINITIONAL_REPRESENTATION('',(#710),#714);
#710 = CIRCLE('',#711,0.6);
#711 = AXIS2_PLACEMENT_2D('',#712,#713);
#712 = CARTESIAN_POINT('',(231.,77.));
#713 = DIRECTION('',(1.,0.));
#714 = ( GEOMETRIC_REPRESENTATION_CONTEXT(2) 
PARAMETRIC_REPRESENTATION_CONTEXT() REPRESENTATION_CONTEXT('2D SPACE',''
  ) );
#715 = PCURVE('',#716,#721);
#716 = CYLINDRICAL_SURFACE('',#717,0.6);
#717 = AXIS2_PLACEMENT_3D('',#718,#719,#720);
#718 = CARTESIAN_POINT('',(231.,77.,-1.));
#719 = DIRECTION('',(0.,0.,1.));
#720 = DIRECTION('',(1.,0.,-0.));
#721 = DEFINITIONAL_REPRESENTATION('',(#722),#726);
#722 = LINE('',#723,#724);
#723 = CARTESIAN_POINT('',(0.,1.));
#724 = VECTOR('',#725,1.);
#725 = DIRECTION('',(1.,0.));
#726 = ( GEOMETRIC_REPRESENTATION_CONTEXT(2) 
PARAMETRIC_REPRESENTATION_CONTEXT() REPRESENTATION_CONTEXT('2D SPACE',''
  ) );
#727 = ORIENTED_EDGE('',*,*,#728,.F.);
#728 = EDGE_CURVE('',#729,#700,#731,.T.);
#729 = VERTEX_POINT('',#730);
#730 = CARTESIAN_POINT('',(231.6,3.,0.));
#731 = SURFACE_CURVE('',#732,(#736,#742),.PCURVE_S1.);
#732 = LINE('',#733,#734);
#733 = CARTESIAN_POINT('',(231.6,1.2,0.));
#734 = VECTOR('',#735,1.);
#735 = DIRECTION('',(0.,1.,0.));
#736 = PCURVE('',#100,#737);
#737 = DEFINITIONAL_REPRESENTATION('',(#738),#741);
#738 = B_SPLINE_CURVE_WITH_KNOTS('',1,(#739,#740),.UNSPECIFIED.,.F.,.F.,
  (2,2),(1.8,75.8),.PIECEWISE_BEZIER_KNOTS.);
#739 = CARTESIAN_POINT('',(231.6,3.));
#740 = CARTESIAN_POINT('',(231.6,77.));
#741 = ( GEOMETRIC_REPRESENTATION_CONTEXT(2) 
PARAMETRIC_REPRESENTATION_CONTEXT() REPRESENTATION_CONTEXT('2D SPACE',''
  ) );
#742 = PCURVE('',#743,#748);
#743 = PLANE('',#744);
#744 = AXIS2_PLACEMENT_3D('',#745,#746,#747);
#745 = CARTESIAN_POINT('',(231.6,2.4,-1.));
#746 = DIRECTION('',(1.,0.,0.));
#747 = DIRECTION('',(0.,0.,1.));
#748 = DEFINITIONAL_REPRESENTATION('',(#749),#752);
#749 = B_SPLINE_CURVE_WITH_KNOTS('',1,(#750,#751),.UNSPECIFIED.,.F.,.F.,
  (2,2),(1.8,75.8),.PIECEWISE_BEZIER_KNOTS.);
#750 = CARTESIAN_POINT('',(1.,-0.6));
#751 = CARTESIAN_POINT('',(1.,-74.6));
#752 = ( GEOMETRIC_REPRESENTATION_CONTEXT(2) 
PARAMETRIC_REPRESENTATION_CONTEXT() REPRESENTATION_CONTEXT('2D SPACE',''
  ) );
#753 = ORIENTED_EDGE('',*,*,#754,.F.);
#754 = EDGE_CURVE('',#755,#729,#757,.T.);
#755 = VERTEX_POINT('',#756);
#756 = CARTESIAN_POINT('',(231.,2.4,0.));
#757 = SURFACE_CURVE('',#758,(#763,#770),.PCURVE_S1.);
#758 = CIRCLE('',#759,0.6);
#759 = AXIS2_PLACEMENT_3D('',#760,#761,#762);
#760 = CARTESIAN_POINT('',(231.,3.,0.));
#761 = DIRECTION('',(0.,0.,1.));
#762 = DIRECTION('',(1.,0.,-0.));
#763 = PCURVE('',#100,#764);
#764 = DEFINITIONAL_REPRESENTATION('',(#765),#769);
#765 = CIRCLE('',#766,0.6);
#766 = AXIS2_PLACEMENT_2D('',#767,#768);
#767 = CARTESIAN_POINT('',(231.,3.));
#768 = DIRECTION('',(1.,0.));
#769 = ( GEOMETRIC_REPRESENTATION_CONTEXT(2) 
PARAMETRIC_REPRESENTATION_CONTEXT() REPRESENTATION_CONTEXT('2D SPACE',''
  ) );
#770 = PCURVE('',#771,#776);
#771 = CYLINDRICAL_SURFACE('',#772,0.6);
#772 = AXIS2_PLACEMENT_3D('',#773,#774,#775);
#773 = CARTESIAN_POINT('',(231.,3.,-1.));
#774 = DIRECTION('',(0.,0.,1.));
#775 = DIRECTION('',(1.,0.,-0.));
#776 = DEFINITIONAL_REPRESENTATION('',(#777),#781);
#777 = LINE('',#778,#779);
#778 = CARTESIAN_POINT('',(-6.28318530718,1.));
#779 = VECTOR('',#780,1.);
#780 = DIRECTION('',(1.,-0.));
#781 = ( GEOMETRIC_REPRESENTATION_CONTEXT(2) 
PARAMETRIC_REPRESENTATION_CONTEXT() REPRESENTATION_CONTEXT('2D SPACE',''
  ) );
#782 = ORIENTED_EDGE('',*,*,#783,.F.);
#783 = EDGE_CURVE('',#590,#755,#784,.T.);
#784 = SURFACE_CURVE('',#785,(#789,#796),.PCURVE_S1.);
#785 = LINE('',#786,#787);
#786 = CARTESIAN_POINT('',(3.,2.4,0.));
#787 = VECTOR('',#788,1.);
#788 = DIRECTION('',(1.,0.,0.));
#789 = PCURVE('',#100,#790);
#790 = DEFINITIONAL_REPRESENTATION('',(#791),#795);
#791 = LINE('',#792,#793);
#792 = CARTESIAN_POINT('',(3.,2.4));
#793 = VECTOR('',#794,1.);
#794 = DIRECTION('',(1.,0.));
#795 = ( GEOMETRIC_REPRESENTATION_CONTEXT(2) 
PARAMETRIC_REPRESENTATION_CONTEXT() REPRESENTATION_CONTEXT('2D SPACE',''
  ) );
#796 = PCURVE('',#797,#802);
#797 = PLANE('',#798);
#798 = AXIS2_PLACEMENT_3D('',#799,#800,#801);
#799 = CARTESIAN_POINT('',(2.4,2.4,-1.));
#800 = DIRECTION('',(0.,1.,0.));
#801 = DIRECTION('',(0.,0.,1.));
#802 = DEFINITIONAL_REPRESENTATION('',(#803),#807);
#803 = LINE('',#804,#805);
#804 = CARTESIAN_POINT('',(1.,0.6));
#805 = VECTOR('',#806,1.);
#806 = DIRECTION('',(0.,1.));
#807 = ( GEOMETRIC_REPRESENTATION_CONTEXT(2) 
PARAMETRIC_REPRESENTATION_CONTEXT() REPRESENTATION_CONTEXT('2D SPACE',''
  ) );
#808 = ADVANCED_FACE('',(#809),#72,.T.);
#809 = FACE_BOUND('',#810,.T.);
#810 = EDGE_LOOP('',(#811,#812,#813,#836,#870));
#811 = ORIENTED_EDGE('',*,*,#56,.F.);
#812 = ORIENTED_EDGE('',*,*,#421,.T.);
#813 = ORIENTED_EDGE('',*,*,#814,.T.);
#814 = EDGE_CURVE('',#422,#815,#817,.T.);
#815 = VERTEX_POINT('',#816);
#816 = CARTESIAN_POINT('',(3.,-4.440892098501E-16,109.));
#817 = SURFACE_CURVE('',#818,(#822,#829),.PCURVE_S1.);
#818 = LINE('',#819,#820);
#819 = CARTESIAN_POINT('',(3.,-4.440892098501E-16,0.));
#820 = VECTOR('',#821,1.);
#821 = DIRECTION('',(0.,0.,1.));
#822 = PCURVE('',#72,#823);
#823 = DEFINITIONAL_REPRESENTATION('',(#824),#828);
#824 = LINE('',#825,#826);
#825 = CARTESIAN_POINT('',(1.570796326795,0.));
#826 = VECTOR('',#827,1.);
#827 = DIRECTION('',(0.,1.));
#828 = ( GEOMETRIC_REPRESENTATION_CONTEXT(2) 
PARAMETRIC_REPRESENTATION_CONTEXT() REPRESENTATION_CONTEXT('2D SPACE',''
  ) );
#829 = PCURVE('',#461,#830);
#830 = DEFINITIONAL_REPRESENTATION('',(#831),#835);
#831 = LINE('',#832,#833);
#832 = CARTESIAN_POINT('',(0.,3.));
#833 = VECTOR('',#834,1.);
#834 = DIRECTION('',(1.,0.));
#835 = ( GEOMETRIC_REPRESENTATION_CONTEXT(2) 
PARAMETRIC_REPRESENTATION_CONTEXT() REPRESENTATION_CONTEXT('2D SPACE',''
  ) );
#836 = ORIENTED_EDGE('',*,*,#837,.F.);
#837 = EDGE_CURVE('',#172,#815,#838,.T.);
#838 = SURFACE_CURVE('',#839,(#844,#857),.PCURVE_S1.);
#839 = ELLIPSE('',#840,4.242640687119,3.);
#840 = AXIS2_PLACEMENT_3D('',#841,#842,#843);
#841 = CARTESIAN_POINT('',(3.,3.,109.));
#842 = DIRECTION('',(0.707106781187,0.,0.707106781187));
#843 = DIRECTION('',(-0.707106781187,0.,0.707106781187));
#844 = PCURVE('',#72,#845);
#845 = DEFINITIONAL_REPRESENTATION('',(#846),#856);
#846 = B_SPLINE_CURVE_WITH_KNOTS('',8,(#847,#848,#849,#850,#851,#852,
    #853,#854,#855),.UNSPECIFIED.,.F.,.F.,(9,9),(0.,1.570796326795),
  .PIECEWISE_BEZIER_KNOTS.);
#847 = CARTESIAN_POINT('',(0.,112.));
#848 = CARTESIAN_POINT('',(0.196349540849,112.));
#849 = CARTESIAN_POINT('',(0.392699081699,111.86781767198));
#850 = CARTESIAN_POINT('',(0.589048622547,111.60345413931));
#851 = CARTESIAN_POINT('',(0.785398163397,111.21777625172));
#852 = CARTESIAN_POINT('',(0.981747704246,110.73253978363));
#853 = CARTESIAN_POINT('',(1.178097245096,110.17809738488));
#854 = CARTESIAN_POINT('',(1.374446785946,109.58904862254));
#855 = CARTESIAN_POINT('',(1.570796326795,109.));
#856 = ( GEOMETRIC_REPRESENTATION_CONTEXT(2) 
PARAMETRIC_REPRESENTATION_CONTEXT() REPRESENTATION_CONTEXT('2D SPACE',''
  ) );
#857 = PCURVE('',#194,#858);
#858 = DEFINITIONAL_REPRESENTATION('',(#859),#869);
#859 = B_SPLINE_CURVE_WITH_KNOTS('',8,(#860,#861,#862,#863,#864,#865,
    #866,#867,#868),.UNSPECIFIED.,.F.,.F.,(9,9),(0.,1.570796326795),
  .PIECEWISE_BEZIER_KNOTS.);
#860 = CARTESIAN_POINT('',(0.,-4.440892098501E-16));
#861 = CARTESIAN_POINT('',(0.196349540849,-4.440892098501E-16));
#862 = CARTESIAN_POINT('',(0.392699081699,0.132182327959));
#863 = CARTESIAN_POINT('',(0.589048622547,0.396545860977));
#864 = CARTESIAN_POINT('',(0.785398163394,0.782223748274));
#865 = CARTESIAN_POINT('',(0.981747704247,1.267460216362));
#866 = CARTESIAN_POINT('',(1.178097245097,1.821902615045));
#867 = CARTESIAN_POINT('',(1.374446785946,2.410951377452));
#868 = CARTESIAN_POINT('',(1.570796326795,3.));
#869 = ( GEOMETRIC_REPRESENTATION_CONTEXT(2) 
PARAMETRIC_REPRESENTATION_CONTEXT() REPRESENTATION_CONTEXT('2D SPACE',''
  ) );
#870 = ORIENTED_EDGE('',*,*,#212,.F.);
#871 = ADVANCED_FACE('',(#872,#947,#982,#1017,#1052,#1087,#1122,#1157),
  #159,.T.);
#872 = FACE_BOUND('',#873,.T.);
#873 = EDGE_LOOP('',(#874,#875,#898,#926));
#874 = ORIENTED_EDGE('',*,*,#141,.F.);
#875 = ORIENTED_EDGE('',*,*,#876,.T.);
#876 = EDGE_CURVE('',#142,#877,#879,.T.);
#877 = VERTEX_POINT('',#878);
#878 = CARTESIAN_POINT('',(231.,3.,112.));
#879 = SURFACE_CURVE('',#880,(#884,#891),.PCURVE_S1.);
#880 = LINE('',#881,#882);
#881 = CARTESIAN_POINT('',(0.,3.,112.));
#882 = VECTOR('',#883,1.);
#883 = DIRECTION('',(1.,0.,0.));
#884 = PCURVE('',#159,#885);
#885 = DEFINITIONAL_REPRESENTATION('',(#886),#890);
#886 = LINE('',#887,#888);
#887 = CARTESIAN_POINT('',(0.,3.));
#888 = VECTOR('',#889,1.);
#889 = DIRECTION('',(1.,0.));
#890 = ( GEOMETRIC_REPRESENTATION_CONTEXT(2) 
PARAMETRIC_REPRESENTATION_CONTEXT() REPRESENTATION_CONTEXT('2D SPACE',''
  ) );
#891 = PCURVE('',#194,#892);
#892 = DEFINITIONAL_REPRESENTATION('',(#893),#897);
#893 = LINE('',#894,#895);
#894 = CARTESIAN_POINT('',(0.,0.));
#895 = VECTOR('',#896,1.);
#896 = DIRECTION('',(0.,1.));
#897 = ( GEOMETRIC_REPRESENTATION_CONTEXT(2) 
PARAMETRIC_REPRESENTATION_CONTEXT() REPRESENTATION_CONTEXT('2D SPACE',''
  ) );
#898 = ORIENTED_EDGE('',*,*,#899,.T.);
#899 = EDGE_CURVE('',#877,#900,#902,.T.);
#900 = VERTEX_POINT('',#901);
#901 = CARTESIAN_POINT('',(231.,77.,112.));
#902 = SURFACE_CURVE('',#903,(#907,#914),.PCURVE_S1.);
#903 = LINE('',#904,#905);
#904 = CARTESIAN_POINT('',(231.,0.,112.));
#905 = VECTOR('',#906,1.);
#906 = DIRECTION('',(-0.,1.,-0.));
#907 = PCURVE('',#159,#908);
#908 = DEFINITIONAL_REPRESENTATION('',(#909),#913);
#909 = LINE('',#910,#911);
#910 = CARTESIAN_POINT('',(231.,0.));
#911 = VECTOR('',#912,1.);
#912 = DIRECTION('',(0.,1.));
#913 = ( GEOMETRIC_REPRESENTATION_CONTEXT(2) 
PARAMETRIC_REPRESENTATION_CONTEXT() REPRESENTATION_CONTEXT('2D SPACE',''
  ) );
#914 = PCURVE('',#915,#920);
#915 = CYLINDRICAL_SURFACE('',#916,3.);
#916 = AXIS2_PLACEMENT_3D('',#917,#918,#919);
#917 = CARTESIAN_POINT('',(231.,0.,109.));
#918 = DIRECTION('',(-0.,1.,-0.));
#919 = DIRECTION('',(1.,0.,-0.));
#920 = DEFINITIONAL_REPRESENTATION('',(#921),#925);
#921 = LINE('',#922,#923);
#922 = CARTESIAN_POINT('',(-1.570796326795,0.));
#923 = VECTOR('',#924,1.);
#924 = DIRECTION('',(-0.,1.));
#925 = ( GEOMETRIC_REPRESENTATION_CONTEXT(2) 
PARAMETRIC_REPRESENTATION_CONTEXT() REPRESENTATION_CONTEXT('2D SPACE',''
  ) );
#926 = ORIENTED_EDGE('',*,*,#927,.F.);
#927 = EDGE_CURVE('',#144,#900,#928,.T.);
#928 = SURFACE_CURVE('',#929,(#933,#940),.PCURVE_S1.);
#929 = LINE('',#930,#931);
#930 = CARTESIAN_POINT('',(0.,77.,112.));
#931 = VECTOR('',#932,1.);
#932 = DIRECTION('',(1.,0.,0.));
#933 = PCURVE('',#159,#934);
#934 = DEFINITIONAL_REPRESENTATION('',(#935),#939);
#935 = LINE('',#936,#937);
#936 = CARTESIAN_POINT('',(0.,77.));
#937 = VECTOR('',#938,1.);
#938 = DIRECTION('',(1.,0.));
#939 = ( GEOMETRIC_REPRESENTATION_CONTEXT(2) 
PARAMETRIC_REPRESENTATION_CONTEXT() REPRESENTATION_CONTEXT('2D SPACE',''
  ) );
#940 = PCURVE('',#304,#941);
#941 = DEFINITIONAL_REPRESENTATION('',(#942),#946);
#942 = LINE('',#943,#944);
#943 = CARTESIAN_POINT('',(1.570796326795,0.));
#944 = VECTOR('',#945,1.);
#945 = DIRECTION('',(0.,1.));
#946 = ( GEOMETRIC_REPRESENTATION_CONTEXT(2) 
PARAMETRIC_REPRESENTATION_CONTEXT() REPRESENTATION_CONTEXT('2D SPACE',''
  ) );
#947 = FACE_BOUND('',#948,.T.);
#948 = EDGE_LOOP('',(#949));
#949 = ORIENTED_EDGE('',*,*,#950,.T.);
#950 = EDGE_CURVE('',#951,#951,#953,.T.);
#951 = VERTEX_POINT('',#952);
#952 = CARTESIAN_POINT('',(221.3,24.,112.));
#953 = SURFACE_CURVE('',#954,(#959,#970),.PCURVE_S1.);
#954 = CIRCLE('',#955,3.3);
#955 = AXIS2_PLACEMENT_3D('',#956,#957,#958);
#956 = CARTESIAN_POINT('',(218.,24.,112.));
#957 = DIRECTION('',(0.,0.,-1.));
#958 = DIRECTION('',(1.,0.,0.));
#959 = PCURVE('',#159,#960);
#960 = DEFINITIONAL_REPRESENTATION('',(#961),#969);
#961 = ( BOUNDED_CURVE() B_SPLINE_CURVE(2,(#962,#963,#964,#965,#966,#967
,#968),.UNSPECIFIED.,.T.,.F.) B_SPLINE_CURVE_WITH_KNOTS((1,2,2,2,2,1),(
    -2.094395102393,0.,2.094395102393,4.188790204786,6.28318530718,
8.377580409573),.UNSPECIFIED.) CURVE() GEOMETRIC_REPRESENTATION_ITEM() 
RATIONAL_B_SPLINE_CURVE((1.,0.5,1.,0.5,1.,0.5,1.)) REPRESENTATION_ITEM(
  '') );
#962 = CARTESIAN_POINT('',(221.3,24.));
#963 = CARTESIAN_POINT('',(221.3,18.284232335023));
#964 = CARTESIAN_POINT('',(216.35,21.142116167511));
#965 = CARTESIAN_POINT('',(211.4,24.));
#966 = CARTESIAN_POINT('',(216.35,26.857883832489));
#967 = CARTESIAN_POINT('',(221.3,29.715767664977));
#968 = CARTESIAN_POINT('',(221.3,24.));
#969 = ( GEOMETRIC_REPRESENTATION_CONTEXT(2) 
PARAMETRIC_REPRESENTATION_CONTEXT() REPRESENTATION_CONTEXT('2D SPACE',''
  ) );
#970 = PCURVE('',#971,#976);
#971 = CYLINDRICAL_SURFACE('',#972,3.3);
#972 = AXIS2_PLACEMENT_3D('',#973,#974,#975);
#973 = CARTESIAN_POINT('',(218.,24.,92.));
#974 = DIRECTION('',(-0.,-0.,-1.));
#975 = DIRECTION('',(1.,0.,0.));
#976 = DEFINITIONAL_REPRESENTATION('',(#977),#981);
#977 = LINE('',#978,#979);
#978 = CARTESIAN_POINT('',(-6.28318530718,-20.));
#979 = VECTOR('',#980,1.);
#980 = DIRECTION('',(1.,-0.));
#981 = ( GEOMETRIC_REPRESENTATION_CONTEXT(2) 
PARAMETRIC_REPRESENTATION_CONTEXT() REPRESENTATION_CONTEXT('2D SPACE',''
  ) );
#982 = FACE_BOUND('',#983,.T.);
#983 = EDGE_LOOP('',(#984));
#984 = ORIENTED_EDGE('',*,*,#985,.T.);
#985 = EDGE_CURVE('',#986,#986,#988,.T.);
#986 = VERTEX_POINT('',#987);
#987 = CARTESIAN_POINT('',(36.2,40.,112.));
#988 = SURFACE_CURVE('',#989,(#994,#1005),.PCURVE_S1.);
#989 = CIRCLE('',#990,1.2);
#990 = AXIS2_PLACEMENT_3D('',#991,#992,#993);
#991 = CARTESIAN_POINT('',(35.,40.,112.));
#992 = DIRECTION('',(0.,0.,-1.));
#993 = DIRECTION('',(1.,0.,0.));
#994 = PCURVE('',#159,#995);
#995 = DEFINITIONAL_REPRESENTATION('',(#996),#1004);
#996 = ( BOUNDED_CURVE() B_SPLINE_CURVE(2,(#997,#998,#999,#1000,#1001,
#1002,#1003),.UNSPECIFIED.,.T.,.F.) B_SPLINE_CURVE_WITH_KNOTS((1,2,2,2,2
    ,1),(-2.094395102393,0.,2.094395102393,4.188790204786,6.28318530718,
8.377580409573),.UNSPECIFIED.) CURVE() GEOMETRIC_REPRESENTATION_ITEM() 
RATIONAL_B_SPLINE_CURVE((1.,0.5,1.,0.5,1.,0.5,1.)) REPRESENTATION_ITEM(
  '') );
#997 = CARTESIAN_POINT('',(36.2,40.));
#998 = CARTESIAN_POINT('',(36.2,37.921539030917));
#999 = CARTESIAN_POINT('',(34.4,38.960769515459));
#1000 = CARTESIAN_POINT('',(32.6,40.));
#1001 = CARTESIAN_POINT('',(34.4,41.039230484541));
#1002 = CARTESIAN_POINT('',(36.2,42.078460969083));
#1003 = CARTESIAN_POINT('',(36.2,40.));
#1004 = ( GEOMETRIC_REPRESENTATION_CONTEXT(2) 
PARAMETRIC_REPRESENTATION_CONTEXT() REPRESENTATION_CONTEXT('2D SPACE',''
  ) );
#1005 = PCURVE('',#1006,#1011);
#1006 = CYLINDRICAL_SURFACE('',#1007,1.2);
#1007 = AXIS2_PLACEMENT_3D('',#1008,#1009,#1010);
#1008 = CARTESIAN_POINT('',(35.,40.,108.));
#1009 = DIRECTION('',(-0.,-0.,-1.));
#1010 = DIRECTION('',(1.,0.,0.));
#1011 = DEFINITIONAL_REPRESENTATION('',(#1012),#1016);
#1012 = LINE('',#1013,#1014);
#1013 = CARTESIAN_POINT('',(-6.28318530718,-4.));
#1014 = VECTOR('',#1015,1.);
#1015 = DIRECTION('',(1.,-0.));
#1016 = ( GEOMETRIC_REPRESENTATION_CONTEXT(2) 
PARAMETRIC_REPRESENTATION_CONTEXT() REPRESENTATION_CONTEXT('2D SPACE',''
  ) );
#1017 = FACE_BOUND('',#1018,.T.);
#1018 = EDGE_LOOP('',(#1019));
#1019 = ORIENTED_EDGE('',*,*,#1020,.T.);
#1020 = EDGE_CURVE('',#1021,#1021,#1023,.T.);
#1021 = VERTEX_POINT('',#1022);
#1022 = CARTESIAN_POINT('',(91.2,40.,112.));
#1023 = SURFACE_CURVE('',#1024,(#1029,#1040),.PCURVE_S1.);
#1024 = CIRCLE('',#1025,1.2);
#1025 = AXIS2_PLACEMENT_3D('',#1026,#1027,#1028);
#1026 = CARTESIAN_POINT('',(90.,40.,112.));
#1027 = DIRECTION('',(0.,0.,-1.));
#1028 = DIRECTION('',(1.,0.,0.));
#1029 = PCURVE('',#159,#1030);
#1030 = DEFINITIONAL_REPRESENTATION('',(#1031),#1039);
#1031 = ( BOUNDED_CURVE() B_SPLINE_CURVE(2,(#1032,#1033,#1034,#1035,
#1036,#1037,#1038),.UNSPECIFIED.,.T.,.F.) B_SPLINE_CURVE_WITH_KNOTS((1,2
    ,2,2,2,1),(-2.094395102393,0.,2.094395102393,4.188790204786,
6.28318530718,8.377580409573),.UNSPECIFIED.) CURVE() 
GEOMETRIC_REPRESENTATION_ITEM() RATIONAL_B_SPLINE_CURVE((1.,0.5,1.,0.5,
1.,0.5,1.)) REPRESENTATION_ITEM('') );
#1032 = CARTESIAN_POINT('',(91.2,40.));
#1033 = CARTESIAN_POINT('',(91.2,37.921539030917));
#1034 = CARTESIAN_POINT('',(89.4,38.960769515459));
#1035 = CARTESIAN_POINT('',(87.6,40.));
#1036 = CARTESIAN_POINT('',(89.4,41.039230484541));
#1037 = CARTESIAN_POINT('',(91.2,42.078460969083));
#1038 = CARTESIAN_POINT('',(91.2,40.));
#1039 = ( GEOMETRIC_REPRESENTATION_CONTEXT(2) 
PARAMETRIC_REPRESENTATION_CONTEXT() REPRESENTATION_CONTEXT('2D SPACE',''
  ) );
#1040 = PCURVE('',#1041,#1046);
#1041 = CYLINDRICAL_SURFACE('',#1042,1.2);
#1042 = AXIS2_PLACEMENT_3D('',#1043,#1044,#1045);
#1043 = CARTESIAN_POINT('',(90.,40.,108.));
#1044 = DIRECTION('',(-0.,-0.,-1.));
#1045 = DIRECTION('',(1.,0.,0.));
#1046 = DEFINITIONAL_REPRESENTATION('',(#1047),#1051);
#1047 = LINE('',#1048,#1049);
#1048 = CARTESIAN_POINT('',(-6.28318530718,-4.));
#1049 = VECTOR('',#1050,1.);
#1050 = DIRECTION('',(1.,-0.));
#1051 = ( GEOMETRIC_REPRESENTATION_CONTEXT(2) 
PARAMETRIC_REPRESENTATION_CONTEXT() REPRESENTATION_CONTEXT('2D SPACE',''
  ) );
#1052 = FACE_BOUND('',#1053,.T.);
#1053 = EDGE_LOOP('',(#1054));
#1054 = ORIENTED_EDGE('',*,*,#1055,.T.);
#1055 = EDGE_CURVE('',#1056,#1056,#1058,.T.);
#1056 = VERTEX_POINT('',#1057);
#1057 = CARTESIAN_POINT('',(146.2,40.,112.));
#1058 = SURFACE_CURVE('',#1059,(#1064,#1075),.PCURVE_S1.);
#1059 = CIRCLE('',#1060,1.2);
#1060 = AXIS2_PLACEMENT_3D('',#1061,#1062,#1063);
#1061 = CARTESIAN_POINT('',(145.,40.,112.));
#1062 = DIRECTION('',(0.,0.,-1.));
#1063 = DIRECTION('',(1.,0.,0.));
#1064 = PCURVE('',#159,#1065);
#1065 = DEFINITIONAL_REPRESENTATION('',(#1066),#1074);
#1066 = ( BOUNDED_CURVE() B_SPLINE_CURVE(2,(#1067,#1068,#1069,#1070,
#1071,#1072,#1073),.UNSPECIFIED.,.T.,.F.) B_SPLINE_CURVE_WITH_KNOTS((1,2
    ,2,2,2,1),(-2.094395102393,0.,2.094395102393,4.188790204786,
6.28318530718,8.377580409573),.UNSPECIFIED.) CURVE() 
GEOMETRIC_REPRESENTATION_ITEM() RATIONAL_B_SPLINE_CURVE((1.,0.5,1.,0.5,
1.,0.5,1.)) REPRESENTATION_ITEM('') );
#1067 = CARTESIAN_POINT('',(146.2,40.));
#1068 = CARTESIAN_POINT('',(146.2,37.921539030917));
#1069 = CARTESIAN_POINT('',(144.4,38.960769515459));
#1070 = CARTESIAN_POINT('',(142.6,40.));
#1071 = CARTESIAN_POINT('',(144.4,41.039230484541));
#1072 = CARTESIAN_POINT('',(146.2,42.078460969083));
#1073 = CARTESIAN_POINT('',(146.2,40.));
#1074 = ( GEOMETRIC_REPRESENTATION_CONTEXT(2) 
PARAMETRIC_REPRESENTATION_CONTEXT() REPRESENTATION_CONTEXT('2D SPACE',''
  ) );
#1075 = PCURVE('',#1076,#1081);
#1076 = CYLINDRICAL_SURFACE('',#1077,1.2);
#1077 = AXIS2_PLACEMENT_3D('',#1078,#1079,#1080);
#1078 = CARTESIAN_POINT('',(145.,40.,108.));
#1079 = DIRECTION('',(-0.,-0.,-1.));
#1080 = DIRECTION('',(1.,0.,0.));
#1081 = DEFINITIONAL_REPRESENTATION('',(#1082),#1086);
#1082 = LINE('',#1083,#1084);
#1083 = CARTESIAN_POINT('',(-6.28318530718,-4.));
#1084 = VECTOR('',#1085,1.);
#1085 = DIRECTION('',(1.,-0.));
#1086 = ( GEOMETRIC_REPRESENTATION_CONTEXT(2) 
PARAMETRIC_REPRESENTATION_CONTEXT() REPRESENTATION_CONTEXT('2D SPACE',''
  ) );
#1087 = FACE_BOUND('',#1088,.T.);
#1088 = EDGE_LOOP('',(#1089));
#1089 = ORIENTED_EDGE('',*,*,#1090,.T.);
#1090 = EDGE_CURVE('',#1091,#1091,#1093,.T.);
#1091 = VERTEX_POINT('',#1092);
#1092 = CARTESIAN_POINT('',(191.2,40.,112.));
#1093 = SURFACE_CURVE('',#1094,(#1099,#1110),.PCURVE_S1.);
#1094 = CIRCLE('',#1095,1.2);
#1095 = AXIS2_PLACEMENT_3D('',#1096,#1097,#1098);
#1096 = CARTESIAN_POINT('',(190.,40.,112.));
#1097 = DIRECTION('',(0.,0.,-1.));
#1098 = DIRECTION('',(1.,0.,0.));
#1099 = PCURVE('',#159,#1100);
#1100 = DEFINITIONAL_REPRESENTATION('',(#1101),#1109);
#1101 = ( BOUNDED_CURVE() B_SPLINE_CURVE(2,(#1102,#1103,#1104,#1105,
#1106,#1107,#1108),.UNSPECIFIED.,.T.,.F.) B_SPLINE_CURVE_WITH_KNOTS((1,2
    ,2,2,2,1),(-2.094395102393,0.,2.094395102393,4.188790204786,
6.28318530718,8.377580409573),.UNSPECIFIED.) CURVE() 
GEOMETRIC_REPRESENTATION_ITEM() RATIONAL_B_SPLINE_CURVE((1.,0.5,1.,0.5,
1.,0.5,1.)) REPRESENTATION_ITEM('') );
#1102 = CARTESIAN_POINT('',(191.2,40.));
#1103 = CARTESIAN_POINT('',(191.2,37.921539030917));
#1104 = CARTESIAN_POINT('',(189.4,38.960769515459));
#1105 = CARTESIAN_POINT('',(187.6,40.));
#1106 = CARTESIAN_POINT('',(189.4,41.039230484541));
#1107 = CARTESIAN_POINT('',(191.2,42.078460969083));
#1108 = CARTESIAN_POINT('',(191.2,40.));
#1109 = ( GEOMETRIC_REPRESENTATION_CONTEXT(2) 
PARAMETRIC_REPRESENTATION_CONTEXT() REPRESENTATION_CONTEXT('2D SPACE',''
  ) );
#1110 = PCURVE('',#1111,#1116);
#1111 = CYLINDRICAL_SURFACE('',#1112,1.2);
#1112 = AXIS2_PLACEMENT_3D('',#1113,#1114,#1115);
#1113 = CARTESIAN_POINT('',(190.,40.,108.));
#1114 = DIRECTION('',(-0.,-0.,-1.));
#1115 = DIRECTION('',(1.,0.,0.));
#1116 = DEFINITIONAL_REPRESENTATION('',(#1117),#1121);
#1117 = LINE('',#1118,#1119);
#1118 = CARTESIAN_POINT('',(-6.28318530718,-4.));
#1119 = VECTOR('',#1120,1.);
#1120 = DIRECTION('',(1.,-0.));
#1121 = ( GEOMETRIC_REPRESENTATION_CONTEXT(2) 
PARAMETRIC_REPRESENTATION_CONTEXT() REPRESENTATION_CONTEXT('2D SPACE',''
  ) );
#1122 = FACE_BOUND('',#1123,.T.);
#1123 = EDGE_LOOP('',(#1124));
#1124 = ORIENTED_EDGE('',*,*,#1125,.T.);
#1125 = EDGE_CURVE('',#1126,#1126,#1128,.T.);
#1126 = VERTEX_POINT('',#1127);
#1127 = CARTESIAN_POINT('',(221.3,38.,112.));
#1128 = SURFACE_CURVE('',#1129,(#1134,#1145),.PCURVE_S1.);
#1129 = CIRCLE('',#1130,3.3);
#1130 = AXIS2_PLACEMENT_3D('',#1131,#1132,#1133);
#1131 = CARTESIAN_POINT('',(218.,38.,112.));
#1132 = DIRECTION('',(0.,0.,-1.));
#1133 = DIRECTION('',(1.,0.,0.));
#1134 = PCURVE('',#159,#1135);
#1135 = DEFINITIONAL_REPRESENTATION('',(#1136),#1144);
#1136 = ( BOUNDED_CURVE() B_SPLINE_CURVE(2,(#1137,#1138,#1139,#1140,
#1141,#1142,#1143),.UNSPECIFIED.,.T.,.F.) B_SPLINE_CURVE_WITH_KNOTS((1,2
    ,2,2,2,1),(-2.094395102393,0.,2.094395102393,4.188790204786,
6.28318530718,8.377580409573),.UNSPECIFIED.) CURVE() 
GEOMETRIC_REPRESENTATION_ITEM() RATIONAL_B_SPLINE_CURVE((1.,0.5,1.,0.5,
1.,0.5,1.)) REPRESENTATION_ITEM('') );
#1137 = CARTESIAN_POINT('',(221.3,38.));
#1138 = CARTESIAN_POINT('',(221.3,32.284232335023));
#1139 = CARTESIAN_POINT('',(216.35,35.142116167511));
#1140 = CARTESIAN_POINT('',(211.4,38.));
#1141 = CARTESIAN_POINT('',(216.35,40.857883832489));
#1142 = CARTESIAN_POINT('',(221.3,43.715767664977));
#1143 = CARTESIAN_POINT('',(221.3,38.));
#1144 = ( GEOMETRIC_REPRESENTATION_CONTEXT(2) 
PARAMETRIC_REPRESENTATION_CONTEXT() REPRESENTATION_CONTEXT('2D SPACE',''
  ) );
#1145 = PCURVE('',#1146,#1151);
#1146 = CYLINDRICAL_SURFACE('',#1147,3.3);
#1147 = AXIS2_PLACEMENT_3D('',#1148,#1149,#1150);
#1148 = CARTESIAN_POINT('',(218.,38.,92.));
#1149 = DIRECTION('',(-0.,-0.,-1.));
#1150 = DIRECTION('',(1.,0.,0.));
#1151 = DEFINITIONAL_REPRESENTATION('',(#1152),#1156);
#1152 = LINE('',#1153,#1154);
#1153 = CARTESIAN_POINT('',(-6.28318530718,-20.));
#1154 = VECTOR('',#1155,1.);
#1155 = DIRECTION('',(1.,-0.));
#1156 = ( GEOMETRIC_REPRESENTATION_CONTEXT(2) 
PARAMETRIC_REPRESENTATION_CONTEXT() REPRESENTATION_CONTEXT('2D SPACE',''
  ) );
#1157 = FACE_BOUND('',#1158,.T.);
#1158 = EDGE_LOOP('',(#1159));
#1159 = ORIENTED_EDGE('',*,*,#1160,.T.);
#1160 = EDGE_CURVE('',#1161,#1161,#1163,.T.);
#1161 = VERTEX_POINT('',#1162);
#1162 = CARTESIAN_POINT('',(221.3,52.,112.));
#1163 = SURFACE_CURVE('',#1164,(#1169,#1180),.PCURVE_S1.);
#1164 = CIRCLE('',#1165,3.3);
#1165 = AXIS2_PLACEMENT_3D('',#1166,#1167,#1168);
#1166 = CARTESIAN_POINT('',(218.,52.,112.));
#1167 = DIRECTION('',(0.,0.,-1.));
#1168 = DIRECTION('',(1.,0.,0.));
#1169 = PCURVE('',#159,#1170);
#1170 = DEFINITIONAL_REPRESENTATION('',(#1171),#1179);
#1171 = ( BOUNDED_CURVE() B_SPLINE_CURVE(2,(#1172,#1173,#1174,#1175,
#1176,#1177,#1178),.UNSPECIFIED.,.T.,.F.) B_SPLINE_CURVE_WITH_KNOTS((1,2
    ,2,2,2,1),(-2.094395102393,0.,2.094395102393,4.188790204786,
6.28318530718,8.377580409573),.UNSPECIFIED.) CURVE() 
GEOMETRIC_REPRESENTATION_ITEM() RATIONAL_B_SPLINE_CURVE((1.,0.5,1.,0.5,
1.,0.5,1.)) REPRESENTATION_ITEM('') );
#1172 = CARTESIAN_POINT('',(221.3,52.));
#1173 = CARTESIAN_POINT('',(221.3,46.284232335023));
#1174 = CARTESIAN_POINT('',(216.35,49.142116167511));
#1175 = CARTESIAN_POINT('',(211.4,52.));
#1176 = CARTESIAN_POINT('',(216.35,54.857883832489));
#1177 = CARTESIAN_POINT('',(221.3,57.715767664977));
#1178 = CARTESIAN_POINT('',(221.3,52.));
#1179 = ( GEOMETRIC_REPRESENTATION_CONTEXT(2) 
PARAMETRIC_REPRESENTATION_CONTEXT() REPRESENTATION_CONTEXT('2D SPACE',''
  ) );
#1180 = PCURVE('',#1181,#1186);
#1181 = CYLINDRICAL_SURFACE('',#1182,3.3);
#1182 = AXIS2_PLACEMENT_3D('',#1183,#1184,#1185);
#1183 = CARTESIAN_POINT('',(218.,52.,92.));
#1184 = DIRECTION('',(-0.,-0.,-1.));
#1185 = DIRECTION('',(1.,0.,0.));
#1186 = DEFINITIONAL_REPRESENTATION('',(#1187),#1191);
#1187 = LINE('',#1188,#1189);
#1188 = CARTESIAN_POINT('',(-6.28318530718,-20.));
#1189 = VECTOR('',#1190,1.);
#1190 = DIRECTION('',(1.,-0.));
#1191 = ( GEOMETRIC_REPRESENTATION_CONTEXT(2) 
PARAMETRIC_REPRESENTATION_CONTEXT() REPRESENTATION_CONTEXT('2D SPACE',''
  ) );
#1192 = ADVANCED_FACE('',(#1193),#304,.T.);
#1193 = FACE_BOUND('',#1194,.T.);
#1194 = EDGE_LOOP('',(#1195,#1218,#1219,#1220,#1221,#1257));
#1195 = ORIENTED_EDGE('',*,*,#1196,.F.);
#1196 = EDGE_CURVE('',#355,#1197,#1199,.T.);
#1197 = VERTEX_POINT('',#1198);
#1198 = CARTESIAN_POINT('',(231.,80.,109.));
#1199 = SURFACE_CURVE('',#1200,(#1204,#1211),.PCURVE_S1.);
#1200 = LINE('',#1201,#1202);
#1201 = CARTESIAN_POINT('',(0.,80.,109.));
#1202 = VECTOR('',#1203,1.);
#1203 = DIRECTION('',(1.,0.,0.));
#1204 = PCURVE('',#304,#1205);
#1205 = DEFINITIONAL_REPRESENTATION('',(#1206),#1210);
#1206 = LINE('',#1207,#1208);
#1207 = CARTESIAN_POINT('',(0.,0.));
#1208 = VECTOR('',#1209,1.);
#1209 = DIRECTION('',(0.,1.));
#1210 = ( GEOMETRIC_REPRESENTATION_CONTEXT(2) 
PARAMETRIC_REPRESENTATION_CONTEXT() REPRESENTATION_CONTEXT('2D SPACE',''
  ) );
#1211 = PCURVE('',#370,#1212);
#1212 = DEFINITIONAL_REPRESENTATION('',(#1213),#1217);
#1213 = LINE('',#1214,#1215);
#1214 = CARTESIAN_POINT('',(109.,0.));
#1215 = VECTOR('',#1216,1.);
#1216 = DIRECTION('',(0.,1.));
#1217 = ( GEOMETRIC_REPRESENTATION_CONTEXT(2) 
PARAMETRIC_REPRESENTATION_CONTEXT() REPRESENTATION_CONTEXT('2D SPACE',''
  ) );
#1218 = ORIENTED_EDGE('',*,*,#382,.T.);
#1219 = ORIENTED_EDGE('',*,*,#283,.T.);
#1220 = ORIENTED_EDGE('',*,*,#927,.T.);
#1221 = ORIENTED_EDGE('',*,*,#1222,.F.);
#1222 = EDGE_CURVE('',#1223,#900,#1225,.T.);
#1223 = VERTEX_POINT('',#1224);
#1224 = CARTESIAN_POINT('',(233.12132034356,79.12132034356,
    111.12132034356));
#1225 = SURFACE_CURVE('',#1226,(#1231,#1244),.PCURVE_S1.);
#1226 = ELLIPSE('',#1227,4.242640687119,3.);
#1227 = AXIS2_PLACEMENT_3D('',#1228,#1229,#1230);
#1228 = CARTESIAN_POINT('',(231.,77.,109.));
#1229 = DIRECTION('',(0.707106781187,-0.707106781187,0.));
#1230 = DIRECTION('',(0.707106781187,0.707106781187,0.));
#1231 = PCURVE('',#304,#1232);
#1232 = DEFINITIONAL_REPRESENTATION('',(#1233),#1243);
#1233 = B_SPLINE_CURVE_WITH_KNOTS('',8,(#1234,#1235,#1236,#1237,#1238,
    #1239,#1240,#1241,#1242),.UNSPECIFIED.,.F.,.F.,(9,9),(0.,
    1.570796326795),.PIECEWISE_BEZIER_KNOTS.);
#1234 = CARTESIAN_POINT('',(0.,234.));
#1235 = CARTESIAN_POINT('',(0.196349540849,234.));
#1236 = CARTESIAN_POINT('',(0.392699081698,233.86781767197));
#1237 = CARTESIAN_POINT('',(0.589048622549,233.60345413896));
#1238 = CARTESIAN_POINT('',(0.785398163397,233.21777625079));
#1239 = CARTESIAN_POINT('',(0.981747704246,232.73253978404));
#1240 = CARTESIAN_POINT('',(1.178097245095,232.17809738469));
#1241 = CARTESIAN_POINT('',(1.374446785946,231.58904862254));
#1242 = CARTESIAN_POINT('',(1.570796326795,231.));
#1243 = ( GEOMETRIC_REPRESENTATION_CONTEXT(2) 
PARAMETRIC_REPRESENTATION_CONTEXT() REPRESENTATION_CONTEXT('2D SPACE',''
  ) );
#1244 = PCURVE('',#915,#1245);
#1245 = DEFINITIONAL_REPRESENTATION('',(#1246),#1256);
#1246 = B_SPLINE_CURVE_WITH_KNOTS('',8,(#1247,#1248,#1249,#1250,#1251,
    #1252,#1253,#1254,#1255),.UNSPECIFIED.,.F.,.F.,(9,9),(0.,
    1.570796326795),.PIECEWISE_BEZIER_KNOTS.);
#1247 = CARTESIAN_POINT('',(0.,80.));
#1248 = CARTESIAN_POINT('',(-0.196349540849,80.));
#1249 = CARTESIAN_POINT('',(-0.392699081698,79.867817671926));
#1250 = CARTESIAN_POINT('',(-0.589048622548,79.603454139607));
#1251 = CARTESIAN_POINT('',(-0.785398163397,79.217776250327));
#1252 = CARTESIAN_POINT('',(-0.981747704248,78.732539784047));
#1253 = CARTESIAN_POINT('',(-1.178097245096,78.178097384764));
#1254 = CARTESIAN_POINT('',(-1.374446785946,77.589048622548));
#1255 = CARTESIAN_POINT('',(-1.570796326795,77.));
#1256 = ( GEOMETRIC_REPRESENTATION_CONTEXT(2) 
PARAMETRIC_REPRESENTATION_CONTEXT() REPRESENTATION_CONTEXT('2D SPACE',''
  ) );
#1257 = ORIENTED_EDGE('',*,*,#1258,.T.);
#1258 = EDGE_CURVE('',#1223,#1197,#1259,.T.);
#1259 = SURFACE_CURVE('',#1260,(#1265,#1278),.PCURVE_S1.);
#1260 = ELLIPSE('',#1261,4.242640687119,3.);
#1261 = AXIS2_PLACEMENT_3D('',#1262,#1263,#1264);
#1262 = CARTESIAN_POINT('',(231.,77.,109.));
#1263 = DIRECTION('',(-0.707106781187,0.,0.707106781187));
#1264 = DIRECTION('',(0.707106781187,0.,0.707106781187));
#1265 = PCURVE('',#304,#1266);
#1266 = DEFINITIONAL_REPRESENTATION('',(#1267),#1277);
#1267 = B_SPLINE_CURVE_WITH_KNOTS('',8,(#1268,#1269,#1270,#1271,#1272,
    #1273,#1274,#1275,#1276),.UNSPECIFIED.,.F.,.F.,(9,9),(0.,
    1.570796326795),.PIECEWISE_BEZIER_KNOTS.);
#1268 = CARTESIAN_POINT('',(1.570796326795,234.));
#1269 = CARTESIAN_POINT('',(1.374446785946,234.));
#1270 = CARTESIAN_POINT('',(1.178097245096,233.86781767197));
#1271 = CARTESIAN_POINT('',(0.981747704242,233.60345413896));
#1272 = CARTESIAN_POINT('',(0.785398163398,233.21777625079));
#1273 = CARTESIAN_POINT('',(0.589048622546,232.73253978404));
#1274 = CARTESIAN_POINT('',(0.392699081699,232.17809738469));
#1275 = CARTESIAN_POINT('',(0.196349540849,231.58904862254));
#1276 = CARTESIAN_POINT('',(0.,231.));
#1277 = ( GEOMETRIC_REPRESENTATION_CONTEXT(2) 
PARAMETRIC_REPRESENTATION_CONTEXT() REPRESENTATION_CONTEXT('2D SPACE',''
  ) );
#1278 = PCURVE('',#551,#1279);
#1279 = DEFINITIONAL_REPRESENTATION('',(#1280),#1290);
#1280 = B_SPLINE_CURVE_WITH_KNOTS('',8,(#1281,#1282,#1283,#1284,#1285,
    #1286,#1287,#1288,#1289),.UNSPECIFIED.,.F.,.F.,(9,9),(0.,
    1.570796326795),.PIECEWISE_BEZIER_KNOTS.);
#1281 = CARTESIAN_POINT('',(0.,112.));
#1282 = CARTESIAN_POINT('',(0.196349540849,112.));
#1283 = CARTESIAN_POINT('',(0.392699081698,111.86781767198));
#1284 = CARTESIAN_POINT('',(0.589048622548,111.60345413931));
#1285 = CARTESIAN_POINT('',(0.785398163397,111.21777625172));
#1286 = CARTESIAN_POINT('',(0.981747704248,110.73253978363));
#1287 = CARTESIAN_POINT('',(1.178097245096,110.17809738488));
#1288 = CARTESIAN_POINT('',(1.374446785946,109.58904862254));
#1289 = CARTESIAN_POINT('',(1.570796326795,109.));
#1290 = ( GEOMETRIC_REPRESENTATION_CONTEXT(2) 
PARAMETRIC_REPRESENTATION_CONTEXT() REPRESENTATION_CONTEXT('2D SPACE',''
  ) );
#1291 = ADVANCED_FACE('',(#1292),#194,.T.);
#1292 = FACE_BOUND('',#1293,.T.);
#1293 = EDGE_LOOP('',(#1294,#1295,#1296,#1297,#1320,#1356));
#1294 = ORIENTED_EDGE('',*,*,#876,.F.);
#1295 = ORIENTED_EDGE('',*,*,#171,.T.);
#1296 = ORIENTED_EDGE('',*,*,#837,.T.);
#1297 = ORIENTED_EDGE('',*,*,#1298,.T.);
#1298 = EDGE_CURVE('',#815,#1299,#1301,.T.);
#1299 = VERTEX_POINT('',#1300);
#1300 = CARTESIAN_POINT('',(231.,-4.440892098501E-16,109.));
#1301 = SURFACE_CURVE('',#1302,(#1306,#1313),.PCURVE_S1.);
#1302 = LINE('',#1303,#1304);
#1303 = CARTESIAN_POINT('',(0.,-4.440892098501E-16,109.));
#1304 = VECTOR('',#1305,1.);
#1305 = DIRECTION('',(1.,0.,0.));
#1306 = PCURVE('',#194,#1307);
#1307 = DEFINITIONAL_REPRESENTATION('',(#1308),#1312);
#1308 = LINE('',#1309,#1310);
#1309 = CARTESIAN_POINT('',(1.570796326795,0.));
#1310 = VECTOR('',#1311,1.);
#1311 = DIRECTION('',(0.,1.));
#1312 = ( GEOMETRIC_REPRESENTATION_CONTEXT(2) 
PARAMETRIC_REPRESENTATION_CONTEXT() REPRESENTATION_CONTEXT('2D SPACE',''
  ) );
#1313 = PCURVE('',#461,#1314);
#1314 = DEFINITIONAL_REPRESENTATION('',(#1315),#1319);
#1315 = LINE('',#1316,#1317);
#1316 = CARTESIAN_POINT('',(109.,0.));
#1317 = VECTOR('',#1318,1.);
#1318 = DIRECTION('',(0.,1.));
#1319 = ( GEOMETRIC_REPRESENTATION_CONTEXT(2) 
PARAMETRIC_REPRESENTATION_CONTEXT() REPRESENTATION_CONTEXT('2D SPACE',''
  ) );
#1320 = ORIENTED_EDGE('',*,*,#1321,.T.);
#1321 = EDGE_CURVE('',#1299,#1322,#1324,.T.);
#1322 = VERTEX_POINT('',#1323);
#1323 = CARTESIAN_POINT('',(233.12132034356,0.87867965644,
    111.12132034356));
#1324 = SURFACE_CURVE('',#1325,(#1330,#1343),.PCURVE_S1.);
#1325 = ELLIPSE('',#1326,4.242640687119,3.);
#1326 = AXIS2_PLACEMENT_3D('',#1327,#1328,#1329);
#1327 = CARTESIAN_POINT('',(231.,3.,109.));
#1328 = DIRECTION('',(-0.707106781187,0.,0.707106781187));
#1329 = DIRECTION('',(0.707106781187,0.,0.707106781187));
#1330 = PCURVE('',#194,#1331);
#1331 = DEFINITIONAL_REPRESENTATION('',(#1332),#1342);
#1332 = B_SPLINE_CURVE_WITH_KNOTS('',8,(#1333,#1334,#1335,#1336,#1337,
    #1338,#1339,#1340,#1341),.UNSPECIFIED.,.F.,.F.,(9,9),(4.712388980385
    ,6.28318530718),.PIECEWISE_BEZIER_KNOTS.);
#1333 = CARTESIAN_POINT('',(1.570796326795,231.));
#1334 = CARTESIAN_POINT('',(1.374446785946,231.58904862254));
#1335 = CARTESIAN_POINT('',(1.178097245095,232.17809738472));
#1336 = CARTESIAN_POINT('',(0.981747704246,232.73253978381));
#1337 = CARTESIAN_POINT('',(0.785398163394,233.21777625056));
#1338 = CARTESIAN_POINT('',(0.589048622548,233.60345413931));
#1339 = CARTESIAN_POINT('',(0.392699081698,233.86781767188));
#1340 = CARTESIAN_POINT('',(0.196349540849,234.));
#1341 = CARTESIAN_POINT('',(2.960594732334E-16,234.));
#1342 = ( GEOMETRIC_REPRESENTATION_CONTEXT(2) 
PARAMETRIC_REPRESENTATION_CONTEXT() REPRESENTATION_CONTEXT('2D SPACE',''
  ) );
#1343 = PCURVE('',#494,#1344);
#1344 = DEFINITIONAL_REPRESENTATION('',(#1345),#1355);
#1345 = B_SPLINE_CURVE_WITH_KNOTS('',8,(#1346,#1347,#1348,#1349,#1350,
    #1351,#1352,#1353,#1354),.UNSPECIFIED.,.F.,.F.,(9,9),(4.712388980385
    ,6.28318530718),.PIECEWISE_BEZIER_KNOTS.);
#1346 = CARTESIAN_POINT('',(-1.570796326795,109.));
#1347 = CARTESIAN_POINT('',(-1.374446785946,109.58904862254));
#1348 = CARTESIAN_POINT('',(-1.178097245096,110.17809738492));
#1349 = CARTESIAN_POINT('',(-0.981747704247,110.7325397834));
#1350 = CARTESIAN_POINT('',(-0.785398163394,111.21777625184));
#1351 = CARTESIAN_POINT('',(-0.589048622548,111.6034541389));
#1352 = CARTESIAN_POINT('',(-0.392699081698,111.86781767202));
#1353 = CARTESIAN_POINT('',(-0.196349540849,112.));
#1354 = CARTESIAN_POINT('',(-2.960594732334E-16,112.));
#1355 = ( GEOMETRIC_REPRESENTATION_CONTEXT(2) 
PARAMETRIC_REPRESENTATION_CONTEXT() REPRESENTATION_CONTEXT('2D SPACE',''
  ) );
#1356 = ORIENTED_EDGE('',*,*,#1357,.F.);
#1357 = EDGE_CURVE('',#877,#1322,#1358,.T.);
#1358 = SURFACE_CURVE('',#1359,(#1364,#1377),.PCURVE_S1.);
#1359 = ELLIPSE('',#1360,4.242640687119,3.);
#1360 = AXIS2_PLACEMENT_3D('',#1361,#1362,#1363);
#1361 = CARTESIAN_POINT('',(231.,3.,109.));
#1362 = DIRECTION('',(0.707106781187,0.707106781187,0.));
#1363 = DIRECTION('',(0.707106781187,-0.707106781187,0.));
#1364 = PCURVE('',#194,#1365);
#1365 = DEFINITIONAL_REPRESENTATION('',(#1366),#1376);
#1366 = B_SPLINE_CURVE_WITH_KNOTS('',8,(#1367,#1368,#1369,#1370,#1371,
    #1372,#1373,#1374,#1375),.UNSPECIFIED.,.F.,.F.,(9,9),(4.712388980385
    ,6.28318530718),.PIECEWISE_BEZIER_KNOTS.);
#1367 = CARTESIAN_POINT('',(0.,231.));
#1368 = CARTESIAN_POINT('',(0.196349540849,231.58904862254));
#1369 = CARTESIAN_POINT('',(0.392699081699,232.17809738472));
#1370 = CARTESIAN_POINT('',(0.589048622548,232.73253978381));
#1371 = CARTESIAN_POINT('',(0.785398163393,233.21777625056));
#1372 = CARTESIAN_POINT('',(0.981747704247,233.60345413931));
#1373 = CARTESIAN_POINT('',(1.178097245097,233.86781767188));
#1374 = CARTESIAN_POINT('',(1.374446785946,234.));
#1375 = CARTESIAN_POINT('',(1.570796326795,234.));
#1376 = ( GEOMETRIC_REPRESENTATION_CONTEXT(2) 
PARAMETRIC_REPRESENTATION_CONTEXT() REPRESENTATION_CONTEXT('2D SPACE',''
  ) );
#1377 = PCURVE('',#915,#1378);
#1378 = DEFINITIONAL_REPRESENTATION('',(#1379),#1389);
#1379 = B_SPLINE_CURVE_WITH_KNOTS('',8,(#1380,#1381,#1382,#1383,#1384,
    #1385,#1386,#1387,#1388),.UNSPECIFIED.,.F.,.F.,(9,9),(4.712388980385
    ,6.28318530718),.PIECEWISE_BEZIER_KNOTS.);
#1380 = CARTESIAN_POINT('',(-1.570796326795,3.));
#1381 = CARTESIAN_POINT('',(-1.374446785946,2.410951377452));
#1382 = CARTESIAN_POINT('',(-1.178097245096,1.821902615044));
#1383 = CARTESIAN_POINT('',(-0.981747704249,1.267460216366));
#1384 = CARTESIAN_POINT('',(-0.785398163391,0.782223748267));
#1385 = CARTESIAN_POINT('',(-0.589048622549,0.396545860979));
#1386 = CARTESIAN_POINT('',(-0.392699081698,0.132182327958));
#1387 = CARTESIAN_POINT('',(-0.196349540849,-2.998139078209E-16));
#1388 = CARTESIAN_POINT('',(0.,-4.440892098501E-16));
#1389 = ( GEOMETRIC_REPRESENTATION_CONTEXT(2) 
PARAMETRIC_REPRESENTATION_CONTEXT() REPRESENTATION_CONTEXT('2D SPACE',''
  ) );
#1390 = ADVANCED_FACE('',(#1391,#1417),#370,.T.);
#1391 = FACE_BOUND('',#1392,.T.);
#1392 = EDGE_LOOP('',(#1393,#1394,#1395,#1396));
#1393 = ORIENTED_EDGE('',*,*,#563,.F.);
#1394 = ORIENTED_EDGE('',*,*,#354,.T.);
#1395 = ORIENTED_EDGE('',*,*,#1196,.T.);
#1396 = ORIENTED_EDGE('',*,*,#1397,.F.);
#1397 = EDGE_CURVE('',#535,#1197,#1398,.T.);
#1398 = SURFACE_CURVE('',#1399,(#1403,#1410),.PCURVE_S1.);
#1399 = LINE('',#1400,#1401);
#1400 = CARTESIAN_POINT('',(231.,80.,0.));
#1401 = VECTOR('',#1402,1.);
#1402 = DIRECTION('',(0.,0.,1.));
#1403 = PCURVE('',#370,#1404);
#1404 = DEFINITIONAL_REPRESENTATION('',(#1405),#1409);
#1405 = LINE('',#1406,#1407);
#1406 = CARTESIAN_POINT('',(0.,231.));
#1407 = VECTOR('',#1408,1.);
#1408 = DIRECTION('',(1.,0.));
#1409 = ( GEOMETRIC_REPRESENTATION_CONTEXT(2) 
PARAMETRIC_REPRESENTATION_CONTEXT() REPRESENTATION_CONTEXT('2D SPACE',''
  ) );
#1410 = PCURVE('',#551,#1411);
#1411 = DEFINITIONAL_REPRESENTATION('',(#1412),#1416);
#1412 = LINE('',#1413,#1414);
#1413 = CARTESIAN_POINT('',(1.570796326795,0.));
#1414 = VECTOR('',#1415,1.);
#1415 = DIRECTION('',(0.,1.));
#1416 = ( GEOMETRIC_REPRESENTATION_CONTEXT(2) 
PARAMETRIC_REPRESENTATION_CONTEXT() REPRESENTATION_CONTEXT('2D SPACE',''
  ) );
#1417 = FACE_BOUND('',#1418,.T.);
#1418 = EDGE_LOOP('',(#1419));
#1419 = ORIENTED_EDGE('',*,*,#1420,.T.);
#1420 = EDGE_CURVE('',#1421,#1421,#1423,.T.);
#1421 = VERTEX_POINT('',#1422);
#1422 = CARTESIAN_POINT('',(206.1,80.,5.8));
#1423 = SURFACE_CURVE('',#1424,(#1429,#1440),.PCURVE_S1.);
#1424 = CIRCLE('',#1425,2.1);
#1425 = AXIS2_PLACEMENT_3D('',#1426,#1427,#1428);
#1426 = CARTESIAN_POINT('',(204.,80.,5.8));
#1427 = DIRECTION('',(0.,-1.,0.));
#1428 = DIRECTION('',(1.,0.,0.));
#1429 = PCURVE('',#370,#1430);
#1430 = DEFINITIONAL_REPRESENTATION('',(#1431),#1439);
#1431 = ( BOUNDED_CURVE() B_SPLINE_CURVE(2,(#1432,#1433,#1434,#1435,
#1436,#1437,#1438),.UNSPECIFIED.,.T.,.F.) B_SPLINE_CURVE_WITH_KNOTS((1,2
    ,2,2,2,1),(-2.094395102393,0.,2.094395102393,4.188790204786,
6.28318530718,8.377580409573),.UNSPECIFIED.) CURVE() 
GEOMETRIC_REPRESENTATION_ITEM() RATIONAL_B_SPLINE_CURVE((1.,0.5,1.,0.5,
1.,0.5,1.)) REPRESENTATION_ITEM('') );
#1432 = CARTESIAN_POINT('',(5.8,206.1));
#1433 = CARTESIAN_POINT('',(9.437306695895,206.1));
#1434 = CARTESIAN_POINT('',(7.618653347947,202.95));
#1435 = CARTESIAN_POINT('',(5.8,199.8));
#1436 = CARTESIAN_POINT('',(3.981346652053,202.95));
#1437 = CARTESIAN_POINT('',(2.162693304105,206.1));
#1438 = CARTESIAN_POINT('',(5.8,206.1));
#1439 = ( GEOMETRIC_REPRESENTATION_CONTEXT(2) 
PARAMETRIC_REPRESENTATION_CONTEXT() REPRESENTATION_CONTEXT('2D SPACE',''
  ) );
#1440 = PCURVE('',#1441,#1446);
#1441 = CYLINDRICAL_SURFACE('',#1442,2.1);
#1442 = AXIS2_PLACEMENT_3D('',#1443,#1444,#1445);
#1443 = CARTESIAN_POINT('',(204.,76.4,5.8));
#1444 = DIRECTION('',(0.,-1.,0.));
#1445 = DIRECTION('',(1.,0.,0.));
#1446 = DEFINITIONAL_REPRESENTATION('',(#1447),#1451);
#1447 = LINE('',#1448,#1449);
#1448 = CARTESIAN_POINT('',(0.,-3.6));
#1449 = VECTOR('',#1450,1.);
#1450 = DIRECTION('',(1.,0.));
#1451 = ( GEOMETRIC_REPRESENTATION_CONTEXT(2) 
PARAMETRIC_REPRESENTATION_CONTEXT() REPRESENTATION_CONTEXT('2D SPACE',''
  ) );
#1452 = ADVANCED_FACE('',(#1453,#1479),#461,.F.);
#1453 = FACE_BOUND('',#1454,.F.);
#1454 = EDGE_LOOP('',(#1455,#1456,#1457,#1458));
#1455 = ORIENTED_EDGE('',*,*,#445,.F.);
#1456 = ORIENTED_EDGE('',*,*,#814,.T.);
#1457 = ORIENTED_EDGE('',*,*,#1298,.T.);
#1458 = ORIENTED_EDGE('',*,*,#1459,.F.);
#1459 = EDGE_CURVE('',#446,#1299,#1460,.T.);
#1460 = SURFACE_CURVE('',#1461,(#1465,#1472),.PCURVE_S1.);
#1461 = LINE('',#1462,#1463);
#1462 = CARTESIAN_POINT('',(231.,-4.440892098501E-16,0.));
#1463 = VECTOR('',#1464,1.);
#1464 = DIRECTION('',(0.,0.,1.));
#1465 = PCURVE('',#461,#1466);
#1466 = DEFINITIONAL_REPRESENTATION('',(#1467),#1471);
#1467 = LINE('',#1468,#1469);
#1468 = CARTESIAN_POINT('',(0.,231.));
#1469 = VECTOR('',#1470,1.);
#1470 = DIRECTION('',(1.,0.));
#1471 = ( GEOMETRIC_REPRESENTATION_CONTEXT(2) 
PARAMETRIC_REPRESENTATION_CONTEXT() REPRESENTATION_CONTEXT('2D SPACE',''
  ) );
#1472 = PCURVE('',#494,#1473);
#1473 = DEFINITIONAL_REPRESENTATION('',(#1474),#1478);
#1474 = LINE('',#1475,#1476);
#1475 = CARTESIAN_POINT('',(-1.570796326795,0.));
#1476 = VECTOR('',#1477,1.);
#1477 = DIRECTION('',(-0.,1.));
#1478 = ( GEOMETRIC_REPRESENTATION_CONTEXT(2) 
PARAMETRIC_REPRESENTATION_CONTEXT() REPRESENTATION_CONTEXT('2D SPACE',''
  ) );
#1479 = FACE_BOUND('',#1480,.F.);
#1480 = EDGE_LOOP('',(#1481,#1509,#1538,#1564,#1593,#1619,#1648,#1674));
#1481 = ORIENTED_EDGE('',*,*,#1482,.F.);
#1482 = EDGE_CURVE('',#1483,#1485,#1487,.T.);
#1483 = VERTEX_POINT('',#1484);
#1484 = CARTESIAN_POINT('',(204.,0.,28.));
#1485 = VERTEX_POINT('',#1486);
#1486 = CARTESIAN_POINT('',(30.,0.,28.));
#1487 = SURFACE_CURVE('',#1488,(#1492,#1498),.PCURVE_S1.);
#1488 = LINE('',#1489,#1490);
#1489 = CARTESIAN_POINT('',(10.,0.,28.));
#1490 = VECTOR('',#1491,1.);
#1491 = DIRECTION('',(-1.,0.,0.));
#1492 = PCURVE('',#461,#1493);
#1493 = DEFINITIONAL_REPRESENTATION('',(#1494),#1497);
#1494 = B_SPLINE_CURVE_WITH_KNOTS('',1,(#1495,#1496),.UNSPECIFIED.,.F.,
  .F.,(2,2),(-194.,-20.),.PIECEWISE_BEZIER_KNOTS.);
#1495 = CARTESIAN_POINT('',(28.,204.));
#1496 = CARTESIAN_POINT('',(28.,30.));
#1497 = ( GEOMETRIC_REPRESENTATION_CONTEXT(2) 
PARAMETRIC_REPRESENTATION_CONTEXT() REPRESENTATION_CONTEXT('2D SPACE',''
  ) );
#1498 = PCURVE('',#1499,#1504);
#1499 = PLANE('',#1500);
#1500 = AXIS2_PLACEMENT_3D('',#1501,#1502,#1503);
#1501 = CARTESIAN_POINT('',(20.,-1.,28.));
#1502 = DIRECTION('',(0.,0.,-1.));
#1503 = DIRECTION('',(1.,0.,0.));
#1504 = DEFINITIONAL_REPRESENTATION('',(#1505),#1508);
#1505 = B_SPLINE_CURVE_WITH_KNOTS('',1,(#1506,#1507),.UNSPECIFIED.,.F.,
  .F.,(2,2),(-194.,-20.),.PIECEWISE_BEZIER_KNOTS.);
#1506 = CARTESIAN_POINT('',(184.,-1.));
#1507 = CARTESIAN_POINT('',(10.,-1.));
#1508 = ( GEOMETRIC_REPRESENTATION_CONTEXT(2) 
PARAMETRIC_REPRESENTATION_CONTEXT() REPRESENTATION_CONTEXT('2D SPACE',''
  ) );
#1509 = ORIENTED_EDGE('',*,*,#1510,.F.);
#1510 = EDGE_CURVE('',#1511,#1483,#1513,.T.);
#1511 = VERTEX_POINT('',#1512);
#1512 = CARTESIAN_POINT('',(214.,0.,38.));
#1513 = SURFACE_CURVE('',#1514,(#1519,#1526),.PCURVE_S1.);
#1514 = CIRCLE('',#1515,10.);
#1515 = AXIS2_PLACEMENT_3D('',#1516,#1517,#1518);
#1516 = CARTESIAN_POINT('',(204.,0.,38.));
#1517 = DIRECTION('',(-0.,1.,0.));
#1518 = DIRECTION('',(0.,0.,-1.));
#1519 = PCURVE('',#461,#1520);
#1520 = DEFINITIONAL_REPRESENTATION('',(#1521),#1525);
#1521 = CIRCLE('',#1522,10.);
#1522 = AXIS2_PLACEMENT_2D('',#1523,#1524);
#1523 = CARTESIAN_POINT('',(38.,204.));
#1524 = DIRECTION('',(-1.,0.));
#1525 = ( GEOMETRIC_REPRESENTATION_CONTEXT(2) 
PARAMETRIC_REPRESENTATION_CONTEXT() REPRESENTATION_CONTEXT('2D SPACE',''
  ) );
#1526 = PCURVE('',#1527,#1532);
#1527 = CYLINDRICAL_SURFACE('',#1528,10.);
#1528 = AXIS2_PLACEMENT_3D('',#1529,#1530,#1531);
#1529 = CARTESIAN_POINT('',(204.,-1.,38.));
#1530 = DIRECTION('',(-0.,1.,-0.));
#1531 = DIRECTION('',(0.,0.,-1.));
#1532 = DEFINITIONAL_REPRESENTATION('',(#1533),#1537);
#1533 = LINE('',#1534,#1535);
#1534 = CARTESIAN_POINT('',(-6.28318530718,1.));
#1535 = VECTOR('',#1536,1.);
#1536 = DIRECTION('',(1.,-0.));
#1537 = ( GEOMETRIC_REPRESENTATION_CONTEXT(2) 
PARAMETRIC_REPRESENTATION_CONTEXT() REPRESENTATION_CONTEXT('2D SPACE',''
  ) );
#1538 = ORIENTED_EDGE('',*,*,#1539,.F.);
#1539 = EDGE_CURVE('',#1540,#1511,#1542,.T.);
#1540 = VERTEX_POINT('',#1541);
#1541 = CARTESIAN_POINT('',(214.,0.,82.));
#1542 = SURFACE_CURVE('',#1543,(#1547,#1553),.PCURVE_S1.);
#1543 = LINE('',#1544,#1545);
#1544 = CARTESIAN_POINT('',(214.,0.,14.));
#1545 = VECTOR('',#1546,1.);
#1546 = DIRECTION('',(-0.,0.,-1.));
#1547 = PCURVE('',#461,#1548);
#1548 = DEFINITIONAL_REPRESENTATION('',(#1549),#1552);
#1549 = B_SPLINE_CURVE_WITH_KNOTS('',1,(#1550,#1551),.UNSPECIFIED.,.F.,
  .F.,(2,2),(-68.,-24.),.PIECEWISE_BEZIER_KNOTS.);
#1550 = CARTESIAN_POINT('',(82.,214.));
#1551 = CARTESIAN_POINT('',(38.,214.));
#1552 = ( GEOMETRIC_REPRESENTATION_CONTEXT(2) 
PARAMETRIC_REPRESENTATION_CONTEXT() REPRESENTATION_CONTEXT('2D SPACE',''
  ) );
#1553 = PCURVE('',#1554,#1559);
#1554 = PLANE('',#1555);
#1555 = AXIS2_PLACEMENT_3D('',#1556,#1557,#1558);
#1556 = CARTESIAN_POINT('',(214.,-1.,28.));
#1557 = DIRECTION('',(1.,0.,-0.));
#1558 = DIRECTION('',(0.,0.,1.));
#1559 = DEFINITIONAL_REPRESENTATION('',(#1560),#1563);
#1560 = B_SPLINE_CURVE_WITH_KNOTS('',1,(#1561,#1562),.UNSPECIFIED.,.F.,
  .F.,(2,2),(-68.,-24.),.PIECEWISE_BEZIER_KNOTS.);
#1561 = CARTESIAN_POINT('',(54.,-1.));
#1562 = CARTESIAN_POINT('',(10.,-1.));
#1563 = ( GEOMETRIC_REPRESENTATION_CONTEXT(2) 
PARAMETRIC_REPRESENTATION_CONTEXT() REPRESENTATION_CONTEXT('2D SPACE',''
  ) );
#1564 = ORIENTED_EDGE('',*,*,#1565,.F.);
#1565 = EDGE_CURVE('',#1566,#1540,#1568,.T.);
#1566 = VERTEX_POINT('',#1567);
#1567 = CARTESIAN_POINT('',(204.,0.,92.));
#1568 = SURFACE_CURVE('',#1569,(#1574,#1581),.PCURVE_S1.);
#1569 = CIRCLE('',#1570,10.);
#1570 = AXIS2_PLACEMENT_3D('',#1571,#1572,#1573);
#1571 = CARTESIAN_POINT('',(204.,0.,82.));
#1572 = DIRECTION('',(-0.,1.,-0.));
#1573 = DIRECTION('',(1.,0.,-0.));
#1574 = PCURVE('',#461,#1575);
#1575 = DEFINITIONAL_REPRESENTATION('',(#1576),#1580);
#1576 = CIRCLE('',#1577,10.);
#1577 = AXIS2_PLACEMENT_2D('',#1578,#1579);
#1578 = CARTESIAN_POINT('',(82.,204.));
#1579 = DIRECTION('',(0.,1.));
#1580 = ( GEOMETRIC_REPRESENTATION_CONTEXT(2) 
PARAMETRIC_REPRESENTATION_CONTEXT() REPRESENTATION_CONTEXT('2D SPACE',''
  ) );
#1581 = PCURVE('',#1582,#1587);
#1582 = CYLINDRICAL_SURFACE('',#1583,10.);
#1583 = AXIS2_PLACEMENT_3D('',#1584,#1585,#1586);
#1584 = CARTESIAN_POINT('',(204.,-1.,82.));
#1585 = DIRECTION('',(-0.,1.,-0.));
#1586 = DIRECTION('',(1.,0.,-0.));
#1587 = DEFINITIONAL_REPRESENTATION('',(#1588),#1592);
#1588 = LINE('',#1589,#1590);
#1589 = CARTESIAN_POINT('',(-6.28318530718,1.));
#1590 = VECTOR('',#1591,1.);
#1591 = DIRECTION('',(1.,-0.));
#1592 = ( GEOMETRIC_REPRESENTATION_CONTEXT(2) 
PARAMETRIC_REPRESENTATION_CONTEXT() REPRESENTATION_CONTEXT('2D SPACE',''
  ) );
#1593 = ORIENTED_EDGE('',*,*,#1594,.F.);
#1594 = EDGE_CURVE('',#1595,#1566,#1597,.T.);
#1595 = VERTEX_POINT('',#1596);
#1596 = CARTESIAN_POINT('',(30.,0.,92.));
#1597 = SURFACE_CURVE('',#1598,(#1602,#1608),.PCURVE_S1.);
#1598 = LINE('',#1599,#1600);
#1599 = CARTESIAN_POINT('',(107.,0.,92.));
#1600 = VECTOR('',#1601,1.);
#1601 = DIRECTION('',(1.,0.,0.));
#1602 = PCURVE('',#461,#1603);
#1603 = DEFINITIONAL_REPRESENTATION('',(#1604),#1607);
#1604 = B_SPLINE_CURVE_WITH_KNOTS('',1,(#1605,#1606),.UNSPECIFIED.,.F.,
  .F.,(2,2),(-77.,97.),.PIECEWISE_BEZIER_KNOTS.);
#1605 = CARTESIAN_POINT('',(92.,30.));
#1606 = CARTESIAN_POINT('',(92.,204.));
#1607 = ( GEOMETRIC_REPRESENTATION_CONTEXT(2) 
PARAMETRIC_REPRESENTATION_CONTEXT() REPRESENTATION_CONTEXT('2D SPACE',''
  ) );
#1608 = PCURVE('',#1609,#1614);
#1609 = PLANE('',#1610);
#1610 = AXIS2_PLACEMENT_3D('',#1611,#1612,#1613);
#1611 = CARTESIAN_POINT('',(214.,-1.,92.));
#1612 = DIRECTION('',(0.,0.,1.));
#1613 = DIRECTION('',(-1.,0.,0.));
#1614 = DEFINITIONAL_REPRESENTATION('',(#1615),#1618);
#1615 = B_SPLINE_CURVE_WITH_KNOTS('',1,(#1616,#1617),.UNSPECIFIED.,.F.,
  .F.,(2,2),(-77.,97.),.PIECEWISE_BEZIER_KNOTS.);
#1616 = CARTESIAN_POINT('',(184.,-1.));
#1617 = CARTESIAN_POINT('',(10.,-1.));
#1618 = ( GEOMETRIC_REPRESENTATION_CONTEXT(2) 
PARAMETRIC_REPRESENTATION_CONTEXT() REPRESENTATION_CONTEXT('2D SPACE',''
  ) );
#1619 = ORIENTED_EDGE('',*,*,#1620,.F.);
#1620 = EDGE_CURVE('',#1621,#1595,#1623,.T.);
#1621 = VERTEX_POINT('',#1622);
#1622 = CARTESIAN_POINT('',(20.,0.,82.));
#1623 = SURFACE_CURVE('',#1624,(#1629,#1636),.PCURVE_S1.);
#1624 = CIRCLE('',#1625,10.);
#1625 = AXIS2_PLACEMENT_3D('',#1626,#1627,#1628);
#1626 = CARTESIAN_POINT('',(30.,0.,82.));
#1627 = DIRECTION('',(-0.,1.,0.));
#1628 = DIRECTION('',(0.,0.,1.));
#1629 = PCURVE('',#461,#1630);
#1630 = DEFINITIONAL_REPRESENTATION('',(#1631),#1635);
#1631 = CIRCLE('',#1632,10.);
#1632 = AXIS2_PLACEMENT_2D('',#1633,#1634);
#1633 = CARTESIAN_POINT('',(82.,30.));
#1634 = DIRECTION('',(1.,0.));
#1635 = ( GEOMETRIC_REPRESENTATION_CONTEXT(2) 
PARAMETRIC_REPRESENTATION_CONTEXT() REPRESENTATION_CONTEXT('2D SPACE',''
  ) );
#1636 = PCURVE('',#1637,#1642);
#1637 = CYLINDRICAL_SURFACE('',#1638,10.);
#1638 = AXIS2_PLACEMENT_3D('',#1639,#1640,#1641);
#1639 = CARTESIAN_POINT('',(30.,-1.,82.));
#1640 = DIRECTION('',(-0.,1.,-0.));
#1641 = DIRECTION('',(0.,0.,1.));
#1642 = DEFINITIONAL_REPRESENTATION('',(#1643),#1647);
#1643 = LINE('',#1644,#1645);
#1644 = CARTESIAN_POINT('',(-6.28318530718,1.));
#1645 = VECTOR('',#1646,1.);
#1646 = DIRECTION('',(1.,-0.));
#1647 = ( GEOMETRIC_REPRESENTATION_CONTEXT(2) 
PARAMETRIC_REPRESENTATION_CONTEXT() REPRESENTATION_CONTEXT('2D SPACE',''
  ) );
#1648 = ORIENTED_EDGE('',*,*,#1649,.F.);
#1649 = EDGE_CURVE('',#1650,#1621,#1652,.T.);
#1650 = VERTEX_POINT('',#1651);
#1651 = CARTESIAN_POINT('',(20.,0.,38.));
#1652 = SURFACE_CURVE('',#1653,(#1657,#1663),.PCURVE_S1.);
#1653 = LINE('',#1654,#1655);
#1654 = CARTESIAN_POINT('',(20.,0.,46.));
#1655 = VECTOR('',#1656,1.);
#1656 = DIRECTION('',(0.,0.,1.));
#1657 = PCURVE('',#461,#1658);
#1658 = DEFINITIONAL_REPRESENTATION('',(#1659),#1662);
#1659 = B_SPLINE_CURVE_WITH_KNOTS('',1,(#1660,#1661),.UNSPECIFIED.,.F.,
  .F.,(2,2),(-8.,36.),.PIECEWISE_BEZIER_KNOTS.);
#1660 = CARTESIAN_POINT('',(38.,20.));
#1661 = CARTESIAN_POINT('',(82.,20.));
#1662 = ( GEOMETRIC_REPRESENTATION_CONTEXT(2) 
PARAMETRIC_REPRESENTATION_CONTEXT() REPRESENTATION_CONTEXT('2D SPACE',''
  ) );
#1663 = PCURVE('',#1664,#1669);
#1664 = PLANE('',#1665);
#1665 = AXIS2_PLACEMENT_3D('',#1666,#1667,#1668);
#1666 = CARTESIAN_POINT('',(20.,-1.,92.));
#1667 = DIRECTION('',(-1.,-0.,-0.));
#1668 = DIRECTION('',(0.,0.,-1.));
#1669 = DEFINITIONAL_REPRESENTATION('',(#1670),#1673);
#1670 = B_SPLINE_CURVE_WITH_KNOTS('',1,(#1671,#1672),.UNSPECIFIED.,.F.,
  .F.,(2,2),(-8.,36.),.PIECEWISE_BEZIER_KNOTS.);
#1671 = CARTESIAN_POINT('',(54.,-1.));
#1672 = CARTESIAN_POINT('',(10.,-1.));
#1673 = ( GEOMETRIC_REPRESENTATION_CONTEXT(2) 
PARAMETRIC_REPRESENTATION_CONTEXT() REPRESENTATION_CONTEXT('2D SPACE',''
  ) );
#1674 = ORIENTED_EDGE('',*,*,#1675,.F.);
#1675 = EDGE_CURVE('',#1485,#1650,#1676,.T.);
#1676 = SURFACE_CURVE('',#1677,(#1682,#1689),.PCURVE_S1.);
#1677 = CIRCLE('',#1678,10.);
#1678 = AXIS2_PLACEMENT_3D('',#1679,#1680,#1681);
#1679 = CARTESIAN_POINT('',(30.,0.,38.));
#1680 = DIRECTION('',(-0.,1.,0.));
#1681 = DIRECTION('',(0.,0.,-1.));
#1682 = PCURVE('',#461,#1683);
#1683 = DEFINITIONAL_REPRESENTATION('',(#1684),#1688);
#1684 = CIRCLE('',#1685,10.);
#1685 = AXIS2_PLACEMENT_2D('',#1686,#1687);
#1686 = CARTESIAN_POINT('',(38.,30.));
#1687 = DIRECTION('',(-1.,0.));
#1688 = ( GEOMETRIC_REPRESENTATION_CONTEXT(2) 
PARAMETRIC_REPRESENTATION_CONTEXT() REPRESENTATION_CONTEXT('2D SPACE',''
  ) );
#1689 = PCURVE('',#1690,#1695);
#1690 = CYLINDRICAL_SURFACE('',#1691,10.);
#1691 = AXIS2_PLACEMENT_3D('',#1692,#1693,#1694);
#1692 = CARTESIAN_POINT('',(30.,-1.,38.));
#1693 = DIRECTION('',(-0.,1.,-0.));
#1694 = DIRECTION('',(0.,0.,-1.));
#1695 = DEFINITIONAL_REPRESENTATION('',(#1696),#1700);
#1696 = LINE('',#1697,#1698);
#1697 = CARTESIAN_POINT('',(0.,1.));
#1698 = VECTOR('',#1699,1.);
#1699 = DIRECTION('',(1.,0.));
#1700 = ( GEOMETRIC_REPRESENTATION_CONTEXT(2) 
PARAMETRIC_REPRESENTATION_CONTEXT() REPRESENTATION_CONTEXT('2D SPACE',''
  ) );
#1701 = ADVANCED_FACE('',(#1702),#494,.T.);
#1702 = FACE_BOUND('',#1703,.F.);
#1703 = EDGE_LOOP('',(#1704,#1727,#1728,#1729,#1730));
#1704 = ORIENTED_EDGE('',*,*,#1705,.F.);
#1705 = EDGE_CURVE('',#474,#1706,#1708,.T.);
#1706 = VERTEX_POINT('',#1707);
#1707 = CARTESIAN_POINT('',(234.,3.,109.));
#1708 = SURFACE_CURVE('',#1709,(#1713,#1720),.PCURVE_S1.);
#1709 = LINE('',#1710,#1711);
#1710 = CARTESIAN_POINT('',(234.,3.,0.));
#1711 = VECTOR('',#1712,1.);
#1712 = DIRECTION('',(0.,0.,1.));
#1713 = PCURVE('',#494,#1714);
#1714 = DEFINITIONAL_REPRESENTATION('',(#1715),#1719);
#1715 = LINE('',#1716,#1717);
#1716 = CARTESIAN_POINT('',(-0.,0.));
#1717 = VECTOR('',#1718,1.);
#1718 = DIRECTION('',(-0.,1.));
#1719 = ( GEOMETRIC_REPRESENTATION_CONTEXT(2) 
PARAMETRIC_REPRESENTATION_CONTEXT() REPRESENTATION_CONTEXT('2D SPACE',''
  ) );
#1720 = PCURVE('',#522,#1721);
#1721 = DEFINITIONAL_REPRESENTATION('',(#1722),#1726);
#1722 = LINE('',#1723,#1724);
#1723 = CARTESIAN_POINT('',(0.,-3.));
#1724 = VECTOR('',#1725,1.);
#1725 = DIRECTION('',(1.,0.));
#1726 = ( GEOMETRIC_REPRESENTATION_CONTEXT(2) 
PARAMETRIC_REPRESENTATION_CONTEXT() REPRESENTATION_CONTEXT('2D SPACE',''
  ) );
#1727 = ORIENTED_EDGE('',*,*,#473,.T.);
#1728 = ORIENTED_EDGE('',*,*,#1459,.T.);
#1729 = ORIENTED_EDGE('',*,*,#1321,.T.);
#1730 = ORIENTED_EDGE('',*,*,#1731,.T.);
#1731 = EDGE_CURVE('',#1322,#1706,#1732,.T.);
#1732 = SURFACE_CURVE('',#1733,(#1738,#1751),.PCURVE_S1.);
#1733 = ELLIPSE('',#1734,4.242640687119,3.);
#1734 = AXIS2_PLACEMENT_3D('',#1735,#1736,#1737);
#1735 = CARTESIAN_POINT('',(231.,3.,109.));
#1736 = DIRECTION('',(0.,0.707106781187,0.707106781187));
#1737 = DIRECTION('',(0.,-0.707106781187,0.707106781187));
#1738 = PCURVE('',#494,#1739);
#1739 = DEFINITIONAL_REPRESENTATION('',(#1740),#1750);
#1740 = B_SPLINE_CURVE_WITH_KNOTS('',8,(#1741,#1742,#1743,#1744,#1745,
    #1746,#1747,#1748,#1749),.UNSPECIFIED.,.F.,.F.,(9,9),(0.,
    1.570796326795),.PIECEWISE_BEZIER_KNOTS.);
#1741 = CARTESIAN_POINT('',(-1.570796326795,112.));
#1742 = CARTESIAN_POINT('',(-1.374446785946,112.));
#1743 = CARTESIAN_POINT('',(-1.178097245096,111.86781767198));
#1744 = CARTESIAN_POINT('',(-0.981747704244,111.60345413931));
#1745 = CARTESIAN_POINT('',(-0.785398163398,111.21777625172));
#1746 = CARTESIAN_POINT('',(-0.589048622545,110.73253978363));
#1747 = CARTESIAN_POINT('',(-0.392699081699,110.17809738488));
#1748 = CARTESIAN_POINT('',(-0.196349540849,109.58904862254));
#1749 = CARTESIAN_POINT('',(0.,109.));
#1750 = ( GEOMETRIC_REPRESENTATION_CONTEXT(2) 
PARAMETRIC_REPRESENTATION_CONTEXT() REPRESENTATION_CONTEXT('2D SPACE',''
  ) );
#1751 = PCURVE('',#915,#1752);
#1752 = DEFINITIONAL_REPRESENTATION('',(#1753),#1763);
#1753 = B_SPLINE_CURVE_WITH_KNOTS('',8,(#1754,#1755,#1756,#1757,#1758,
    #1759,#1760,#1761,#1762),.UNSPECIFIED.,.F.,.F.,(9,9),(0.,
    1.570796326795),.PIECEWISE_BEZIER_KNOTS.);
#1754 = CARTESIAN_POINT('',(-1.570796326795,-4.440892098501E-16));
#1755 = CARTESIAN_POINT('',(-1.374446785946,-4.440892098501E-16));
#1756 = CARTESIAN_POINT('',(-1.178097245096,0.132182327959));
#1757 = CARTESIAN_POINT('',(-0.981747704249,0.396545860977));
#1758 = CARTESIAN_POINT('',(-0.785398163391,0.782223748274));
#1759 = CARTESIAN_POINT('',(-0.589048622549,1.267460216362));
#1760 = CARTESIAN_POINT('',(-0.392699081698,1.821902615045));
#1761 = CARTESIAN_POINT('',(-0.196349540849,2.410951377452));
#1762 = CARTESIAN_POINT('',(0.,3.));
#1763 = ( GEOMETRIC_REPRESENTATION_CONTEXT(2) 
PARAMETRIC_REPRESENTATION_CONTEXT() REPRESENTATION_CONTEXT('2D SPACE',''
  ) );
#1764 = ADVANCED_FACE('',(#1765),#522,.T.);
#1765 = FACE_BOUND('',#1766,.T.);
#1766 = EDGE_LOOP('',(#1767,#1790,#1791,#1792));
#1767 = ORIENTED_EDGE('',*,*,#1768,.F.);
#1768 = EDGE_CURVE('',#1706,#1769,#1771,.T.);
#1769 = VERTEX_POINT('',#1770);
#1770 = CARTESIAN_POINT('',(234.,77.,109.));
#1771 = SURFACE_CURVE('',#1772,(#1776,#1783),.PCURVE_S1.);
#1772 = LINE('',#1773,#1774);
#1773 = CARTESIAN_POINT('',(234.,0.,109.));
#1774 = VECTOR('',#1775,1.);
#1775 = DIRECTION('',(-0.,1.,-0.));
#1776 = PCURVE('',#522,#1777);
#1777 = DEFINITIONAL_REPRESENTATION('',(#1778),#1782);
#1778 = LINE('',#1779,#1780);
#1779 = CARTESIAN_POINT('',(109.,0.));
#1780 = VECTOR('',#1781,1.);
#1781 = DIRECTION('',(0.,-1.));
#1782 = ( GEOMETRIC_REPRESENTATION_CONTEXT(2) 
PARAMETRIC_REPRESENTATION_CONTEXT() REPRESENTATION_CONTEXT('2D SPACE',''
  ) );
#1783 = PCURVE('',#915,#1784);
#1784 = DEFINITIONAL_REPRESENTATION('',(#1785),#1789);
#1785 = LINE('',#1786,#1787);
#1786 = CARTESIAN_POINT('',(-0.,0.));
#1787 = VECTOR('',#1788,1.);
#1788 = DIRECTION('',(-0.,1.));
#1789 = ( GEOMETRIC_REPRESENTATION_CONTEXT(2) 
PARAMETRIC_REPRESENTATION_CONTEXT() REPRESENTATION_CONTEXT('2D SPACE',''
  ) );
#1790 = ORIENTED_EDGE('',*,*,#1705,.F.);
#1791 = ORIENTED_EDGE('',*,*,#506,.T.);
#1792 = ORIENTED_EDGE('',*,*,#1793,.T.);
#1793 = EDGE_CURVE('',#507,#1769,#1794,.T.);
#1794 = SURFACE_CURVE('',#1795,(#1799,#1806),.PCURVE_S1.);
#1795 = LINE('',#1796,#1797);
#1796 = CARTESIAN_POINT('',(234.,77.,0.));
#1797 = VECTOR('',#1798,1.);
#1798 = DIRECTION('',(0.,0.,1.));
#1799 = PCURVE('',#522,#1800);
#1800 = DEFINITIONAL_REPRESENTATION('',(#1801),#1805);
#1801 = LINE('',#1802,#1803);
#1802 = CARTESIAN_POINT('',(0.,-77.));
#1803 = VECTOR('',#1804,1.);
#1804 = DIRECTION('',(1.,0.));
#1805 = ( GEOMETRIC_REPRESENTATION_CONTEXT(2) 
PARAMETRIC_REPRESENTATION_CONTEXT() REPRESENTATION_CONTEXT('2D SPACE',''
  ) );
#1806 = PCURVE('',#551,#1807);
#1807 = DEFINITIONAL_REPRESENTATION('',(#1808),#1812);
#1808 = LINE('',#1809,#1810);
#1809 = CARTESIAN_POINT('',(0.,0.));
#1810 = VECTOR('',#1811,1.);
#1811 = DIRECTION('',(0.,1.));
#1812 = ( GEOMETRIC_REPRESENTATION_CONTEXT(2) 
PARAMETRIC_REPRESENTATION_CONTEXT() REPRESENTATION_CONTEXT('2D SPACE',''
  ) );
#1813 = ADVANCED_FACE('',(#1814),#551,.T.);
#1814 = FACE_BOUND('',#1815,.T.);
#1815 = EDGE_LOOP('',(#1816,#1817,#1818,#1819,#1820));
#1816 = ORIENTED_EDGE('',*,*,#1793,.F.);
#1817 = ORIENTED_EDGE('',*,*,#534,.T.);
#1818 = ORIENTED_EDGE('',*,*,#1397,.T.);
#1819 = ORIENTED_EDGE('',*,*,#1258,.F.);
#1820 = ORIENTED_EDGE('',*,*,#1821,.F.);
#1821 = EDGE_CURVE('',#1769,#1223,#1822,.T.);
#1822 = SURFACE_CURVE('',#1823,(#1828,#1841),.PCURVE_S1.);
#1823 = ELLIPSE('',#1824,4.242640687119,3.);
#1824 = AXIS2_PLACEMENT_3D('',#1825,#1826,#1827);
#1825 = CARTESIAN_POINT('',(231.,77.,109.));
#1826 = DIRECTION('',(0.,-0.707106781187,0.707106781187));
#1827 = DIRECTION('',(0.,0.707106781187,0.707106781187));
#1828 = PCURVE('',#551,#1829);
#1829 = DEFINITIONAL_REPRESENTATION('',(#1830),#1840);
#1830 = B_SPLINE_CURVE_WITH_KNOTS('',8,(#1831,#1832,#1833,#1834,#1835,
    #1836,#1837,#1838,#1839),.UNSPECIFIED.,.F.,.F.,(9,9),(4.712388980385
    ,6.28318530718),.PIECEWISE_BEZIER_KNOTS.);
#1831 = CARTESIAN_POINT('',(0.,109.));
#1832 = CARTESIAN_POINT('',(0.196349540849,109.58904862254));
#1833 = CARTESIAN_POINT('',(0.392699081698,110.17809738492));
#1834 = CARTESIAN_POINT('',(0.589048622548,110.7325397834));
#1835 = CARTESIAN_POINT('',(0.785398163397,111.21777625184));
#1836 = CARTESIAN_POINT('',(0.981747704248,111.6034541389));
#1837 = CARTESIAN_POINT('',(1.178097245096,111.86781767202));
#1838 = CARTESIAN_POINT('',(1.374446785946,112.));
#1839 = CARTESIAN_POINT('',(1.570796326795,112.));
#1840 = ( GEOMETRIC_REPRESENTATION_CONTEXT(2) 
PARAMETRIC_REPRESENTATION_CONTEXT() REPRESENTATION_CONTEXT('2D SPACE',''
  ) );
#1841 = PCURVE('',#915,#1842);
#1842 = DEFINITIONAL_REPRESENTATION('',(#1843),#1853);
#1843 = B_SPLINE_CURVE_WITH_KNOTS('',8,(#1844,#1845,#1846,#1847,#1848,
    #1849,#1850,#1851,#1852),.UNSPECIFIED.,.F.,.F.,(9,9),(4.712388980385
    ,6.28318530718),.PIECEWISE_BEZIER_KNOTS.);
#1844 = CARTESIAN_POINT('',(0.,77.));
#1845 = CARTESIAN_POINT('',(-0.196349540849,77.589048622548));
#1846 = CARTESIAN_POINT('',(-0.392699081698,78.178097384873));
#1847 = CARTESIAN_POINT('',(-0.589048622548,78.732539783872));
#1848 = CARTESIAN_POINT('',(-0.785398163397,79.217776251084));
#1849 = CARTESIAN_POINT('',(-0.981747704248,79.603454139258));
#1850 = CARTESIAN_POINT('',(-1.178097245096,79.86781767194));
#1851 = CARTESIAN_POINT('',(-1.374446785946,80.));
#1852 = CARTESIAN_POINT('',(-1.570796326795,80.));
#1853 = ( GEOMETRIC_REPRESENTATION_CONTEXT(2) 
PARAMETRIC_REPRESENTATION_CONTEXT() REPRESENTATION_CONTEXT('2D SPACE',''
  ) );
#1854 = ADVANCED_FACE('',(#1855),#606,.F.);
#1855 = FACE_BOUND('',#1856,.F.);
#1856 = EDGE_LOOP('',(#1857,#1880,#1881,#1904));
#1857 = ORIENTED_EDGE('',*,*,#1858,.F.);
#1858 = EDGE_CURVE('',#588,#1859,#1861,.T.);
#1859 = VERTEX_POINT('',#1860);
#1860 = CARTESIAN_POINT('',(2.4,3.,3.));
#1861 = SURFACE_CURVE('',#1862,(#1866,#1873),.PCURVE_S1.);
#1862 = LINE('',#1863,#1864);
#1863 = CARTESIAN_POINT('',(2.4,3.,-1.));
#1864 = VECTOR('',#1865,1.);
#1865 = DIRECTION('',(0.,0.,1.));
#1866 = PCURVE('',#606,#1867);
#1867 = DEFINITIONAL_REPRESENTATION('',(#1868),#1872);
#1868 = LINE('',#1869,#1870);
#1869 = CARTESIAN_POINT('',(0.,0.));
#1870 = VECTOR('',#1871,1.);
#1871 = DIRECTION('',(0.,1.));
#1872 = ( GEOMETRIC_REPRESENTATION_CONTEXT(2) 
PARAMETRIC_REPRESENTATION_CONTEXT() REPRESENTATION_CONTEXT('2D SPACE',''
  ) );
#1873 = PCURVE('',#633,#1874);
#1874 = DEFINITIONAL_REPRESENTATION('',(#1875),#1879);
#1875 = LINE('',#1876,#1877);
#1876 = CARTESIAN_POINT('',(0.,-0.6));
#1877 = VECTOR('',#1878,1.);
#1878 = DIRECTION('',(1.,0.));
#1879 = ( GEOMETRIC_REPRESENTATION_CONTEXT(2) 
PARAMETRIC_REPRESENTATION_CONTEXT() REPRESENTATION_CONTEXT('2D SPACE',''
  ) );
#1880 = ORIENTED_EDGE('',*,*,#587,.T.);
#1881 = ORIENTED_EDGE('',*,*,#1882,.T.);
#1882 = EDGE_CURVE('',#590,#1883,#1885,.T.);
#1883 = VERTEX_POINT('',#1884);
#1884 = CARTESIAN_POINT('',(3.,2.4,3.));
#1885 = SURFACE_CURVE('',#1886,(#1890,#1897),.PCURVE_S1.);
#1886 = LINE('',#1887,#1888);
#1887 = CARTESIAN_POINT('',(3.,2.4,-1.));
#1888 = VECTOR('',#1889,1.);
#1889 = DIRECTION('',(0.,0.,1.));
#1890 = PCURVE('',#606,#1891);
#1891 = DEFINITIONAL_REPRESENTATION('',(#1892),#1896);
#1892 = LINE('',#1893,#1894);
#1893 = CARTESIAN_POINT('',(1.570796326795,0.));
#1894 = VECTOR('',#1895,1.);
#1895 = DIRECTION('',(0.,1.));
#1896 = ( GEOMETRIC_REPRESENTATION_CONTEXT(2) 
PARAMETRIC_REPRESENTATION_CONTEXT() REPRESENTATION_CONTEXT('2D SPACE',''
  ) );
#1897 = PCURVE('',#797,#1898);
#1898 = DEFINITIONAL_REPRESENTATION('',(#1899),#1903);
#1899 = LINE('',#1900,#1901);
#1900 = CARTESIAN_POINT('',(0.,0.6));
#1901 = VECTOR('',#1902,1.);
#1902 = DIRECTION('',(1.,0.));
#1903 = ( GEOMETRIC_REPRESENTATION_CONTEXT(2) 
PARAMETRIC_REPRESENTATION_CONTEXT() REPRESENTATION_CONTEXT('2D SPACE',''
  ) );
#1904 = ORIENTED_EDGE('',*,*,#1905,.F.);
#1905 = EDGE_CURVE('',#1859,#1883,#1906,.T.);
#1906 = SURFACE_CURVE('',#1907,(#1912,#1919),.PCURVE_S1.);
#1907 = CIRCLE('',#1908,0.6);
#1908 = AXIS2_PLACEMENT_3D('',#1909,#1910,#1911);
#1909 = CARTESIAN_POINT('',(3.,3.,3.));
#1910 = DIRECTION('',(0.,0.,1.));
#1911 = DIRECTION('',(0.,-1.,0.));
#1912 = PCURVE('',#606,#1913);
#1913 = DEFINITIONAL_REPRESENTATION('',(#1914),#1918);
#1914 = LINE('',#1915,#1916);
#1915 = CARTESIAN_POINT('',(-4.712388980385,4.));
#1916 = VECTOR('',#1917,1.);
#1917 = DIRECTION('',(1.,0.));
#1918 = ( GEOMETRIC_REPRESENTATION_CONTEXT(2) 
PARAMETRIC_REPRESENTATION_CONTEXT() REPRESENTATION_CONTEXT('2D SPACE',''
  ) );
#1919 = PCURVE('',#1920,#1925);
#1920 = PLANE('',#1921);
#1921 = AXIS2_PLACEMENT_3D('',#1922,#1923,#1924);
#1922 = CARTESIAN_POINT('',(0.,0.,3.));
#1923 = DIRECTION('',(0.,0.,1.));
#1924 = DIRECTION('',(1.,0.,0.));
#1925 = DEFINITIONAL_REPRESENTATION('',(#1926),#1930);
#1926 = CIRCLE('',#1927,0.6);
#1927 = AXIS2_PLACEMENT_2D('',#1928,#1929);
#1928 = CARTESIAN_POINT('',(3.,3.));
#1929 = DIRECTION('',(0.,-1.));
#1930 = ( GEOMETRIC_REPRESENTATION_CONTEXT(2) 
PARAMETRIC_REPRESENTATION_CONTEXT() REPRESENTATION_CONTEXT('2D SPACE',''
  ) );
#1931 = ADVANCED_FACE('',(#1932),#633,.T.);
#1932 = FACE_BOUND('',#1933,.T.);
#1933 = EDGE_LOOP('',(#1934,#1964,#1992,#2020,#2047,#2068,#2069,#2070,
    #2093,#2121,#2148,#2176));
#1934 = ORIENTED_EDGE('',*,*,#1935,.F.);
#1935 = EDGE_CURVE('',#1936,#1938,#1940,.T.);
#1936 = VERTEX_POINT('',#1937);
#1937 = CARTESIAN_POINT('',(2.4,3.,108.4));
#1938 = VERTEX_POINT('',#1939);
#1939 = CARTESIAN_POINT('',(2.4,77.,108.4));
#1940 = SURFACE_CURVE('',#1941,(#1945,#1952),.PCURVE_S1.);
#1941 = LINE('',#1942,#1943);
#1942 = CARTESIAN_POINT('',(2.4,2.4,108.4));
#1943 = VECTOR('',#1944,1.);
#1944 = DIRECTION('',(-0.,1.,-0.));
#1945 = PCURVE('',#633,#1946);
#1946 = DEFINITIONAL_REPRESENTATION('',(#1947),#1951);
#1947 = LINE('',#1948,#1949);
#1948 = CARTESIAN_POINT('',(109.4,0.));
#1949 = VECTOR('',#1950,1.);
#1950 = DIRECTION('',(0.,-1.));
#1951 = ( GEOMETRIC_REPRESENTATION_CONTEXT(2) 
PARAMETRIC_REPRESENTATION_CONTEXT() REPRESENTATION_CONTEXT('2D SPACE',''
  ) );
#1952 = PCURVE('',#1953,#1958);
#1953 = CYLINDRICAL_SURFACE('',#1954,0.6);
#1954 = AXIS2_PLACEMENT_3D('',#1955,#1956,#1957);
#1955 = CARTESIAN_POINT('',(3.,2.4,108.4));
#1956 = DIRECTION('',(-0.,1.,-0.));
#1957 = DIRECTION('',(0.,0.,1.));
#1958 = DEFINITIONAL_REPRESENTATION('',(#1959),#1963);
#1959 = LINE('',#1960,#1961);
#1960 = CARTESIAN_POINT('',(-1.570796326795,0.));
#1961 = VECTOR('',#1962,1.);
#1962 = DIRECTION('',(-0.,1.));
#1963 = ( GEOMETRIC_REPRESENTATION_CONTEXT(2) 
PARAMETRIC_REPRESENTATION_CONTEXT() REPRESENTATION_CONTEXT('2D SPACE',''
  ) );
#1964 = ORIENTED_EDGE('',*,*,#1965,.F.);
#1965 = EDGE_CURVE('',#1966,#1936,#1968,.T.);
#1966 = VERTEX_POINT('',#1967);
#1967 = CARTESIAN_POINT('',(2.4,3.,15.));
#1968 = SURFACE_CURVE('',#1969,(#1973,#1980),.PCURVE_S1.);
#1969 = LINE('',#1970,#1971);
#1970 = CARTESIAN_POINT('',(2.4,3.,-1.));
#1971 = VECTOR('',#1972,1.);
#1972 = DIRECTION('',(0.,0.,1.));
#1973 = PCURVE('',#633,#1974);
#1974 = DEFINITIONAL_REPRESENTATION('',(#1975),#1979);
#1975 = LINE('',#1976,#1977);
#1976 = CARTESIAN_POINT('',(0.,-0.6));
#1977 = VECTOR('',#1978,1.);
#1978 = DIRECTION('',(1.,0.));
#1979 = ( GEOMETRIC_REPRESENTATION_CONTEXT(2) 
PARAMETRIC_REPRESENTATION_CONTEXT() REPRESENTATION_CONTEXT('2D SPACE',''
  ) );
#1980 = PCURVE('',#1981,#1986);
#1981 = CYLINDRICAL_SURFACE('',#1982,0.6);
#1982 = AXIS2_PLACEMENT_3D('',#1983,#1984,#1985);
#1983 = CARTESIAN_POINT('',(3.,3.,-1.));
#1984 = DIRECTION('',(0.,0.,1.));
#1985 = DIRECTION('',(-1.,-0.,0.));
#1986 = DEFINITIONAL_REPRESENTATION('',(#1987),#1991);
#1987 = LINE('',#1988,#1989);
#1988 = CARTESIAN_POINT('',(0.,0.));
#1989 = VECTOR('',#1990,1.);
#1990 = DIRECTION('',(0.,1.));
#1991 = ( GEOMETRIC_REPRESENTATION_CONTEXT(2) 
PARAMETRIC_REPRESENTATION_CONTEXT() REPRESENTATION_CONTEXT('2D SPACE',''
  ) );
#1992 = ORIENTED_EDGE('',*,*,#1993,.T.);
#1993 = EDGE_CURVE('',#1966,#1994,#1996,.T.);
#1994 = VERTEX_POINT('',#1995);
#1995 = CARTESIAN_POINT('',(2.4,10.,15.));
#1996 = SURFACE_CURVE('',#1997,(#2001,#2008),.PCURVE_S1.);
#1997 = LINE('',#1998,#1999);
#1998 = CARTESIAN_POINT('',(2.4,2.4,15.));
#1999 = VECTOR('',#2000,1.);
#2000 = DIRECTION('',(0.,1.,0.));
#2001 = PCURVE('',#633,#2002);
#2002 = DEFINITIONAL_REPRESENTATION('',(#2003),#2007);
#2003 = LINE('',#2004,#2005);
#2004 = CARTESIAN_POINT('',(16.,0.));
#2005 = VECTOR('',#2006,1.);
#2006 = DIRECTION('',(0.,-1.));
#2007 = ( GEOMETRIC_REPRESENTATION_CONTEXT(2) 
PARAMETRIC_REPRESENTATION_CONTEXT() REPRESENTATION_CONTEXT('2D SPACE',''
  ) );
#2008 = PCURVE('',#2009,#2014);
#2009 = PLANE('',#2010);
#2010 = AXIS2_PLACEMENT_3D('',#2011,#2012,#2013);
#2011 = CARTESIAN_POINT('',(0.,0.,15.));
#2012 = DIRECTION('',(0.,0.,1.));
#2013 = DIRECTION('',(1.,0.,0.));
#2014 = DEFINITIONAL_REPRESENTATION('',(#2015),#2019);
#2015 = LINE('',#2016,#2017);
#2016 = CARTESIAN_POINT('',(2.4,2.4));
#2017 = VECTOR('',#2018,1.);
#2018 = DIRECTION('',(0.,1.));
#2019 = ( GEOMETRIC_REPRESENTATION_CONTEXT(2) 
PARAMETRIC_REPRESENTATION_CONTEXT() REPRESENTATION_CONTEXT('2D SPACE',''
  ) );
#2020 = ORIENTED_EDGE('',*,*,#2021,.T.);
#2021 = EDGE_CURVE('',#1994,#2022,#2024,.T.);
#2022 = VERTEX_POINT('',#2023);
#2023 = CARTESIAN_POINT('',(2.4,10.,3.));
#2024 = SURFACE_CURVE('',#2025,(#2029,#2036),.PCURVE_S1.);
#2025 = LINE('',#2026,#2027);
#2026 = CARTESIAN_POINT('',(2.4,10.,3.));
#2027 = VECTOR('',#2028,1.);
#2028 = DIRECTION('',(0.,0.,-1.));
#2029 = PCURVE('',#633,#2030);
#2030 = DEFINITIONAL_REPRESENTATION('',(#2031),#2035);
#2031 = LINE('',#2032,#2033);
#2032 = CARTESIAN_POINT('',(4.,-7.6));
#2033 = VECTOR('',#2034,1.);
#2034 = DIRECTION('',(-1.,0.));
#2035 = ( GEOMETRIC_REPRESENTATION_CONTEXT(2) 
PARAMETRIC_REPRESENTATION_CONTEXT() REPRESENTATION_CONTEXT('2D SPACE',''
  ) );
#2036 = PCURVE('',#2037,#2042);
#2037 = PLANE('',#2038);
#2038 = AXIS2_PLACEMENT_3D('',#2039,#2040,#2041);
#2039 = CARTESIAN_POINT('',(0.,10.,3.));
#2040 = DIRECTION('',(0.,1.,0.));
#2041 = DIRECTION('',(0.,0.,1.));
#2042 = DEFINITIONAL_REPRESENTATION('',(#2043),#2046);
#2043 = B_SPLINE_CURVE_WITH_KNOTS('',1,(#2044,#2045),.UNSPECIFIED.,.F.,
  .F.,(2,2),(-12.,0.),.PIECEWISE_BEZIER_KNOTS.);
#2044 = CARTESIAN_POINT('',(12.,2.4));
#2045 = CARTESIAN_POINT('',(0.,2.4));
#2046 = ( GEOMETRIC_REPRESENTATION_CONTEXT(2) 
PARAMETRIC_REPRESENTATION_CONTEXT() REPRESENTATION_CONTEXT('2D SPACE',''
  ) );
#2047 = ORIENTED_EDGE('',*,*,#2048,.F.);
#2048 = EDGE_CURVE('',#1859,#2022,#2049,.T.);
#2049 = SURFACE_CURVE('',#2050,(#2054,#2061),.PCURVE_S1.);
#2050 = LINE('',#2051,#2052);
#2051 = CARTESIAN_POINT('',(2.4,2.4,3.));
#2052 = VECTOR('',#2053,1.);
#2053 = DIRECTION('',(0.,1.,0.));
#2054 = PCURVE('',#633,#2055);
#2055 = DEFINITIONAL_REPRESENTATION('',(#2056),#2060);
#2056 = LINE('',#2057,#2058);
#2057 = CARTESIAN_POINT('',(4.,0.));
#2058 = VECTOR('',#2059,1.);
#2059 = DIRECTION('',(0.,-1.));
#2060 = ( GEOMETRIC_REPRESENTATION_CONTEXT(2) 
PARAMETRIC_REPRESENTATION_CONTEXT() REPRESENTATION_CONTEXT('2D SPACE',''
  ) );
#2061 = PCURVE('',#1920,#2062);
#2062 = DEFINITIONAL_REPRESENTATION('',(#2063),#2067);
#2063 = LINE('',#2064,#2065);
#2064 = CARTESIAN_POINT('',(2.4,2.4));
#2065 = VECTOR('',#2066,1.);
#2066 = DIRECTION('',(0.,1.));
#2067 = ( GEOMETRIC_REPRESENTATION_CONTEXT(2) 
PARAMETRIC_REPRESENTATION_CONTEXT() REPRESENTATION_CONTEXT('2D SPACE',''
  ) );
#2068 = ORIENTED_EDGE('',*,*,#1858,.F.);
#2069 = ORIENTED_EDGE('',*,*,#618,.T.);
#2070 = ORIENTED_EDGE('',*,*,#2071,.T.);
#2071 = EDGE_CURVE('',#619,#2072,#2074,.T.);
#2072 = VERTEX_POINT('',#2073);
#2073 = CARTESIAN_POINT('',(2.4,77.,3.));
#2074 = SURFACE_CURVE('',#2075,(#2079,#2086),.PCURVE_S1.);
#2075 = LINE('',#2076,#2077);
#2076 = CARTESIAN_POINT('',(2.4,77.,-1.));
#2077 = VECTOR('',#2078,1.);
#2078 = DIRECTION('',(0.,0.,1.));
#2079 = PCURVE('',#633,#2080);
#2080 = DEFINITIONAL_REPRESENTATION('',(#2081),#2085);
#2081 = LINE('',#2082,#2083);
#2082 = CARTESIAN_POINT('',(0.,-74.6));
#2083 = VECTOR('',#2084,1.);
#2084 = DIRECTION('',(1.,0.));
#2085 = ( GEOMETRIC_REPRESENTATION_CONTEXT(2) 
PARAMETRIC_REPRESENTATION_CONTEXT() REPRESENTATION_CONTEXT('2D SPACE',''
  ) );
#2086 = PCURVE('',#661,#2087);
#2087 = DEFINITIONAL_REPRESENTATION('',(#2088),#2092);
#2088 = LINE('',#2089,#2090);
#2089 = CARTESIAN_POINT('',(-0.,0.));
#2090 = VECTOR('',#2091,1.);
#2091 = DIRECTION('',(-0.,1.));
#2092 = ( GEOMETRIC_REPRESENTATION_CONTEXT(2) 
PARAMETRIC_REPRESENTATION_CONTEXT() REPRESENTATION_CONTEXT('2D SPACE',''
  ) );
#2093 = ORIENTED_EDGE('',*,*,#2094,.F.);
#2094 = EDGE_CURVE('',#2095,#2072,#2097,.T.);
#2095 = VERTEX_POINT('',#2096);
#2096 = CARTESIAN_POINT('',(2.4,70.,3.));
#2097 = SURFACE_CURVE('',#2098,(#2102,#2109),.PCURVE_S1.);
#2098 = LINE('',#2099,#2100);
#2099 = CARTESIAN_POINT('',(2.4,2.4,3.));
#2100 = VECTOR('',#2101,1.);
#2101 = DIRECTION('',(0.,1.,0.));
#2102 = PCURVE('',#633,#2103);
#2103 = DEFINITIONAL_REPRESENTATION('',(#2104),#2108);
#2104 = LINE('',#2105,#2106);
#2105 = CARTESIAN_POINT('',(4.,0.));
#2106 = VECTOR('',#2107,1.);
#2107 = DIRECTION('',(0.,-1.));
#2108 = ( GEOMETRIC_REPRESENTATION_CONTEXT(2) 
PARAMETRIC_REPRESENTATION_CONTEXT() REPRESENTATION_CONTEXT('2D SPACE',''
  ) );
#2109 = PCURVE('',#2110,#2115);
#2110 = PLANE('',#2111);
#2111 = AXIS2_PLACEMENT_3D('',#2112,#2113,#2114);
#2112 = CARTESIAN_POINT('',(0.,70.,3.));
#2113 = DIRECTION('',(0.,0.,1.));
#2114 = DIRECTION('',(1.,0.,0.));
#2115 = DEFINITIONAL_REPRESENTATION('',(#2116),#2120);
#2116 = LINE('',#2117,#2118);
#2117 = CARTESIAN_POINT('',(2.4,-67.6));
#2118 = VECTOR('',#2119,1.);
#2119 = DIRECTION('',(0.,1.));
#2120 = ( GEOMETRIC_REPRESENTATION_CONTEXT(2) 
PARAMETRIC_REPRESENTATION_CONTEXT() REPRESENTATION_CONTEXT('2D SPACE',''
  ) );
#2121 = ORIENTED_EDGE('',*,*,#2122,.F.);
#2122 = EDGE_CURVE('',#2123,#2095,#2125,.T.);
#2123 = VERTEX_POINT('',#2124);
#2124 = CARTESIAN_POINT('',(2.4,70.,15.));
#2125 = SURFACE_CURVE('',#2126,(#2130,#2137),.PCURVE_S1.);
#2126 = LINE('',#2127,#2128);
#2127 = CARTESIAN_POINT('',(2.4,70.,3.));
#2128 = VECTOR('',#2129,1.);
#2129 = DIRECTION('',(0.,0.,-1.));
#2130 = PCURVE('',#633,#2131);
#2131 = DEFINITIONAL_REPRESENTATION('',(#2132),#2136);
#2132 = LINE('',#2133,#2134);
#2133 = CARTESIAN_POINT('',(4.,-67.6));
#2134 = VECTOR('',#2135,1.);
#2135 = DIRECTION('',(-1.,0.));
#2136 = ( GEOMETRIC_REPRESENTATION_CONTEXT(2) 
PARAMETRIC_REPRESENTATION_CONTEXT() REPRESENTATION_CONTEXT('2D SPACE',''
  ) );
#2137 = PCURVE('',#2138,#2143);
#2138 = PLANE('',#2139);
#2139 = AXIS2_PLACEMENT_3D('',#2140,#2141,#2142);
#2140 = CARTESIAN_POINT('',(0.,70.,3.));
#2141 = DIRECTION('',(0.,1.,0.));
#2142 = DIRECTION('',(0.,0.,1.));
#2143 = DEFINITIONAL_REPRESENTATION('',(#2144),#2147);
#2144 = B_SPLINE_CURVE_WITH_KNOTS('',1,(#2145,#2146),.UNSPECIFIED.,.F.,
  .F.,(2,2),(-12.,0.),.PIECEWISE_BEZIER_KNOTS.);
#2145 = CARTESIAN_POINT('',(12.,2.4));
#2146 = CARTESIAN_POINT('',(0.,2.4));
#2147 = ( GEOMETRIC_REPRESENTATION_CONTEXT(2) 
PARAMETRIC_REPRESENTATION_CONTEXT() REPRESENTATION_CONTEXT('2D SPACE',''
  ) );
#2148 = ORIENTED_EDGE('',*,*,#2149,.T.);
#2149 = EDGE_CURVE('',#2123,#2150,#2152,.T.);
#2150 = VERTEX_POINT('',#2151);
#2151 = CARTESIAN_POINT('',(2.4,77.,15.));
#2152 = SURFACE_CURVE('',#2153,(#2157,#2164),.PCURVE_S1.);
#2153 = LINE('',#2154,#2155);
#2154 = CARTESIAN_POINT('',(2.4,2.4,15.));
#2155 = VECTOR('',#2156,1.);
#2156 = DIRECTION('',(0.,1.,0.));
#2157 = PCURVE('',#633,#2158);
#2158 = DEFINITIONAL_REPRESENTATION('',(#2159),#2163);
#2159 = LINE('',#2160,#2161);
#2160 = CARTESIAN_POINT('',(16.,0.));
#2161 = VECTOR('',#2162,1.);
#2162 = DIRECTION('',(0.,-1.));
#2163 = ( GEOMETRIC_REPRESENTATION_CONTEXT(2) 
PARAMETRIC_REPRESENTATION_CONTEXT() REPRESENTATION_CONTEXT('2D SPACE',''
  ) );
#2164 = PCURVE('',#2165,#2170);
#2165 = PLANE('',#2166);
#2166 = AXIS2_PLACEMENT_3D('',#2167,#2168,#2169);
#2167 = CARTESIAN_POINT('',(0.,70.,15.));
#2168 = DIRECTION('',(0.,0.,1.));
#2169 = DIRECTION('',(1.,0.,0.));
#2170 = DEFINITIONAL_REPRESENTATION('',(#2171),#2175);
#2171 = LINE('',#2172,#2173);
#2172 = CARTESIAN_POINT('',(2.4,-67.6));
#2173 = VECTOR('',#2174,1.);
#2174 = DIRECTION('',(0.,1.));
#2175 = ( GEOMETRIC_REPRESENTATION_CONTEXT(2) 
PARAMETRIC_REPRESENTATION_CONTEXT() REPRESENTATION_CONTEXT('2D SPACE',''
  ) );
#2176 = ORIENTED_EDGE('',*,*,#2177,.T.);
#2177 = EDGE_CURVE('',#2150,#1938,#2178,.T.);
#2178 = SURFACE_CURVE('',#2179,(#2183,#2190),.PCURVE_S1.);
#2179 = LINE('',#2180,#2181);
#2180 = CARTESIAN_POINT('',(2.4,77.,-1.));
#2181 = VECTOR('',#2182,1.);
#2182 = DIRECTION('',(0.,0.,1.));
#2183 = PCURVE('',#633,#2184);
#2184 = DEFINITIONAL_REPRESENTATION('',(#2185),#2189);
#2185 = LINE('',#2186,#2187);
#2186 = CARTESIAN_POINT('',(0.,-74.6));
#2187 = VECTOR('',#2188,1.);
#2188 = DIRECTION('',(1.,0.));
#2189 = ( GEOMETRIC_REPRESENTATION_CONTEXT(2) 
PARAMETRIC_REPRESENTATION_CONTEXT() REPRESENTATION_CONTEXT('2D SPACE',''
  ) );
#2190 = PCURVE('',#2191,#2196);
#2191 = CYLINDRICAL_SURFACE('',#2192,0.6);
#2192 = AXIS2_PLACEMENT_3D('',#2193,#2194,#2195);
#2193 = CARTESIAN_POINT('',(3.,77.,-1.));
#2194 = DIRECTION('',(0.,0.,1.));
#2195 = DIRECTION('',(-1.,-0.,0.));
#2196 = DEFINITIONAL_REPRESENTATION('',(#2197),#2201);
#2197 = LINE('',#2198,#2199);
#2198 = CARTESIAN_POINT('',(-0.,0.));
#2199 = VECTOR('',#2200,1.);
#2200 = DIRECTION('',(-0.,1.));
#2201 = ( GEOMETRIC_REPRESENTATION_CONTEXT(2) 
PARAMETRIC_REPRESENTATION_CONTEXT() REPRESENTATION_CONTEXT('2D SPACE',''
  ) );
#2202 = ADVANCED_FACE('',(#2203),#661,.F.);
#2203 = FACE_BOUND('',#2204,.T.);
#2204 = EDGE_LOOP('',(#2205,#2206,#2207,#2230));
#2205 = ORIENTED_EDGE('',*,*,#2071,.F.);
#2206 = ORIENTED_EDGE('',*,*,#644,.F.);
#2207 = ORIENTED_EDGE('',*,*,#2208,.T.);
#2208 = EDGE_CURVE('',#645,#2209,#2211,.T.);
#2209 = VERTEX_POINT('',#2210);
#2210 = CARTESIAN_POINT('',(3.,77.6,3.));
#2211 = SURFACE_CURVE('',#2212,(#2216,#2223),.PCURVE_S1.);
#2212 = LINE('',#2213,#2214);
#2213 = CARTESIAN_POINT('',(3.,77.6,-1.));
#2214 = VECTOR('',#2215,1.);
#2215 = DIRECTION('',(0.,0.,1.));
#2216 = PCURVE('',#661,#2217);
#2217 = DEFINITIONAL_REPRESENTATION('',(#2218),#2222);
#2218 = LINE('',#2219,#2220);
#2219 = CARTESIAN_POINT('',(-1.570796326795,0.));
#2220 = VECTOR('',#2221,1.);
#2221 = DIRECTION('',(-0.,1.));
#2222 = ( GEOMETRIC_REPRESENTATION_CONTEXT(2) 
PARAMETRIC_REPRESENTATION_CONTEXT() REPRESENTATION_CONTEXT('2D SPACE',''
  ) );
#2223 = PCURVE('',#688,#2224);
#2224 = DEFINITIONAL_REPRESENTATION('',(#2225),#2229);
#2225 = LINE('',#2226,#2227);
#2226 = CARTESIAN_POINT('',(0.,0.6));
#2227 = VECTOR('',#2228,1.);
#2228 = DIRECTION('',(1.,0.));
#2229 = ( GEOMETRIC_REPRESENTATION_CONTEXT(2) 
PARAMETRIC_REPRESENTATION_CONTEXT() REPRESENTATION_CONTEXT('2D SPACE',''
  ) );
#2230 = ORIENTED_EDGE('',*,*,#2231,.F.);
#2231 = EDGE_CURVE('',#2072,#2209,#2232,.T.);
#2232 = SURFACE_CURVE('',#2233,(#2238,#2245),.PCURVE_S1.);
#2233 = CIRCLE('',#2234,0.6);
#2234 = AXIS2_PLACEMENT_3D('',#2235,#2236,#2237);
#2235 = CARTESIAN_POINT('',(3.,77.,3.));
#2236 = DIRECTION('',(-0.,-0.,-1.));
#2237 = DIRECTION('',(0.,-1.,0.));
#2238 = PCURVE('',#661,#2239);
#2239 = DEFINITIONAL_REPRESENTATION('',(#2240),#2244);
#2240 = LINE('',#2241,#2242);
#2241 = CARTESIAN_POINT('',(1.570796326795,4.));
#2242 = VECTOR('',#2243,1.);
#2243 = DIRECTION('',(-1.,0.));
#2244 = ( GEOMETRIC_REPRESENTATION_CONTEXT(2) 
PARAMETRIC_REPRESENTATION_CONTEXT() REPRESENTATION_CONTEXT('2D SPACE',''
  ) );
#2245 = PCURVE('',#2110,#2246);
#2246 = DEFINITIONAL_REPRESENTATION('',(#2247),#2255);
#2247 = ( BOUNDED_CURVE() B_SPLINE_CURVE(2,(#2248,#2249,#2250,#2251,
#2252,#2253,#2254),.UNSPECIFIED.,.T.,.F.) B_SPLINE_CURVE_WITH_KNOTS((1,2
    ,2,2,2,1),(-2.094395102393,0.,2.094395102393,4.188790204786,
6.28318530718,8.377580409573),.UNSPECIFIED.) CURVE() 
GEOMETRIC_REPRESENTATION_ITEM() RATIONAL_B_SPLINE_CURVE((1.,0.5,1.,0.5,
1.,0.5,1.)) REPRESENTATION_ITEM('') );
#2248 = CARTESIAN_POINT('',(3.,6.4));
#2249 = CARTESIAN_POINT('',(1.960769515459,6.4));
#2250 = CARTESIAN_POINT('',(2.480384757729,7.3));
#2251 = CARTESIAN_POINT('',(3.,8.2));
#2252 = CARTESIAN_POINT('',(3.519615242271,7.3));
#2253 = CARTESIAN_POINT('',(4.039230484541,6.4));
#2254 = CARTESIAN_POINT('',(3.,6.4));
#2255 = ( GEOMETRIC_REPRESENTATION_CONTEXT(2) 
PARAMETRIC_REPRESENTATION_CONTEXT() REPRESENTATION_CONTEXT('2D SPACE',''
  ) );
#2256 = ADVANCED_FACE('',(#2257,#2623),#688,.F.);
#2257 = FACE_BOUND('',#2258,.F.);
#2258 = EDGE_LOOP('',(#2259,#2282,#2283,#2284,#2307,#2334,#2357,#2380,
    #2408,#2434,#2460,#2486,#2514,#2542,#2570,#2597));
#2259 = ORIENTED_EDGE('',*,*,#2260,.F.);
#2260 = EDGE_CURVE('',#674,#2261,#2263,.T.);
#2261 = VERTEX_POINT('',#2262);
#2262 = CARTESIAN_POINT('',(231.,77.6,3.));
#2263 = SURFACE_CURVE('',#2264,(#2268,#2275),.PCURVE_S1.);
#2264 = LINE('',#2265,#2266);
#2265 = CARTESIAN_POINT('',(231.,77.6,-1.));
#2266 = VECTOR('',#2267,1.);
#2267 = DIRECTION('',(0.,0.,1.));
#2268 = PCURVE('',#688,#2269);
#2269 = DEFINITIONAL_REPRESENTATION('',(#2270),#2274);
#2270 = LINE('',#2271,#2272);
#2271 = CARTESIAN_POINT('',(0.,228.6));
#2272 = VECTOR('',#2273,1.);
#2273 = DIRECTION('',(1.,0.));
#2274 = ( GEOMETRIC_REPRESENTATION_CONTEXT(2) 
PARAMETRIC_REPRESENTATION_CONTEXT() REPRESENTATION_CONTEXT('2D SPACE',''
  ) );
#2275 = PCURVE('',#716,#2276);
#2276 = DEFINITIONAL_REPRESENTATION('',(#2277),#2281);
#2277 = LINE('',#2278,#2279);
#2278 = CARTESIAN_POINT('',(1.570796326795,0.));
#2279 = VECTOR('',#2280,1.);
#2280 = DIRECTION('',(0.,1.));
#2281 = ( GEOMETRIC_REPRESENTATION_CONTEXT(2) 
PARAMETRIC_REPRESENTATION_CONTEXT() REPRESENTATION_CONTEXT('2D SPACE',''
  ) );
#2282 = ORIENTED_EDGE('',*,*,#673,.T.);
#2283 = ORIENTED_EDGE('',*,*,#2208,.T.);
#2284 = ORIENTED_EDGE('',*,*,#2285,.T.);
#2285 = EDGE_CURVE('',#2209,#2286,#2288,.T.);
#2286 = VERTEX_POINT('',#2287);
#2287 = CARTESIAN_POINT('',(10.,77.6,3.));
#2288 = SURFACE_CURVE('',#2289,(#2293,#2300),.PCURVE_S1.);
#2289 = LINE('',#2290,#2291);
#2290 = CARTESIAN_POINT('',(2.4,77.6,3.));
#2291 = VECTOR('',#2292,1.);
#2292 = DIRECTION('',(1.,0.,0.));
#2293 = PCURVE('',#688,#2294);
#2294 = DEFINITIONAL_REPRESENTATION('',(#2295),#2299);
#2295 = LINE('',#2296,#2297);
#2296 = CARTESIAN_POINT('',(4.,0.));
#2297 = VECTOR('',#2298,1.);
#2298 = DIRECTION('',(0.,1.));
#2299 = ( GEOMETRIC_REPRESENTATION_CONTEXT(2) 
PARAMETRIC_REPRESENTATION_CONTEXT() REPRESENTATION_CONTEXT('2D SPACE',''
  ) );
#2300 = PCURVE('',#2110,#2301);
#2301 = DEFINITIONAL_REPRESENTATION('',(#2302),#2306);
#2302 = LINE('',#2303,#2304);
#2303 = CARTESIAN_POINT('',(2.4,7.6));
#2304 = VECTOR('',#2305,1.);
#2305 = DIRECTION('',(1.,0.));
#2306 = ( GEOMETRIC_REPRESENTATION_CONTEXT(2) 
PARAMETRIC_REPRESENTATION_CONTEXT() REPRESENTATION_CONTEXT('2D SPACE',''
  ) );
#2307 = ORIENTED_EDGE('',*,*,#2308,.T.);
#2308 = EDGE_CURVE('',#2286,#2309,#2311,.T.);
#2309 = VERTEX_POINT('',#2310);
#2310 = CARTESIAN_POINT('',(10.,77.6,15.));
#2311 = SURFACE_CURVE('',#2312,(#2316,#2323),.PCURVE_S1.);
#2312 = LINE('',#2313,#2314);
#2313 = CARTESIAN_POINT('',(10.,77.6,3.));
#2314 = VECTOR('',#2315,1.);
#2315 = DIRECTION('',(0.,0.,1.));
#2316 = PCURVE('',#688,#2317);
#2317 = DEFINITIONAL_REPRESENTATION('',(#2318),#2322);
#2318 = LINE('',#2319,#2320);
#2319 = CARTESIAN_POINT('',(4.,7.6));
#2320 = VECTOR('',#2321,1.);
#2321 = DIRECTION('',(1.,0.));
#2322 = ( GEOMETRIC_REPRESENTATION_CONTEXT(2) 
PARAMETRIC_REPRESENTATION_CONTEXT() REPRESENTATION_CONTEXT('2D SPACE',''
  ) );
#2323 = PCURVE('',#2324,#2329);
#2324 = PLANE('',#2325);
#2325 = AXIS2_PLACEMENT_3D('',#2326,#2327,#2328);
#2326 = CARTESIAN_POINT('',(10.,70.,3.));
#2327 = DIRECTION('',(1.,0.,0.));
#2328 = DIRECTION('',(0.,0.,1.));
#2329 = DEFINITIONAL_REPRESENTATION('',(#2330),#2333);
#2330 = B_SPLINE_CURVE_WITH_KNOTS('',1,(#2331,#2332),.UNSPECIFIED.,.F.,
  .F.,(2,2),(0.,12.),.PIECEWISE_BEZIER_KNOTS.);
#2331 = CARTESIAN_POINT('',(0.,-7.6));
#2332 = CARTESIAN_POINT('',(12.,-7.6));
#2333 = ( GEOMETRIC_REPRESENTATION_CONTEXT(2) 
PARAMETRIC_REPRESENTATION_CONTEXT() REPRESENTATION_CONTEXT('2D SPACE',''
  ) );
#2334 = ORIENTED_EDGE('',*,*,#2335,.F.);
#2335 = EDGE_CURVE('',#2336,#2309,#2338,.T.);
#2336 = VERTEX_POINT('',#2337);
#2337 = CARTESIAN_POINT('',(3.,77.6,15.));
#2338 = SURFACE_CURVE('',#2339,(#2343,#2350),.PCURVE_S1.);
#2339 = LINE('',#2340,#2341);
#2340 = CARTESIAN_POINT('',(2.4,77.6,15.));
#2341 = VECTOR('',#2342,1.);
#2342 = DIRECTION('',(1.,0.,0.));
#2343 = PCURVE('',#688,#2344);
#2344 = DEFINITIONAL_REPRESENTATION('',(#2345),#2349);
#2345 = LINE('',#2346,#2347);
#2346 = CARTESIAN_POINT('',(16.,0.));
#2347 = VECTOR('',#2348,1.);
#2348 = DIRECTION('',(0.,1.));
#2349 = ( GEOMETRIC_REPRESENTATION_CONTEXT(2) 
PARAMETRIC_REPRESENTATION_CONTEXT() REPRESENTATION_CONTEXT('2D SPACE',''
  ) );
#2350 = PCURVE('',#2165,#2351);
#2351 = DEFINITIONAL_REPRESENTATION('',(#2352),#2356);
#2352 = LINE('',#2353,#2354);
#2353 = CARTESIAN_POINT('',(2.4,7.6));
#2354 = VECTOR('',#2355,1.);
#2355 = DIRECTION('',(1.,0.));
#2356 = ( GEOMETRIC_REPRESENTATION_CONTEXT(2) 
PARAMETRIC_REPRESENTATION_CONTEXT() REPRESENTATION_CONTEXT('2D SPACE',''
  ) );
#2357 = ORIENTED_EDGE('',*,*,#2358,.T.);
#2358 = EDGE_CURVE('',#2336,#2359,#2361,.T.);
#2359 = VERTEX_POINT('',#2360);
#2360 = CARTESIAN_POINT('',(3.,77.6,108.4));
#2361 = SURFACE_CURVE('',#2362,(#2366,#2373),.PCURVE_S1.);
#2362 = LINE('',#2363,#2364);
#2363 = CARTESIAN_POINT('',(3.,77.6,-1.));
#2364 = VECTOR('',#2365,1.);
#2365 = DIRECTION('',(0.,0.,1.));
#2366 = PCURVE('',#688,#2367);
#2367 = DEFINITIONAL_REPRESENTATION('',(#2368),#2372);
#2368 = LINE('',#2369,#2370);
#2369 = CARTESIAN_POINT('',(0.,0.6));
#2370 = VECTOR('',#2371,1.);
#2371 = DIRECTION('',(1.,0.));
#2372 = ( GEOMETRIC_REPRESENTATION_CONTEXT(2) 
PARAMETRIC_REPRESENTATION_CONTEXT() REPRESENTATION_CONTEXT('2D SPACE',''
  ) );
#2373 = PCURVE('',#2191,#2374);
#2374 = DEFINITIONAL_REPRESENTATION('',(#2375),#2379);
#2375 = LINE('',#2376,#2377);
#2376 = CARTESIAN_POINT('',(-1.570796326795,0.));
#2377 = VECTOR('',#2378,1.);
#2378 = DIRECTION('',(-0.,1.));
#2379 = ( GEOMETRIC_REPRESENTATION_CONTEXT(2) 
PARAMETRIC_REPRESENTATION_CONTEXT() REPRESENTATION_CONTEXT('2D SPACE',''
  ) );
#2380 = ORIENTED_EDGE('',*,*,#2381,.T.);
#2381 = EDGE_CURVE('',#2359,#2382,#2384,.T.);
#2382 = VERTEX_POINT('',#2383);
#2383 = CARTESIAN_POINT('',(212.6,77.6,108.4));
#2384 = SURFACE_CURVE('',#2385,(#2389,#2396),.PCURVE_S1.);
#2385 = LINE('',#2386,#2387);
#2386 = CARTESIAN_POINT('',(2.4,77.6,108.4));
#2387 = VECTOR('',#2388,1.);
#2388 = DIRECTION('',(1.,0.,0.));
#2389 = PCURVE('',#688,#2390);
#2390 = DEFINITIONAL_REPRESENTATION('',(#2391),#2395);
#2391 = LINE('',#2392,#2393);
#2392 = CARTESIAN_POINT('',(109.4,0.));
#2393 = VECTOR('',#2394,1.);
#2394 = DIRECTION('',(0.,1.));
#2395 = ( GEOMETRIC_REPRESENTATION_CONTEXT(2) 
PARAMETRIC_REPRESENTATION_CONTEXT() REPRESENTATION_CONTEXT('2D SPACE',''
  ) );
#2396 = PCURVE('',#2397,#2402);
#2397 = CYLINDRICAL_SURFACE('',#2398,0.6);
#2398 = AXIS2_PLACEMENT_3D('',#2399,#2400,#2401);
#2399 = CARTESIAN_POINT('',(2.4,77.,108.4));
#2400 = DIRECTION('',(1.,0.,0.));
#2401 = DIRECTION('',(-0.,1.,0.));
#2402 = DEFINITIONAL_REPRESENTATION('',(#2403),#2407);
#2403 = LINE('',#2404,#2405);
#2404 = CARTESIAN_POINT('',(0.,0.));
#2405 = VECTOR('',#2406,1.);
#2406 = DIRECTION('',(0.,1.));
#2407 = ( GEOMETRIC_REPRESENTATION_CONTEXT(2) 
PARAMETRIC_REPRESENTATION_CONTEXT() REPRESENTATION_CONTEXT('2D SPACE',''
  ) );
#2408 = ORIENTED_EDGE('',*,*,#2409,.T.);
#2409 = EDGE_CURVE('',#2382,#2410,#2412,.T.);
#2410 = VERTEX_POINT('',#2411);
#2411 = CARTESIAN_POINT('',(212.6,77.6,33.));
#2412 = SURFACE_CURVE('',#2413,(#2417,#2423),.PCURVE_S1.);
#2413 = LINE('',#2414,#2415);
#2414 = CARTESIAN_POINT('',(212.6,77.6,16.));
#2415 = VECTOR('',#2416,1.);
#2416 = DIRECTION('',(0.,0.,-1.));
#2417 = PCURVE('',#688,#2418);
#2418 = DEFINITIONAL_REPRESENTATION('',(#2419),#2422);
#2419 = B_SPLINE_CURVE_WITH_KNOTS('',1,(#2420,#2421),.UNSPECIFIED.,.F.,
  .F.,(2,2),(-92.4,-17.),.PIECEWISE_BEZIER_KNOTS.);
#2420 = CARTESIAN_POINT('',(109.4,210.2));
#2421 = CARTESIAN_POINT('',(34.,210.2));
#2422 = ( GEOMETRIC_REPRESENTATION_CONTEXT(2) 
PARAMETRIC_REPRESENTATION_CONTEXT() REPRESENTATION_CONTEXT('2D SPACE',''
  ) );
#2423 = PCURVE('',#2424,#2429);
#2424 = PLANE('',#2425);
#2425 = AXIS2_PLACEMENT_3D('',#2426,#2427,#2428);
#2426 = CARTESIAN_POINT('',(212.6,6.4,33.));
#2427 = DIRECTION('',(1.,0.,0.));
#2428 = DIRECTION('',(0.,0.,1.));
#2429 = DEFINITIONAL_REPRESENTATION('',(#2430),#2433);
#2430 = B_SPLINE_CURVE_WITH_KNOTS('',1,(#2431,#2432),.UNSPECIFIED.,.F.,
  .F.,(2,2),(-92.4,-17.),.PIECEWISE_BEZIER_KNOTS.);
#2431 = CARTESIAN_POINT('',(75.4,-71.2));
#2432 = CARTESIAN_POINT('',(0.,-71.2));
#2433 = ( GEOMETRIC_REPRESENTATION_CONTEXT(2) 
PARAMETRIC_REPRESENTATION_CONTEXT() REPRESENTATION_CONTEXT('2D SPACE',''
  ) );
#2434 = ORIENTED_EDGE('',*,*,#2435,.T.);
#2435 = EDGE_CURVE('',#2410,#2436,#2438,.T.);
#2436 = VERTEX_POINT('',#2437);
#2437 = CARTESIAN_POINT('',(214.2,77.6,33.));
#2438 = SURFACE_CURVE('',#2439,(#2443,#2449),.PCURVE_S1.);
#2439 = LINE('',#2440,#2441);
#2440 = CARTESIAN_POINT('',(107.5,77.6,33.));
#2441 = VECTOR('',#2442,1.);
#2442 = DIRECTION('',(1.,0.,0.));
#2443 = PCURVE('',#688,#2444);
#2444 = DEFINITIONAL_REPRESENTATION('',(#2445),#2448);
#2445 = B_SPLINE_CURVE_WITH_KNOTS('',1,(#2446,#2447),.UNSPECIFIED.,.F.,
  .F.,(2,2),(105.1,106.7),.PIECEWISE_BEZIER_KNOTS.);
#2446 = CARTESIAN_POINT('',(34.,210.2));
#2447 = CARTESIAN_POINT('',(34.,211.8));
#2448 = ( GEOMETRIC_REPRESENTATION_CONTEXT(2) 
PARAMETRIC_REPRESENTATION_CONTEXT() REPRESENTATION_CONTEXT('2D SPACE',''
  ) );
#2449 = PCURVE('',#2450,#2455);
#2450 = PLANE('',#2451);
#2451 = AXIS2_PLACEMENT_3D('',#2452,#2453,#2454);
#2452 = CARTESIAN_POINT('',(212.6,6.4,33.));
#2453 = DIRECTION('',(0.,0.,1.));
#2454 = DIRECTION('',(1.,0.,0.));
#2455 = DEFINITIONAL_REPRESENTATION('',(#2456),#2459);
#2456 = B_SPLINE_CURVE_WITH_KNOTS('',1,(#2457,#2458),.UNSPECIFIED.,.F.,
  .F.,(2,2),(105.1,106.7),.PIECEWISE_BEZIER_KNOTS.);
#2457 = CARTESIAN_POINT('',(0.,71.2));
#2458 = CARTESIAN_POINT('',(1.6,71.2));
#2459 = ( GEOMETRIC_REPRESENTATION_CONTEXT(2) 
PARAMETRIC_REPRESENTATION_CONTEXT() REPRESENTATION_CONTEXT('2D SPACE',''
  ) );
#2460 = ORIENTED_EDGE('',*,*,#2461,.F.);
#2461 = EDGE_CURVE('',#2462,#2436,#2464,.T.);
#2462 = VERTEX_POINT('',#2463);
#2463 = CARTESIAN_POINT('',(214.2,77.6,108.4));
#2464 = SURFACE_CURVE('',#2465,(#2469,#2475),.PCURVE_S1.);
#2465 = LINE('',#2466,#2467);
#2466 = CARTESIAN_POINT('',(214.2,77.6,16.));
#2467 = VECTOR('',#2468,1.);
#2468 = DIRECTION('',(0.,0.,-1.));
#2469 = PCURVE('',#688,#2470);
#2470 = DEFINITIONAL_REPRESENTATION('',(#2471),#2474);
#2471 = B_SPLINE_CURVE_WITH_KNOTS('',1,(#2472,#2473),.UNSPECIFIED.,.F.,
  .F.,(2,2),(-92.4,-17.),.PIECEWISE_BEZIER_KNOTS.);
#2472 = CARTESIAN_POINT('',(109.4,211.8));
#2473 = CARTESIAN_POINT('',(34.,211.8));
#2474 = ( GEOMETRIC_REPRESENTATION_CONTEXT(2) 
PARAMETRIC_REPRESENTATION_CONTEXT() REPRESENTATION_CONTEXT('2D SPACE',''
  ) );
#2475 = PCURVE('',#2476,#2481);
#2476 = PLANE('',#2477);
#2477 = AXIS2_PLACEMENT_3D('',#2478,#2479,#2480);
#2478 = CARTESIAN_POINT('',(214.2,6.4,33.));
#2479 = DIRECTION('',(1.,0.,0.));
#2480 = DIRECTION('',(0.,0.,1.));
#2481 = DEFINITIONAL_REPRESENTATION('',(#2482),#2485);
#2482 = B_SPLINE_CURVE_WITH_KNOTS('',1,(#2483,#2484),.UNSPECIFIED.,.F.,
  .F.,(2,2),(-92.4,-17.),.PIECEWISE_BEZIER_KNOTS.);
#2483 = CARTESIAN_POINT('',(75.4,-71.2));
#2484 = CARTESIAN_POINT('',(0.,-71.2));
#2485 = ( GEOMETRIC_REPRESENTATION_CONTEXT(2) 
PARAMETRIC_REPRESENTATION_CONTEXT() REPRESENTATION_CONTEXT('2D SPACE',''
  ) );
#2486 = ORIENTED_EDGE('',*,*,#2487,.T.);
#2487 = EDGE_CURVE('',#2462,#2488,#2490,.T.);
#2488 = VERTEX_POINT('',#2489);
#2489 = CARTESIAN_POINT('',(231.,77.6,108.4));
#2490 = SURFACE_CURVE('',#2491,(#2495,#2502),.PCURVE_S1.);
#2491 = LINE('',#2492,#2493);
#2492 = CARTESIAN_POINT('',(2.4,77.6,108.4));
#2493 = VECTOR('',#2494,1.);
#2494 = DIRECTION('',(1.,0.,0.));
#2495 = PCURVE('',#688,#2496);
#2496 = DEFINITIONAL_REPRESENTATION('',(#2497),#2501);
#2497 = LINE('',#2498,#2499);
#2498 = CARTESIAN_POINT('',(109.4,0.));
#2499 = VECTOR('',#2500,1.);
#2500 = DIRECTION('',(0.,1.));
#2501 = ( GEOMETRIC_REPRESENTATION_CONTEXT(2) 
PARAMETRIC_REPRESENTATION_CONTEXT() REPRESENTATION_CONTEXT('2D SPACE',''
  ) );
#2502 = PCURVE('',#2503,#2508);
#2503 = CYLINDRICAL_SURFACE('',#2504,0.6);
#2504 = AXIS2_PLACEMENT_3D('',#2505,#2506,#2507);
#2505 = CARTESIAN_POINT('',(2.4,77.,108.4));
#2506 = DIRECTION('',(1.,0.,0.));
#2507 = DIRECTION('',(-0.,1.,0.));
#2508 = DEFINITIONAL_REPRESENTATION('',(#2509),#2513);
#2509 = LINE('',#2510,#2511);
#2510 = CARTESIAN_POINT('',(0.,0.));
#2511 = VECTOR('',#2512,1.);
#2512 = DIRECTION('',(0.,1.));
#2513 = ( GEOMETRIC_REPRESENTATION_CONTEXT(2) 
PARAMETRIC_REPRESENTATION_CONTEXT() REPRESENTATION_CONTEXT('2D SPACE',''
  ) );
#2514 = ORIENTED_EDGE('',*,*,#2515,.F.);
#2515 = EDGE_CURVE('',#2516,#2488,#2518,.T.);
#2516 = VERTEX_POINT('',#2517);
#2517 = CARTESIAN_POINT('',(231.,77.6,15.));
#2518 = SURFACE_CURVE('',#2519,(#2523,#2530),.PCURVE_S1.);
#2519 = LINE('',#2520,#2521);
#2520 = CARTESIAN_POINT('',(231.,77.6,-1.));
#2521 = VECTOR('',#2522,1.);
#2522 = DIRECTION('',(0.,0.,1.));
#2523 = PCURVE('',#688,#2524);
#2524 = DEFINITIONAL_REPRESENTATION('',(#2525),#2529);
#2525 = LINE('',#2526,#2527);
#2526 = CARTESIAN_POINT('',(0.,228.6));
#2527 = VECTOR('',#2528,1.);
#2528 = DIRECTION('',(1.,0.));
#2529 = ( GEOMETRIC_REPRESENTATION_CONTEXT(2) 
PARAMETRIC_REPRESENTATION_CONTEXT() REPRESENTATION_CONTEXT('2D SPACE',''
  ) );
#2530 = PCURVE('',#2531,#2536);
#2531 = CYLINDRICAL_SURFACE('',#2532,0.6);
#2532 = AXIS2_PLACEMENT_3D('',#2533,#2534,#2535);
#2533 = CARTESIAN_POINT('',(231.,77.,-1.));
#2534 = DIRECTION('',(0.,0.,1.));
#2535 = DIRECTION('',(1.,0.,-0.));
#2536 = DEFINITIONAL_REPRESENTATION('',(#2537),#2541);
#2537 = LINE('',#2538,#2539);
#2538 = CARTESIAN_POINT('',(1.570796326795,0.));
#2539 = VECTOR('',#2540,1.);
#2540 = DIRECTION('',(0.,1.));
#2541 = ( GEOMETRIC_REPRESENTATION_CONTEXT(2) 
PARAMETRIC_REPRESENTATION_CONTEXT() REPRESENTATION_CONTEXT('2D SPACE',''
  ) );
#2542 = ORIENTED_EDGE('',*,*,#2543,.F.);
#2543 = EDGE_CURVE('',#2544,#2516,#2546,.T.);
#2544 = VERTEX_POINT('',#2545);
#2545 = CARTESIAN_POINT('',(224.,77.6,15.));
#2546 = SURFACE_CURVE('',#2547,(#2551,#2558),.PCURVE_S1.);
#2547 = LINE('',#2548,#2549);
#2548 = CARTESIAN_POINT('',(2.4,77.6,15.));
#2549 = VECTOR('',#2550,1.);
#2550 = DIRECTION('',(1.,0.,0.));
#2551 = PCURVE('',#688,#2552);
#2552 = DEFINITIONAL_REPRESENTATION('',(#2553),#2557);
#2553 = LINE('',#2554,#2555);
#2554 = CARTESIAN_POINT('',(16.,0.));
#2555 = VECTOR('',#2556,1.);
#2556 = DIRECTION('',(0.,1.));
#2557 = ( GEOMETRIC_REPRESENTATION_CONTEXT(2) 
PARAMETRIC_REPRESENTATION_CONTEXT() REPRESENTATION_CONTEXT('2D SPACE',''
  ) );
#2558 = PCURVE('',#2559,#2564);
#2559 = PLANE('',#2560);
#2560 = AXIS2_PLACEMENT_3D('',#2561,#2562,#2563);
#2561 = CARTESIAN_POINT('',(224.,70.,15.));
#2562 = DIRECTION('',(0.,0.,1.));
#2563 = DIRECTION('',(1.,0.,0.));
#2564 = DEFINITIONAL_REPRESENTATION('',(#2565),#2569);
#2565 = LINE('',#2566,#2567);
#2566 = CARTESIAN_POINT('',(-221.6,7.6));
#2567 = VECTOR('',#2568,1.);
#2568 = DIRECTION('',(1.,0.));
#2569 = ( GEOMETRIC_REPRESENTATION_CONTEXT(2) 
PARAMETRIC_REPRESENTATION_CONTEXT() REPRESENTATION_CONTEXT('2D SPACE',''
  ) );
#2570 = ORIENTED_EDGE('',*,*,#2571,.F.);
#2571 = EDGE_CURVE('',#2572,#2544,#2574,.T.);
#2572 = VERTEX_POINT('',#2573);
#2573 = CARTESIAN_POINT('',(224.,77.6,3.));
#2574 = SURFACE_CURVE('',#2575,(#2579,#2586),.PCURVE_S1.);
#2575 = LINE('',#2576,#2577);
#2576 = CARTESIAN_POINT('',(224.,77.6,3.));
#2577 = VECTOR('',#2578,1.);
#2578 = DIRECTION('',(0.,0.,1.));
#2579 = PCURVE('',#688,#2580);
#2580 = DEFINITIONAL_REPRESENTATION('',(#2581),#2585);
#2581 = LINE('',#2582,#2583);
#2582 = CARTESIAN_POINT('',(4.,221.6));
#2583 = VECTOR('',#2584,1.);
#2584 = DIRECTION('',(1.,0.));
#2585 = ( GEOMETRIC_REPRESENTATION_CONTEXT(2) 
PARAMETRIC_REPRESENTATION_CONTEXT() REPRESENTATION_CONTEXT('2D SPACE',''
  ) );
#2586 = PCURVE('',#2587,#2592);
#2587 = PLANE('',#2588);
#2588 = AXIS2_PLACEMENT_3D('',#2589,#2590,#2591);
#2589 = CARTESIAN_POINT('',(224.,70.,3.));
#2590 = DIRECTION('',(1.,0.,0.));
#2591 = DIRECTION('',(0.,0.,1.));
#2592 = DEFINITIONAL_REPRESENTATION('',(#2593),#2596);
#2593 = B_SPLINE_CURVE_WITH_KNOTS('',1,(#2594,#2595),.UNSPECIFIED.,.F.,
  .F.,(2,2),(0.,12.),.PIECEWISE_BEZIER_KNOTS.);
#2594 = CARTESIAN_POINT('',(0.,-7.6));
#2595 = CARTESIAN_POINT('',(12.,-7.6));
#2596 = ( GEOMETRIC_REPRESENTATION_CONTEXT(2) 
PARAMETRIC_REPRESENTATION_CONTEXT() REPRESENTATION_CONTEXT('2D SPACE',''
  ) );
#2597 = ORIENTED_EDGE('',*,*,#2598,.T.);
#2598 = EDGE_CURVE('',#2572,#2261,#2599,.T.);
#2599 = SURFACE_CURVE('',#2600,(#2604,#2611),.PCURVE_S1.);
#2600 = LINE('',#2601,#2602);
#2601 = CARTESIAN_POINT('',(2.4,77.6,3.));
#2602 = VECTOR('',#2603,1.);
#2603 = DIRECTION('',(1.,0.,0.));
#2604 = PCURVE('',#688,#2605);
#2605 = DEFINITIONAL_REPRESENTATION('',(#2606),#2610);
#2606 = LINE('',#2607,#2608);
#2607 = CARTESIAN_POINT('',(4.,0.));
#2608 = VECTOR('',#2609,1.);
#2609 = DIRECTION('',(0.,1.));
#2610 = ( GEOMETRIC_REPRESENTATION_CONTEXT(2) 
PARAMETRIC_REPRESENTATION_CONTEXT() REPRESENTATION_CONTEXT('2D SPACE',''
  ) );
#2611 = PCURVE('',#2612,#2617);
#2612 = PLANE('',#2613);
#2613 = AXIS2_PLACEMENT_3D('',#2614,#2615,#2616);
#2614 = CARTESIAN_POINT('',(224.,70.,3.));
#2615 = DIRECTION('',(0.,0.,1.));
#2616 = DIRECTION('',(1.,0.,0.));
#2617 = DEFINITIONAL_REPRESENTATION('',(#2618),#2622);
#2618 = LINE('',#2619,#2620);
#2619 = CARTESIAN_POINT('',(-221.6,7.6));
#2620 = VECTOR('',#2621,1.);
#2621 = DIRECTION('',(1.,0.));
#2622 = ( GEOMETRIC_REPRESENTATION_CONTEXT(2) 
PARAMETRIC_REPRESENTATION_CONTEXT() REPRESENTATION_CONTEXT('2D SPACE',''
  ) );
#2623 = FACE_BOUND('',#2624,.F.);
#2624 = EDGE_LOOP('',(#2625));
#2625 = ORIENTED_EDGE('',*,*,#2626,.T.);
#2626 = EDGE_CURVE('',#2627,#2627,#2629,.T.);
#2627 = VERTEX_POINT('',#2628);
#2628 = CARTESIAN_POINT('',(206.1,77.6,5.8));
#2629 = SURFACE_CURVE('',#2630,(#2635,#2646),.PCURVE_S1.);
#2630 = CIRCLE('',#2631,2.1);
#2631 = AXIS2_PLACEMENT_3D('',#2632,#2633,#2634);
#2632 = CARTESIAN_POINT('',(204.,77.6,5.8));
#2633 = DIRECTION('',(0.,-1.,0.));
#2634 = DIRECTION('',(1.,0.,0.));
#2635 = PCURVE('',#688,#2636);
#2636 = DEFINITIONAL_REPRESENTATION('',(#2637),#2645);
#2637 = ( BOUNDED_CURVE() B_SPLINE_CURVE(2,(#2638,#2639,#2640,#2641,
#2642,#2643,#2644),.UNSPECIFIED.,.T.,.F.) B_SPLINE_CURVE_WITH_KNOTS((1,2
    ,2,2,2,1),(-2.094395102393,0.,2.094395102393,4.188790204786,
6.28318530718,8.377580409573),.UNSPECIFIED.) CURVE() 
GEOMETRIC_REPRESENTATION_ITEM() RATIONAL_B_SPLINE_CURVE((1.,0.5,1.,0.5,
1.,0.5,1.)) REPRESENTATION_ITEM('') );
#2638 = CARTESIAN_POINT('',(6.8,203.7));
#2639 = CARTESIAN_POINT('',(10.437306695895,203.7));
#2640 = CARTESIAN_POINT('',(8.618653347947,200.55));
#2641 = CARTESIAN_POINT('',(6.8,197.4));
#2642 = CARTESIAN_POINT('',(4.981346652053,200.55));
#2643 = CARTESIAN_POINT('',(3.162693304105,203.7));
#2644 = CARTESIAN_POINT('',(6.8,203.7));
#2645 = ( GEOMETRIC_REPRESENTATION_CONTEXT(2) 
PARAMETRIC_REPRESENTATION_CONTEXT() REPRESENTATION_CONTEXT('2D SPACE',''
  ) );
#2646 = PCURVE('',#1441,#2647);
#2647 = DEFINITIONAL_REPRESENTATION('',(#2648),#2652);
#2648 = LINE('',#2649,#2650);
#2649 = CARTESIAN_POINT('',(0.,-1.2));
#2650 = VECTOR('',#2651,1.);
#2651 = DIRECTION('',(1.,0.));
#2652 = ( GEOMETRIC_REPRESENTATION_CONTEXT(2) 
PARAMETRIC_REPRESENTATION_CONTEXT() REPRESENTATION_CONTEXT('2D SPACE',''
  ) );
#2653 = ADVANCED_FACE('',(#2654),#716,.F.);
#2654 = FACE_BOUND('',#2655,.F.);
#2655 = EDGE_LOOP('',(#2656,#2679,#2680,#2681));
#2656 = ORIENTED_EDGE('',*,*,#2657,.F.);
#2657 = EDGE_CURVE('',#700,#2658,#2660,.T.);
#2658 = VERTEX_POINT('',#2659);
#2659 = CARTESIAN_POINT('',(231.6,77.,3.));
#2660 = SURFACE_CURVE('',#2661,(#2665,#2672),.PCURVE_S1.);
#2661 = LINE('',#2662,#2663);
#2662 = CARTESIAN_POINT('',(231.6,77.,-1.));
#2663 = VECTOR('',#2664,1.);
#2664 = DIRECTION('',(0.,0.,1.));
#2665 = PCURVE('',#716,#2666);
#2666 = DEFINITIONAL_REPRESENTATION('',(#2667),#2671);
#2667 = LINE('',#2668,#2669);
#2668 = CARTESIAN_POINT('',(0.,0.));
#2669 = VECTOR('',#2670,1.);
#2670 = DIRECTION('',(0.,1.));
#2671 = ( GEOMETRIC_REPRESENTATION_CONTEXT(2) 
PARAMETRIC_REPRESENTATION_CONTEXT() REPRESENTATION_CONTEXT('2D SPACE',''
  ) );
#2672 = PCURVE('',#743,#2673);
#2673 = DEFINITIONAL_REPRESENTATION('',(#2674),#2678);
#2674 = LINE('',#2675,#2676);
#2675 = CARTESIAN_POINT('',(0.,-74.6));
#2676 = VECTOR('',#2677,1.);
#2677 = DIRECTION('',(1.,0.));
#2678 = ( GEOMETRIC_REPRESENTATION_CONTEXT(2) 
PARAMETRIC_REPRESENTATION_CONTEXT() REPRESENTATION_CONTEXT('2D SPACE',''
  ) );
#2679 = ORIENTED_EDGE('',*,*,#699,.T.);
#2680 = ORIENTED_EDGE('',*,*,#2260,.T.);
#2681 = ORIENTED_EDGE('',*,*,#2682,.F.);
#2682 = EDGE_CURVE('',#2658,#2261,#2683,.T.);
#2683 = SURFACE_CURVE('',#2684,(#2689,#2696),.PCURVE_S1.);
#2684 = CIRCLE('',#2685,0.6);
#2685 = AXIS2_PLACEMENT_3D('',#2686,#2687,#2688);
#2686 = CARTESIAN_POINT('',(231.,77.,3.));
#2687 = DIRECTION('',(0.,0.,1.));
#2688 = DIRECTION('',(0.,-1.,0.));
#2689 = PCURVE('',#716,#2690);
#2690 = DEFINITIONAL_REPRESENTATION('',(#2691),#2695);
#2691 = LINE('',#2692,#2693);
#2692 = CARTESIAN_POINT('',(-1.570796326795,4.));
#2693 = VECTOR('',#2694,1.);
#2694 = DIRECTION('',(1.,0.));
#2695 = ( GEOMETRIC_REPRESENTATION_CONTEXT(2) 
PARAMETRIC_REPRESENTATION_CONTEXT() REPRESENTATION_CONTEXT('2D SPACE',''
  ) );
#2696 = PCURVE('',#2612,#2697);
#2697 = DEFINITIONAL_REPRESENTATION('',(#2698),#2702);
#2698 = CIRCLE('',#2699,0.6);
#2699 = AXIS2_PLACEMENT_2D('',#2700,#2701);
#2700 = CARTESIAN_POINT('',(7.,7.));
#2701 = DIRECTION('',(0.,-1.));
#2702 = ( GEOMETRIC_REPRESENTATION_CONTEXT(2) 
PARAMETRIC_REPRESENTATION_CONTEXT() REPRESENTATION_CONTEXT('2D SPACE',''
  ) );
#2703 = ADVANCED_FACE('',(#2704),#743,.F.);
#2704 = FACE_BOUND('',#2705,.F.);
#2705 = EDGE_LOOP('',(#2706,#2736,#2764,#2792,#2819,#2847,#2868,#2869,
    #2870,#2893,#2920,#2943));
#2706 = ORIENTED_EDGE('',*,*,#2707,.F.);
#2707 = EDGE_CURVE('',#2708,#2710,#2712,.T.);
#2708 = VERTEX_POINT('',#2709);
#2709 = CARTESIAN_POINT('',(231.6,3.,108.4));
#2710 = VERTEX_POINT('',#2711);
#2711 = CARTESIAN_POINT('',(231.6,77.,108.4));
#2712 = SURFACE_CURVE('',#2713,(#2717,#2724),.PCURVE_S1.);
#2713 = LINE('',#2714,#2715);
#2714 = CARTESIAN_POINT('',(231.6,2.4,108.4));
#2715 = VECTOR('',#2716,1.);
#2716 = DIRECTION('',(-0.,1.,-0.));
#2717 = PCURVE('',#743,#2718);
#2718 = DEFINITIONAL_REPRESENTATION('',(#2719),#2723);
#2719 = LINE('',#2720,#2721);
#2720 = CARTESIAN_POINT('',(109.4,0.));
#2721 = VECTOR('',#2722,1.);
#2722 = DIRECTION('',(0.,-1.));
#2723 = ( GEOMETRIC_REPRESENTATION_CONTEXT(2) 
PARAMETRIC_REPRESENTATION_CONTEXT() REPRESENTATION_CONTEXT('2D SPACE',''
  ) );
#2724 = PCURVE('',#2725,#2730);
#2725 = CYLINDRICAL_SURFACE('',#2726,0.6);
#2726 = AXIS2_PLACEMENT_3D('',#2727,#2728,#2729);
#2727 = CARTESIAN_POINT('',(231.,2.4,108.4));
#2728 = DIRECTION('',(-0.,1.,-0.));
#2729 = DIRECTION('',(1.,0.,-0.));
#2730 = DEFINITIONAL_REPRESENTATION('',(#2731),#2735);
#2731 = LINE('',#2732,#2733);
#2732 = CARTESIAN_POINT('',(-0.,0.));
#2733 = VECTOR('',#2734,1.);
#2734 = DIRECTION('',(-0.,1.));
#2735 = ( GEOMETRIC_REPRESENTATION_CONTEXT(2) 
PARAMETRIC_REPRESENTATION_CONTEXT() REPRESENTATION_CONTEXT('2D SPACE',''
  ) );
#2736 = ORIENTED_EDGE('',*,*,#2737,.F.);
#2737 = EDGE_CURVE('',#2738,#2708,#2740,.T.);
#2738 = VERTEX_POINT('',#2739);
#2739 = CARTESIAN_POINT('',(231.6,3.,15.));
#2740 = SURFACE_CURVE('',#2741,(#2745,#2752),.PCURVE_S1.);
#2741 = LINE('',#2742,#2743);
#2742 = CARTESIAN_POINT('',(231.6,3.,-1.));
#2743 = VECTOR('',#2744,1.);
#2744 = DIRECTION('',(0.,0.,1.));
#2745 = PCURVE('',#743,#2746);
#2746 = DEFINITIONAL_REPRESENTATION('',(#2747),#2751);
#2747 = LINE('',#2748,#2749);
#2748 = CARTESIAN_POINT('',(0.,-0.6));
#2749 = VECTOR('',#2750,1.);
#2750 = DIRECTION('',(1.,0.));
#2751 = ( GEOMETRIC_REPRESENTATION_CONTEXT(2) 
PARAMETRIC_REPRESENTATION_CONTEXT() REPRESENTATION_CONTEXT('2D SPACE',''
  ) );
#2752 = PCURVE('',#2753,#2758);
#2753 = CYLINDRICAL_SURFACE('',#2754,0.6);
#2754 = AXIS2_PLACEMENT_3D('',#2755,#2756,#2757);
#2755 = CARTESIAN_POINT('',(231.,3.,-1.));
#2756 = DIRECTION('',(0.,0.,1.));
#2757 = DIRECTION('',(1.,0.,-0.));
#2758 = DEFINITIONAL_REPRESENTATION('',(#2759),#2763);
#2759 = LINE('',#2760,#2761);
#2760 = CARTESIAN_POINT('',(-0.,0.));
#2761 = VECTOR('',#2762,1.);
#2762 = DIRECTION('',(-0.,1.));
#2763 = ( GEOMETRIC_REPRESENTATION_CONTEXT(2) 
PARAMETRIC_REPRESENTATION_CONTEXT() REPRESENTATION_CONTEXT('2D SPACE',''
  ) );
#2764 = ORIENTED_EDGE('',*,*,#2765,.T.);
#2765 = EDGE_CURVE('',#2738,#2766,#2768,.T.);
#2766 = VERTEX_POINT('',#2767);
#2767 = CARTESIAN_POINT('',(231.6,10.,15.));
#2768 = SURFACE_CURVE('',#2769,(#2773,#2780),.PCURVE_S1.);
#2769 = LINE('',#2770,#2771);
#2770 = CARTESIAN_POINT('',(231.6,2.4,15.));
#2771 = VECTOR('',#2772,1.);
#2772 = DIRECTION('',(0.,1.,0.));
#2773 = PCURVE('',#743,#2774);
#2774 = DEFINITIONAL_REPRESENTATION('',(#2775),#2779);
#2775 = LINE('',#2776,#2777);
#2776 = CARTESIAN_POINT('',(16.,0.));
#2777 = VECTOR('',#2778,1.);
#2778 = DIRECTION('',(0.,-1.));
#2779 = ( GEOMETRIC_REPRESENTATION_CONTEXT(2) 
PARAMETRIC_REPRESENTATION_CONTEXT() REPRESENTATION_CONTEXT('2D SPACE',''
  ) );
#2780 = PCURVE('',#2781,#2786);
#2781 = PLANE('',#2782);
#2782 = AXIS2_PLACEMENT_3D('',#2783,#2784,#2785);
#2783 = CARTESIAN_POINT('',(224.,0.,15.));
#2784 = DIRECTION('',(0.,0.,1.));
#2785 = DIRECTION('',(1.,0.,0.));
#2786 = DEFINITIONAL_REPRESENTATION('',(#2787),#2791);
#2787 = LINE('',#2788,#2789);
#2788 = CARTESIAN_POINT('',(7.6,2.4));
#2789 = VECTOR('',#2790,1.);
#2790 = DIRECTION('',(0.,1.));
#2791 = ( GEOMETRIC_REPRESENTATION_CONTEXT(2) 
PARAMETRIC_REPRESENTATION_CONTEXT() REPRESENTATION_CONTEXT('2D SPACE',''
  ) );
#2792 = ORIENTED_EDGE('',*,*,#2793,.T.);
#2793 = EDGE_CURVE('',#2766,#2794,#2796,.T.);
#2794 = VERTEX_POINT('',#2795);
#2795 = CARTESIAN_POINT('',(231.6,10.,3.));
#2796 = SURFACE_CURVE('',#2797,(#2801,#2808),.PCURVE_S1.);
#2797 = LINE('',#2798,#2799);
#2798 = CARTESIAN_POINT('',(231.6,10.,3.));
#2799 = VECTOR('',#2800,1.);
#2800 = DIRECTION('',(0.,0.,-1.));
#2801 = PCURVE('',#743,#2802);
#2802 = DEFINITIONAL_REPRESENTATION('',(#2803),#2807);
#2803 = LINE('',#2804,#2805);
#2804 = CARTESIAN_POINT('',(4.,-7.6));
#2805 = VECTOR('',#2806,1.);
#2806 = DIRECTION('',(-1.,0.));
#2807 = ( GEOMETRIC_REPRESENTATION_CONTEXT(2) 
PARAMETRIC_REPRESENTATION_CONTEXT() REPRESENTATION_CONTEXT('2D SPACE',''
  ) );
#2808 = PCURVE('',#2809,#2814);
#2809 = PLANE('',#2810);
#2810 = AXIS2_PLACEMENT_3D('',#2811,#2812,#2813);
#2811 = CARTESIAN_POINT('',(224.,10.,3.));
#2812 = DIRECTION('',(0.,1.,0.));
#2813 = DIRECTION('',(0.,0.,1.));
#2814 = DEFINITIONAL_REPRESENTATION('',(#2815),#2818);
#2815 = B_SPLINE_CURVE_WITH_KNOTS('',1,(#2816,#2817),.UNSPECIFIED.,.F.,
  .F.,(2,2),(-12.,0.),.PIECEWISE_BEZIER_KNOTS.);
#2816 = CARTESIAN_POINT('',(12.,7.6));
#2817 = CARTESIAN_POINT('',(0.,7.6));
#2818 = ( GEOMETRIC_REPRESENTATION_CONTEXT(2) 
PARAMETRIC_REPRESENTATION_CONTEXT() REPRESENTATION_CONTEXT('2D SPACE',''
  ) );
#2819 = ORIENTED_EDGE('',*,*,#2820,.F.);
#2820 = EDGE_CURVE('',#2821,#2794,#2823,.T.);
#2821 = VERTEX_POINT('',#2822);
#2822 = CARTESIAN_POINT('',(231.6,3.,3.));
#2823 = SURFACE_CURVE('',#2824,(#2828,#2835),.PCURVE_S1.);
#2824 = LINE('',#2825,#2826);
#2825 = CARTESIAN_POINT('',(231.6,2.4,3.));
#2826 = VECTOR('',#2827,1.);
#2827 = DIRECTION('',(0.,1.,0.));
#2828 = PCURVE('',#743,#2829);
#2829 = DEFINITIONAL_REPRESENTATION('',(#2830),#2834);
#2830 = LINE('',#2831,#2832);
#2831 = CARTESIAN_POINT('',(4.,0.));
#2832 = VECTOR('',#2833,1.);
#2833 = DIRECTION('',(0.,-1.));
#2834 = ( GEOMETRIC_REPRESENTATION_CONTEXT(2) 
PARAMETRIC_REPRESENTATION_CONTEXT() REPRESENTATION_CONTEXT('2D SPACE',''
  ) );
#2835 = PCURVE('',#2836,#2841);
#2836 = PLANE('',#2837);
#2837 = AXIS2_PLACEMENT_3D('',#2838,#2839,#2840);
#2838 = CARTESIAN_POINT('',(224.,0.,3.));
#2839 = DIRECTION('',(0.,0.,1.));
#2840 = DIRECTION('',(1.,0.,0.));
#2841 = DEFINITIONAL_REPRESENTATION('',(#2842),#2846);
#2842 = LINE('',#2843,#2844);
#2843 = CARTESIAN_POINT('',(7.6,2.4));
#2844 = VECTOR('',#2845,1.);
#2845 = DIRECTION('',(0.,1.));
#2846 = ( GEOMETRIC_REPRESENTATION_CONTEXT(2) 
PARAMETRIC_REPRESENTATION_CONTEXT() REPRESENTATION_CONTEXT('2D SPACE',''
  ) );
#2847 = ORIENTED_EDGE('',*,*,#2848,.F.);
#2848 = EDGE_CURVE('',#729,#2821,#2849,.T.);
#2849 = SURFACE_CURVE('',#2850,(#2854,#2861),.PCURVE_S1.);
#2850 = LINE('',#2851,#2852);
#2851 = CARTESIAN_POINT('',(231.6,3.,-1.));
#2852 = VECTOR('',#2853,1.);
#2853 = DIRECTION('',(0.,0.,1.));
#2854 = PCURVE('',#743,#2855);
#2855 = DEFINITIONAL_REPRESENTATION('',(#2856),#2860);
#2856 = LINE('',#2857,#2858);
#2857 = CARTESIAN_POINT('',(0.,-0.6));
#2858 = VECTOR('',#2859,1.);
#2859 = DIRECTION('',(1.,0.));
#2860 = ( GEOMETRIC_REPRESENTATION_CONTEXT(2) 
PARAMETRIC_REPRESENTATION_CONTEXT() REPRESENTATION_CONTEXT('2D SPACE',''
  ) );
#2861 = PCURVE('',#771,#2862);
#2862 = DEFINITIONAL_REPRESENTATION('',(#2863),#2867);
#2863 = LINE('',#2864,#2865);
#2864 = CARTESIAN_POINT('',(-0.,0.));
#2865 = VECTOR('',#2866,1.);
#2866 = DIRECTION('',(-0.,1.));
#2867 = ( GEOMETRIC_REPRESENTATION_CONTEXT(2) 
PARAMETRIC_REPRESENTATION_CONTEXT() REPRESENTATION_CONTEXT('2D SPACE',''
  ) );
#2868 = ORIENTED_EDGE('',*,*,#728,.T.);
#2869 = ORIENTED_EDGE('',*,*,#2657,.T.);
#2870 = ORIENTED_EDGE('',*,*,#2871,.F.);
#2871 = EDGE_CURVE('',#2872,#2658,#2874,.T.);
#2872 = VERTEX_POINT('',#2873);
#2873 = CARTESIAN_POINT('',(231.6,70.,3.));
#2874 = SURFACE_CURVE('',#2875,(#2879,#2886),.PCURVE_S1.);
#2875 = LINE('',#2876,#2877);
#2876 = CARTESIAN_POINT('',(231.6,2.4,3.));
#2877 = VECTOR('',#2878,1.);
#2878 = DIRECTION('',(0.,1.,0.));
#2879 = PCURVE('',#743,#2880);
#2880 = DEFINITIONAL_REPRESENTATION('',(#2881),#2885);
#2881 = LINE('',#2882,#2883);
#2882 = CARTESIAN_POINT('',(4.,0.));
#2883 = VECTOR('',#2884,1.);
#2884 = DIRECTION('',(0.,-1.));
#2885 = ( GEOMETRIC_REPRESENTATION_CONTEXT(2) 
PARAMETRIC_REPRESENTATION_CONTEXT() REPRESENTATION_CONTEXT('2D SPACE',''
  ) );
#2886 = PCURVE('',#2612,#2887);
#2887 = DEFINITIONAL_REPRESENTATION('',(#2888),#2892);
#2888 = LINE('',#2889,#2890);
#2889 = CARTESIAN_POINT('',(7.6,-67.6));
#2890 = VECTOR('',#2891,1.);
#2891 = DIRECTION('',(0.,1.));
#2892 = ( GEOMETRIC_REPRESENTATION_CONTEXT(2) 
PARAMETRIC_REPRESENTATION_CONTEXT() REPRESENTATION_CONTEXT('2D SPACE',''
  ) );
#2893 = ORIENTED_EDGE('',*,*,#2894,.F.);
#2894 = EDGE_CURVE('',#2895,#2872,#2897,.T.);
#2895 = VERTEX_POINT('',#2896);
#2896 = CARTESIAN_POINT('',(231.6,70.,15.));
#2897 = SURFACE_CURVE('',#2898,(#2902,#2909),.PCURVE_S1.);
#2898 = LINE('',#2899,#2900);
#2899 = CARTESIAN_POINT('',(231.6,70.,3.));
#2900 = VECTOR('',#2901,1.);
#2901 = DIRECTION('',(0.,0.,-1.));
#2902 = PCURVE('',#743,#2903);
#2903 = DEFINITIONAL_REPRESENTATION('',(#2904),#2908);
#2904 = LINE('',#2905,#2906);
#2905 = CARTESIAN_POINT('',(4.,-67.6));
#2906 = VECTOR('',#2907,1.);
#2907 = DIRECTION('',(-1.,0.));
#2908 = ( GEOMETRIC_REPRESENTATION_CONTEXT(2) 
PARAMETRIC_REPRESENTATION_CONTEXT() REPRESENTATION_CONTEXT('2D SPACE',''
  ) );
#2909 = PCURVE('',#2910,#2915);
#2910 = PLANE('',#2911);
#2911 = AXIS2_PLACEMENT_3D('',#2912,#2913,#2914);
#2912 = CARTESIAN_POINT('',(224.,70.,3.));
#2913 = DIRECTION('',(0.,1.,0.));
#2914 = DIRECTION('',(0.,0.,1.));
#2915 = DEFINITIONAL_REPRESENTATION('',(#2916),#2919);
#2916 = B_SPLINE_CURVE_WITH_KNOTS('',1,(#2917,#2918),.UNSPECIFIED.,.F.,
  .F.,(2,2),(-12.,0.),.PIECEWISE_BEZIER_KNOTS.);
#2917 = CARTESIAN_POINT('',(12.,7.6));
#2918 = CARTESIAN_POINT('',(0.,7.6));
#2919 = ( GEOMETRIC_REPRESENTATION_CONTEXT(2) 
PARAMETRIC_REPRESENTATION_CONTEXT() REPRESENTATION_CONTEXT('2D SPACE',''
  ) );
#2920 = ORIENTED_EDGE('',*,*,#2921,.T.);
#2921 = EDGE_CURVE('',#2895,#2922,#2924,.T.);
#2922 = VERTEX_POINT('',#2923);
#2923 = CARTESIAN_POINT('',(231.6,77.,15.));
#2924 = SURFACE_CURVE('',#2925,(#2929,#2936),.PCURVE_S1.);
#2925 = LINE('',#2926,#2927);
#2926 = CARTESIAN_POINT('',(231.6,2.4,15.));
#2927 = VECTOR('',#2928,1.);
#2928 = DIRECTION('',(0.,1.,0.));
#2929 = PCURVE('',#743,#2930);
#2930 = DEFINITIONAL_REPRESENTATION('',(#2931),#2935);
#2931 = LINE('',#2932,#2933);
#2932 = CARTESIAN_POINT('',(16.,0.));
#2933 = VECTOR('',#2934,1.);
#2934 = DIRECTION('',(0.,-1.));
#2935 = ( GEOMETRIC_REPRESENTATION_CONTEXT(2) 
PARAMETRIC_REPRESENTATION_CONTEXT() REPRESENTATION_CONTEXT('2D SPACE',''
  ) );
#2936 = PCURVE('',#2559,#2937);
#2937 = DEFINITIONAL_REPRESENTATION('',(#2938),#2942);
#2938 = LINE('',#2939,#2940);
#2939 = CARTESIAN_POINT('',(7.6,-67.6));
#2940 = VECTOR('',#2941,1.);
#2941 = DIRECTION('',(0.,1.));
#2942 = ( GEOMETRIC_REPRESENTATION_CONTEXT(2) 
PARAMETRIC_REPRESENTATION_CONTEXT() REPRESENTATION_CONTEXT('2D SPACE',''
  ) );
#2943 = ORIENTED_EDGE('',*,*,#2944,.T.);
#2944 = EDGE_CURVE('',#2922,#2710,#2945,.T.);
#2945 = SURFACE_CURVE('',#2946,(#2950,#2957),.PCURVE_S1.);
#2946 = LINE('',#2947,#2948);
#2947 = CARTESIAN_POINT('',(231.6,77.,-1.));
#2948 = VECTOR('',#2949,1.);
#2949 = DIRECTION('',(0.,0.,1.));
#2950 = PCURVE('',#743,#2951);
#2951 = DEFINITIONAL_REPRESENTATION('',(#2952),#2956);
#2952 = LINE('',#2953,#2954);
#2953 = CARTESIAN_POINT('',(0.,-74.6));
#2954 = VECTOR('',#2955,1.);
#2955 = DIRECTION('',(1.,0.));
#2956 = ( GEOMETRIC_REPRESENTATION_CONTEXT(2) 
PARAMETRIC_REPRESENTATION_CONTEXT() REPRESENTATION_CONTEXT('2D SPACE',''
  ) );
#2957 = PCURVE('',#2531,#2958);
#2958 = DEFINITIONAL_REPRESENTATION('',(#2959),#2963);
#2959 = LINE('',#2960,#2961);
#2960 = CARTESIAN_POINT('',(0.,0.));
#2961 = VECTOR('',#2962,1.);
#2962 = DIRECTION('',(0.,1.));
#2963 = ( GEOMETRIC_REPRESENTATION_CONTEXT(2) 
PARAMETRIC_REPRESENTATION_CONTEXT() REPRESENTATION_CONTEXT('2D SPACE',''
  ) );
#2964 = ADVANCED_FACE('',(#2965),#771,.F.);
#2965 = FACE_BOUND('',#2966,.T.);
#2966 = EDGE_LOOP('',(#2967,#2968,#2969,#2992));
#2967 = ORIENTED_EDGE('',*,*,#2848,.F.);
#2968 = ORIENTED_EDGE('',*,*,#754,.F.);
#2969 = ORIENTED_EDGE('',*,*,#2970,.T.);
#2970 = EDGE_CURVE('',#755,#2971,#2973,.T.);
#2971 = VERTEX_POINT('',#2972);
#2972 = CARTESIAN_POINT('',(231.,2.4,3.));
#2973 = SURFACE_CURVE('',#2974,(#2978,#2985),.PCURVE_S1.);
#2974 = LINE('',#2975,#2976);
#2975 = CARTESIAN_POINT('',(231.,2.4,-1.));
#2976 = VECTOR('',#2977,1.);
#2977 = DIRECTION('',(0.,0.,1.));
#2978 = PCURVE('',#771,#2979);
#2979 = DEFINITIONAL_REPRESENTATION('',(#2980),#2984);
#2980 = LINE('',#2981,#2982);
#2981 = CARTESIAN_POINT('',(-1.570796326795,0.));
#2982 = VECTOR('',#2983,1.);
#2983 = DIRECTION('',(-0.,1.));
#2984 = ( GEOMETRIC_REPRESENTATION_CONTEXT(2) 
PARAMETRIC_REPRESENTATION_CONTEXT() REPRESENTATION_CONTEXT('2D SPACE',''
  ) );
#2985 = PCURVE('',#797,#2986);
#2986 = DEFINITIONAL_REPRESENTATION('',(#2987),#2991);
#2987 = LINE('',#2988,#2989);
#2988 = CARTESIAN_POINT('',(0.,228.6));
#2989 = VECTOR('',#2990,1.);
#2990 = DIRECTION('',(1.,0.));
#2991 = ( GEOMETRIC_REPRESENTATION_CONTEXT(2) 
PARAMETRIC_REPRESENTATION_CONTEXT() REPRESENTATION_CONTEXT('2D SPACE',''
  ) );
#2992 = ORIENTED_EDGE('',*,*,#2993,.F.);
#2993 = EDGE_CURVE('',#2821,#2971,#2994,.T.);
#2994 = SURFACE_CURVE('',#2995,(#3000,#3007),.PCURVE_S1.);
#2995 = CIRCLE('',#2996,0.6);
#2996 = AXIS2_PLACEMENT_3D('',#2997,#2998,#2999);
#2997 = CARTESIAN_POINT('',(231.,3.,3.));
#2998 = DIRECTION('',(-0.,-0.,-1.));
#2999 = DIRECTION('',(0.,-1.,0.));
#3000 = PCURVE('',#771,#3001);
#3001 = DEFINITIONAL_REPRESENTATION('',(#3002),#3006);
#3002 = LINE('',#3003,#3004);
#3003 = CARTESIAN_POINT('',(4.712388980385,4.));
#3004 = VECTOR('',#3005,1.);
#3005 = DIRECTION('',(-1.,0.));
#3006 = ( GEOMETRIC_REPRESENTATION_CONTEXT(2) 
PARAMETRIC_REPRESENTATION_CONTEXT() REPRESENTATION_CONTEXT('2D SPACE',''
  ) );
#3007 = PCURVE('',#2836,#3008);
#3008 = DEFINITIONAL_REPRESENTATION('',(#3009),#3017);
#3009 = ( BOUNDED_CURVE() B_SPLINE_CURVE(2,(#3010,#3011,#3012,#3013,
#3014,#3015,#3016),.UNSPECIFIED.,.T.,.F.) B_SPLINE_CURVE_WITH_KNOTS((1,2
    ,2,2,2,1),(-2.094395102393,0.,2.094395102393,4.188790204786,
6.28318530718,8.377580409573),.UNSPECIFIED.) CURVE() 
GEOMETRIC_REPRESENTATION_ITEM() RATIONAL_B_SPLINE_CURVE((1.,0.5,1.,0.5,
1.,0.5,1.)) REPRESENTATION_ITEM('') );
#3010 = CARTESIAN_POINT('',(7.,2.4));
#3011 = CARTESIAN_POINT('',(5.960769515459,2.4));
#3012 = CARTESIAN_POINT('',(6.480384757729,3.3));
#3013 = CARTESIAN_POINT('',(7.,4.2));
#3014 = CARTESIAN_POINT('',(7.519615242271,3.3));
#3015 = CARTESIAN_POINT('',(8.039230484541,2.4));
#3016 = CARTESIAN_POINT('',(7.,2.4));
#3017 = ( GEOMETRIC_REPRESENTATION_CONTEXT(2) 
PARAMETRIC_REPRESENTATION_CONTEXT() REPRESENTATION_CONTEXT('2D SPACE',''
  ) );
#3018 = ADVANCED_FACE('',(#3019,#3242,#3466),#797,.T.);
#3019 = FACE_BOUND('',#3020,.T.);
#3020 = EDGE_LOOP('',(#3021,#3022,#3023,#3024,#3047,#3074,#3097,#3120,
    #3148,#3171,#3194,#3221));
#3021 = ORIENTED_EDGE('',*,*,#2970,.F.);
#3022 = ORIENTED_EDGE('',*,*,#783,.F.);
#3023 = ORIENTED_EDGE('',*,*,#1882,.T.);
#3024 = ORIENTED_EDGE('',*,*,#3025,.T.);
#3025 = EDGE_CURVE('',#1883,#3026,#3028,.T.);
#3026 = VERTEX_POINT('',#3027);
#3027 = CARTESIAN_POINT('',(10.,2.4,3.));
#3028 = SURFACE_CURVE('',#3029,(#3033,#3040),.PCURVE_S1.);
#3029 = LINE('',#3030,#3031);
#3030 = CARTESIAN_POINT('',(2.4,2.4,3.));
#3031 = VECTOR('',#3032,1.);
#3032 = DIRECTION('',(1.,0.,0.));
#3033 = PCURVE('',#797,#3034);
#3034 = DEFINITIONAL_REPRESENTATION('',(#3035),#3039);
#3035 = LINE('',#3036,#3037);
#3036 = CARTESIAN_POINT('',(4.,0.));
#3037 = VECTOR('',#3038,1.);
#3038 = DIRECTION('',(0.,1.));
#3039 = ( GEOMETRIC_REPRESENTATION_CONTEXT(2) 
PARAMETRIC_REPRESENTATION_CONTEXT() REPRESENTATION_CONTEXT('2D SPACE',''
  ) );
#3040 = PCURVE('',#1920,#3041);
#3041 = DEFINITIONAL_REPRESENTATION('',(#3042),#3046);
#3042 = LINE('',#3043,#3044);
#3043 = CARTESIAN_POINT('',(2.4,2.4));
#3044 = VECTOR('',#3045,1.);
#3045 = DIRECTION('',(1.,0.));
#3046 = ( GEOMETRIC_REPRESENTATION_CONTEXT(2) 
PARAMETRIC_REPRESENTATION_CONTEXT() REPRESENTATION_CONTEXT('2D SPACE',''
  ) );
#3047 = ORIENTED_EDGE('',*,*,#3048,.T.);
#3048 = EDGE_CURVE('',#3026,#3049,#3051,.T.);
#3049 = VERTEX_POINT('',#3050);
#3050 = CARTESIAN_POINT('',(10.,2.4,15.));
#3051 = SURFACE_CURVE('',#3052,(#3056,#3063),.PCURVE_S1.);
#3052 = LINE('',#3053,#3054);
#3053 = CARTESIAN_POINT('',(10.,2.4,3.));
#3054 = VECTOR('',#3055,1.);
#3055 = DIRECTION('',(0.,0.,1.));
#3056 = PCURVE('',#797,#3057);
#3057 = DEFINITIONAL_REPRESENTATION('',(#3058),#3062);
#3058 = LINE('',#3059,#3060);
#3059 = CARTESIAN_POINT('',(4.,7.6));
#3060 = VECTOR('',#3061,1.);
#3061 = DIRECTION('',(1.,0.));
#3062 = ( GEOMETRIC_REPRESENTATION_CONTEXT(2) 
PARAMETRIC_REPRESENTATION_CONTEXT() REPRESENTATION_CONTEXT('2D SPACE',''
  ) );
#3063 = PCURVE('',#3064,#3069);
#3064 = PLANE('',#3065);
#3065 = AXIS2_PLACEMENT_3D('',#3066,#3067,#3068);
#3066 = CARTESIAN_POINT('',(10.,0.,3.));
#3067 = DIRECTION('',(1.,0.,0.));
#3068 = DIRECTION('',(0.,0.,1.));
#3069 = DEFINITIONAL_REPRESENTATION('',(#3070),#3073);
#3070 = B_SPLINE_CURVE_WITH_KNOTS('',1,(#3071,#3072),.UNSPECIFIED.,.F.,
  .F.,(2,2),(0.,12.),.PIECEWISE_BEZIER_KNOTS.);
#3071 = CARTESIAN_POINT('',(0.,-2.4));
#3072 = CARTESIAN_POINT('',(12.,-2.4));
#3073 = ( GEOMETRIC_REPRESENTATION_CONTEXT(2) 
PARAMETRIC_REPRESENTATION_CONTEXT() REPRESENTATION_CONTEXT('2D SPACE',''
  ) );
#3074 = ORIENTED_EDGE('',*,*,#3075,.F.);
#3075 = EDGE_CURVE('',#3076,#3049,#3078,.T.);
#3076 = VERTEX_POINT('',#3077);
#3077 = CARTESIAN_POINT('',(3.,2.4,15.));
#3078 = SURFACE_CURVE('',#3079,(#3083,#3090),.PCURVE_S1.);
#3079 = LINE('',#3080,#3081);
#3080 = CARTESIAN_POINT('',(2.4,2.4,15.));
#3081 = VECTOR('',#3082,1.);
#3082 = DIRECTION('',(1.,0.,0.));
#3083 = PCURVE('',#797,#3084);
#3084 = DEFINITIONAL_REPRESENTATION('',(#3085),#3089);
#3085 = LINE('',#3086,#3087);
#3086 = CARTESIAN_POINT('',(16.,0.));
#3087 = VECTOR('',#3088,1.);
#3088 = DIRECTION('',(0.,1.));
#3089 = ( GEOMETRIC_REPRESENTATION_CONTEXT(2) 
PARAMETRIC_REPRESENTATION_CONTEXT() REPRESENTATION_CONTEXT('2D SPACE',''
  ) );
#3090 = PCURVE('',#2009,#3091);
#3091 = DEFINITIONAL_REPRESENTATION('',(#3092),#3096);
#3092 = LINE('',#3093,#3094);
#3093 = CARTESIAN_POINT('',(2.4,2.4));
#3094 = VECTOR('',#3095,1.);
#3095 = DIRECTION('',(1.,0.));
#3096 = ( GEOMETRIC_REPRESENTATION_CONTEXT(2) 
PARAMETRIC_REPRESENTATION_CONTEXT() REPRESENTATION_CONTEXT('2D SPACE',''
  ) );
#3097 = ORIENTED_EDGE('',*,*,#3098,.T.);
#3098 = EDGE_CURVE('',#3076,#3099,#3101,.T.);
#3099 = VERTEX_POINT('',#3100);
#3100 = CARTESIAN_POINT('',(3.,2.4,108.4));
#3101 = SURFACE_CURVE('',#3102,(#3106,#3113),.PCURVE_S1.);
#3102 = LINE('',#3103,#3104);
#3103 = CARTESIAN_POINT('',(3.,2.4,-1.));
#3104 = VECTOR('',#3105,1.);
#3105 = DIRECTION('',(0.,0.,1.));
#3106 = PCURVE('',#797,#3107);
#3107 = DEFINITIONAL_REPRESENTATION('',(#3108),#3112);
#3108 = LINE('',#3109,#3110);
#3109 = CARTESIAN_POINT('',(0.,0.6));
#3110 = VECTOR('',#3111,1.);
#3111 = DIRECTION('',(1.,0.));
#3112 = ( GEOMETRIC_REPRESENTATION_CONTEXT(2) 
PARAMETRIC_REPRESENTATION_CONTEXT() REPRESENTATION_CONTEXT('2D SPACE',''
  ) );
#3113 = PCURVE('',#1981,#3114);
#3114 = DEFINITIONAL_REPRESENTATION('',(#3115),#3119);
#3115 = LINE('',#3116,#3117);
#3116 = CARTESIAN_POINT('',(1.570796326795,0.));
#3117 = VECTOR('',#3118,1.);
#3118 = DIRECTION('',(0.,1.));
#3119 = ( GEOMETRIC_REPRESENTATION_CONTEXT(2) 
PARAMETRIC_REPRESENTATION_CONTEXT() REPRESENTATION_CONTEXT('2D SPACE',''
  ) );
#3120 = ORIENTED_EDGE('',*,*,#3121,.T.);
#3121 = EDGE_CURVE('',#3099,#3122,#3124,.T.);
#3122 = VERTEX_POINT('',#3123);
#3123 = CARTESIAN_POINT('',(231.,2.4,108.4));
#3124 = SURFACE_CURVE('',#3125,(#3129,#3136),.PCURVE_S1.);
#3125 = LINE('',#3126,#3127);
#3126 = CARTESIAN_POINT('',(2.4,2.4,108.4));
#3127 = VECTOR('',#3128,1.);
#3128 = DIRECTION('',(1.,0.,0.));
#3129 = PCURVE('',#797,#3130);
#3130 = DEFINITIONAL_REPRESENTATION('',(#3131),#3135);
#3131 = LINE('',#3132,#3133);
#3132 = CARTESIAN_POINT('',(109.4,0.));
#3133 = VECTOR('',#3134,1.);
#3134 = DIRECTION('',(0.,1.));
#3135 = ( GEOMETRIC_REPRESENTATION_CONTEXT(2) 
PARAMETRIC_REPRESENTATION_CONTEXT() REPRESENTATION_CONTEXT('2D SPACE',''
  ) );
#3136 = PCURVE('',#3137,#3142);
#3137 = CYLINDRICAL_SURFACE('',#3138,0.6);
#3138 = AXIS2_PLACEMENT_3D('',#3139,#3140,#3141);
#3139 = CARTESIAN_POINT('',(2.4,3.,108.4));
#3140 = DIRECTION('',(1.,0.,0.));
#3141 = DIRECTION('',(0.,-0.,1.));
#3142 = DEFINITIONAL_REPRESENTATION('',(#3143),#3147);
#3143 = LINE('',#3144,#3145);
#3144 = CARTESIAN_POINT('',(1.570796326795,0.));
#3145 = VECTOR('',#3146,1.);
#3146 = DIRECTION('',(0.,1.));
#3147 = ( GEOMETRIC_REPRESENTATION_CONTEXT(2) 
PARAMETRIC_REPRESENTATION_CONTEXT() REPRESENTATION_CONTEXT('2D SPACE',''
  ) );
#3148 = ORIENTED_EDGE('',*,*,#3149,.F.);
#3149 = EDGE_CURVE('',#3150,#3122,#3152,.T.);
#3150 = VERTEX_POINT('',#3151);
#3151 = CARTESIAN_POINT('',(231.,2.4,15.));
#3152 = SURFACE_CURVE('',#3153,(#3157,#3164),.PCURVE_S1.);
#3153 = LINE('',#3154,#3155);
#3154 = CARTESIAN_POINT('',(231.,2.4,-1.));
#3155 = VECTOR('',#3156,1.);
#3156 = DIRECTION('',(0.,0.,1.));
#3157 = PCURVE('',#797,#3158);
#3158 = DEFINITIONAL_REPRESENTATION('',(#3159),#3163);
#3159 = LINE('',#3160,#3161);
#3160 = CARTESIAN_POINT('',(0.,228.6));
#3161 = VECTOR('',#3162,1.);
#3162 = DIRECTION('',(1.,0.));
#3163 = ( GEOMETRIC_REPRESENTATION_CONTEXT(2) 
PARAMETRIC_REPRESENTATION_CONTEXT() REPRESENTATION_CONTEXT('2D SPACE',''
  ) );
#3164 = PCURVE('',#2753,#3165);
#3165 = DEFINITIONAL_REPRESENTATION('',(#3166),#3170);
#3166 = LINE('',#3167,#3168);
#3167 = CARTESIAN_POINT('',(-1.570796326795,0.));
#3168 = VECTOR('',#3169,1.);
#3169 = DIRECTION('',(-0.,1.));
#3170 = ( GEOMETRIC_REPRESENTATION_CONTEXT(2) 
PARAMETRIC_REPRESENTATION_CONTEXT() REPRESENTATION_CONTEXT('2D SPACE',''
  ) );
#3171 = ORIENTED_EDGE('',*,*,#3172,.F.);
#3172 = EDGE_CURVE('',#3173,#3150,#3175,.T.);
#3173 = VERTEX_POINT('',#3174);
#3174 = CARTESIAN_POINT('',(224.,2.4,15.));
#3175 = SURFACE_CURVE('',#3176,(#3180,#3187),.PCURVE_S1.);
#3176 = LINE('',#3177,#3178);
#3177 = CARTESIAN_POINT('',(2.4,2.4,15.));
#3178 = VECTOR('',#3179,1.);
#3179 = DIRECTION('',(1.,0.,0.));
#3180 = PCURVE('',#797,#3181);
#3181 = DEFINITIONAL_REPRESENTATION('',(#3182),#3186);
#3182 = LINE('',#3183,#3184);
#3183 = CARTESIAN_POINT('',(16.,0.));
#3184 = VECTOR('',#3185,1.);
#3185 = DIRECTION('',(0.,1.));
#3186 = ( GEOMETRIC_REPRESENTATION_CONTEXT(2) 
PARAMETRIC_REPRESENTATION_CONTEXT() REPRESENTATION_CONTEXT('2D SPACE',''
  ) );
#3187 = PCURVE('',#2781,#3188);
#3188 = DEFINITIONAL_REPRESENTATION('',(#3189),#3193);
#3189 = LINE('',#3190,#3191);
#3190 = CARTESIAN_POINT('',(-221.6,2.4));
#3191 = VECTOR('',#3192,1.);
#3192 = DIRECTION('',(1.,0.));
#3193 = ( GEOMETRIC_REPRESENTATION_CONTEXT(2) 
PARAMETRIC_REPRESENTATION_CONTEXT() REPRESENTATION_CONTEXT('2D SPACE',''
  ) );
#3194 = ORIENTED_EDGE('',*,*,#3195,.F.);
#3195 = EDGE_CURVE('',#3196,#3173,#3198,.T.);
#3196 = VERTEX_POINT('',#3197);
#3197 = CARTESIAN_POINT('',(224.,2.4,3.));
#3198 = SURFACE_CURVE('',#3199,(#3203,#3210),.PCURVE_S1.);
#3199 = LINE('',#3200,#3201);
#3200 = CARTESIAN_POINT('',(224.,2.4,3.));
#3201 = VECTOR('',#3202,1.);
#3202 = DIRECTION('',(0.,0.,1.));
#3203 = PCURVE('',#797,#3204);
#3204 = DEFINITIONAL_REPRESENTATION('',(#3205),#3209);
#3205 = LINE('',#3206,#3207);
#3206 = CARTESIAN_POINT('',(4.,221.6));
#3207 = VECTOR('',#3208,1.);
#3208 = DIRECTION('',(1.,0.));
#3209 = ( GEOMETRIC_REPRESENTATION_CONTEXT(2) 
PARAMETRIC_REPRESENTATION_CONTEXT() REPRESENTATION_CONTEXT('2D SPACE',''
  ) );
#3210 = PCURVE('',#3211,#3216);
#3211 = PLANE('',#3212);
#3212 = AXIS2_PLACEMENT_3D('',#3213,#3214,#3215);
#3213 = CARTESIAN_POINT('',(224.,0.,3.));
#3214 = DIRECTION('',(1.,0.,0.));
#3215 = DIRECTION('',(0.,0.,1.));
#3216 = DEFINITIONAL_REPRESENTATION('',(#3217),#3220);
#3217 = B_SPLINE_CURVE_WITH_KNOTS('',1,(#3218,#3219),.UNSPECIFIED.,.F.,
  .F.,(2,2),(0.,12.),.PIECEWISE_BEZIER_KNOTS.);
#3218 = CARTESIAN_POINT('',(0.,-2.4));
#3219 = CARTESIAN_POINT('',(12.,-2.4));
#3220 = ( GEOMETRIC_REPRESENTATION_CONTEXT(2) 
PARAMETRIC_REPRESENTATION_CONTEXT() REPRESENTATION_CONTEXT('2D SPACE',''
  ) );
#3221 = ORIENTED_EDGE('',*,*,#3222,.T.);
#3222 = EDGE_CURVE('',#3196,#2971,#3223,.T.);
#3223 = SURFACE_CURVE('',#3224,(#3228,#3235),.PCURVE_S1.);
#3224 = LINE('',#3225,#3226);
#3225 = CARTESIAN_POINT('',(2.4,2.4,3.));
#3226 = VECTOR('',#3227,1.);
#3227 = DIRECTION('',(1.,0.,0.));
#3228 = PCURVE('',#797,#3229);
#3229 = DEFINITIONAL_REPRESENTATION('',(#3230),#3234);
#3230 = LINE('',#3231,#3232);
#3231 = CARTESIAN_POINT('',(4.,0.));
#3232 = VECTOR('',#3233,1.);
#3233 = DIRECTION('',(0.,1.));
#3234 = ( GEOMETRIC_REPRESENTATION_CONTEXT(2) 
PARAMETRIC_REPRESENTATION_CONTEXT() REPRESENTATION_CONTEXT('2D SPACE',''
  ) );
#3235 = PCURVE('',#2836,#3236);
#3236 = DEFINITIONAL_REPRESENTATION('',(#3237),#3241);
#3237 = LINE('',#3238,#3239);
#3238 = CARTESIAN_POINT('',(-221.6,2.4));
#3239 = VECTOR('',#3240,1.);
#3240 = DIRECTION('',(1.,0.));
#3241 = ( GEOMETRIC_REPRESENTATION_CONTEXT(2) 
PARAMETRIC_REPRESENTATION_CONTEXT() REPRESENTATION_CONTEXT('2D SPACE',''
  ) );
#3242 = FACE_BOUND('',#3243,.T.);
#3243 = EDGE_LOOP('',(#3244,#3273,#3301,#3329,#3357,#3384,#3412,#3440));
#3244 = ORIENTED_EDGE('',*,*,#3245,.T.);
#3245 = EDGE_CURVE('',#3246,#3248,#3250,.T.);
#3246 = VERTEX_POINT('',#3247);
#3247 = CARTESIAN_POINT('',(11.,2.4,3.));
#3248 = VERTEX_POINT('',#3249);
#3249 = CARTESIAN_POINT('',(13.7,2.4,3.));
#3250 = SURFACE_CURVE('',#3251,(#3255,#3262),.PCURVE_S1.);
#3251 = LINE('',#3252,#3253);
#3252 = CARTESIAN_POINT('',(6.7,2.4,3.));
#3253 = VECTOR('',#3254,1.);
#3254 = DIRECTION('',(1.,0.,0.));
#3255 = PCURVE('',#797,#3256);
#3256 = DEFINITIONAL_REPRESENTATION('',(#3257),#3261);
#3257 = LINE('',#3258,#3259);
#3258 = CARTESIAN_POINT('',(4.,4.3));
#3259 = VECTOR('',#3260,1.);
#3260 = DIRECTION('',(0.,1.));
#3261 = ( GEOMETRIC_REPRESENTATION_CONTEXT(2) 
PARAMETRIC_REPRESENTATION_CONTEXT() REPRESENTATION_CONTEXT('2D SPACE',''
  ) );
#3262 = PCURVE('',#3263,#3268);
#3263 = PLANE('',#3264);
#3264 = AXIS2_PLACEMENT_3D('',#3265,#3266,#3267);
#3265 = CARTESIAN_POINT('',(11.,1.9,3.));
#3266 = DIRECTION('',(0.,0.,1.));
#3267 = DIRECTION('',(1.,0.,0.));
#3268 = DEFINITIONAL_REPRESENTATION('',(#3269),#3272);
#3269 = B_SPLINE_CURVE_WITH_KNOTS('',1,(#3270,#3271),.UNSPECIFIED.,.F.,
  .F.,(2,2),(4.3,12.3),.PIECEWISE_BEZIER_KNOTS.);
#3270 = CARTESIAN_POINT('',(0.,0.5));
#3271 = CARTESIAN_POINT('',(8.,0.5));
#3272 = ( GEOMETRIC_REPRESENTATION_CONTEXT(2) 
PARAMETRIC_REPRESENTATION_CONTEXT() REPRESENTATION_CONTEXT('2D SPACE',''
  ) );
#3273 = ORIENTED_EDGE('',*,*,#3274,.T.);
#3274 = EDGE_CURVE('',#3248,#3275,#3277,.T.);
#3275 = VERTEX_POINT('',#3276);
#3276 = CARTESIAN_POINT('',(13.7,2.4,96.3));
#3277 = SURFACE_CURVE('',#3278,(#3282,#3289),.PCURVE_S1.);
#3278 = LINE('',#3279,#3280);
#3279 = CARTESIAN_POINT('',(13.7,2.4,-1.));
#3280 = VECTOR('',#3281,1.);
#3281 = DIRECTION('',(0.,0.,1.));
#3282 = PCURVE('',#797,#3283);
#3283 = DEFINITIONAL_REPRESENTATION('',(#3284),#3288);
#3284 = LINE('',#3285,#3286);
#3285 = CARTESIAN_POINT('',(0.,11.3));
#3286 = VECTOR('',#3287,1.);
#3287 = DIRECTION('',(1.,0.));
#3288 = ( GEOMETRIC_REPRESENTATION_CONTEXT(2) 
PARAMETRIC_REPRESENTATION_CONTEXT() REPRESENTATION_CONTEXT('2D SPACE',''
  ) );
#3289 = PCURVE('',#3290,#3295);
#3290 = PLANE('',#3291);
#3291 = AXIS2_PLACEMENT_3D('',#3292,#3293,#3294);
#3292 = CARTESIAN_POINT('',(13.7,2.4,-1.));
#3293 = DIRECTION('',(1.,0.,0.));
#3294 = DIRECTION('',(0.,0.,1.));
#3295 = DEFINITIONAL_REPRESENTATION('',(#3296),#3300);
#3296 = LINE('',#3297,#3298);
#3297 = CARTESIAN_POINT('',(0.,0.));
#3298 = VECTOR('',#3299,1.);
#3299 = DIRECTION('',(1.,0.));
#3300 = ( GEOMETRIC_REPRESENTATION_CONTEXT(2) 
PARAMETRIC_REPRESENTATION_CONTEXT() REPRESENTATION_CONTEXT('2D SPACE',''
  ) );
#3301 = ORIENTED_EDGE('',*,*,#3302,.T.);
#3302 = EDGE_CURVE('',#3275,#3303,#3305,.T.);
#3303 = VERTEX_POINT('',#3304);
#3304 = CARTESIAN_POINT('',(220.3,2.4,96.3));
#3305 = SURFACE_CURVE('',#3306,(#3310,#3317),.PCURVE_S1.);
#3306 = LINE('',#3307,#3308);
#3307 = CARTESIAN_POINT('',(13.7,2.4,96.3));
#3308 = VECTOR('',#3309,1.);
#3309 = DIRECTION('',(1.,0.,0.));
#3310 = PCURVE('',#797,#3311);
#3311 = DEFINITIONAL_REPRESENTATION('',(#3312),#3316);
#3312 = LINE('',#3313,#3314);
#3313 = CARTESIAN_POINT('',(97.3,11.3));
#3314 = VECTOR('',#3315,1.);
#3315 = DIRECTION('',(0.,1.));
#3316 = ( GEOMETRIC_REPRESENTATION_CONTEXT(2) 
PARAMETRIC_REPRESENTATION_CONTEXT() REPRESENTATION_CONTEXT('2D SPACE',''
  ) );
#3317 = PCURVE('',#3318,#3323);
#3318 = PLANE('',#3319);
#3319 = AXIS2_PLACEMENT_3D('',#3320,#3321,#3322);
#3320 = CARTESIAN_POINT('',(13.7,2.4,96.3));
#3321 = DIRECTION('',(0.,0.,1.));
#3322 = DIRECTION('',(1.,0.,0.));
#3323 = DEFINITIONAL_REPRESENTATION('',(#3324),#3328);
#3324 = LINE('',#3325,#3326);
#3325 = CARTESIAN_POINT('',(0.,0.));
#3326 = VECTOR('',#3327,1.);
#3327 = DIRECTION('',(1.,0.));
#3328 = ( GEOMETRIC_REPRESENTATION_CONTEXT(2) 
PARAMETRIC_REPRESENTATION_CONTEXT() REPRESENTATION_CONTEXT('2D SPACE',''
  ) );
#3329 = ORIENTED_EDGE('',*,*,#3330,.F.);
#3330 = EDGE_CURVE('',#3331,#3303,#3333,.T.);
#3331 = VERTEX_POINT('',#3332);
#3332 = CARTESIAN_POINT('',(220.3,2.4,3.));
#3333 = SURFACE_CURVE('',#3334,(#3338,#3345),.PCURVE_S1.);
#3334 = LINE('',#3335,#3336);
#3335 = CARTESIAN_POINT('',(220.3,2.4,-1.));
#3336 = VECTOR('',#3337,1.);
#3337 = DIRECTION('',(0.,0.,1.));
#3338 = PCURVE('',#797,#3339);
#3339 = DEFINITIONAL_REPRESENTATION('',(#3340),#3344);
#3340 = LINE('',#3341,#3342);
#3341 = CARTESIAN_POINT('',(0.,217.9));
#3342 = VECTOR('',#3343,1.);
#3343 = DIRECTION('',(1.,0.));
#3344 = ( GEOMETRIC_REPRESENTATION_CONTEXT(2) 
PARAMETRIC_REPRESENTATION_CONTEXT() REPRESENTATION_CONTEXT('2D SPACE',''
  ) );
#3345 = PCURVE('',#3346,#3351);
#3346 = PLANE('',#3347);
#3347 = AXIS2_PLACEMENT_3D('',#3348,#3349,#3350);
#3348 = CARTESIAN_POINT('',(220.3,2.4,-1.));
#3349 = DIRECTION('',(1.,0.,0.));
#3350 = DIRECTION('',(0.,0.,1.));
#3351 = DEFINITIONAL_REPRESENTATION('',(#3352),#3356);
#3352 = LINE('',#3353,#3354);
#3353 = CARTESIAN_POINT('',(0.,0.));
#3354 = VECTOR('',#3355,1.);
#3355 = DIRECTION('',(1.,0.));
#3356 = ( GEOMETRIC_REPRESENTATION_CONTEXT(2) 
PARAMETRIC_REPRESENTATION_CONTEXT() REPRESENTATION_CONTEXT('2D SPACE',''
  ) );
#3357 = ORIENTED_EDGE('',*,*,#3358,.T.);
#3358 = EDGE_CURVE('',#3331,#3359,#3361,.T.);
#3359 = VERTEX_POINT('',#3360);
#3360 = CARTESIAN_POINT('',(223.,2.4,3.));
#3361 = SURFACE_CURVE('',#3362,(#3366,#3373),.PCURVE_S1.);
#3362 = LINE('',#3363,#3364);
#3363 = CARTESIAN_POINT('',(108.7,2.4,3.));
#3364 = VECTOR('',#3365,1.);
#3365 = DIRECTION('',(1.,0.,0.));
#3366 = PCURVE('',#797,#3367);
#3367 = DEFINITIONAL_REPRESENTATION('',(#3368),#3372);
#3368 = LINE('',#3369,#3370);
#3369 = CARTESIAN_POINT('',(4.,106.3));
#3370 = VECTOR('',#3371,1.);
#3371 = DIRECTION('',(0.,1.));
#3372 = ( GEOMETRIC_REPRESENTATION_CONTEXT(2) 
PARAMETRIC_REPRESENTATION_CONTEXT() REPRESENTATION_CONTEXT('2D SPACE',''
  ) );
#3373 = PCURVE('',#3374,#3379);
#3374 = PLANE('',#3375);
#3375 = AXIS2_PLACEMENT_3D('',#3376,#3377,#3378);
#3376 = CARTESIAN_POINT('',(215.,1.9,3.));
#3377 = DIRECTION('',(0.,0.,1.));
#3378 = DIRECTION('',(1.,0.,0.));
#3379 = DEFINITIONAL_REPRESENTATION('',(#3380),#3383);
#3380 = B_SPLINE_CURVE_WITH_KNOTS('',1,(#3381,#3382),.UNSPECIFIED.,.F.,
  .F.,(2,2),(106.3,114.3),.PIECEWISE_BEZIER_KNOTS.);
#3381 = CARTESIAN_POINT('',(0.,0.5));
#3382 = CARTESIAN_POINT('',(8.,0.5));
#3383 = ( GEOMETRIC_REPRESENTATION_CONTEXT(2) 
PARAMETRIC_REPRESENTATION_CONTEXT() REPRESENTATION_CONTEXT('2D SPACE',''
  ) );
#3384 = ORIENTED_EDGE('',*,*,#3385,.T.);
#3385 = EDGE_CURVE('',#3359,#3386,#3388,.T.);
#3386 = VERTEX_POINT('',#3387);
#3387 = CARTESIAN_POINT('',(223.,2.4,99.));
#3388 = SURFACE_CURVE('',#3389,(#3393,#3400),.PCURVE_S1.);
#3389 = LINE('',#3390,#3391);
#3390 = CARTESIAN_POINT('',(223.,2.4,3.));
#3391 = VECTOR('',#3392,1.);
#3392 = DIRECTION('',(0.,0.,1.));
#3393 = PCURVE('',#797,#3394);
#3394 = DEFINITIONAL_REPRESENTATION('',(#3395),#3399);
#3395 = LINE('',#3396,#3397);
#3396 = CARTESIAN_POINT('',(4.,220.6));
#3397 = VECTOR('',#3398,1.);
#3398 = DIRECTION('',(1.,0.));
#3399 = ( GEOMETRIC_REPRESENTATION_CONTEXT(2) 
PARAMETRIC_REPRESENTATION_CONTEXT() REPRESENTATION_CONTEXT('2D SPACE',''
  ) );
#3400 = PCURVE('',#3401,#3406);
#3401 = PLANE('',#3402);
#3402 = AXIS2_PLACEMENT_3D('',#3403,#3404,#3405);
#3403 = CARTESIAN_POINT('',(223.,1.9,3.));
#3404 = DIRECTION('',(1.,0.,0.));
#3405 = DIRECTION('',(0.,0.,1.));
#3406 = DEFINITIONAL_REPRESENTATION('',(#3407),#3411);
#3407 = LINE('',#3408,#3409);
#3408 = CARTESIAN_POINT('',(0.,-0.5));
#3409 = VECTOR('',#3410,1.);
#3410 = DIRECTION('',(1.,0.));
#3411 = ( GEOMETRIC_REPRESENTATION_CONTEXT(2) 
PARAMETRIC_REPRESENTATION_CONTEXT() REPRESENTATION_CONTEXT('2D SPACE',''
  ) );
#3412 = ORIENTED_EDGE('',*,*,#3413,.T.);
#3413 = EDGE_CURVE('',#3386,#3414,#3416,.T.);
#3414 = VERTEX_POINT('',#3415);
#3415 = CARTESIAN_POINT('',(11.,2.4,99.));
#3416 = SURFACE_CURVE('',#3417,(#3421,#3428),.PCURVE_S1.);
#3417 = LINE('',#3418,#3419);
#3418 = CARTESIAN_POINT('',(223.,2.4,99.));
#3419 = VECTOR('',#3420,1.);
#3420 = DIRECTION('',(-1.,0.,0.));
#3421 = PCURVE('',#797,#3422);
#3422 = DEFINITIONAL_REPRESENTATION('',(#3423),#3427);
#3423 = LINE('',#3424,#3425);
#3424 = CARTESIAN_POINT('',(100.,220.6));
#3425 = VECTOR('',#3426,1.);
#3426 = DIRECTION('',(0.,-1.));
#3427 = ( GEOMETRIC_REPRESENTATION_CONTEXT(2) 
PARAMETRIC_REPRESENTATION_CONTEXT() REPRESENTATION_CONTEXT('2D SPACE',''
  ) );
#3428 = PCURVE('',#3429,#3434);
#3429 = PLANE('',#3430);
#3430 = AXIS2_PLACEMENT_3D('',#3431,#3432,#3433);
#3431 = CARTESIAN_POINT('',(11.,1.9,99.));
#3432 = DIRECTION('',(0.,0.,1.));
#3433 = DIRECTION('',(1.,0.,0.));
#3434 = DEFINITIONAL_REPRESENTATION('',(#3435),#3439);
#3435 = LINE('',#3436,#3437);
#3436 = CARTESIAN_POINT('',(212.,0.5));
#3437 = VECTOR('',#3438,1.);
#3438 = DIRECTION('',(-1.,0.));
#3439 = ( GEOMETRIC_REPRESENTATION_CONTEXT(2) 
PARAMETRIC_REPRESENTATION_CONTEXT() REPRESENTATION_CONTEXT('2D SPACE',''
  ) );
#3440 = ORIENTED_EDGE('',*,*,#3441,.T.);
#3441 = EDGE_CURVE('',#3414,#3246,#3442,.T.);
#3442 = SURFACE_CURVE('',#3443,(#3447,#3454),.PCURVE_S1.);
#3443 = LINE('',#3444,#3445);
#3444 = CARTESIAN_POINT('',(11.,2.4,99.));
#3445 = VECTOR('',#3446,1.);
#3446 = DIRECTION('',(0.,0.,-1.));
#3447 = PCURVE('',#797,#3448);
#3448 = DEFINITIONAL_REPRESENTATION('',(#3449),#3453);
#3449 = LINE('',#3450,#3451);
#3450 = CARTESIAN_POINT('',(100.,8.6));
#3451 = VECTOR('',#3452,1.);
#3452 = DIRECTION('',(-1.,0.));
#3453 = ( GEOMETRIC_REPRESENTATION_CONTEXT(2) 
PARAMETRIC_REPRESENTATION_CONTEXT() REPRESENTATION_CONTEXT('2D SPACE',''
  ) );
#3454 = PCURVE('',#3455,#3460);
#3455 = PLANE('',#3456);
#3456 = AXIS2_PLACEMENT_3D('',#3457,#3458,#3459);
#3457 = CARTESIAN_POINT('',(11.,1.9,3.));
#3458 = DIRECTION('',(1.,0.,0.));
#3459 = DIRECTION('',(0.,0.,1.));
#3460 = DEFINITIONAL_REPRESENTATION('',(#3461),#3465);
#3461 = LINE('',#3462,#3463);
#3462 = CARTESIAN_POINT('',(96.,-0.5));
#3463 = VECTOR('',#3464,1.);
#3464 = DIRECTION('',(-1.,0.));
#3465 = ( GEOMETRIC_REPRESENTATION_CONTEXT(2) 
PARAMETRIC_REPRESENTATION_CONTEXT() REPRESENTATION_CONTEXT('2D SPACE',''
  ) );
#3466 = FACE_BOUND('',#3467,.T.);
#3467 = EDGE_LOOP('',(#3468,#3491,#3515,#3536,#3560,#3581,#3605,#3626));
#3468 = ORIENTED_EDGE('',*,*,#3469,.F.);
#3469 = EDGE_CURVE('',#3470,#3472,#3474,.T.);
#3470 = VERTEX_POINT('',#3471);
#3471 = CARTESIAN_POINT('',(204.,2.4,28.));
#3472 = VERTEX_POINT('',#3473);
#3473 = CARTESIAN_POINT('',(30.,2.4,28.));
#3474 = SURFACE_CURVE('',#3475,(#3479,#3485),.PCURVE_S1.);
#3475 = LINE('',#3476,#3477);
#3476 = CARTESIAN_POINT('',(11.2,2.4,28.));
#3477 = VECTOR('',#3478,1.);
#3478 = DIRECTION('',(-1.,0.,0.));
#3479 = PCURVE('',#797,#3480);
#3480 = DEFINITIONAL_REPRESENTATION('',(#3481),#3484);
#3481 = B_SPLINE_CURVE_WITH_KNOTS('',1,(#3482,#3483),.UNSPECIFIED.,.F.,
  .F.,(2,2),(-192.8,-18.8),.PIECEWISE_BEZIER_KNOTS.);
#3482 = CARTESIAN_POINT('',(29.,201.6));
#3483 = CARTESIAN_POINT('',(29.,27.6));
#3484 = ( GEOMETRIC_REPRESENTATION_CONTEXT(2) 
PARAMETRIC_REPRESENTATION_CONTEXT() REPRESENTATION_CONTEXT('2D SPACE',''
  ) );
#3485 = PCURVE('',#1499,#3486);
#3486 = DEFINITIONAL_REPRESENTATION('',(#3487),#3490);
#3487 = B_SPLINE_CURVE_WITH_KNOTS('',1,(#3488,#3489),.UNSPECIFIED.,.F.,
  .F.,(2,2),(-192.8,-18.8),.PIECEWISE_BEZIER_KNOTS.);
#3488 = CARTESIAN_POINT('',(184.,-3.4));
#3489 = CARTESIAN_POINT('',(10.,-3.4));
#3490 = ( GEOMETRIC_REPRESENTATION_CONTEXT(2) 
PARAMETRIC_REPRESENTATION_CONTEXT() REPRESENTATION_CONTEXT('2D SPACE',''
  ) );
#3491 = ORIENTED_EDGE('',*,*,#3492,.F.);
#3492 = EDGE_CURVE('',#3493,#3470,#3495,.T.);
#3493 = VERTEX_POINT('',#3494);
#3494 = CARTESIAN_POINT('',(214.,2.4,38.));
#3495 = SURFACE_CURVE('',#3496,(#3501,#3508),.PCURVE_S1.);
#3496 = CIRCLE('',#3497,10.);
#3497 = AXIS2_PLACEMENT_3D('',#3498,#3499,#3500);
#3498 = CARTESIAN_POINT('',(204.,2.4,38.));
#3499 = DIRECTION('',(-0.,1.,0.));
#3500 = DIRECTION('',(0.,0.,-1.));
#3501 = PCURVE('',#797,#3502);
#3502 = DEFINITIONAL_REPRESENTATION('',(#3503),#3507);
#3503 = CIRCLE('',#3504,10.);
#3504 = AXIS2_PLACEMENT_2D('',#3505,#3506);
#3505 = CARTESIAN_POINT('',(39.,201.6));
#3506 = DIRECTION('',(-1.,0.));
#3507 = ( GEOMETRIC_REPRESENTATION_CONTEXT(2) 
PARAMETRIC_REPRESENTATION_CONTEXT() REPRESENTATION_CONTEXT('2D SPACE',''
  ) );
#3508 = PCURVE('',#1527,#3509);
#3509 = DEFINITIONAL_REPRESENTATION('',(#3510),#3514);
#3510 = LINE('',#3511,#3512);
#3511 = CARTESIAN_POINT('',(-6.28318530718,3.4));
#3512 = VECTOR('',#3513,1.);
#3513 = DIRECTION('',(1.,-0.));
#3514 = ( GEOMETRIC_REPRESENTATION_CONTEXT(2) 
PARAMETRIC_REPRESENTATION_CONTEXT() REPRESENTATION_CONTEXT('2D SPACE',''
  ) );
#3515 = ORIENTED_EDGE('',*,*,#3516,.F.);
#3516 = EDGE_CURVE('',#3517,#3493,#3519,.T.);
#3517 = VERTEX_POINT('',#3518);
#3518 = CARTESIAN_POINT('',(214.,2.4,82.));
#3519 = SURFACE_CURVE('',#3520,(#3524,#3530),.PCURVE_S1.);
#3520 = LINE('',#3521,#3522);
#3521 = CARTESIAN_POINT('',(214.,2.4,13.5));
#3522 = VECTOR('',#3523,1.);
#3523 = DIRECTION('',(-0.,0.,-1.));
#3524 = PCURVE('',#797,#3525);
#3525 = DEFINITIONAL_REPRESENTATION('',(#3526),#3529);
#3526 = B_SPLINE_CURVE_WITH_KNOTS('',1,(#3527,#3528),.UNSPECIFIED.,.F.,
  .F.,(2,2),(-68.5,-24.5),.PIECEWISE_BEZIER_KNOTS.);
#3527 = CARTESIAN_POINT('',(83.,211.6));
#3528 = CARTESIAN_POINT('',(39.,211.6));
#3529 = ( GEOMETRIC_REPRESENTATION_CONTEXT(2) 
PARAMETRIC_REPRESENTATION_CONTEXT() REPRESENTATION_CONTEXT('2D SPACE',''
  ) );
#3530 = PCURVE('',#1554,#3531);
#3531 = DEFINITIONAL_REPRESENTATION('',(#3532),#3535);
#3532 = B_SPLINE_CURVE_WITH_KNOTS('',1,(#3533,#3534),.UNSPECIFIED.,.F.,
  .F.,(2,2),(-68.5,-24.5),.PIECEWISE_BEZIER_KNOTS.);
#3533 = CARTESIAN_POINT('',(54.,-3.4));
#3534 = CARTESIAN_POINT('',(10.,-3.4));
#3535 = ( GEOMETRIC_REPRESENTATION_CONTEXT(2) 
PARAMETRIC_REPRESENTATION_CONTEXT() REPRESENTATION_CONTEXT('2D SPACE',''
  ) );
#3536 = ORIENTED_EDGE('',*,*,#3537,.F.);
#3537 = EDGE_CURVE('',#3538,#3517,#3540,.T.);
#3538 = VERTEX_POINT('',#3539);
#3539 = CARTESIAN_POINT('',(204.,2.4,92.));
#3540 = SURFACE_CURVE('',#3541,(#3546,#3553),.PCURVE_S1.);
#3541 = CIRCLE('',#3542,10.);
#3542 = AXIS2_PLACEMENT_3D('',#3543,#3544,#3545);
#3543 = CARTESIAN_POINT('',(204.,2.4,82.));
#3544 = DIRECTION('',(-0.,1.,-0.));
#3545 = DIRECTION('',(1.,0.,-0.));
#3546 = PCURVE('',#797,#3547);
#3547 = DEFINITIONAL_REPRESENTATION('',(#3548),#3552);
#3548 = CIRCLE('',#3549,10.);
#3549 = AXIS2_PLACEMENT_2D('',#3550,#3551);
#3550 = CARTESIAN_POINT('',(83.,201.6));
#3551 = DIRECTION('',(0.,1.));
#3552 = ( GEOMETRIC_REPRESENTATION_CONTEXT(2) 
PARAMETRIC_REPRESENTATION_CONTEXT() REPRESENTATION_CONTEXT('2D SPACE',''
  ) );
#3553 = PCURVE('',#1582,#3554);
#3554 = DEFINITIONAL_REPRESENTATION('',(#3555),#3559);
#3555 = LINE('',#3556,#3557);
#3556 = CARTESIAN_POINT('',(-6.28318530718,3.4));
#3557 = VECTOR('',#3558,1.);
#3558 = DIRECTION('',(1.,-0.));
#3559 = ( GEOMETRIC_REPRESENTATION_CONTEXT(2) 
PARAMETRIC_REPRESENTATION_CONTEXT() REPRESENTATION_CONTEXT('2D SPACE',''
  ) );
#3560 = ORIENTED_EDGE('',*,*,#3561,.F.);
#3561 = EDGE_CURVE('',#3562,#3538,#3564,.T.);
#3562 = VERTEX_POINT('',#3563);
#3563 = CARTESIAN_POINT('',(30.,2.4,92.));
#3564 = SURFACE_CURVE('',#3565,(#3569,#3575),.PCURVE_S1.);
#3565 = LINE('',#3566,#3567);
#3566 = CARTESIAN_POINT('',(108.2,2.4,92.));
#3567 = VECTOR('',#3568,1.);
#3568 = DIRECTION('',(1.,0.,0.));
#3569 = PCURVE('',#797,#3570);
#3570 = DEFINITIONAL_REPRESENTATION('',(#3571),#3574);
#3571 = B_SPLINE_CURVE_WITH_KNOTS('',1,(#3572,#3573),.UNSPECIFIED.,.F.,
  .F.,(2,2),(-78.2,95.8),.PIECEWISE_BEZIER_KNOTS.);
#3572 = CARTESIAN_POINT('',(93.,27.6));
#3573 = CARTESIAN_POINT('',(93.,201.6));
#3574 = ( GEOMETRIC_REPRESENTATION_CONTEXT(2) 
PARAMETRIC_REPRESENTATION_CONTEXT() REPRESENTATION_CONTEXT('2D SPACE',''
  ) );
#3575 = PCURVE('',#1609,#3576);
#3576 = DEFINITIONAL_REPRESENTATION('',(#3577),#3580);
#3577 = B_SPLINE_CURVE_WITH_KNOTS('',1,(#3578,#3579),.UNSPECIFIED.,.F.,
  .F.,(2,2),(-78.2,95.8),.PIECEWISE_BEZIER_KNOTS.);
#3578 = CARTESIAN_POINT('',(184.,-3.4));
#3579 = CARTESIAN_POINT('',(10.,-3.4));
#3580 = ( GEOMETRIC_REPRESENTATION_CONTEXT(2) 
PARAMETRIC_REPRESENTATION_CONTEXT() REPRESENTATION_CONTEXT('2D SPACE',''
  ) );
#3581 = ORIENTED_EDGE('',*,*,#3582,.F.);
#3582 = EDGE_CURVE('',#3583,#3562,#3585,.T.);
#3583 = VERTEX_POINT('',#3584);
#3584 = CARTESIAN_POINT('',(20.,2.4,82.));
#3585 = SURFACE_CURVE('',#3586,(#3591,#3598),.PCURVE_S1.);
#3586 = CIRCLE('',#3587,10.);
#3587 = AXIS2_PLACEMENT_3D('',#3588,#3589,#3590);
#3588 = CARTESIAN_POINT('',(30.,2.4,82.));
#3589 = DIRECTION('',(-0.,1.,0.));
#3590 = DIRECTION('',(0.,0.,1.));
#3591 = PCURVE('',#797,#3592);
#3592 = DEFINITIONAL_REPRESENTATION('',(#3593),#3597);
#3593 = CIRCLE('',#3594,10.);
#3594 = AXIS2_PLACEMENT_2D('',#3595,#3596);
#3595 = CARTESIAN_POINT('',(83.,27.6));
#3596 = DIRECTION('',(1.,0.));
#3597 = ( GEOMETRIC_REPRESENTATION_CONTEXT(2) 
PARAMETRIC_REPRESENTATION_CONTEXT() REPRESENTATION_CONTEXT('2D SPACE',''
  ) );
#3598 = PCURVE('',#1637,#3599);
#3599 = DEFINITIONAL_REPRESENTATION('',(#3600),#3604);
#3600 = LINE('',#3601,#3602);
#3601 = CARTESIAN_POINT('',(-6.28318530718,3.4));
#3602 = VECTOR('',#3603,1.);
#3603 = DIRECTION('',(1.,-0.));
#3604 = ( GEOMETRIC_REPRESENTATION_CONTEXT(2) 
PARAMETRIC_REPRESENTATION_CONTEXT() REPRESENTATION_CONTEXT('2D SPACE',''
  ) );
#3605 = ORIENTED_EDGE('',*,*,#3606,.F.);
#3606 = EDGE_CURVE('',#3607,#3583,#3609,.T.);
#3607 = VERTEX_POINT('',#3608);
#3608 = CARTESIAN_POINT('',(20.,2.4,38.));
#3609 = SURFACE_CURVE('',#3610,(#3614,#3620),.PCURVE_S1.);
#3610 = LINE('',#3611,#3612);
#3611 = CARTESIAN_POINT('',(20.,2.4,45.5));
#3612 = VECTOR('',#3613,1.);
#3613 = DIRECTION('',(0.,0.,1.));
#3614 = PCURVE('',#797,#3615);
#3615 = DEFINITIONAL_REPRESENTATION('',(#3616),#3619);
#3616 = B_SPLINE_CURVE_WITH_KNOTS('',1,(#3617,#3618),.UNSPECIFIED.,.F.,
  .F.,(2,2),(-7.5,36.5),.PIECEWISE_BEZIER_KNOTS.);
#3617 = CARTESIAN_POINT('',(39.,17.6));
#3618 = CARTESIAN_POINT('',(83.,17.6));
#3619 = ( GEOMETRIC_REPRESENTATION_CONTEXT(2) 
PARAMETRIC_REPRESENTATION_CONTEXT() REPRESENTATION_CONTEXT('2D SPACE',''
  ) );
#3620 = PCURVE('',#1664,#3621);
#3621 = DEFINITIONAL_REPRESENTATION('',(#3622),#3625);
#3622 = B_SPLINE_CURVE_WITH_KNOTS('',1,(#3623,#3624),.UNSPECIFIED.,.F.,
  .F.,(2,2),(-7.5,36.5),.PIECEWISE_BEZIER_KNOTS.);
#3623 = CARTESIAN_POINT('',(54.,-3.4));
#3624 = CARTESIAN_POINT('',(10.,-3.4));
#3625 = ( GEOMETRIC_REPRESENTATION_CONTEXT(2) 
PARAMETRIC_REPRESENTATION_CONTEXT() REPRESENTATION_CONTEXT('2D SPACE',''
  ) );
#3626 = ORIENTED_EDGE('',*,*,#3627,.F.);
#3627 = EDGE_CURVE('',#3472,#3607,#3628,.T.);
#3628 = SURFACE_CURVE('',#3629,(#3634,#3641),.PCURVE_S1.);
#3629 = CIRCLE('',#3630,10.);
#3630 = AXIS2_PLACEMENT_3D('',#3631,#3632,#3633);
#3631 = CARTESIAN_POINT('',(30.,2.4,38.));
#3632 = DIRECTION('',(-0.,1.,0.));
#3633 = DIRECTION('',(0.,0.,-1.));
#3634 = PCURVE('',#797,#3635);
#3635 = DEFINITIONAL_REPRESENTATION('',(#3636),#3640);
#3636 = CIRCLE('',#3637,10.);
#3637 = AXIS2_PLACEMENT_2D('',#3638,#3639);
#3638 = CARTESIAN_POINT('',(39.,27.6));
#3639 = DIRECTION('',(-1.,0.));
#3640 = ( GEOMETRIC_REPRESENTATION_CONTEXT(2) 
PARAMETRIC_REPRESENTATION_CONTEXT() REPRESENTATION_CONTEXT('2D SPACE',''
  ) );
#3641 = PCURVE('',#1690,#3642);
#3642 = DEFINITIONAL_REPRESENTATION('',(#3643),#3647);
#3643 = LINE('',#3644,#3645);
#3644 = CARTESIAN_POINT('',(0.,3.4));
#3645 = VECTOR('',#3646,1.);
#3646 = DIRECTION('',(1.,0.));
#3647 = ( GEOMETRIC_REPRESENTATION_CONTEXT(2) 
PARAMETRIC_REPRESENTATION_CONTEXT() REPRESENTATION_CONTEXT('2D SPACE',''
  ) );
#3648 = ADVANCED_FACE('',(#3649),#915,.T.);
#3649 = FACE_BOUND('',#3650,.F.);
#3650 = EDGE_LOOP('',(#3651,#3652,#3653,#3654,#3655,#3656));
#3651 = ORIENTED_EDGE('',*,*,#1768,.F.);
#3652 = ORIENTED_EDGE('',*,*,#1731,.F.);
#3653 = ORIENTED_EDGE('',*,*,#1357,.F.);
#3654 = ORIENTED_EDGE('',*,*,#899,.T.);
#3655 = ORIENTED_EDGE('',*,*,#1222,.F.);
#3656 = ORIENTED_EDGE('',*,*,#1821,.F.);
#3657 = ADVANCED_FACE('',(#3658),#971,.F.);
#3658 = FACE_BOUND('',#3659,.T.);
#3659 = EDGE_LOOP('',(#3660,#3693,#3714,#3715));
#3660 = ORIENTED_EDGE('',*,*,#3661,.T.);
#3661 = EDGE_CURVE('',#3662,#3662,#3664,.T.);
#3662 = VERTEX_POINT('',#3663);
#3663 = CARTESIAN_POINT('',(221.3,24.,93.));
#3664 = SURFACE_CURVE('',#3665,(#3670,#3677),.PCURVE_S1.);
#3665 = CIRCLE('',#3666,3.3);
#3666 = AXIS2_PLACEMENT_3D('',#3667,#3668,#3669);
#3667 = CARTESIAN_POINT('',(218.,24.,93.));
#3668 = DIRECTION('',(0.,0.,-1.));
#3669 = DIRECTION('',(1.,0.,0.));
#3670 = PCURVE('',#971,#3671);
#3671 = DEFINITIONAL_REPRESENTATION('',(#3672),#3676);
#3672 = LINE('',#3673,#3674);
#3673 = CARTESIAN_POINT('',(-6.28318530718,-1.));
#3674 = VECTOR('',#3675,1.);
#3675 = DIRECTION('',(1.,-0.));
#3676 = ( GEOMETRIC_REPRESENTATION_CONTEXT(2) 
PARAMETRIC_REPRESENTATION_CONTEXT() REPRESENTATION_CONTEXT('2D SPACE',''
  ) );
#3677 = PCURVE('',#3678,#3683);
#3678 = PLANE('',#3679);
#3679 = AXIS2_PLACEMENT_3D('',#3680,#3681,#3682);
#3680 = CARTESIAN_POINT('',(218.,24.,93.));
#3681 = DIRECTION('',(0.,0.,1.));
#3682 = DIRECTION('',(1.,0.,-0.));
#3683 = DEFINITIONAL_REPRESENTATION('',(#3684),#3692);
#3684 = ( BOUNDED_CURVE() B_SPLINE_CURVE(2,(#3685,#3686,#3687,#3688,
#3689,#3690,#3691),.UNSPECIFIED.,.T.,.F.) B_SPLINE_CURVE_WITH_KNOTS((1,2
    ,2,2,2,1),(-2.094395102393,0.,2.094395102393,4.188790204786,
6.28318530718,8.377580409573),.UNSPECIFIED.) CURVE() 
GEOMETRIC_REPRESENTATION_ITEM() RATIONAL_B_SPLINE_CURVE((1.,0.5,1.,0.5,
1.,0.5,1.)) REPRESENTATION_ITEM('') );
#3685 = CARTESIAN_POINT('',(3.3,0.));
#3686 = CARTESIAN_POINT('',(3.3,-5.715767664977));
#3687 = CARTESIAN_POINT('',(-1.65,-2.857883832489));
#3688 = CARTESIAN_POINT('',(-6.6,-8.082668874373E-16));
#3689 = CARTESIAN_POINT('',(-1.65,2.857883832489));
#3690 = CARTESIAN_POINT('',(3.3,5.715767664977));
#3691 = CARTESIAN_POINT('',(3.3,0.));
#3692 = ( GEOMETRIC_REPRESENTATION_CONTEXT(2) 
PARAMETRIC_REPRESENTATION_CONTEXT() REPRESENTATION_CONTEXT('2D SPACE',''
  ) );
#3693 = ORIENTED_EDGE('',*,*,#3694,.T.);
#3694 = EDGE_CURVE('',#3662,#951,#3695,.T.);
#3695 = SEAM_CURVE('',#3696,(#3700,#3707),.PCURVE_S1.);
#3696 = LINE('',#3697,#3698);
#3697 = CARTESIAN_POINT('',(221.3,24.,92.));
#3698 = VECTOR('',#3699,1.);
#3699 = DIRECTION('',(0.,0.,1.));
#3700 = PCURVE('',#971,#3701);
#3701 = DEFINITIONAL_REPRESENTATION('',(#3702),#3706);
#3702 = LINE('',#3703,#3704);
#3703 = CARTESIAN_POINT('',(-6.28318530718,0.));
#3704 = VECTOR('',#3705,1.);
#3705 = DIRECTION('',(-0.,-1.));
#3706 = ( GEOMETRIC_REPRESENTATION_CONTEXT(2) 
PARAMETRIC_REPRESENTATION_CONTEXT() REPRESENTATION_CONTEXT('2D SPACE',''
  ) );
#3707 = PCURVE('',#971,#3708);
#3708 = DEFINITIONAL_REPRESENTATION('',(#3709),#3713);
#3709 = LINE('',#3710,#3711);
#3710 = CARTESIAN_POINT('',(-0.,0.));
#3711 = VECTOR('',#3712,1.);
#3712 = DIRECTION('',(-0.,-1.));
#3713 = ( GEOMETRIC_REPRESENTATION_CONTEXT(2) 
PARAMETRIC_REPRESENTATION_CONTEXT() REPRESENTATION_CONTEXT('2D SPACE',''
  ) );
#3714 = ORIENTED_EDGE('',*,*,#950,.F.);
#3715 = ORIENTED_EDGE('',*,*,#3694,.F.);
#3716 = ADVANCED_FACE('',(#3717),#1006,.F.);
#3717 = FACE_BOUND('',#3718,.T.);
#3718 = EDGE_LOOP('',(#3719,#3752,#3773,#3774));
#3719 = ORIENTED_EDGE('',*,*,#3720,.T.);
#3720 = EDGE_CURVE('',#3721,#3721,#3723,.T.);
#3721 = VERTEX_POINT('',#3722);
#3722 = CARTESIAN_POINT('',(36.2,40.,109.));
#3723 = SURFACE_CURVE('',#3724,(#3729,#3736),.PCURVE_S1.);
#3724 = CIRCLE('',#3725,1.2);
#3725 = AXIS2_PLACEMENT_3D('',#3726,#3727,#3728);
#3726 = CARTESIAN_POINT('',(35.,40.,109.));
#3727 = DIRECTION('',(0.,0.,-1.));
#3728 = DIRECTION('',(1.,0.,0.));
#3729 = PCURVE('',#1006,#3730);
#3730 = DEFINITIONAL_REPRESENTATION('',(#3731),#3735);
#3731 = LINE('',#3732,#3733);
#3732 = CARTESIAN_POINT('',(-6.28318530718,-1.));
#3733 = VECTOR('',#3734,1.);
#3734 = DIRECTION('',(1.,-0.));
#3735 = ( GEOMETRIC_REPRESENTATION_CONTEXT(2) 
PARAMETRIC_REPRESENTATION_CONTEXT() REPRESENTATION_CONTEXT('2D SPACE',''
  ) );
#3736 = PCURVE('',#3737,#3742);
#3737 = PLANE('',#3738);
#3738 = AXIS2_PLACEMENT_3D('',#3739,#3740,#3741);
#3739 = CARTESIAN_POINT('',(2.4,2.4,109.));
#3740 = DIRECTION('',(0.,0.,1.));
#3741 = DIRECTION('',(1.,0.,0.));
#3742 = DEFINITIONAL_REPRESENTATION('',(#3743),#3751);
#3743 = ( BOUNDED_CURVE() B_SPLINE_CURVE(2,(#3744,#3745,#3746,#3747,
#3748,#3749,#3750),.UNSPECIFIED.,.T.,.F.) B_SPLINE_CURVE_WITH_KNOTS((1,2
    ,2,2,2,1),(-2.094395102393,0.,2.094395102393,4.188790204786,
6.28318530718,8.377580409573),.UNSPECIFIED.) CURVE() 
GEOMETRIC_REPRESENTATION_ITEM() RATIONAL_B_SPLINE_CURVE((1.,0.5,1.,0.5,
1.,0.5,1.)) REPRESENTATION_ITEM('') );
#3744 = CARTESIAN_POINT('',(33.8,37.6));
#3745 = CARTESIAN_POINT('',(33.8,35.521539030917));
#3746 = CARTESIAN_POINT('',(32.,36.560769515459));
#3747 = CARTESIAN_POINT('',(30.2,37.6));
#3748 = CARTESIAN_POINT('',(32.,38.639230484541));
#3749 = CARTESIAN_POINT('',(33.8,39.678460969083));
#3750 = CARTESIAN_POINT('',(33.8,37.6));
#3751 = ( GEOMETRIC_REPRESENTATION_CONTEXT(2) 
PARAMETRIC_REPRESENTATION_CONTEXT() REPRESENTATION_CONTEXT('2D SPACE',''
  ) );
#3752 = ORIENTED_EDGE('',*,*,#3753,.T.);
#3753 = EDGE_CURVE('',#3721,#986,#3754,.T.);
#3754 = SEAM_CURVE('',#3755,(#3759,#3766),.PCURVE_S1.);
#3755 = LINE('',#3756,#3757);
#3756 = CARTESIAN_POINT('',(36.2,40.,108.));
#3757 = VECTOR('',#3758,1.);
#3758 = DIRECTION('',(0.,0.,1.));
#3759 = PCURVE('',#1006,#3760);
#3760 = DEFINITIONAL_REPRESENTATION('',(#3761),#3765);
#3761 = LINE('',#3762,#3763);
#3762 = CARTESIAN_POINT('',(-6.28318530718,0.));
#3763 = VECTOR('',#3764,1.);
#3764 = DIRECTION('',(-0.,-1.));
#3765 = ( GEOMETRIC_REPRESENTATION_CONTEXT(2) 
PARAMETRIC_REPRESENTATION_CONTEXT() REPRESENTATION_CONTEXT('2D SPACE',''
  ) );
#3766 = PCURVE('',#1006,#3767);
#3767 = DEFINITIONAL_REPRESENTATION('',(#3768),#3772);
#3768 = LINE('',#3769,#3770);
#3769 = CARTESIAN_POINT('',(-0.,0.));
#3770 = VECTOR('',#3771,1.);
#3771 = DIRECTION('',(-0.,-1.));
#3772 = ( GEOMETRIC_REPRESENTATION_CONTEXT(2) 
PARAMETRIC_REPRESENTATION_CONTEXT() REPRESENTATION_CONTEXT('2D SPACE',''
  ) );
#3773 = ORIENTED_EDGE('',*,*,#985,.F.);
#3774 = ORIENTED_EDGE('',*,*,#3753,.F.);
#3775 = ADVANCED_FACE('',(#3776),#1041,.F.);
#3776 = FACE_BOUND('',#3777,.T.);
#3777 = EDGE_LOOP('',(#3778,#3806,#3827,#3828));
#3778 = ORIENTED_EDGE('',*,*,#3779,.T.);
#3779 = EDGE_CURVE('',#3780,#3780,#3782,.T.);
#3780 = VERTEX_POINT('',#3781);
#3781 = CARTESIAN_POINT('',(91.2,40.,109.));
#3782 = SURFACE_CURVE('',#3783,(#3788,#3795),.PCURVE_S1.);
#3783 = CIRCLE('',#3784,1.2);
#3784 = AXIS2_PLACEMENT_3D('',#3785,#3786,#3787);
#3785 = CARTESIAN_POINT('',(90.,40.,109.));
#3786 = DIRECTION('',(0.,0.,-1.));
#3787 = DIRECTION('',(1.,0.,0.));
#3788 = PCURVE('',#1041,#3789);
#3789 = DEFINITIONAL_REPRESENTATION('',(#3790),#3794);
#3790 = LINE('',#3791,#3792);
#3791 = CARTESIAN_POINT('',(-6.28318530718,-1.));
#3792 = VECTOR('',#3793,1.);
#3793 = DIRECTION('',(1.,-0.));
#3794 = ( GEOMETRIC_REPRESENTATION_CONTEXT(2) 
PARAMETRIC_REPRESENTATION_CONTEXT() REPRESENTATION_CONTEXT('2D SPACE',''
  ) );
#3795 = PCURVE('',#3737,#3796);
#3796 = DEFINITIONAL_REPRESENTATION('',(#3797),#3805);
#3797 = ( BOUNDED_CURVE() B_SPLINE_CURVE(2,(#3798,#3799,#3800,#3801,
#3802,#3803,#3804),.UNSPECIFIED.,.T.,.F.) B_SPLINE_CURVE_WITH_KNOTS((1,2
    ,2,2,2,1),(-2.094395102393,0.,2.094395102393,4.188790204786,
6.28318530718,8.377580409573),.UNSPECIFIED.) CURVE() 
GEOMETRIC_REPRESENTATION_ITEM() RATIONAL_B_SPLINE_CURVE((1.,0.5,1.,0.5,
1.,0.5,1.)) REPRESENTATION_ITEM('') );
#3798 = CARTESIAN_POINT('',(88.8,37.6));
#3799 = CARTESIAN_POINT('',(88.8,35.521539030917));
#3800 = CARTESIAN_POINT('',(87.,36.560769515459));
#3801 = CARTESIAN_POINT('',(85.2,37.6));
#3802 = CARTESIAN_POINT('',(87.,38.639230484541));
#3803 = CARTESIAN_POINT('',(88.8,39.678460969083));
#3804 = CARTESIAN_POINT('',(88.8,37.6));
#3805 = ( GEOMETRIC_REPRESENTATION_CONTEXT(2) 
PARAMETRIC_REPRESENTATION_CONTEXT() REPRESENTATION_CONTEXT('2D SPACE',''
  ) );
#3806 = ORIENTED_EDGE('',*,*,#3807,.T.);
#3807 = EDGE_CURVE('',#3780,#1021,#3808,.T.);
#3808 = SEAM_CURVE('',#3809,(#3813,#3820),.PCURVE_S1.);
#3809 = LINE('',#3810,#3811);
#3810 = CARTESIAN_POINT('',(91.2,40.,108.));
#3811 = VECTOR('',#3812,1.);
#3812 = DIRECTION('',(0.,0.,1.));
#3813 = PCURVE('',#1041,#3814);
#3814 = DEFINITIONAL_REPRESENTATION('',(#3815),#3819);
#3815 = LINE('',#3816,#3817);
#3816 = CARTESIAN_POINT('',(-6.28318530718,0.));
#3817 = VECTOR('',#3818,1.);
#3818 = DIRECTION('',(-0.,-1.));
#3819 = ( GEOMETRIC_REPRESENTATION_CONTEXT(2) 
PARAMETRIC_REPRESENTATION_CONTEXT() REPRESENTATION_CONTEXT('2D SPACE',''
  ) );
#3820 = PCURVE('',#1041,#3821);
#3821 = DEFINITIONAL_REPRESENTATION('',(#3822),#3826);
#3822 = LINE('',#3823,#3824);
#3823 = CARTESIAN_POINT('',(-0.,0.));
#3824 = VECTOR('',#3825,1.);
#3825 = DIRECTION('',(-0.,-1.));
#3826 = ( GEOMETRIC_REPRESENTATION_CONTEXT(2) 
PARAMETRIC_REPRESENTATION_CONTEXT() REPRESENTATION_CONTEXT('2D SPACE',''
  ) );
#3827 = ORIENTED_EDGE('',*,*,#1020,.F.);
#3828 = ORIENTED_EDGE('',*,*,#3807,.F.);
#3829 = ADVANCED_FACE('',(#3830),#1076,.F.);
#3830 = FACE_BOUND('',#3831,.T.);
#3831 = EDGE_LOOP('',(#3832,#3860,#3881,#3882));
#3832 = ORIENTED_EDGE('',*,*,#3833,.T.);
#3833 = EDGE_CURVE('',#3834,#3834,#3836,.T.);
#3834 = VERTEX_POINT('',#3835);
#3835 = CARTESIAN_POINT('',(146.2,40.,109.));
#3836 = SURFACE_CURVE('',#3837,(#3842,#3849),.PCURVE_S1.);
#3837 = CIRCLE('',#3838,1.2);
#3838 = AXIS2_PLACEMENT_3D('',#3839,#3840,#3841);
#3839 = CARTESIAN_POINT('',(145.,40.,109.));
#3840 = DIRECTION('',(0.,0.,-1.));
#3841 = DIRECTION('',(1.,0.,0.));
#3842 = PCURVE('',#1076,#3843);
#3843 = DEFINITIONAL_REPRESENTATION('',(#3844),#3848);
#3844 = LINE('',#3845,#3846);
#3845 = CARTESIAN_POINT('',(-6.28318530718,-1.));
#3846 = VECTOR('',#3847,1.);
#3847 = DIRECTION('',(1.,-0.));
#3848 = ( GEOMETRIC_REPRESENTATION_CONTEXT(2) 
PARAMETRIC_REPRESENTATION_CONTEXT() REPRESENTATION_CONTEXT('2D SPACE',''
  ) );
#3849 = PCURVE('',#3737,#3850);
#3850 = DEFINITIONAL_REPRESENTATION('',(#3851),#3859);
#3851 = ( BOUNDED_CURVE() B_SPLINE_CURVE(2,(#3852,#3853,#3854,#3855,
#3856,#3857,#3858),.UNSPECIFIED.,.T.,.F.) B_SPLINE_CURVE_WITH_KNOTS((1,2
    ,2,2,2,1),(-2.094395102393,0.,2.094395102393,4.188790204786,
6.28318530718,8.377580409573),.UNSPECIFIED.) CURVE() 
GEOMETRIC_REPRESENTATION_ITEM() RATIONAL_B_SPLINE_CURVE((1.,0.5,1.,0.5,
1.,0.5,1.)) REPRESENTATION_ITEM('') );
#3852 = CARTESIAN_POINT('',(143.8,37.6));
#3853 = CARTESIAN_POINT('',(143.8,35.521539030917));
#3854 = CARTESIAN_POINT('',(142.,36.560769515459));
#3855 = CARTESIAN_POINT('',(140.2,37.6));
#3856 = CARTESIAN_POINT('',(142.,38.639230484541));
#3857 = CARTESIAN_POINT('',(143.8,39.678460969083));
#3858 = CARTESIAN_POINT('',(143.8,37.6));
#3859 = ( GEOMETRIC_REPRESENTATION_CONTEXT(2) 
PARAMETRIC_REPRESENTATION_CONTEXT() REPRESENTATION_CONTEXT('2D SPACE',''
  ) );
#3860 = ORIENTED_EDGE('',*,*,#3861,.T.);
#3861 = EDGE_CURVE('',#3834,#1056,#3862,.T.);
#3862 = SEAM_CURVE('',#3863,(#3867,#3874),.PCURVE_S1.);
#3863 = LINE('',#3864,#3865);
#3864 = CARTESIAN_POINT('',(146.2,40.,108.));
#3865 = VECTOR('',#3866,1.);
#3866 = DIRECTION('',(0.,0.,1.));
#3867 = PCURVE('',#1076,#3868);
#3868 = DEFINITIONAL_REPRESENTATION('',(#3869),#3873);
#3869 = LINE('',#3870,#3871);
#3870 = CARTESIAN_POINT('',(-6.28318530718,0.));
#3871 = VECTOR('',#3872,1.);
#3872 = DIRECTION('',(-0.,-1.));
#3873 = ( GEOMETRIC_REPRESENTATION_CONTEXT(2) 
PARAMETRIC_REPRESENTATION_CONTEXT() REPRESENTATION_CONTEXT('2D SPACE',''
  ) );
#3874 = PCURVE('',#1076,#3875);
#3875 = DEFINITIONAL_REPRESENTATION('',(#3876),#3880);
#3876 = LINE('',#3877,#3878);
#3877 = CARTESIAN_POINT('',(-0.,0.));
#3878 = VECTOR('',#3879,1.);
#3879 = DIRECTION('',(-0.,-1.));
#3880 = ( GEOMETRIC_REPRESENTATION_CONTEXT(2) 
PARAMETRIC_REPRESENTATION_CONTEXT() REPRESENTATION_CONTEXT('2D SPACE',''
  ) );
#3881 = ORIENTED_EDGE('',*,*,#1055,.F.);
#3882 = ORIENTED_EDGE('',*,*,#3861,.F.);
#3883 = ADVANCED_FACE('',(#3884),#1111,.F.);
#3884 = FACE_BOUND('',#3885,.T.);
#3885 = EDGE_LOOP('',(#3886,#3914,#3935,#3936));
#3886 = ORIENTED_EDGE('',*,*,#3887,.T.);
#3887 = EDGE_CURVE('',#3888,#3888,#3890,.T.);
#3888 = VERTEX_POINT('',#3889);
#3889 = CARTESIAN_POINT('',(191.2,40.,109.));
#3890 = SURFACE_CURVE('',#3891,(#3896,#3903),.PCURVE_S1.);
#3891 = CIRCLE('',#3892,1.2);
#3892 = AXIS2_PLACEMENT_3D('',#3893,#3894,#3895);
#3893 = CARTESIAN_POINT('',(190.,40.,109.));
#3894 = DIRECTION('',(0.,0.,-1.));
#3895 = DIRECTION('',(1.,0.,0.));
#3896 = PCURVE('',#1111,#3897);
#3897 = DEFINITIONAL_REPRESENTATION('',(#3898),#3902);
#3898 = LINE('',#3899,#3900);
#3899 = CARTESIAN_POINT('',(-6.28318530718,-1.));
#3900 = VECTOR('',#3901,1.);
#3901 = DIRECTION('',(1.,-0.));
#3902 = ( GEOMETRIC_REPRESENTATION_CONTEXT(2) 
PARAMETRIC_REPRESENTATION_CONTEXT() REPRESENTATION_CONTEXT('2D SPACE',''
  ) );
#3903 = PCURVE('',#3737,#3904);
#3904 = DEFINITIONAL_REPRESENTATION('',(#3905),#3913);
#3905 = ( BOUNDED_CURVE() B_SPLINE_CURVE(2,(#3906,#3907,#3908,#3909,
#3910,#3911,#3912),.UNSPECIFIED.,.T.,.F.) B_SPLINE_CURVE_WITH_KNOTS((1,2
    ,2,2,2,1),(-2.094395102393,0.,2.094395102393,4.188790204786,
6.28318530718,8.377580409573),.UNSPECIFIED.) CURVE() 
GEOMETRIC_REPRESENTATION_ITEM() RATIONAL_B_SPLINE_CURVE((1.,0.5,1.,0.5,
1.,0.5,1.)) REPRESENTATION_ITEM('') );
#3906 = CARTESIAN_POINT('',(188.8,37.6));
#3907 = CARTESIAN_POINT('',(188.8,35.521539030917));
#3908 = CARTESIAN_POINT('',(187.,36.560769515459));
#3909 = CARTESIAN_POINT('',(185.2,37.6));
#3910 = CARTESIAN_POINT('',(187.,38.639230484541));
#3911 = CARTESIAN_POINT('',(188.8,39.678460969083));
#3912 = CARTESIAN_POINT('',(188.8,37.6));
#3913 = ( GEOMETRIC_REPRESENTATION_CONTEXT(2) 
PARAMETRIC_REPRESENTATION_CONTEXT() REPRESENTATION_CONTEXT('2D SPACE',''
  ) );
#3914 = ORIENTED_EDGE('',*,*,#3915,.T.);
#3915 = EDGE_CURVE('',#3888,#1091,#3916,.T.);
#3916 = SEAM_CURVE('',#3917,(#3921,#3928),.PCURVE_S1.);
#3917 = LINE('',#3918,#3919);
#3918 = CARTESIAN_POINT('',(191.2,40.,108.));
#3919 = VECTOR('',#3920,1.);
#3920 = DIRECTION('',(0.,0.,1.));
#3921 = PCURVE('',#1111,#3922);
#3922 = DEFINITIONAL_REPRESENTATION('',(#3923),#3927);
#3923 = LINE('',#3924,#3925);
#3924 = CARTESIAN_POINT('',(-6.28318530718,0.));
#3925 = VECTOR('',#3926,1.);
#3926 = DIRECTION('',(-0.,-1.));
#3927 = ( GEOMETRIC_REPRESENTATION_CONTEXT(2) 
PARAMETRIC_REPRESENTATION_CONTEXT() REPRESENTATION_CONTEXT('2D SPACE',''
  ) );
#3928 = PCURVE('',#1111,#3929);
#3929 = DEFINITIONAL_REPRESENTATION('',(#3930),#3934);
#3930 = LINE('',#3931,#3932);
#3931 = CARTESIAN_POINT('',(-0.,0.));
#3932 = VECTOR('',#3933,1.);
#3933 = DIRECTION('',(-0.,-1.));
#3934 = ( GEOMETRIC_REPRESENTATION_CONTEXT(2) 
PARAMETRIC_REPRESENTATION_CONTEXT() REPRESENTATION_CONTEXT('2D SPACE',''
  ) );
#3935 = ORIENTED_EDGE('',*,*,#1090,.F.);
#3936 = ORIENTED_EDGE('',*,*,#3915,.F.);
#3937 = ADVANCED_FACE('',(#3938),#1146,.F.);
#3938 = FACE_BOUND('',#3939,.T.);
#3939 = EDGE_LOOP('',(#3940,#3973,#3994,#3995));
#3940 = ORIENTED_EDGE('',*,*,#3941,.T.);
#3941 = EDGE_CURVE('',#3942,#3942,#3944,.T.);
#3942 = VERTEX_POINT('',#3943);
#3943 = CARTESIAN_POINT('',(221.3,38.,93.));
#3944 = SURFACE_CURVE('',#3945,(#3950,#3957),.PCURVE_S1.);
#3945 = CIRCLE('',#3946,3.3);
#3946 = AXIS2_PLACEMENT_3D('',#3947,#3948,#3949);
#3947 = CARTESIAN_POINT('',(218.,38.,93.));
#3948 = DIRECTION('',(0.,0.,-1.));
#3949 = DIRECTION('',(1.,0.,0.));
#3950 = PCURVE('',#1146,#3951);
#3951 = DEFINITIONAL_REPRESENTATION('',(#3952),#3956);
#3952 = LINE('',#3953,#3954);
#3953 = CARTESIAN_POINT('',(-6.28318530718,-1.));
#3954 = VECTOR('',#3955,1.);
#3955 = DIRECTION('',(1.,-0.));
#3956 = ( GEOMETRIC_REPRESENTATION_CONTEXT(2) 
PARAMETRIC_REPRESENTATION_CONTEXT() REPRESENTATION_CONTEXT('2D SPACE',''
  ) );
#3957 = PCURVE('',#3958,#3963);
#3958 = PLANE('',#3959);
#3959 = AXIS2_PLACEMENT_3D('',#3960,#3961,#3962);
#3960 = CARTESIAN_POINT('',(218.,38.,93.));
#3961 = DIRECTION('',(0.,0.,1.));
#3962 = DIRECTION('',(1.,0.,-0.));
#3963 = DEFINITIONAL_REPRESENTATION('',(#3964),#3972);
#3964 = ( BOUNDED_CURVE() B_SPLINE_CURVE(2,(#3965,#3966,#3967,#3968,
#3969,#3970,#3971),.UNSPECIFIED.,.T.,.F.) B_SPLINE_CURVE_WITH_KNOTS((1,2
    ,2,2,2,1),(-2.094395102393,0.,2.094395102393,4.188790204786,
6.28318530718,8.377580409573),.UNSPECIFIED.) CURVE() 
GEOMETRIC_REPRESENTATION_ITEM() RATIONAL_B_SPLINE_CURVE((1.,0.5,1.,0.5,
1.,0.5,1.)) REPRESENTATION_ITEM('') );
#3965 = CARTESIAN_POINT('',(3.3,0.));
#3966 = CARTESIAN_POINT('',(3.3,-5.715767664977));
#3967 = CARTESIAN_POINT('',(-1.65,-2.857883832489));
#3968 = CARTESIAN_POINT('',(-6.6,-8.082668874373E-16));
#3969 = CARTESIAN_POINT('',(-1.65,2.857883832489));
#3970 = CARTESIAN_POINT('',(3.3,5.715767664977));
#3971 = CARTESIAN_POINT('',(3.3,0.));
#3972 = ( GEOMETRIC_REPRESENTATION_CONTEXT(2) 
PARAMETRIC_REPRESENTATION_CONTEXT() REPRESENTATION_CONTEXT('2D SPACE',''
  ) );
#3973 = ORIENTED_EDGE('',*,*,#3974,.T.);
#3974 = EDGE_CURVE('',#3942,#1126,#3975,.T.);
#3975 = SEAM_CURVE('',#3976,(#3980,#3987),.PCURVE_S1.);
#3976 = LINE('',#3977,#3978);
#3977 = CARTESIAN_POINT('',(221.3,38.,92.));
#3978 = VECTOR('',#3979,1.);
#3979 = DIRECTION('',(0.,0.,1.));
#3980 = PCURVE('',#1146,#3981);
#3981 = DEFINITIONAL_REPRESENTATION('',(#3982),#3986);
#3982 = LINE('',#3983,#3984);
#3983 = CARTESIAN_POINT('',(-6.28318530718,0.));
#3984 = VECTOR('',#3985,1.);
#3985 = DIRECTION('',(-0.,-1.));
#3986 = ( GEOMETRIC_REPRESENTATION_CONTEXT(2) 
PARAMETRIC_REPRESENTATION_CONTEXT() REPRESENTATION_CONTEXT('2D SPACE',''
  ) );
#3987 = PCURVE('',#1146,#3988);
#3988 = DEFINITIONAL_REPRESENTATION('',(#3989),#3993);
#3989 = LINE('',#3990,#3991);
#3990 = CARTESIAN_POINT('',(-0.,0.));
#3991 = VECTOR('',#3992,1.);
#3992 = DIRECTION('',(-0.,-1.));
#3993 = ( GEOMETRIC_REPRESENTATION_CONTEXT(2) 
PARAMETRIC_REPRESENTATION_CONTEXT() REPRESENTATION_CONTEXT('2D SPACE',''
  ) );
#3994 = ORIENTED_EDGE('',*,*,#1125,.F.);
#3995 = ORIENTED_EDGE('',*,*,#3974,.F.);
#3996 = ADVANCED_FACE('',(#3997),#1181,.F.);
#3997 = FACE_BOUND('',#3998,.T.);
#3998 = EDGE_LOOP('',(#3999,#4032,#4053,#4054));
#3999 = ORIENTED_EDGE('',*,*,#4000,.T.);
#4000 = EDGE_CURVE('',#4001,#4001,#4003,.T.);
#4001 = VERTEX_POINT('',#4002);
#4002 = CARTESIAN_POINT('',(221.3,52.,93.));
#4003 = SURFACE_CURVE('',#4004,(#4009,#4016),.PCURVE_S1.);
#4004 = CIRCLE('',#4005,3.3);
#4005 = AXIS2_PLACEMENT_3D('',#4006,#4007,#4008);
#4006 = CARTESIAN_POINT('',(218.,52.,93.));
#4007 = DIRECTION('',(0.,0.,-1.));
#4008 = DIRECTION('',(1.,0.,0.));
#4009 = PCURVE('',#1181,#4010);
#4010 = DEFINITIONAL_REPRESENTATION('',(#4011),#4015);
#4011 = LINE('',#4012,#4013);
#4012 = CARTESIAN_POINT('',(-6.28318530718,-1.));
#4013 = VECTOR('',#4014,1.);
#4014 = DIRECTION('',(1.,-0.));
#4015 = ( GEOMETRIC_REPRESENTATION_CONTEXT(2) 
PARAMETRIC_REPRESENTATION_CONTEXT() REPRESENTATION_CONTEXT('2D SPACE',''
  ) );
#4016 = PCURVE('',#4017,#4022);
#4017 = PLANE('',#4018);
#4018 = AXIS2_PLACEMENT_3D('',#4019,#4020,#4021);
#4019 = CARTESIAN_POINT('',(218.,52.,93.));
#4020 = DIRECTION('',(0.,0.,1.));
#4021 = DIRECTION('',(1.,0.,-0.));
#4022 = DEFINITIONAL_REPRESENTATION('',(#4023),#4031);
#4023 = ( BOUNDED_CURVE() B_SPLINE_CURVE(2,(#4024,#4025,#4026,#4027,
#4028,#4029,#4030),.UNSPECIFIED.,.T.,.F.) B_SPLINE_CURVE_WITH_KNOTS((1,2
    ,2,2,2,1),(-2.094395102393,0.,2.094395102393,4.188790204786,
6.28318530718,8.377580409573),.UNSPECIFIED.) CURVE() 
GEOMETRIC_REPRESENTATION_ITEM() RATIONAL_B_SPLINE_CURVE((1.,0.5,1.,0.5,
1.,0.5,1.)) REPRESENTATION_ITEM('') );
#4024 = CARTESIAN_POINT('',(3.3,0.));
#4025 = CARTESIAN_POINT('',(3.3,-5.715767664977));
#4026 = CARTESIAN_POINT('',(-1.65,-2.857883832489));
#4027 = CARTESIAN_POINT('',(-6.6,-8.082668874373E-16));
#4028 = CARTESIAN_POINT('',(-1.65,2.857883832489));
#4029 = CARTESIAN_POINT('',(3.3,5.715767664977));
#4030 = CARTESIAN_POINT('',(3.3,0.));
#4031 = ( GEOMETRIC_REPRESENTATION_CONTEXT(2) 
PARAMETRIC_REPRESENTATION_CONTEXT() REPRESENTATION_CONTEXT('2D SPACE',''
  ) );
#4032 = ORIENTED_EDGE('',*,*,#4033,.T.);
#4033 = EDGE_CURVE('',#4001,#1161,#4034,.T.);
#4034 = SEAM_CURVE('',#4035,(#4039,#4046),.PCURVE_S1.);
#4035 = LINE('',#4036,#4037);
#4036 = CARTESIAN_POINT('',(221.3,52.,92.));
#4037 = VECTOR('',#4038,1.);
#4038 = DIRECTION('',(0.,0.,1.));
#4039 = PCURVE('',#1181,#4040);
#4040 = DEFINITIONAL_REPRESENTATION('',(#4041),#4045);
#4041 = LINE('',#4042,#4043);
#4042 = CARTESIAN_POINT('',(-6.28318530718,0.));
#4043 = VECTOR('',#4044,1.);
#4044 = DIRECTION('',(-0.,-1.));
#4045 = ( GEOMETRIC_REPRESENTATION_CONTEXT(2) 
PARAMETRIC_REPRESENTATION_CONTEXT() REPRESENTATION_CONTEXT('2D SPACE',''
  ) );
#4046 = PCURVE('',#1181,#4047);
#4047 = DEFINITIONAL_REPRESENTATION('',(#4048),#4052);
#4048 = LINE('',#4049,#4050);
#4049 = CARTESIAN_POINT('',(-0.,0.));
#4050 = VECTOR('',#4051,1.);
#4051 = DIRECTION('',(-0.,-1.));
#4052 = ( GEOMETRIC_REPRESENTATION_CONTEXT(2) 
PARAMETRIC_REPRESENTATION_CONTEXT() REPRESENTATION_CONTEXT('2D SPACE',''
  ) );
#4053 = ORIENTED_EDGE('',*,*,#1160,.F.);
#4054 = ORIENTED_EDGE('',*,*,#4033,.F.);
#4055 = ADVANCED_FACE('',(#4056),#1441,.F.);
#4056 = FACE_BOUND('',#4057,.F.);
#4057 = EDGE_LOOP('',(#4058,#4059,#4080,#4081));
#4058 = ORIENTED_EDGE('',*,*,#2626,.F.);
#4059 = ORIENTED_EDGE('',*,*,#4060,.T.);
#4060 = EDGE_CURVE('',#2627,#1421,#4061,.T.);
#4061 = SEAM_CURVE('',#4062,(#4066,#4073),.PCURVE_S1.);
#4062 = LINE('',#4063,#4064);
#4063 = CARTESIAN_POINT('',(206.1,76.4,5.8));
#4064 = VECTOR('',#4065,1.);
#4065 = DIRECTION('',(-0.,1.,-0.));
#4066 = PCURVE('',#1441,#4067);
#4067 = DEFINITIONAL_REPRESENTATION('',(#4068),#4072);
#4068 = LINE('',#4069,#4070);
#4069 = CARTESIAN_POINT('',(6.28318530718,0.));
#4070 = VECTOR('',#4071,1.);
#4071 = DIRECTION('',(0.,-1.));
#4072 = ( GEOMETRIC_REPRESENTATION_CONTEXT(2) 
PARAMETRIC_REPRESENTATION_CONTEXT() REPRESENTATION_CONTEXT('2D SPACE',''
  ) );
#4073 = PCURVE('',#1441,#4074);
#4074 = DEFINITIONAL_REPRESENTATION('',(#4075),#4079);
#4075 = LINE('',#4076,#4077);
#4076 = CARTESIAN_POINT('',(0.,0.));
#4077 = VECTOR('',#4078,1.);
#4078 = DIRECTION('',(0.,-1.));
#4079 = ( GEOMETRIC_REPRESENTATION_CONTEXT(2) 
PARAMETRIC_REPRESENTATION_CONTEXT() REPRESENTATION_CONTEXT('2D SPACE',''
  ) );
#4080 = ORIENTED_EDGE('',*,*,#1420,.T.);
#4081 = ORIENTED_EDGE('',*,*,#4060,.F.);
#4082 = ADVANCED_FACE('',(#4083),#1499,.F.);
#4083 = FACE_BOUND('',#4084,.F.);
#4084 = EDGE_LOOP('',(#4085,#4086,#4107,#4108));
#4085 = ORIENTED_EDGE('',*,*,#1482,.T.);
#4086 = ORIENTED_EDGE('',*,*,#4087,.T.);
#4087 = EDGE_CURVE('',#1485,#3472,#4088,.T.);
#4088 = SURFACE_CURVE('',#4089,(#4093,#4100),.PCURVE_S1.);
#4089 = LINE('',#4090,#4091);
#4090 = CARTESIAN_POINT('',(30.,-1.,28.));
#4091 = VECTOR('',#4092,1.);
#4092 = DIRECTION('',(-0.,1.,-0.));
#4093 = PCURVE('',#1499,#4094);
#4094 = DEFINITIONAL_REPRESENTATION('',(#4095),#4099);
#4095 = LINE('',#4096,#4097);
#4096 = CARTESIAN_POINT('',(10.,0.));
#4097 = VECTOR('',#4098,1.);
#4098 = DIRECTION('',(0.,-1.));
#4099 = ( GEOMETRIC_REPRESENTATION_CONTEXT(2) 
PARAMETRIC_REPRESENTATION_CONTEXT() REPRESENTATION_CONTEXT('2D SPACE',''
  ) );
#4100 = PCURVE('',#1690,#4101);
#4101 = DEFINITIONAL_REPRESENTATION('',(#4102),#4106);
#4102 = LINE('',#4103,#4104);
#4103 = CARTESIAN_POINT('',(0.,0.));
#4104 = VECTOR('',#4105,1.);
#4105 = DIRECTION('',(0.,1.));
#4106 = ( GEOMETRIC_REPRESENTATION_CONTEXT(2) 
PARAMETRIC_REPRESENTATION_CONTEXT() REPRESENTATION_CONTEXT('2D SPACE',''
  ) );
#4107 = ORIENTED_EDGE('',*,*,#3469,.F.);
#4108 = ORIENTED_EDGE('',*,*,#4109,.F.);
#4109 = EDGE_CURVE('',#1483,#3470,#4110,.T.);
#4110 = SURFACE_CURVE('',#4111,(#4115,#4122),.PCURVE_S1.);
#4111 = LINE('',#4112,#4113);
#4112 = CARTESIAN_POINT('',(204.,-1.,28.));
#4113 = VECTOR('',#4114,1.);
#4114 = DIRECTION('',(-0.,1.,-0.));
#4115 = PCURVE('',#1499,#4116);
#4116 = DEFINITIONAL_REPRESENTATION('',(#4117),#4121);
#4117 = LINE('',#4118,#4119);
#4118 = CARTESIAN_POINT('',(184.,0.));
#4119 = VECTOR('',#4120,1.);
#4120 = DIRECTION('',(0.,-1.));
#4121 = ( GEOMETRIC_REPRESENTATION_CONTEXT(2) 
PARAMETRIC_REPRESENTATION_CONTEXT() REPRESENTATION_CONTEXT('2D SPACE',''
  ) );
#4122 = PCURVE('',#1527,#4123);
#4123 = DEFINITIONAL_REPRESENTATION('',(#4124),#4128);
#4124 = LINE('',#4125,#4126);
#4125 = CARTESIAN_POINT('',(-0.,0.));
#4126 = VECTOR('',#4127,1.);
#4127 = DIRECTION('',(-0.,1.));
#4128 = ( GEOMETRIC_REPRESENTATION_CONTEXT(2) 
PARAMETRIC_REPRESENTATION_CONTEXT() REPRESENTATION_CONTEXT('2D SPACE',''
  ) );
#4129 = ADVANCED_FACE('',(#4130),#1690,.F.);
#4130 = FACE_BOUND('',#4131,.F.);
#4131 = EDGE_LOOP('',(#4132,#4133,#4134,#4155));
#4132 = ORIENTED_EDGE('',*,*,#4087,.F.);
#4133 = ORIENTED_EDGE('',*,*,#1675,.T.);
#4134 = ORIENTED_EDGE('',*,*,#4135,.T.);
#4135 = EDGE_CURVE('',#1650,#3607,#4136,.T.);
#4136 = SURFACE_CURVE('',#4137,(#4141,#4148),.PCURVE_S1.);
#4137 = LINE('',#4138,#4139);
#4138 = CARTESIAN_POINT('',(20.,-1.,38.));
#4139 = VECTOR('',#4140,1.);
#4140 = DIRECTION('',(-0.,1.,-0.));
#4141 = PCURVE('',#1690,#4142);
#4142 = DEFINITIONAL_REPRESENTATION('',(#4143),#4147);
#4143 = LINE('',#4144,#4145);
#4144 = CARTESIAN_POINT('',(1.570796326795,0.));
#4145 = VECTOR('',#4146,1.);
#4146 = DIRECTION('',(0.,1.));
#4147 = ( GEOMETRIC_REPRESENTATION_CONTEXT(2) 
PARAMETRIC_REPRESENTATION_CONTEXT() REPRESENTATION_CONTEXT('2D SPACE',''
  ) );
#4148 = PCURVE('',#1664,#4149);
#4149 = DEFINITIONAL_REPRESENTATION('',(#4150),#4154);
#4150 = LINE('',#4151,#4152);
#4151 = CARTESIAN_POINT('',(54.,0.));
#4152 = VECTOR('',#4153,1.);
#4153 = DIRECTION('',(0.,-1.));
#4154 = ( GEOMETRIC_REPRESENTATION_CONTEXT(2) 
PARAMETRIC_REPRESENTATION_CONTEXT() REPRESENTATION_CONTEXT('2D SPACE',''
  ) );
#4155 = ORIENTED_EDGE('',*,*,#3627,.F.);
#4156 = ADVANCED_FACE('',(#4157),#1664,.F.);
#4157 = FACE_BOUND('',#4158,.F.);
#4158 = EDGE_LOOP('',(#4159,#4160,#4181,#4182));
#4159 = ORIENTED_EDGE('',*,*,#1649,.T.);
#4160 = ORIENTED_EDGE('',*,*,#4161,.T.);
#4161 = EDGE_CURVE('',#1621,#3583,#4162,.T.);
#4162 = SURFACE_CURVE('',#4163,(#4167,#4174),.PCURVE_S1.);
#4163 = LINE('',#4164,#4165);
#4164 = CARTESIAN_POINT('',(20.,-1.,82.));
#4165 = VECTOR('',#4166,1.);
#4166 = DIRECTION('',(-0.,1.,-0.));
#4167 = PCURVE('',#1664,#4168);
#4168 = DEFINITIONAL_REPRESENTATION('',(#4169),#4173);
#4169 = LINE('',#4170,#4171);
#4170 = CARTESIAN_POINT('',(10.,0.));
#4171 = VECTOR('',#4172,1.);
#4172 = DIRECTION('',(0.,-1.));
#4173 = ( GEOMETRIC_REPRESENTATION_CONTEXT(2) 
PARAMETRIC_REPRESENTATION_CONTEXT() REPRESENTATION_CONTEXT('2D SPACE',''
  ) );
#4174 = PCURVE('',#1637,#4175);
#4175 = DEFINITIONAL_REPRESENTATION('',(#4176),#4180);
#4176 = LINE('',#4177,#4178);
#4177 = CARTESIAN_POINT('',(-1.570796326795,0.));
#4178 = VECTOR('',#4179,1.);
#4179 = DIRECTION('',(-0.,1.));
#4180 = ( GEOMETRIC_REPRESENTATION_CONTEXT(2) 
PARAMETRIC_REPRESENTATION_CONTEXT() REPRESENTATION_CONTEXT('2D SPACE',''
  ) );
#4181 = ORIENTED_EDGE('',*,*,#3606,.F.);
#4182 = ORIENTED_EDGE('',*,*,#4135,.F.);
#4183 = ADVANCED_FACE('',(#4184),#1637,.F.);
#4184 = FACE_BOUND('',#4185,.T.);
#4185 = EDGE_LOOP('',(#4186,#4207,#4208,#4209));
#4186 = ORIENTED_EDGE('',*,*,#4187,.F.);
#4187 = EDGE_CURVE('',#1595,#3562,#4188,.T.);
#4188 = SURFACE_CURVE('',#4189,(#4193,#4200),.PCURVE_S1.);
#4189 = LINE('',#4190,#4191);
#4190 = CARTESIAN_POINT('',(30.,-1.,92.));
#4191 = VECTOR('',#4192,1.);
#4192 = DIRECTION('',(-0.,1.,-0.));
#4193 = PCURVE('',#1637,#4194);
#4194 = DEFINITIONAL_REPRESENTATION('',(#4195),#4199);
#4195 = LINE('',#4196,#4197);
#4196 = CARTESIAN_POINT('',(-0.,0.));
#4197 = VECTOR('',#4198,1.);
#4198 = DIRECTION('',(-0.,1.));
#4199 = ( GEOMETRIC_REPRESENTATION_CONTEXT(2) 
PARAMETRIC_REPRESENTATION_CONTEXT() REPRESENTATION_CONTEXT('2D SPACE',''
  ) );
#4200 = PCURVE('',#1609,#4201);
#4201 = DEFINITIONAL_REPRESENTATION('',(#4202),#4206);
#4202 = LINE('',#4203,#4204);
#4203 = CARTESIAN_POINT('',(184.,0.));
#4204 = VECTOR('',#4205,1.);
#4205 = DIRECTION('',(0.,-1.));
#4206 = ( GEOMETRIC_REPRESENTATION_CONTEXT(2) 
PARAMETRIC_REPRESENTATION_CONTEXT() REPRESENTATION_CONTEXT('2D SPACE',''
  ) );
#4207 = ORIENTED_EDGE('',*,*,#1620,.F.);
#4208 = ORIENTED_EDGE('',*,*,#4161,.T.);
#4209 = ORIENTED_EDGE('',*,*,#3582,.T.);
#4210 = ADVANCED_FACE('',(#4211),#1609,.F.);
#4211 = FACE_BOUND('',#4212,.F.);
#4212 = EDGE_LOOP('',(#4213,#4214,#4235,#4236));
#4213 = ORIENTED_EDGE('',*,*,#1594,.T.);
#4214 = ORIENTED_EDGE('',*,*,#4215,.T.);
#4215 = EDGE_CURVE('',#1566,#3538,#4216,.T.);
#4216 = SURFACE_CURVE('',#4217,(#4221,#4228),.PCURVE_S1.);
#4217 = LINE('',#4218,#4219);
#4218 = CARTESIAN_POINT('',(204.,-1.,92.));
#4219 = VECTOR('',#4220,1.);
#4220 = DIRECTION('',(-0.,1.,-0.));
#4221 = PCURVE('',#1609,#4222);
#4222 = DEFINITIONAL_REPRESENTATION('',(#4223),#4227);
#4223 = LINE('',#4224,#4225);
#4224 = CARTESIAN_POINT('',(10.,0.));
#4225 = VECTOR('',#4226,1.);
#4226 = DIRECTION('',(0.,-1.));
#4227 = ( GEOMETRIC_REPRESENTATION_CONTEXT(2) 
PARAMETRIC_REPRESENTATION_CONTEXT() REPRESENTATION_CONTEXT('2D SPACE',''
  ) );
#4228 = PCURVE('',#1582,#4229);
#4229 = DEFINITIONAL_REPRESENTATION('',(#4230),#4234);
#4230 = LINE('',#4231,#4232);
#4231 = CARTESIAN_POINT('',(-1.570796326795,0.));
#4232 = VECTOR('',#4233,1.);
#4233 = DIRECTION('',(-0.,1.));
#4234 = ( GEOMETRIC_REPRESENTATION_CONTEXT(2) 
PARAMETRIC_REPRESENTATION_CONTEXT() REPRESENTATION_CONTEXT('2D SPACE',''
  ) );
#4235 = ORIENTED_EDGE('',*,*,#3561,.F.);
#4236 = ORIENTED_EDGE('',*,*,#4187,.F.);
#4237 = ADVANCED_FACE('',(#4238),#1582,.F.);
#4238 = FACE_BOUND('',#4239,.T.);
#4239 = EDGE_LOOP('',(#4240,#4261,#4262,#4263));
#4240 = ORIENTED_EDGE('',*,*,#4241,.F.);
#4241 = EDGE_CURVE('',#1540,#3517,#4242,.T.);
#4242 = SURFACE_CURVE('',#4243,(#4247,#4254),.PCURVE_S1.);
#4243 = LINE('',#4244,#4245);
#4244 = CARTESIAN_POINT('',(214.,-1.,82.));
#4245 = VECTOR('',#4246,1.);
#4246 = DIRECTION('',(-0.,1.,-0.));
#4247 = PCURVE('',#1582,#4248);
#4248 = DEFINITIONAL_REPRESENTATION('',(#4249),#4253);
#4249 = LINE('',#4250,#4251);
#4250 = CARTESIAN_POINT('',(-0.,0.));
#4251 = VECTOR('',#4252,1.);
#4252 = DIRECTION('',(-0.,1.));
#4253 = ( GEOMETRIC_REPRESENTATION_CONTEXT(2) 
PARAMETRIC_REPRESENTATION_CONTEXT() REPRESENTATION_CONTEXT('2D SPACE',''
  ) );
#4254 = PCURVE('',#1554,#4255);
#4255 = DEFINITIONAL_REPRESENTATION('',(#4256),#4260);
#4256 = LINE('',#4257,#4258);
#4257 = CARTESIAN_POINT('',(54.,0.));
#4258 = VECTOR('',#4259,1.);
#4259 = DIRECTION('',(0.,-1.));
#4260 = ( GEOMETRIC_REPRESENTATION_CONTEXT(2) 
PARAMETRIC_REPRESENTATION_CONTEXT() REPRESENTATION_CONTEXT('2D SPACE',''
  ) );
#4261 = ORIENTED_EDGE('',*,*,#1565,.F.);
#4262 = ORIENTED_EDGE('',*,*,#4215,.T.);
#4263 = ORIENTED_EDGE('',*,*,#3537,.T.);
#4264 = ADVANCED_FACE('',(#4265),#1554,.F.);
#4265 = FACE_BOUND('',#4266,.F.);
#4266 = EDGE_LOOP('',(#4267,#4268,#4289,#4290));
#4267 = ORIENTED_EDGE('',*,*,#1539,.T.);
#4268 = ORIENTED_EDGE('',*,*,#4269,.T.);
#4269 = EDGE_CURVE('',#1511,#3493,#4270,.T.);
#4270 = SURFACE_CURVE('',#4271,(#4275,#4282),.PCURVE_S1.);
#4271 = LINE('',#4272,#4273);
#4272 = CARTESIAN_POINT('',(214.,-1.,38.));
#4273 = VECTOR('',#4274,1.);
#4274 = DIRECTION('',(-0.,1.,-0.));
#4275 = PCURVE('',#1554,#4276);
#4276 = DEFINITIONAL_REPRESENTATION('',(#4277),#4281);
#4277 = LINE('',#4278,#4279);
#4278 = CARTESIAN_POINT('',(10.,0.));
#4279 = VECTOR('',#4280,1.);
#4280 = DIRECTION('',(0.,-1.));
#4281 = ( GEOMETRIC_REPRESENTATION_CONTEXT(2) 
PARAMETRIC_REPRESENTATION_CONTEXT() REPRESENTATION_CONTEXT('2D SPACE',''
  ) );
#4282 = PCURVE('',#1527,#4283);
#4283 = DEFINITIONAL_REPRESENTATION('',(#4284),#4288);
#4284 = LINE('',#4285,#4286);
#4285 = CARTESIAN_POINT('',(-1.570796326795,0.));
#4286 = VECTOR('',#4287,1.);
#4287 = DIRECTION('',(-0.,1.));
#4288 = ( GEOMETRIC_REPRESENTATION_CONTEXT(2) 
PARAMETRIC_REPRESENTATION_CONTEXT() REPRESENTATION_CONTEXT('2D SPACE',''
  ) );
#4289 = ORIENTED_EDGE('',*,*,#3516,.F.);
#4290 = ORIENTED_EDGE('',*,*,#4241,.F.);
#4291 = ADVANCED_FACE('',(#4292),#1527,.F.);
#4292 = FACE_BOUND('',#4293,.T.);
#4293 = EDGE_LOOP('',(#4294,#4295,#4296,#4297));
#4294 = ORIENTED_EDGE('',*,*,#4109,.F.);
#4295 = ORIENTED_EDGE('',*,*,#1510,.F.);
#4296 = ORIENTED_EDGE('',*,*,#4269,.T.);
#4297 = ORIENTED_EDGE('',*,*,#3492,.T.);
#4298 = ADVANCED_FACE('',(#4299,#4348),#1920,.F.);
#4299 = FACE_BOUND('',#4300,.F.);
#4300 = EDGE_LOOP('',(#4301,#4324,#4325,#4326,#4327));
#4301 = ORIENTED_EDGE('',*,*,#4302,.F.);
#4302 = EDGE_CURVE('',#2022,#4303,#4305,.T.);
#4303 = VERTEX_POINT('',#4304);
#4304 = CARTESIAN_POINT('',(10.,10.,3.));
#4305 = SURFACE_CURVE('',#4306,(#4310,#4317),.PCURVE_S1.);
#4306 = LINE('',#4307,#4308);
#4307 = CARTESIAN_POINT('',(0.,10.,3.));
#4308 = VECTOR('',#4309,1.);
#4309 = DIRECTION('',(1.,0.,0.));
#4310 = PCURVE('',#1920,#4311);
#4311 = DEFINITIONAL_REPRESENTATION('',(#4312),#4316);
#4312 = LINE('',#4313,#4314);
#4313 = CARTESIAN_POINT('',(0.,10.));
#4314 = VECTOR('',#4315,1.);
#4315 = DIRECTION('',(1.,0.));
#4316 = ( GEOMETRIC_REPRESENTATION_CONTEXT(2) 
PARAMETRIC_REPRESENTATION_CONTEXT() REPRESENTATION_CONTEXT('2D SPACE',''
  ) );
#4317 = PCURVE('',#2037,#4318);
#4318 = DEFINITIONAL_REPRESENTATION('',(#4319),#4323);
#4319 = LINE('',#4320,#4321);
#4320 = CARTESIAN_POINT('',(0.,0.));
#4321 = VECTOR('',#4322,1.);
#4322 = DIRECTION('',(0.,1.));
#4323 = ( GEOMETRIC_REPRESENTATION_CONTEXT(2) 
PARAMETRIC_REPRESENTATION_CONTEXT() REPRESENTATION_CONTEXT('2D SPACE',''
  ) );
#4324 = ORIENTED_EDGE('',*,*,#2048,.F.);
#4325 = ORIENTED_EDGE('',*,*,#1905,.T.);
#4326 = ORIENTED_EDGE('',*,*,#3025,.T.);
#4327 = ORIENTED_EDGE('',*,*,#4328,.T.);
#4328 = EDGE_CURVE('',#3026,#4303,#4329,.T.);
#4329 = SURFACE_CURVE('',#4330,(#4334,#4341),.PCURVE_S1.);
#4330 = LINE('',#4331,#4332);
#4331 = CARTESIAN_POINT('',(10.,0.,3.));
#4332 = VECTOR('',#4333,1.);
#4333 = DIRECTION('',(0.,1.,0.));
#4334 = PCURVE('',#1920,#4335);
#4335 = DEFINITIONAL_REPRESENTATION('',(#4336),#4340);
#4336 = LINE('',#4337,#4338);
#4337 = CARTESIAN_POINT('',(10.,0.));
#4338 = VECTOR('',#4339,1.);
#4339 = DIRECTION('',(0.,1.));
#4340 = ( GEOMETRIC_REPRESENTATION_CONTEXT(2) 
PARAMETRIC_REPRESENTATION_CONTEXT() REPRESENTATION_CONTEXT('2D SPACE',''
  ) );
#4341 = PCURVE('',#3064,#4342);
#4342 = DEFINITIONAL_REPRESENTATION('',(#4343),#4347);
#4343 = LINE('',#4344,#4345);
#4344 = CARTESIAN_POINT('',(0.,0.));
#4345 = VECTOR('',#4346,1.);
#4346 = DIRECTION('',(0.,-1.));
#4347 = ( GEOMETRIC_REPRESENTATION_CONTEXT(2) 
PARAMETRIC_REPRESENTATION_CONTEXT() REPRESENTATION_CONTEXT('2D SPACE',''
  ) );
#4348 = FACE_BOUND('',#4349,.F.);
#4349 = EDGE_LOOP('',(#4350));
#4350 = ORIENTED_EDGE('',*,*,#4351,.F.);
#4351 = EDGE_CURVE('',#4352,#4352,#4354,.T.);
#4352 = VERTEX_POINT('',#4353);
#4353 = CARTESIAN_POINT('',(7.85,7.,3.));
#4354 = SURFACE_CURVE('',#4355,(#4360,#4367),.PCURVE_S1.);
#4355 = CIRCLE('',#4356,0.85);
#4356 = AXIS2_PLACEMENT_3D('',#4357,#4358,#4359);
#4357 = CARTESIAN_POINT('',(7.,7.,3.));
#4358 = DIRECTION('',(0.,0.,1.));
#4359 = DIRECTION('',(1.,0.,0.));
#4360 = PCURVE('',#1920,#4361);
#4361 = DEFINITIONAL_REPRESENTATION('',(#4362),#4366);
#4362 = CIRCLE('',#4363,0.85);
#4363 = AXIS2_PLACEMENT_2D('',#4364,#4365);
#4364 = CARTESIAN_POINT('',(7.,7.));
#4365 = DIRECTION('',(1.,0.));
#4366 = ( GEOMETRIC_REPRESENTATION_CONTEXT(2) 
PARAMETRIC_REPRESENTATION_CONTEXT() REPRESENTATION_CONTEXT('2D SPACE',''
  ) );
#4367 = PCURVE('',#4368,#4373);
#4368 = CYLINDRICAL_SURFACE('',#4369,0.85);
#4369 = AXIS2_PLACEMENT_3D('',#4370,#4371,#4372);
#4370 = CARTESIAN_POINT('',(7.,7.,3.));
#4371 = DIRECTION('',(-0.,-0.,-1.));
#4372 = DIRECTION('',(1.,0.,0.));
#4373 = DEFINITIONAL_REPRESENTATION('',(#4374),#4378);
#4374 = LINE('',#4375,#4376);
#4375 = CARTESIAN_POINT('',(-0.,0.));
#4376 = VECTOR('',#4377,1.);
#4377 = DIRECTION('',(-1.,0.));
#4378 = ( GEOMETRIC_REPRESENTATION_CONTEXT(2) 
PARAMETRIC_REPRESENTATION_CONTEXT() REPRESENTATION_CONTEXT('2D SPACE',''
  ) );
#4379 = ADVANCED_FACE('',(#4380),#1953,.F.);
#4380 = FACE_BOUND('',#4381,.T.);
#4381 = EDGE_LOOP('',(#4382,#4407,#4437,#4471,#4503,#4504,#4538,#4572));
#4382 = ORIENTED_EDGE('',*,*,#4383,.F.);
#4383 = EDGE_CURVE('',#4384,#4386,#4388,.T.);
#4384 = VERTEX_POINT('',#4385);
#4385 = CARTESIAN_POINT('',(3.,3.,109.));
#4386 = VERTEX_POINT('',#4387);
#4387 = CARTESIAN_POINT('',(3.,77.,109.));
#4388 = SURFACE_CURVE('',#4389,(#4393,#4400),.PCURVE_S1.);
#4389 = LINE('',#4390,#4391);
#4390 = CARTESIAN_POINT('',(3.,2.4,109.));
#4391 = VECTOR('',#4392,1.);
#4392 = DIRECTION('',(-0.,1.,-0.));
#4393 = PCURVE('',#1953,#4394);
#4394 = DEFINITIONAL_REPRESENTATION('',(#4395),#4399);
#4395 = LINE('',#4396,#4397);
#4396 = CARTESIAN_POINT('',(-0.,0.));
#4397 = VECTOR('',#4398,1.);
#4398 = DIRECTION('',(-0.,1.));
#4399 = ( GEOMETRIC_REPRESENTATION_CONTEXT(2) 
PARAMETRIC_REPRESENTATION_CONTEXT() REPRESENTATION_CONTEXT('2D SPACE',''
  ) );
#4400 = PCURVE('',#3737,#4401);
#4401 = DEFINITIONAL_REPRESENTATION('',(#4402),#4406);
#4402 = LINE('',#4403,#4404);
#4403 = CARTESIAN_POINT('',(0.6,0.));
#4404 = VECTOR('',#4405,1.);
#4405 = DIRECTION('',(0.,1.));
#4406 = ( GEOMETRIC_REPRESENTATION_CONTEXT(2) 
PARAMETRIC_REPRESENTATION_CONTEXT() REPRESENTATION_CONTEXT('2D SPACE',''
  ) );
#4407 = ORIENTED_EDGE('',*,*,#4408,.T.);
#4408 = EDGE_CURVE('',#4384,#4409,#4411,.T.);
#4409 = VERTEX_POINT('',#4410);
#4410 = CARTESIAN_POINT('',(2.999999125929,2.999999125929,
    108.99999999999));
#4411 = SURFACE_CURVE('',#4412,(#4417,#4427),.PCURVE_S1.);
#4412 = ELLIPSE('',#4413,0.848528137424,0.6);
#4413 = AXIS2_PLACEMENT_3D('',#4414,#4415,#4416);
#4414 = CARTESIAN_POINT('',(3.,3.,108.4));
#4415 = DIRECTION('',(0.707106781187,-0.707106781187,0.));
#4416 = DIRECTION('',(0.707106781187,0.707106781187,0.));
#4417 = PCURVE('',#1953,#4418);
#4418 = DEFINITIONAL_REPRESENTATION('',(#4419),#4426);
#4419 = B_SPLINE_CURVE_WITH_KNOTS('',5,(#4420,#4421,#4422,#4423,#4424,
    #4425),.UNSPECIFIED.,.F.,.F.,(6,6),(1.570796326795,1.57079778358),
  .PIECEWISE_BEZIER_KNOTS.);
#4420 = CARTESIAN_POINT('',(0.,0.6));
#4421 = CARTESIAN_POINT('',(-2.91356973614E-07,0.599999825186));
#4422 = CARTESIAN_POINT('',(-5.827139474344E-07,0.599999650372));
#4423 = CARTESIAN_POINT('',(-8.740709194501E-07,0.599999475557));
#4424 = CARTESIAN_POINT('',(-1.165427894679E-06,0.599999300743));
#4425 = CARTESIAN_POINT('',(-1.456784868293E-06,0.599999125929));
#4426 = ( GEOMETRIC_REPRESENTATION_CONTEXT(2) 
PARAMETRIC_REPRESENTATION_CONTEXT() REPRESENTATION_CONTEXT('2D SPACE',''
  ) );
#4427 = PCURVE('',#3137,#4428);
#4428 = DEFINITIONAL_REPRESENTATION('',(#4429),#4436);
#4429 = B_SPLINE_CURVE_WITH_KNOTS('',5,(#4430,#4431,#4432,#4433,#4434,
    #4435),.UNSPECIFIED.,.F.,.F.,(6,6),(1.570796326795,1.57079778358),
  .PIECEWISE_BEZIER_KNOTS.);
#4430 = CARTESIAN_POINT('',(0.,0.6));
#4431 = CARTESIAN_POINT('',(2.91356973614E-07,0.599999825186));
#4432 = CARTESIAN_POINT('',(5.827139474344E-07,0.599999650372));
#4433 = CARTESIAN_POINT('',(8.740709194501E-07,0.599999475557));
#4434 = CARTESIAN_POINT('',(1.165427894679E-06,0.599999300743));
#4435 = CARTESIAN_POINT('',(1.456784868293E-06,0.599999125929));
#4436 = ( GEOMETRIC_REPRESENTATION_CONTEXT(2) 
PARAMETRIC_REPRESENTATION_CONTEXT() REPRESENTATION_CONTEXT('2D SPACE',''
  ) );
#4437 = ORIENTED_EDGE('',*,*,#4438,.T.);
#4438 = EDGE_CURVE('',#4409,#4439,#4441,.T.);
#4439 = VERTEX_POINT('',#4440);
#4440 = CARTESIAN_POINT('',(2.575735931288,2.575735931288,
    108.82426406871));
#4441 = SURFACE_CURVE('',#4442,(#4447,#4459),.PCURVE_S1.);
#4442 = ELLIPSE('',#4443,0.848528137424,0.6);
#4443 = AXIS2_PLACEMENT_3D('',#4444,#4445,#4446);
#4444 = CARTESIAN_POINT('',(3.,3.,108.4));
#4445 = DIRECTION('',(0.707106781187,-0.707106781187,0.));
#4446 = DIRECTION('',(0.707106781187,0.707106781187,0.));
#4447 = PCURVE('',#1953,#4448);
#4448 = DEFINITIONAL_REPRESENTATION('',(#4449),#4458);
#4449 = B_SPLINE_CURVE_WITH_KNOTS('',7,(#4450,#4451,#4452,#4453,#4454,
    #4455,#4456,#4457),.UNSPECIFIED.,.F.,.F.,(8,8),(1.57079778358,
    3.14159265359),.PIECEWISE_BEZIER_KNOTS.);
#4450 = CARTESIAN_POINT('',(-1.456784868293E-06,0.599999125929));
#4451 = CARTESIAN_POINT('',(-0.224400723929,0.465359565643));
#4452 = CARTESIAN_POINT('',(-0.448799991073,0.330720603418));
#4453 = CARTESIAN_POINT('',(-0.673199258218,0.207151528323));
#4454 = CARTESIAN_POINT('',(-0.897598525362,0.105742301106));
#4455 = CARTESIAN_POINT('',(-1.121997792506,3.524913818151E-02));
#4456 = CARTESIAN_POINT('',(-1.346397059651,1.648859065436E-17));
#4457 = CARTESIAN_POINT('',(-1.570796326795,0.));
#4458 = ( GEOMETRIC_REPRESENTATION_CONTEXT(2) 
PARAMETRIC_REPRESENTATION_CONTEXT() REPRESENTATION_CONTEXT('2D SPACE',''
  ) );
#4459 = PCURVE('',#3137,#4460);
#4460 = DEFINITIONAL_REPRESENTATION('',(#4461),#4470);
#4461 = B_SPLINE_CURVE_WITH_KNOTS('',7,(#4462,#4463,#4464,#4465,#4466,
    #4467,#4468,#4469),.UNSPECIFIED.,.F.,.F.,(8,8),(1.57079778358,
    3.14159265359),.PIECEWISE_BEZIER_KNOTS.);
#4462 = CARTESIAN_POINT('',(1.456784868293E-06,0.599999125929));
#4463 = CARTESIAN_POINT('',(0.224400723929,0.465359565643));
#4464 = CARTESIAN_POINT('',(0.448799991073,0.330720603418));
#4465 = CARTESIAN_POINT('',(0.673199258218,0.207151528323));
#4466 = CARTESIAN_POINT('',(0.897598525362,0.105742301106));
#4467 = CARTESIAN_POINT('',(1.121997792506,3.524913818151E-02));
#4468 = CARTESIAN_POINT('',(1.346397059651,1.648859065436E-17));
#4469 = CARTESIAN_POINT('',(1.570796326795,0.));
#4470 = ( GEOMETRIC_REPRESENTATION_CONTEXT(2) 
PARAMETRIC_REPRESENTATION_CONTEXT() REPRESENTATION_CONTEXT('2D SPACE',''
  ) );
#4471 = ORIENTED_EDGE('',*,*,#4472,.F.);
#4472 = EDGE_CURVE('',#1936,#4439,#4473,.T.);
#4473 = SURFACE_CURVE('',#4474,(#4479,#4491),.PCURVE_S1.);
#4474 = ELLIPSE('',#4475,0.848528137424,0.6);
#4475 = AXIS2_PLACEMENT_3D('',#4476,#4477,#4478);
#4476 = CARTESIAN_POINT('',(3.,3.,108.4));
#4477 = DIRECTION('',(0.,0.707106781187,0.707106781187));
#4478 = DIRECTION('',(0.,-0.707106781187,0.707106781187));
#4479 = PCURVE('',#1953,#4480);
#4480 = DEFINITIONAL_REPRESENTATION('',(#4481),#4490);
#4481 = B_SPLINE_CURVE_WITH_KNOTS('',7,(#4482,#4483,#4484,#4485,#4486,
    #4487,#4488,#4489),.UNSPECIFIED.,.F.,.F.,(8,8),(4.712388980385,
    6.28318530718),.PIECEWISE_BEZIER_KNOTS.);
#4482 = CARTESIAN_POINT('',(-1.570796326795,0.6));
#4483 = CARTESIAN_POINT('',(-1.346396851538,0.465360314846));
#4484 = CARTESIAN_POINT('',(-1.121997376282,0.330721176409));
#4485 = CARTESIAN_POINT('',(-0.897597901026,0.207151904536));
#4486 = CARTESIAN_POINT('',(-0.673198425769,0.105742497225));
#4487 = CARTESIAN_POINT('',(-0.448798950513,3.524920356598E-02));
#4488 = CARTESIAN_POINT('',(-0.224399475256,3.297721189237E-17));
#4489 = CARTESIAN_POINT('',(0.,0.));
#4490 = ( GEOMETRIC_REPRESENTATION_CONTEXT(2) 
PARAMETRIC_REPRESENTATION_CONTEXT() REPRESENTATION_CONTEXT('2D SPACE',''
  ) );
#4491 = PCURVE('',#1981,#4492);
#4492 = DEFINITIONAL_REPRESENTATION('',(#4493),#4502);
#4493 = B_SPLINE_CURVE_WITH_KNOTS('',7,(#4494,#4495,#4496,#4497,#4498,
    #4499,#4500,#4501),.UNSPECIFIED.,.F.,.F.,(8,8),(4.712388980385,
    6.28318530718),.PIECEWISE_BEZIER_KNOTS.);
#4494 = CARTESIAN_POINT('',(0.,109.4));
#4495 = CARTESIAN_POINT('',(0.224399475256,109.53463968515));
#4496 = CARTESIAN_POINT('',(0.448798950513,109.66927882359));
#4497 = CARTESIAN_POINT('',(0.673198425769,109.79284809545));
#4498 = CARTESIAN_POINT('',(0.897597901026,109.89425750276));
#4499 = CARTESIAN_POINT('',(1.121997376282,109.96475079643));
#4500 = CARTESIAN_POINT('',(1.346396851538,110.));
#4501 = CARTESIAN_POINT('',(1.570796326795,110.));
#4502 = ( GEOMETRIC_REPRESENTATION_CONTEXT(2) 
PARAMETRIC_REPRESENTATION_CONTEXT() REPRESENTATION_CONTEXT('2D SPACE',''
  ) );
#4503 = ORIENTED_EDGE('',*,*,#1935,.T.);
#4504 = ORIENTED_EDGE('',*,*,#4505,.F.);
#4505 = EDGE_CURVE('',#4506,#1938,#4508,.T.);
#4506 = VERTEX_POINT('',#4507);
#4507 = CARTESIAN_POINT('',(2.575735931288,77.424264068712,
    108.82426406871));
#4508 = SURFACE_CURVE('',#4509,(#4514,#4526),.PCURVE_S1.);
#4509 = ELLIPSE('',#4510,0.848528137424,0.6);
#4510 = AXIS2_PLACEMENT_3D('',#4511,#4512,#4513);
#4511 = CARTESIAN_POINT('',(3.,77.,108.4));
#4512 = DIRECTION('',(0.,-0.707106781187,0.707106781187));
#4513 = DIRECTION('',(0.,0.707106781187,0.707106781187));
#4514 = PCURVE('',#1953,#4515);
#4515 = DEFINITIONAL_REPRESENTATION('',(#4516),#4525);
#4516 = B_SPLINE_CURVE_WITH_KNOTS('',7,(#4517,#4518,#4519,#4520,#4521,
    #4522,#4523,#4524),.UNSPECIFIED.,.F.,.F.,(8,8),(0.,1.570796326795),
  .PIECEWISE_BEZIER_KNOTS.);
#4517 = CARTESIAN_POINT('',(0.,75.2));
#4518 = CARTESIAN_POINT('',(-0.224399475256,75.2));
#4519 = CARTESIAN_POINT('',(-0.448798950513,75.164750796423));
#4520 = CARTESIAN_POINT('',(-0.673198425769,75.094257502824));
#4521 = CARTESIAN_POINT('',(-0.897597901026,74.992848095433));
#4522 = CARTESIAN_POINT('',(-1.121997376282,74.869278823597));
#4523 = CARTESIAN_POINT('',(-1.346396851538,74.734639685154));
#4524 = CARTESIAN_POINT('',(-1.570796326795,74.6));
#4525 = ( GEOMETRIC_REPRESENTATION_CONTEXT(2) 
PARAMETRIC_REPRESENTATION_CONTEXT() REPRESENTATION_CONTEXT('2D SPACE',''
  ) );
#4526 = PCURVE('',#2191,#4527);
#4527 = DEFINITIONAL_REPRESENTATION('',(#4528),#4537);
#4528 = B_SPLINE_CURVE_WITH_KNOTS('',7,(#4529,#4530,#4531,#4532,#4533,
    #4534,#4535,#4536),.UNSPECIFIED.,.F.,.F.,(8,8),(0.,1.570796326795),
  .PIECEWISE_BEZIER_KNOTS.);
#4529 = CARTESIAN_POINT('',(-1.570796326795,110.));
#4530 = CARTESIAN_POINT('',(-1.346396851538,110.));
#4531 = CARTESIAN_POINT('',(-1.121997376282,109.96475079644));
#4532 = CARTESIAN_POINT('',(-0.897597901026,109.89425750271));
#4533 = CARTESIAN_POINT('',(-0.673198425769,109.7928480955));
#4534 = CARTESIAN_POINT('',(-0.448798950513,109.66927882358));
#4535 = CARTESIAN_POINT('',(-0.224399475256,109.53463968515));
#4536 = CARTESIAN_POINT('',(0.,109.4));
#4537 = ( GEOMETRIC_REPRESENTATION_CONTEXT(2) 
PARAMETRIC_REPRESENTATION_CONTEXT() REPRESENTATION_CONTEXT('2D SPACE',''
  ) );
#4538 = ORIENTED_EDGE('',*,*,#4539,.T.);
#4539 = EDGE_CURVE('',#4506,#4540,#4542,.T.);
#4540 = VERTEX_POINT('',#4541);
#4541 = CARTESIAN_POINT('',(2.999999125929,77.000000874071,
    108.99999999999));
#4542 = SURFACE_CURVE('',#4543,(#4548,#4560),.PCURVE_S1.);
#4543 = ELLIPSE('',#4544,0.848528137424,0.6);
#4544 = AXIS2_PLACEMENT_3D('',#4545,#4546,#4547);
#4545 = CARTESIAN_POINT('',(3.,77.,108.4));
#4546 = DIRECTION('',(0.707106781187,0.707106781187,0.));
#4547 = DIRECTION('',(0.707106781187,-0.707106781187,0.));
#4548 = PCURVE('',#1953,#4549);
#4549 = DEFINITIONAL_REPRESENTATION('',(#4550),#4559);
#4550 = B_SPLINE_CURVE_WITH_KNOTS('',7,(#4551,#4552,#4553,#4554,#4555,
    #4556,#4557,#4558),.UNSPECIFIED.,.F.,.F.,(8,8),(3.14159265359,
    4.7123875236),.PIECEWISE_BEZIER_KNOTS.);
#4551 = CARTESIAN_POINT('',(-1.570796326795,75.2));
#4552 = CARTESIAN_POINT('',(-1.346397059651,75.2));
#4553 = CARTESIAN_POINT('',(-1.121997792506,75.164750861819));
#4554 = CARTESIAN_POINT('',(-0.897598525362,75.094257698889));
#4555 = CARTESIAN_POINT('',(-0.673199258218,74.992848471702));
#4556 = CARTESIAN_POINT('',(-0.448799991073,74.869279396586));
#4557 = CARTESIAN_POINT('',(-0.224400723929,74.734640434357));
#4558 = CARTESIAN_POINT('',(-1.456784868293E-06,74.600000874071));
#4559 = ( GEOMETRIC_REPRESENTATION_CONTEXT(2) 
PARAMETRIC_REPRESENTATION_CONTEXT() REPRESENTATION_CONTEXT('2D SPACE',''
  ) );
#4560 = PCURVE('',#2397,#4561);
#4561 = DEFINITIONAL_REPRESENTATION('',(#4562),#4571);
#4562 = B_SPLINE_CURVE_WITH_KNOTS('',7,(#4563,#4564,#4565,#4566,#4567,
    #4568,#4569,#4570),.UNSPECIFIED.,.F.,.F.,(8,8),(3.14159265359,
    4.7123875236),.PIECEWISE_BEZIER_KNOTS.);
#4563 = CARTESIAN_POINT('',(0.,0.));
#4564 = CARTESIAN_POINT('',(0.224399267144,-1.648859065436E-17));
#4565 = CARTESIAN_POINT('',(0.448798534289,3.524913818147E-02));
#4566 = CARTESIAN_POINT('',(0.673197801433,0.105742301106));
#4567 = CARTESIAN_POINT('',(0.897597068577,0.207151528323));
#4568 = CARTESIAN_POINT('',(1.121996335721,0.330720603418));
#4569 = CARTESIAN_POINT('',(1.346395602866,0.465359565643));
#4570 = CARTESIAN_POINT('',(1.57079487001,0.599999125929));
#4571 = ( GEOMETRIC_REPRESENTATION_CONTEXT(2) 
PARAMETRIC_REPRESENTATION_CONTEXT() REPRESENTATION_CONTEXT('2D SPACE',''
  ) );
#4572 = ORIENTED_EDGE('',*,*,#4573,.T.);
#4573 = EDGE_CURVE('',#4540,#4386,#4574,.T.);
#4574 = SURFACE_CURVE('',#4575,(#4580,#4590),.PCURVE_S1.);
#4575 = ELLIPSE('',#4576,0.848528137424,0.6);
#4576 = AXIS2_PLACEMENT_3D('',#4577,#4578,#4579);
#4577 = CARTESIAN_POINT('',(3.,77.,108.4));
#4578 = DIRECTION('',(0.707106781187,0.707106781187,0.));
#4579 = DIRECTION('',(0.707106781187,-0.707106781187,0.));
#4580 = PCURVE('',#1953,#4581);
#4581 = DEFINITIONAL_REPRESENTATION('',(#4582),#4589);
#4582 = B_SPLINE_CURVE_WITH_KNOTS('',5,(#4583,#4584,#4585,#4586,#4587,
    #4588),.UNSPECIFIED.,.F.,.F.,(6,6),(4.7123875236,4.712388980385),
  .PIECEWISE_BEZIER_KNOTS.);
#4583 = CARTESIAN_POINT('',(-1.456784868293E-06,74.600000874071));
#4584 = CARTESIAN_POINT('',(-1.165427894723E-06,74.600000699257));
#4585 = CARTESIAN_POINT('',(-8.740709204321E-07,74.600000524443));
#4586 = CARTESIAN_POINT('',(-5.827139497971E-07,74.600000349628));
#4587 = CARTESIAN_POINT('',(-2.913569735696E-07,74.600000174814));
#4588 = CARTESIAN_POINT('',(0.,74.6));
#4589 = ( GEOMETRIC_REPRESENTATION_CONTEXT(2) 
PARAMETRIC_REPRESENTATION_CONTEXT() REPRESENTATION_CONTEXT('2D SPACE',''
  ) );
#4590 = PCURVE('',#2397,#4591);
#4591 = DEFINITIONAL_REPRESENTATION('',(#4592),#4599);
#4592 = B_SPLINE_CURVE_WITH_KNOTS('',5,(#4593,#4594,#4595,#4596,#4597,
    #4598),.UNSPECIFIED.,.F.,.F.,(6,6),(4.7123875236,4.712388980385),
  .PIECEWISE_BEZIER_KNOTS.);
#4593 = CARTESIAN_POINT('',(1.57079487001,0.599999125929));
#4594 = CARTESIAN_POINT('',(1.570795161367,0.599999300743));
#4595 = CARTESIAN_POINT('',(1.570795452724,0.599999475557));
#4596 = CARTESIAN_POINT('',(1.570795744081,0.599999650372));
#4597 = CARTESIAN_POINT('',(1.570796035438,0.599999825186));
#4598 = CARTESIAN_POINT('',(1.570796326795,0.6));
#4599 = ( GEOMETRIC_REPRESENTATION_CONTEXT(2) 
PARAMETRIC_REPRESENTATION_CONTEXT() REPRESENTATION_CONTEXT('2D SPACE',''
  ) );
#4600 = ADVANCED_FACE('',(#4601),#2191,.F.);
#4601 = FACE_BOUND('',#4602,.T.);
#4602 = EDGE_LOOP('',(#4603,#4604,#4630,#4631,#4663));
#4603 = ORIENTED_EDGE('',*,*,#2177,.F.);
#4604 = ORIENTED_EDGE('',*,*,#4605,.T.);
#4605 = EDGE_CURVE('',#2150,#2336,#4606,.T.);
#4606 = SURFACE_CURVE('',#4607,(#4612,#4619),.PCURVE_S1.);
#4607 = CIRCLE('',#4608,0.6);
#4608 = AXIS2_PLACEMENT_3D('',#4609,#4610,#4611);
#4609 = CARTESIAN_POINT('',(3.,77.,15.));
#4610 = DIRECTION('',(-0.,-0.,-1.));
#4611 = DIRECTION('',(0.,-1.,0.));
#4612 = PCURVE('',#2191,#4613);
#4613 = DEFINITIONAL_REPRESENTATION('',(#4614),#4618);
#4614 = LINE('',#4615,#4616);
#4615 = CARTESIAN_POINT('',(1.570796326795,16.));
#4616 = VECTOR('',#4617,1.);
#4617 = DIRECTION('',(-1.,0.));
#4618 = ( GEOMETRIC_REPRESENTATION_CONTEXT(2) 
PARAMETRIC_REPRESENTATION_CONTEXT() REPRESENTATION_CONTEXT('2D SPACE',''
  ) );
#4619 = PCURVE('',#2165,#4620);
#4620 = DEFINITIONAL_REPRESENTATION('',(#4621),#4629);
#4621 = ( BOUNDED_CURVE() B_SPLINE_CURVE(2,(#4622,#4623,#4624,#4625,
#4626,#4627,#4628),.UNSPECIFIED.,.T.,.F.) B_SPLINE_CURVE_WITH_KNOTS((1,2
    ,2,2,2,1),(-2.094395102393,0.,2.094395102393,4.188790204786,
6.28318530718,8.377580409573),.UNSPECIFIED.) CURVE() 
GEOMETRIC_REPRESENTATION_ITEM() RATIONAL_B_SPLINE_CURVE((1.,0.5,1.,0.5,
1.,0.5,1.)) REPRESENTATION_ITEM('') );
#4622 = CARTESIAN_POINT('',(3.,6.4));
#4623 = CARTESIAN_POINT('',(1.960769515459,6.4));
#4624 = CARTESIAN_POINT('',(2.480384757729,7.3));
#4625 = CARTESIAN_POINT('',(3.,8.2));
#4626 = CARTESIAN_POINT('',(3.519615242271,7.3));
#4627 = CARTESIAN_POINT('',(4.039230484541,6.4));
#4628 = CARTESIAN_POINT('',(3.,6.4));
#4629 = ( GEOMETRIC_REPRESENTATION_CONTEXT(2) 
PARAMETRIC_REPRESENTATION_CONTEXT() REPRESENTATION_CONTEXT('2D SPACE',''
  ) );
#4630 = ORIENTED_EDGE('',*,*,#2358,.T.);
#4631 = ORIENTED_EDGE('',*,*,#4632,.T.);
#4632 = EDGE_CURVE('',#2359,#4506,#4633,.T.);
#4633 = SURFACE_CURVE('',#4634,(#4639,#4651),.PCURVE_S1.);
#4634 = ELLIPSE('',#4635,0.848528137424,0.6);
#4635 = AXIS2_PLACEMENT_3D('',#4636,#4637,#4638);
#4636 = CARTESIAN_POINT('',(3.,77.,108.4));
#4637 = DIRECTION('',(0.707106781187,0.,0.707106781187));
#4638 = DIRECTION('',(-0.707106781187,0.,0.707106781187));
#4639 = PCURVE('',#2191,#4640);
#4640 = DEFINITIONAL_REPRESENTATION('',(#4641),#4650);
#4641 = B_SPLINE_CURVE_WITH_KNOTS('',7,(#4642,#4643,#4644,#4645,#4646,
    #4647,#4648,#4649),.UNSPECIFIED.,.F.,.F.,(8,8),(4.712388980385,
    6.28318530718),.PIECEWISE_BEZIER_KNOTS.);
#4642 = CARTESIAN_POINT('',(-1.570796326795,109.4));
#4643 = CARTESIAN_POINT('',(-1.346396851538,109.53463968515));
#4644 = CARTESIAN_POINT('',(-1.121997376282,109.66927882359));
#4645 = CARTESIAN_POINT('',(-0.897597901025,109.79284809545));
#4646 = CARTESIAN_POINT('',(-0.67319842577,109.89425750276));
#4647 = CARTESIAN_POINT('',(-0.448798950513,109.96475079643));
#4648 = CARTESIAN_POINT('',(-0.224399475256,110.));
#4649 = CARTESIAN_POINT('',(0.,110.));
#4650 = ( GEOMETRIC_REPRESENTATION_CONTEXT(2) 
PARAMETRIC_REPRESENTATION_CONTEXT() REPRESENTATION_CONTEXT('2D SPACE',''
  ) );
#4651 = PCURVE('',#2397,#4652);
#4652 = DEFINITIONAL_REPRESENTATION('',(#4653),#4662);
#4653 = B_SPLINE_CURVE_WITH_KNOTS('',7,(#4654,#4655,#4656,#4657,#4658,
    #4659,#4660,#4661),.UNSPECIFIED.,.F.,.F.,(8,8),(4.712388980385,
    6.28318530718),.PIECEWISE_BEZIER_KNOTS.);
#4654 = CARTESIAN_POINT('',(0.,0.6));
#4655 = CARTESIAN_POINT('',(0.224399475256,0.465360314846));
#4656 = CARTESIAN_POINT('',(0.448798950513,0.330721176409));
#4657 = CARTESIAN_POINT('',(0.673198425769,0.207151904536));
#4658 = CARTESIAN_POINT('',(0.897597901026,0.105742497225));
#4659 = CARTESIAN_POINT('',(1.121997376282,3.524920356598E-02));
#4660 = CARTESIAN_POINT('',(1.346396851538,3.297721189237E-17));
#4661 = CARTESIAN_POINT('',(1.570796326795,0.));
#4662 = ( GEOMETRIC_REPRESENTATION_CONTEXT(2) 
PARAMETRIC_REPRESENTATION_CONTEXT() REPRESENTATION_CONTEXT('2D SPACE',''
  ) );
#4663 = ORIENTED_EDGE('',*,*,#4505,.T.);
#4664 = ADVANCED_FACE('',(#4665),#2165,.T.);
#4665 = FACE_BOUND('',#4666,.T.);
#4666 = EDGE_LOOP('',(#4667,#4668,#4691,#4712,#4713));
#4667 = ORIENTED_EDGE('',*,*,#2149,.F.);
#4668 = ORIENTED_EDGE('',*,*,#4669,.T.);
#4669 = EDGE_CURVE('',#2123,#4670,#4672,.T.);
#4670 = VERTEX_POINT('',#4671);
#4671 = CARTESIAN_POINT('',(10.,70.,15.));
#4672 = SURFACE_CURVE('',#4673,(#4677,#4684),.PCURVE_S1.);
#4673 = LINE('',#4674,#4675);
#4674 = CARTESIAN_POINT('',(0.,70.,15.));
#4675 = VECTOR('',#4676,1.);
#4676 = DIRECTION('',(1.,0.,0.));
#4677 = PCURVE('',#2165,#4678);
#4678 = DEFINITIONAL_REPRESENTATION('',(#4679),#4683);
#4679 = LINE('',#4680,#4681);
#4680 = CARTESIAN_POINT('',(0.,0.));
#4681 = VECTOR('',#4682,1.);
#4682 = DIRECTION('',(1.,0.));
#4683 = ( GEOMETRIC_REPRESENTATION_CONTEXT(2) 
PARAMETRIC_REPRESENTATION_CONTEXT() REPRESENTATION_CONTEXT('2D SPACE',''
  ) );
#4684 = PCURVE('',#2138,#4685);
#4685 = DEFINITIONAL_REPRESENTATION('',(#4686),#4690);
#4686 = LINE('',#4687,#4688);
#4687 = CARTESIAN_POINT('',(12.,0.));
#4688 = VECTOR('',#4689,1.);
#4689 = DIRECTION('',(0.,1.));
#4690 = ( GEOMETRIC_REPRESENTATION_CONTEXT(2) 
PARAMETRIC_REPRESENTATION_CONTEXT() REPRESENTATION_CONTEXT('2D SPACE',''
  ) );
#4691 = ORIENTED_EDGE('',*,*,#4692,.T.);
#4692 = EDGE_CURVE('',#4670,#2309,#4693,.T.);
#4693 = SURFACE_CURVE('',#4694,(#4698,#4705),.PCURVE_S1.);
#4694 = LINE('',#4695,#4696);
#4695 = CARTESIAN_POINT('',(10.,70.,15.));
#4696 = VECTOR('',#4697,1.);
#4697 = DIRECTION('',(0.,1.,0.));
#4698 = PCURVE('',#2165,#4699);
#4699 = DEFINITIONAL_REPRESENTATION('',(#4700),#4704);
#4700 = LINE('',#4701,#4702);
#4701 = CARTESIAN_POINT('',(10.,0.));
#4702 = VECTOR('',#4703,1.);
#4703 = DIRECTION('',(0.,1.));
#4704 = ( GEOMETRIC_REPRESENTATION_CONTEXT(2) 
PARAMETRIC_REPRESENTATION_CONTEXT() REPRESENTATION_CONTEXT('2D SPACE',''
  ) );
#4705 = PCURVE('',#2324,#4706);
#4706 = DEFINITIONAL_REPRESENTATION('',(#4707),#4711);
#4707 = LINE('',#4708,#4709);
#4708 = CARTESIAN_POINT('',(12.,0.));
#4709 = VECTOR('',#4710,1.);
#4710 = DIRECTION('',(0.,-1.));
#4711 = ( GEOMETRIC_REPRESENTATION_CONTEXT(2) 
PARAMETRIC_REPRESENTATION_CONTEXT() REPRESENTATION_CONTEXT('2D SPACE',''
  ) );
#4712 = ORIENTED_EDGE('',*,*,#2335,.F.);
#4713 = ORIENTED_EDGE('',*,*,#4605,.F.);
#4714 = ADVANCED_FACE('',(#4715),#2138,.F.);
#4715 = FACE_BOUND('',#4716,.F.);
#4716 = EDGE_LOOP('',(#4717,#4740,#4741,#4742));
#4717 = ORIENTED_EDGE('',*,*,#4718,.F.);
#4718 = EDGE_CURVE('',#2095,#4719,#4721,.T.);
#4719 = VERTEX_POINT('',#4720);
#4720 = CARTESIAN_POINT('',(10.,70.,3.));
#4721 = SURFACE_CURVE('',#4722,(#4726,#4733),.PCURVE_S1.);
#4722 = LINE('',#4723,#4724);
#4723 = CARTESIAN_POINT('',(0.,70.,3.));
#4724 = VECTOR('',#4725,1.);
#4725 = DIRECTION('',(1.,0.,0.));
#4726 = PCURVE('',#2138,#4727);
#4727 = DEFINITIONAL_REPRESENTATION('',(#4728),#4732);
#4728 = LINE('',#4729,#4730);
#4729 = CARTESIAN_POINT('',(0.,0.));
#4730 = VECTOR('',#4731,1.);
#4731 = DIRECTION('',(0.,1.));
#4732 = ( GEOMETRIC_REPRESENTATION_CONTEXT(2) 
PARAMETRIC_REPRESENTATION_CONTEXT() REPRESENTATION_CONTEXT('2D SPACE',''
  ) );
#4733 = PCURVE('',#2110,#4734);
#4734 = DEFINITIONAL_REPRESENTATION('',(#4735),#4739);
#4735 = LINE('',#4736,#4737);
#4736 = CARTESIAN_POINT('',(0.,0.));
#4737 = VECTOR('',#4738,1.);
#4738 = DIRECTION('',(1.,0.));
#4739 = ( GEOMETRIC_REPRESENTATION_CONTEXT(2) 
PARAMETRIC_REPRESENTATION_CONTEXT() REPRESENTATION_CONTEXT('2D SPACE',''
  ) );
#4740 = ORIENTED_EDGE('',*,*,#2122,.F.);
#4741 = ORIENTED_EDGE('',*,*,#4669,.T.);
#4742 = ORIENTED_EDGE('',*,*,#4743,.F.);
#4743 = EDGE_CURVE('',#4719,#4670,#4744,.T.);
#4744 = SURFACE_CURVE('',#4745,(#4749,#4756),.PCURVE_S1.);
#4745 = LINE('',#4746,#4747);
#4746 = CARTESIAN_POINT('',(10.,70.,3.));
#4747 = VECTOR('',#4748,1.);
#4748 = DIRECTION('',(0.,0.,1.));
#4749 = PCURVE('',#2138,#4750);
#4750 = DEFINITIONAL_REPRESENTATION('',(#4751),#4755);
#4751 = LINE('',#4752,#4753);
#4752 = CARTESIAN_POINT('',(0.,10.));
#4753 = VECTOR('',#4754,1.);
#4754 = DIRECTION('',(1.,0.));
#4755 = ( GEOMETRIC_REPRESENTATION_CONTEXT(2) 
PARAMETRIC_REPRESENTATION_CONTEXT() REPRESENTATION_CONTEXT('2D SPACE',''
  ) );
#4756 = PCURVE('',#2324,#4757);
#4757 = DEFINITIONAL_REPRESENTATION('',(#4758),#4762);
#4758 = LINE('',#4759,#4760);
#4759 = CARTESIAN_POINT('',(0.,0.));
#4760 = VECTOR('',#4761,1.);
#4761 = DIRECTION('',(1.,0.));
#4762 = ( GEOMETRIC_REPRESENTATION_CONTEXT(2) 
PARAMETRIC_REPRESENTATION_CONTEXT() REPRESENTATION_CONTEXT('2D SPACE',''
  ) );
#4763 = ADVANCED_FACE('',(#4764,#4791),#2110,.F.);
#4764 = FACE_BOUND('',#4765,.F.);
#4765 = EDGE_LOOP('',(#4766,#4767,#4768,#4789,#4790));
#4766 = ORIENTED_EDGE('',*,*,#2094,.F.);
#4767 = ORIENTED_EDGE('',*,*,#4718,.T.);
#4768 = ORIENTED_EDGE('',*,*,#4769,.T.);
#4769 = EDGE_CURVE('',#4719,#2286,#4770,.T.);
#4770 = SURFACE_CURVE('',#4771,(#4775,#4782),.PCURVE_S1.);
#4771 = LINE('',#4772,#4773);
#4772 = CARTESIAN_POINT('',(10.,70.,3.));
#4773 = VECTOR('',#4774,1.);
#4774 = DIRECTION('',(0.,1.,0.));
#4775 = PCURVE('',#2110,#4776);
#4776 = DEFINITIONAL_REPRESENTATION('',(#4777),#4781);
#4777 = LINE('',#4778,#4779);
#4778 = CARTESIAN_POINT('',(10.,0.));
#4779 = VECTOR('',#4780,1.);
#4780 = DIRECTION('',(0.,1.));
#4781 = ( GEOMETRIC_REPRESENTATION_CONTEXT(2) 
PARAMETRIC_REPRESENTATION_CONTEXT() REPRESENTATION_CONTEXT('2D SPACE',''
  ) );
#4782 = PCURVE('',#2324,#4783);
#4783 = DEFINITIONAL_REPRESENTATION('',(#4784),#4788);
#4784 = LINE('',#4785,#4786);
#4785 = CARTESIAN_POINT('',(0.,0.));
#4786 = VECTOR('',#4787,1.);
#4787 = DIRECTION('',(0.,-1.));
#4788 = ( GEOMETRIC_REPRESENTATION_CONTEXT(2) 
PARAMETRIC_REPRESENTATION_CONTEXT() REPRESENTATION_CONTEXT('2D SPACE',''
  ) );
#4789 = ORIENTED_EDGE('',*,*,#2285,.F.);
#4790 = ORIENTED_EDGE('',*,*,#2231,.F.);
#4791 = FACE_BOUND('',#4792,.F.);
#4792 = EDGE_LOOP('',(#4793));
#4793 = ORIENTED_EDGE('',*,*,#4794,.F.);
#4794 = EDGE_CURVE('',#4795,#4795,#4797,.T.);
#4795 = VERTEX_POINT('',#4796);
#4796 = CARTESIAN_POINT('',(7.85,73.,3.));
#4797 = SURFACE_CURVE('',#4798,(#4803,#4810),.PCURVE_S1.);
#4798 = CIRCLE('',#4799,0.85);
#4799 = AXIS2_PLACEMENT_3D('',#4800,#4801,#4802);
#4800 = CARTESIAN_POINT('',(7.,73.,3.));
#4801 = DIRECTION('',(0.,0.,1.));
#4802 = DIRECTION('',(1.,0.,0.));
#4803 = PCURVE('',#2110,#4804);
#4804 = DEFINITIONAL_REPRESENTATION('',(#4805),#4809);
#4805 = CIRCLE('',#4806,0.85);
#4806 = AXIS2_PLACEMENT_2D('',#4807,#4808);
#4807 = CARTESIAN_POINT('',(7.,3.));
#4808 = DIRECTION('',(1.,0.));
#4809 = ( GEOMETRIC_REPRESENTATION_CONTEXT(2) 
PARAMETRIC_REPRESENTATION_CONTEXT() REPRESENTATION_CONTEXT('2D SPACE',''
  ) );
#4810 = PCURVE('',#4811,#4816);
#4811 = CYLINDRICAL_SURFACE('',#4812,0.85);
#4812 = AXIS2_PLACEMENT_3D('',#4813,#4814,#4815);
#4813 = CARTESIAN_POINT('',(7.,73.,3.));
#4814 = DIRECTION('',(-0.,-0.,-1.));
#4815 = DIRECTION('',(1.,0.,0.));
#4816 = DEFINITIONAL_REPRESENTATION('',(#4817),#4821);
#4817 = LINE('',#4818,#4819);
#4818 = CARTESIAN_POINT('',(-0.,0.));
#4819 = VECTOR('',#4820,1.);
#4820 = DIRECTION('',(-1.,0.));
#4821 = ( GEOMETRIC_REPRESENTATION_CONTEXT(2) 
PARAMETRIC_REPRESENTATION_CONTEXT() REPRESENTATION_CONTEXT('2D SPACE',''
  ) );
#4822 = ADVANCED_FACE('',(#4823),#2037,.T.);
#4823 = FACE_BOUND('',#4824,.T.);
#4824 = EDGE_LOOP('',(#4825,#4826,#4827,#4850));
#4825 = ORIENTED_EDGE('',*,*,#4302,.F.);
#4826 = ORIENTED_EDGE('',*,*,#2021,.F.);
#4827 = ORIENTED_EDGE('',*,*,#4828,.T.);
#4828 = EDGE_CURVE('',#1994,#4829,#4831,.T.);
#4829 = VERTEX_POINT('',#4830);
#4830 = CARTESIAN_POINT('',(10.,10.,15.));
#4831 = SURFACE_CURVE('',#4832,(#4836,#4843),.PCURVE_S1.);
#4832 = LINE('',#4833,#4834);
#4833 = CARTESIAN_POINT('',(0.,10.,15.));
#4834 = VECTOR('',#4835,1.);
#4835 = DIRECTION('',(1.,0.,0.));
#4836 = PCURVE('',#2037,#4837);
#4837 = DEFINITIONAL_REPRESENTATION('',(#4838),#4842);
#4838 = LINE('',#4839,#4840);
#4839 = CARTESIAN_POINT('',(12.,0.));
#4840 = VECTOR('',#4841,1.);
#4841 = DIRECTION('',(0.,1.));
#4842 = ( GEOMETRIC_REPRESENTATION_CONTEXT(2) 
PARAMETRIC_REPRESENTATION_CONTEXT() REPRESENTATION_CONTEXT('2D SPACE',''
  ) );
#4843 = PCURVE('',#2009,#4844);
#4844 = DEFINITIONAL_REPRESENTATION('',(#4845),#4849);
#4845 = LINE('',#4846,#4847);
#4846 = CARTESIAN_POINT('',(0.,10.));
#4847 = VECTOR('',#4848,1.);
#4848 = DIRECTION('',(1.,0.));
#4849 = ( GEOMETRIC_REPRESENTATION_CONTEXT(2) 
PARAMETRIC_REPRESENTATION_CONTEXT() REPRESENTATION_CONTEXT('2D SPACE',''
  ) );
#4850 = ORIENTED_EDGE('',*,*,#4851,.F.);
#4851 = EDGE_CURVE('',#4303,#4829,#4852,.T.);
#4852 = SURFACE_CURVE('',#4853,(#4857,#4864),.PCURVE_S1.);
#4853 = LINE('',#4854,#4855);
#4854 = CARTESIAN_POINT('',(10.,10.,3.));
#4855 = VECTOR('',#4856,1.);
#4856 = DIRECTION('',(0.,0.,1.));
#4857 = PCURVE('',#2037,#4858);
#4858 = DEFINITIONAL_REPRESENTATION('',(#4859),#4863);
#4859 = LINE('',#4860,#4861);
#4860 = CARTESIAN_POINT('',(0.,10.));
#4861 = VECTOR('',#4862,1.);
#4862 = DIRECTION('',(1.,0.));
#4863 = ( GEOMETRIC_REPRESENTATION_CONTEXT(2) 
PARAMETRIC_REPRESENTATION_CONTEXT() REPRESENTATION_CONTEXT('2D SPACE',''
  ) );
#4864 = PCURVE('',#3064,#4865);
#4865 = DEFINITIONAL_REPRESENTATION('',(#4866),#4870);
#4866 = LINE('',#4867,#4868);
#4867 = CARTESIAN_POINT('',(0.,-10.));
#4868 = VECTOR('',#4869,1.);
#4869 = DIRECTION('',(1.,0.));
#4870 = ( GEOMETRIC_REPRESENTATION_CONTEXT(2) 
PARAMETRIC_REPRESENTATION_CONTEXT() REPRESENTATION_CONTEXT('2D SPACE',''
  ) );
#4871 = ADVANCED_FACE('',(#4872),#2009,.T.);
#4872 = FACE_BOUND('',#4873,.T.);
#4873 = EDGE_LOOP('',(#4874,#4875,#4876,#4898,#4899));
#4874 = ORIENTED_EDGE('',*,*,#4828,.F.);
#4875 = ORIENTED_EDGE('',*,*,#1993,.F.);
#4876 = ORIENTED_EDGE('',*,*,#4877,.T.);
#4877 = EDGE_CURVE('',#1966,#3076,#4878,.T.);
#4878 = SURFACE_CURVE('',#4879,(#4884,#4891),.PCURVE_S1.);
#4879 = CIRCLE('',#4880,0.6);
#4880 = AXIS2_PLACEMENT_3D('',#4881,#4882,#4883);
#4881 = CARTESIAN_POINT('',(3.,3.,15.));
#4882 = DIRECTION('',(0.,0.,1.));
#4883 = DIRECTION('',(0.,-1.,0.));
#4884 = PCURVE('',#2009,#4885);
#4885 = DEFINITIONAL_REPRESENTATION('',(#4886),#4890);
#4886 = CIRCLE('',#4887,0.6);
#4887 = AXIS2_PLACEMENT_2D('',#4888,#4889);
#4888 = CARTESIAN_POINT('',(3.,3.));
#4889 = DIRECTION('',(0.,-1.));
#4890 = ( GEOMETRIC_REPRESENTATION_CONTEXT(2) 
PARAMETRIC_REPRESENTATION_CONTEXT() REPRESENTATION_CONTEXT('2D SPACE',''
  ) );
#4891 = PCURVE('',#1981,#4892);
#4892 = DEFINITIONAL_REPRESENTATION('',(#4893),#4897);
#4893 = LINE('',#4894,#4895);
#4894 = CARTESIAN_POINT('',(-4.712388980385,16.));
#4895 = VECTOR('',#4896,1.);
#4896 = DIRECTION('',(1.,0.));
#4897 = ( GEOMETRIC_REPRESENTATION_CONTEXT(2) 
PARAMETRIC_REPRESENTATION_CONTEXT() REPRESENTATION_CONTEXT('2D SPACE',''
  ) );
#4898 = ORIENTED_EDGE('',*,*,#3075,.T.);
#4899 = ORIENTED_EDGE('',*,*,#4900,.T.);
#4900 = EDGE_CURVE('',#3049,#4829,#4901,.T.);
#4901 = SURFACE_CURVE('',#4902,(#4906,#4913),.PCURVE_S1.);
#4902 = LINE('',#4903,#4904);
#4903 = CARTESIAN_POINT('',(10.,0.,15.));
#4904 = VECTOR('',#4905,1.);
#4905 = DIRECTION('',(0.,1.,0.));
#4906 = PCURVE('',#2009,#4907);
#4907 = DEFINITIONAL_REPRESENTATION('',(#4908),#4912);
#4908 = LINE('',#4909,#4910);
#4909 = CARTESIAN_POINT('',(10.,0.));
#4910 = VECTOR('',#4911,1.);
#4911 = DIRECTION('',(0.,1.));
#4912 = ( GEOMETRIC_REPRESENTATION_CONTEXT(2) 
PARAMETRIC_REPRESENTATION_CONTEXT() REPRESENTATION_CONTEXT('2D SPACE',''
  ) );
#4913 = PCURVE('',#3064,#4914);
#4914 = DEFINITIONAL_REPRESENTATION('',(#4915),#4919);
#4915 = LINE('',#4916,#4917);
#4916 = CARTESIAN_POINT('',(12.,0.));
#4917 = VECTOR('',#4918,1.);
#4918 = DIRECTION('',(0.,-1.));
#4919 = ( GEOMETRIC_REPRESENTATION_CONTEXT(2) 
PARAMETRIC_REPRESENTATION_CONTEXT() REPRESENTATION_CONTEXT('2D SPACE',''
  ) );
#4920 = ADVANCED_FACE('',(#4921),#1981,.F.);
#4921 = FACE_BOUND('',#4922,.F.);
#4922 = EDGE_LOOP('',(#4923,#4924,#4925,#4926,#4958));
#4923 = ORIENTED_EDGE('',*,*,#1965,.F.);
#4924 = ORIENTED_EDGE('',*,*,#4877,.T.);
#4925 = ORIENTED_EDGE('',*,*,#3098,.T.);
#4926 = ORIENTED_EDGE('',*,*,#4927,.F.);
#4927 = EDGE_CURVE('',#4439,#3099,#4928,.T.);
#4928 = SURFACE_CURVE('',#4929,(#4934,#4946),.PCURVE_S1.);
#4929 = ELLIPSE('',#4930,0.848528137424,0.6);
#4930 = AXIS2_PLACEMENT_3D('',#4931,#4932,#4933);
#4931 = CARTESIAN_POINT('',(3.,3.,108.4));
#4932 = DIRECTION('',(0.707106781187,0.,0.707106781187));
#4933 = DIRECTION('',(-0.707106781187,0.,0.707106781187));
#4934 = PCURVE('',#1981,#4935);
#4935 = DEFINITIONAL_REPRESENTATION('',(#4936),#4945);
#4936 = B_SPLINE_CURVE_WITH_KNOTS('',7,(#4937,#4938,#4939,#4940,#4941,
    #4942,#4943,#4944),.UNSPECIFIED.,.F.,.F.,(8,8),(0.,1.570796326795),
  .PIECEWISE_BEZIER_KNOTS.);
#4937 = CARTESIAN_POINT('',(0.,110.));
#4938 = CARTESIAN_POINT('',(0.224399475256,110.));
#4939 = CARTESIAN_POINT('',(0.448798950513,109.96475079644));
#4940 = CARTESIAN_POINT('',(0.673198425769,109.89425750271));
#4941 = CARTESIAN_POINT('',(0.897597901026,109.7928480955));
#4942 = CARTESIAN_POINT('',(1.121997376282,109.66927882358));
#4943 = CARTESIAN_POINT('',(1.346396851538,109.53463968515));
#4944 = CARTESIAN_POINT('',(1.570796326795,109.4));
#4945 = ( GEOMETRIC_REPRESENTATION_CONTEXT(2) 
PARAMETRIC_REPRESENTATION_CONTEXT() REPRESENTATION_CONTEXT('2D SPACE',''
  ) );
#4946 = PCURVE('',#3137,#4947);
#4947 = DEFINITIONAL_REPRESENTATION('',(#4948),#4957);
#4948 = B_SPLINE_CURVE_WITH_KNOTS('',7,(#4949,#4950,#4951,#4952,#4953,
    #4954,#4955,#4956),.UNSPECIFIED.,.F.,.F.,(8,8),(0.,1.570796326795),
  .PIECEWISE_BEZIER_KNOTS.);
#4949 = CARTESIAN_POINT('',(0.,0.));
#4950 = CARTESIAN_POINT('',(0.224399475256,0.));
#4951 = CARTESIAN_POINT('',(0.448798950513,3.524920356598E-02));
#4952 = CARTESIAN_POINT('',(0.673198425769,0.105742497225));
#4953 = CARTESIAN_POINT('',(0.897597901026,0.207151904536));
#4954 = CARTESIAN_POINT('',(1.121997376282,0.330721176409));
#4955 = CARTESIAN_POINT('',(1.346396851538,0.465360314846));
#4956 = CARTESIAN_POINT('',(1.570796326795,0.6));
#4957 = ( GEOMETRIC_REPRESENTATION_CONTEXT(2) 
PARAMETRIC_REPRESENTATION_CONTEXT() REPRESENTATION_CONTEXT('2D SPACE',''
  ) );
#4958 = ORIENTED_EDGE('',*,*,#4472,.F.);
#4959 = ADVANCED_FACE('',(#4960,#5009),#2612,.F.);
#4960 = FACE_BOUND('',#4961,.F.);
#4961 = EDGE_LOOP('',(#4962,#4985,#5006,#5007,#5008));
#4962 = ORIENTED_EDGE('',*,*,#4963,.F.);
#4963 = EDGE_CURVE('',#4964,#2572,#4966,.T.);
#4964 = VERTEX_POINT('',#4965);
#4965 = CARTESIAN_POINT('',(224.,70.,3.));
#4966 = SURFACE_CURVE('',#4967,(#4971,#4978),.PCURVE_S1.);
#4967 = LINE('',#4968,#4969);
#4968 = CARTESIAN_POINT('',(224.,70.,3.));
#4969 = VECTOR('',#4970,1.);
#4970 = DIRECTION('',(0.,1.,0.));
#4971 = PCURVE('',#2612,#4972);
#4972 = DEFINITIONAL_REPRESENTATION('',(#4973),#4977);
#4973 = LINE('',#4974,#4975);
#4974 = CARTESIAN_POINT('',(0.,0.));
#4975 = VECTOR('',#4976,1.);
#4976 = DIRECTION('',(0.,1.));
#4977 = ( GEOMETRIC_REPRESENTATION_CONTEXT(2) 
PARAMETRIC_REPRESENTATION_CONTEXT() REPRESENTATION_CONTEXT('2D SPACE',''
  ) );
#4978 = PCURVE('',#2587,#4979);
#4979 = DEFINITIONAL_REPRESENTATION('',(#4980),#4984);
#4980 = LINE('',#4981,#4982);
#4981 = CARTESIAN_POINT('',(0.,0.));
#4982 = VECTOR('',#4983,1.);
#4983 = DIRECTION('',(0.,-1.));
#4984 = ( GEOMETRIC_REPRESENTATION_CONTEXT(2) 
PARAMETRIC_REPRESENTATION_CONTEXT() REPRESENTATION_CONTEXT('2D SPACE',''
  ) );
#4985 = ORIENTED_EDGE('',*,*,#4986,.T.);
#4986 = EDGE_CURVE('',#4964,#2872,#4987,.T.);
#4987 = SURFACE_CURVE('',#4988,(#4992,#4999),.PCURVE_S1.);
#4988 = LINE('',#4989,#4990);
#4989 = CARTESIAN_POINT('',(224.,70.,3.));
#4990 = VECTOR('',#4991,1.);
#4991 = DIRECTION('',(1.,0.,0.));
#4992 = PCURVE('',#2612,#4993);
#4993 = DEFINITIONAL_REPRESENTATION('',(#4994),#4998);
#4994 = LINE('',#4995,#4996);
#4995 = CARTESIAN_POINT('',(0.,0.));
#4996 = VECTOR('',#4997,1.);
#4997 = DIRECTION('',(1.,0.));
#4998 = ( GEOMETRIC_REPRESENTATION_CONTEXT(2) 
PARAMETRIC_REPRESENTATION_CONTEXT() REPRESENTATION_CONTEXT('2D SPACE',''
  ) );
#4999 = PCURVE('',#2910,#5000);
#5000 = DEFINITIONAL_REPRESENTATION('',(#5001),#5005);
#5001 = LINE('',#5002,#5003);
#5002 = CARTESIAN_POINT('',(0.,0.));
#5003 = VECTOR('',#5004,1.);
#5004 = DIRECTION('',(0.,1.));
#5005 = ( GEOMETRIC_REPRESENTATION_CONTEXT(2) 
PARAMETRIC_REPRESENTATION_CONTEXT() REPRESENTATION_CONTEXT('2D SPACE',''
  ) );
#5006 = ORIENTED_EDGE('',*,*,#2871,.T.);
#5007 = ORIENTED_EDGE('',*,*,#2682,.T.);
#5008 = ORIENTED_EDGE('',*,*,#2598,.F.);
#5009 = FACE_BOUND('',#5010,.F.);
#5010 = EDGE_LOOP('',(#5011));
#5011 = ORIENTED_EDGE('',*,*,#5012,.F.);
#5012 = EDGE_CURVE('',#5013,#5013,#5015,.T.);
#5013 = VERTEX_POINT('',#5014);
#5014 = CARTESIAN_POINT('',(227.85,73.,3.));
#5015 = SURFACE_CURVE('',#5016,(#5021,#5028),.PCURVE_S1.);
#5016 = CIRCLE('',#5017,0.85);
#5017 = AXIS2_PLACEMENT_3D('',#5018,#5019,#5020);
#5018 = CARTESIAN_POINT('',(227.,73.,3.));
#5019 = DIRECTION('',(0.,0.,1.));
#5020 = DIRECTION('',(1.,0.,0.));
#5021 = PCURVE('',#2612,#5022);
#5022 = DEFINITIONAL_REPRESENTATION('',(#5023),#5027);
#5023 = CIRCLE('',#5024,0.85);
#5024 = AXIS2_PLACEMENT_2D('',#5025,#5026);
#5025 = CARTESIAN_POINT('',(3.,3.));
#5026 = DIRECTION('',(1.,0.));
#5027 = ( GEOMETRIC_REPRESENTATION_CONTEXT(2) 
PARAMETRIC_REPRESENTATION_CONTEXT() REPRESENTATION_CONTEXT('2D SPACE',''
  ) );
#5028 = PCURVE('',#5029,#5034);
#5029 = CYLINDRICAL_SURFACE('',#5030,0.85);
#5030 = AXIS2_PLACEMENT_3D('',#5031,#5032,#5033);
#5031 = CARTESIAN_POINT('',(227.,73.,3.));
#5032 = DIRECTION('',(-0.,-0.,-1.));
#5033 = DIRECTION('',(1.,0.,0.));
#5034 = DEFINITIONAL_REPRESENTATION('',(#5035),#5039);
#5035 = LINE('',#5036,#5037);
#5036 = CARTESIAN_POINT('',(-0.,0.));
#5037 = VECTOR('',#5038,1.);
#5038 = DIRECTION('',(-1.,0.));
#5039 = ( GEOMETRIC_REPRESENTATION_CONTEXT(2) 
PARAMETRIC_REPRESENTATION_CONTEXT() REPRESENTATION_CONTEXT('2D SPACE',''
  ) );
#5040 = ADVANCED_FACE('',(#5041),#2587,.F.);
#5041 = FACE_BOUND('',#5042,.F.);
#5042 = EDGE_LOOP('',(#5043,#5066,#5087,#5088));
#5043 = ORIENTED_EDGE('',*,*,#5044,.F.);
#5044 = EDGE_CURVE('',#5045,#2544,#5047,.T.);
#5045 = VERTEX_POINT('',#5046);
#5046 = CARTESIAN_POINT('',(224.,70.,15.));
#5047 = SURFACE_CURVE('',#5048,(#5052,#5059),.PCURVE_S1.);
#5048 = LINE('',#5049,#5050);
#5049 = CARTESIAN_POINT('',(224.,70.,15.));
#5050 = VECTOR('',#5051,1.);
#5051 = DIRECTION('',(0.,1.,0.));
#5052 = PCURVE('',#2587,#5053);
#5053 = DEFINITIONAL_REPRESENTATION('',(#5054),#5058);
#5054 = LINE('',#5055,#5056);
#5055 = CARTESIAN_POINT('',(12.,0.));
#5056 = VECTOR('',#5057,1.);
#5057 = DIRECTION('',(0.,-1.));
#5058 = ( GEOMETRIC_REPRESENTATION_CONTEXT(2) 
PARAMETRIC_REPRESENTATION_CONTEXT() REPRESENTATION_CONTEXT('2D SPACE',''
  ) );
#5059 = PCURVE('',#2559,#5060);
#5060 = DEFINITIONAL_REPRESENTATION('',(#5061),#5065);
#5061 = LINE('',#5062,#5063);
#5062 = CARTESIAN_POINT('',(0.,0.));
#5063 = VECTOR('',#5064,1.);
#5064 = DIRECTION('',(0.,1.));
#5065 = ( GEOMETRIC_REPRESENTATION_CONTEXT(2) 
PARAMETRIC_REPRESENTATION_CONTEXT() REPRESENTATION_CONTEXT('2D SPACE',''
  ) );
#5066 = ORIENTED_EDGE('',*,*,#5067,.F.);
#5067 = EDGE_CURVE('',#4964,#5045,#5068,.T.);
#5068 = SURFACE_CURVE('',#5069,(#5073,#5080),.PCURVE_S1.);
#5069 = LINE('',#5070,#5071);
#5070 = CARTESIAN_POINT('',(224.,70.,3.));
#5071 = VECTOR('',#5072,1.);
#5072 = DIRECTION('',(0.,0.,1.));
#5073 = PCURVE('',#2587,#5074);
#5074 = DEFINITIONAL_REPRESENTATION('',(#5075),#5079);
#5075 = LINE('',#5076,#5077);
#5076 = CARTESIAN_POINT('',(0.,0.));
#5077 = VECTOR('',#5078,1.);
#5078 = DIRECTION('',(1.,0.));
#5079 = ( GEOMETRIC_REPRESENTATION_CONTEXT(2) 
PARAMETRIC_REPRESENTATION_CONTEXT() REPRESENTATION_CONTEXT('2D SPACE',''
  ) );
#5080 = PCURVE('',#2910,#5081);
#5081 = DEFINITIONAL_REPRESENTATION('',(#5082),#5086);
#5082 = LINE('',#5083,#5084);
#5083 = CARTESIAN_POINT('',(0.,0.));
#5084 = VECTOR('',#5085,1.);
#5085 = DIRECTION('',(1.,0.));
#5086 = ( GEOMETRIC_REPRESENTATION_CONTEXT(2) 
PARAMETRIC_REPRESENTATION_CONTEXT() REPRESENTATION_CONTEXT('2D SPACE',''
  ) );
#5087 = ORIENTED_EDGE('',*,*,#4963,.T.);
#5088 = ORIENTED_EDGE('',*,*,#2571,.T.);
#5089 = ADVANCED_FACE('',(#5090),#2559,.T.);
#5090 = FACE_BOUND('',#5091,.T.);
#5091 = EDGE_LOOP('',(#5092,#5093,#5114,#5115,#5137));
#5092 = ORIENTED_EDGE('',*,*,#5044,.F.);
#5093 = ORIENTED_EDGE('',*,*,#5094,.T.);
#5094 = EDGE_CURVE('',#5045,#2895,#5095,.T.);
#5095 = SURFACE_CURVE('',#5096,(#5100,#5107),.PCURVE_S1.);
#5096 = LINE('',#5097,#5098);
#5097 = CARTESIAN_POINT('',(224.,70.,15.));
#5098 = VECTOR('',#5099,1.);
#5099 = DIRECTION('',(1.,0.,0.));
#5100 = PCURVE('',#2559,#5101);
#5101 = DEFINITIONAL_REPRESENTATION('',(#5102),#5106);
#5102 = LINE('',#5103,#5104);
#5103 = CARTESIAN_POINT('',(0.,0.));
#5104 = VECTOR('',#5105,1.);
#5105 = DIRECTION('',(1.,0.));
#5106 = ( GEOMETRIC_REPRESENTATION_CONTEXT(2) 
PARAMETRIC_REPRESENTATION_CONTEXT() REPRESENTATION_CONTEXT('2D SPACE',''
  ) );
#5107 = PCURVE('',#2910,#5108);
#5108 = DEFINITIONAL_REPRESENTATION('',(#5109),#5113);
#5109 = LINE('',#5110,#5111);
#5110 = CARTESIAN_POINT('',(12.,0.));
#5111 = VECTOR('',#5112,1.);
#5112 = DIRECTION('',(0.,1.));
#5113 = ( GEOMETRIC_REPRESENTATION_CONTEXT(2) 
PARAMETRIC_REPRESENTATION_CONTEXT() REPRESENTATION_CONTEXT('2D SPACE',''
  ) );
#5114 = ORIENTED_EDGE('',*,*,#2921,.T.);
#5115 = ORIENTED_EDGE('',*,*,#5116,.T.);
#5116 = EDGE_CURVE('',#2922,#2516,#5117,.T.);
#5117 = SURFACE_CURVE('',#5118,(#5123,#5130),.PCURVE_S1.);
#5118 = CIRCLE('',#5119,0.6);
#5119 = AXIS2_PLACEMENT_3D('',#5120,#5121,#5122);
#5120 = CARTESIAN_POINT('',(231.,77.,15.));
#5121 = DIRECTION('',(0.,0.,1.));
#5122 = DIRECTION('',(0.,-1.,0.));
#5123 = PCURVE('',#2559,#5124);
#5124 = DEFINITIONAL_REPRESENTATION('',(#5125),#5129);
#5125 = CIRCLE('',#5126,0.6);
#5126 = AXIS2_PLACEMENT_2D('',#5127,#5128);
#5127 = CARTESIAN_POINT('',(7.,7.));
#5128 = DIRECTION('',(0.,-1.));
#5129 = ( GEOMETRIC_REPRESENTATION_CONTEXT(2) 
PARAMETRIC_REPRESENTATION_CONTEXT() REPRESENTATION_CONTEXT('2D SPACE',''
  ) );
#5130 = PCURVE('',#2531,#5131);
#5131 = DEFINITIONAL_REPRESENTATION('',(#5132),#5136);
#5132 = LINE('',#5133,#5134);
#5133 = CARTESIAN_POINT('',(-1.570796326795,16.));
#5134 = VECTOR('',#5135,1.);
#5135 = DIRECTION('',(1.,0.));
#5136 = ( GEOMETRIC_REPRESENTATION_CONTEXT(2) 
PARAMETRIC_REPRESENTATION_CONTEXT() REPRESENTATION_CONTEXT('2D SPACE',''
  ) );
#5137 = ORIENTED_EDGE('',*,*,#2543,.F.);
#5138 = ADVANCED_FACE('',(#5139),#2324,.T.);
#5139 = FACE_BOUND('',#5140,.T.);
#5140 = EDGE_LOOP('',(#5141,#5142,#5143,#5144));
#5141 = ORIENTED_EDGE('',*,*,#4692,.F.);
#5142 = ORIENTED_EDGE('',*,*,#4743,.F.);
#5143 = ORIENTED_EDGE('',*,*,#4769,.T.);
#5144 = ORIENTED_EDGE('',*,*,#2308,.T.);
#5145 = ADVANCED_FACE('',(#5146),#2531,.F.);
#5146 = FACE_BOUND('',#5147,.F.);
#5147 = EDGE_LOOP('',(#5148,#5149,#5150,#5151,#5185,#5219));
#5148 = ORIENTED_EDGE('',*,*,#2944,.F.);
#5149 = ORIENTED_EDGE('',*,*,#5116,.T.);
#5150 = ORIENTED_EDGE('',*,*,#2515,.T.);
#5151 = ORIENTED_EDGE('',*,*,#5152,.F.);
#5152 = EDGE_CURVE('',#5153,#2488,#5155,.T.);
#5153 = VERTEX_POINT('',#5154);
#5154 = CARTESIAN_POINT('',(231.42426406871,77.424264068712,
    108.82426406871));
#5155 = SURFACE_CURVE('',#5156,(#5161,#5173),.PCURVE_S1.);
#5156 = ELLIPSE('',#5157,0.848528137424,0.6);
#5157 = AXIS2_PLACEMENT_3D('',#5158,#5159,#5160);
#5158 = CARTESIAN_POINT('',(231.,77.,108.4));
#5159 = DIRECTION('',(-0.707106781187,0.,0.707106781187));
#5160 = DIRECTION('',(0.707106781187,0.,0.707106781187));
#5161 = PCURVE('',#2531,#5162);
#5162 = DEFINITIONAL_REPRESENTATION('',(#5163),#5172);
#5163 = B_SPLINE_CURVE_WITH_KNOTS('',7,(#5164,#5165,#5166,#5167,#5168,
    #5169,#5170,#5171),.UNSPECIFIED.,.F.,.F.,(8,8),(0.,1.570796326795),
  .PIECEWISE_BEZIER_KNOTS.);
#5164 = CARTESIAN_POINT('',(0.,110.));
#5165 = CARTESIAN_POINT('',(0.224399475256,110.));
#5166 = CARTESIAN_POINT('',(0.448798950513,109.96475079644));
#5167 = CARTESIAN_POINT('',(0.67319842577,109.89425750271));
#5168 = CARTESIAN_POINT('',(0.897597901025,109.7928480955));
#5169 = CARTESIAN_POINT('',(1.121997376282,109.66927882358));
#5170 = CARTESIAN_POINT('',(1.346396851538,109.53463968515));
#5171 = CARTESIAN_POINT('',(1.570796326795,109.4));
#5172 = ( GEOMETRIC_REPRESENTATION_CONTEXT(2) 
PARAMETRIC_REPRESENTATION_CONTEXT() REPRESENTATION_CONTEXT('2D SPACE',''
  ) );
#5173 = PCURVE('',#2503,#5174);
#5174 = DEFINITIONAL_REPRESENTATION('',(#5175),#5184);
#5175 = B_SPLINE_CURVE_WITH_KNOTS('',7,(#5176,#5177,#5178,#5179,#5180,
    #5181,#5182,#5183),.UNSPECIFIED.,.F.,.F.,(8,8),(0.,1.570796326795),
  .PIECEWISE_BEZIER_KNOTS.);
#5176 = CARTESIAN_POINT('',(1.570796326795,229.2));
#5177 = CARTESIAN_POINT('',(1.346396851538,229.2));
#5178 = CARTESIAN_POINT('',(1.121997376282,229.1647507964));
#5179 = CARTESIAN_POINT('',(0.897597901026,229.09425750296));
#5180 = CARTESIAN_POINT('',(0.673198425769,228.99284809539));
#5181 = CARTESIAN_POINT('',(0.448798950513,228.86927882362));
#5182 = CARTESIAN_POINT('',(0.224399475256,228.73463968515));
#5183 = CARTESIAN_POINT('',(0.,228.6));
#5184 = ( GEOMETRIC_REPRESENTATION_CONTEXT(2) 
PARAMETRIC_REPRESENTATION_CONTEXT() REPRESENTATION_CONTEXT('2D SPACE',''
  ) );
#5185 = ORIENTED_EDGE('',*,*,#5186,.F.);
#5186 = EDGE_CURVE('',#5187,#5153,#5189,.T.);
#5187 = VERTEX_POINT('',#5188);
#5188 = CARTESIAN_POINT('',(231.59999999999,77.000001784161,
    108.40000178416));
#5189 = SURFACE_CURVE('',#5190,(#5195,#5207),.PCURVE_S1.);
#5190 = ELLIPSE('',#5191,0.848528137424,0.6);
#5191 = AXIS2_PLACEMENT_3D('',#5192,#5193,#5194);
#5192 = CARTESIAN_POINT('',(231.,77.,108.4));
#5193 = DIRECTION('',(0.,-0.707106781187,0.707106781187));
#5194 = DIRECTION('',(0.,0.707106781187,0.707106781187));
#5195 = PCURVE('',#2531,#5196);
#5196 = DEFINITIONAL_REPRESENTATION('',(#5197),#5206);
#5197 = B_SPLINE_CURVE_WITH_KNOTS('',7,(#5198,#5199,#5200,#5201,#5202,
    #5203,#5204,#5205),.UNSPECIFIED.,.F.,.F.,(8,8),(4.712391953987,
    6.28318530718),.PIECEWISE_BEZIER_KNOTS.);
#5198 = CARTESIAN_POINT('',(2.973602117137E-06,109.40000178416));
#5199 = CARTESIAN_POINT('',(0.224402024058,109.53464121443));
#5200 = CARTESIAN_POINT('',(0.448801074515,109.66927999318));
#5201 = CARTESIAN_POINT('',(0.67320012497,109.7928488634));
#5202 = CARTESIAN_POINT('',(0.897599175427,109.89425790309));
#5203 = CARTESIAN_POINT('',(1.121998225883,109.96475092989));
#5204 = CARTESIAN_POINT('',(1.346397276339,110.));
#5205 = CARTESIAN_POINT('',(1.570796326795,110.));
#5206 = ( GEOMETRIC_REPRESENTATION_CONTEXT(2) 
PARAMETRIC_REPRESENTATION_CONTEXT() REPRESENTATION_CONTEXT('2D SPACE',''
  ) );
#5207 = PCURVE('',#2725,#5208);
#5208 = DEFINITIONAL_REPRESENTATION('',(#5209),#5218);
#5209 = B_SPLINE_CURVE_WITH_KNOTS('',7,(#5210,#5211,#5212,#5213,#5214,
    #5215,#5216,#5217),.UNSPECIFIED.,.F.,.F.,(8,8),(4.712391953987,
    6.28318530718),.PIECEWISE_BEZIER_KNOTS.);
#5210 = CARTESIAN_POINT('',(-2.973602117137E-06,74.600001784161));
#5211 = CARTESIAN_POINT('',(-0.224402024058,74.734641214434));
#5212 = CARTESIAN_POINT('',(-0.448801074515,74.8692799932));
#5213 = CARTESIAN_POINT('',(-0.67320012497,74.99284886333));
#5214 = CARTESIAN_POINT('',(-0.897599175427,75.09425790314));
#5215 = CARTESIAN_POINT('',(-1.121998225883,75.164750929885));
#5216 = CARTESIAN_POINT('',(-1.346397276339,75.2));
#5217 = CARTESIAN_POINT('',(-1.570796326795,75.2));
#5218 = ( GEOMETRIC_REPRESENTATION_CONTEXT(2) 
PARAMETRIC_REPRESENTATION_CONTEXT() REPRESENTATION_CONTEXT('2D SPACE',''
  ) );
#5219 = ORIENTED_EDGE('',*,*,#5220,.F.);
#5220 = EDGE_CURVE('',#2710,#5187,#5221,.T.);
#5221 = SURFACE_CURVE('',#5222,(#5227,#5237),.PCURVE_S1.);
#5222 = ELLIPSE('',#5223,0.848528137424,0.6);
#5223 = AXIS2_PLACEMENT_3D('',#5224,#5225,#5226);
#5224 = CARTESIAN_POINT('',(231.,77.,108.4));
#5225 = DIRECTION('',(0.,-0.707106781187,0.707106781187));
#5226 = DIRECTION('',(0.,0.707106781187,0.707106781187));
#5227 = PCURVE('',#2531,#5228);
#5228 = DEFINITIONAL_REPRESENTATION('',(#5229),#5236);
#5229 = B_SPLINE_CURVE_WITH_KNOTS('',5,(#5230,#5231,#5232,#5233,#5234,
    #5235),.UNSPECIFIED.,.F.,.F.,(6,6),(4.712388980385,4.712391953987),
  .PIECEWISE_BEZIER_KNOTS.);
#5230 = CARTESIAN_POINT('',(0.,109.4));
#5231 = CARTESIAN_POINT('',(5.94720425795E-07,109.40000035683));
#5232 = CARTESIAN_POINT('',(1.189440783298E-06,109.40000071366));
#5233 = CARTESIAN_POINT('',(1.784161353394E-06,109.40000107049));
#5234 = CARTESIAN_POINT('',(2.378881691342E-06,109.40000142732));
#5235 = CARTESIAN_POINT('',(2.973602117137E-06,109.40000178416));
#5236 = ( GEOMETRIC_REPRESENTATION_CONTEXT(2) 
PARAMETRIC_REPRESENTATION_CONTEXT() REPRESENTATION_CONTEXT('2D SPACE',''
  ) );
#5237 = PCURVE('',#2725,#5238);
#5238 = DEFINITIONAL_REPRESENTATION('',(#5239),#5246);
#5239 = B_SPLINE_CURVE_WITH_KNOTS('',5,(#5240,#5241,#5242,#5243,#5244,
    #5245),.UNSPECIFIED.,.F.,.F.,(6,6),(4.712388980385,4.712391953987),
  .PIECEWISE_BEZIER_KNOTS.);
#5240 = CARTESIAN_POINT('',(0.,74.6));
#5241 = CARTESIAN_POINT('',(-5.94720425795E-07,74.600000356832));
#5242 = CARTESIAN_POINT('',(-1.189440783298E-06,74.600000713664));
#5243 = CARTESIAN_POINT('',(-1.784161353394E-06,74.600001070497));
#5244 = CARTESIAN_POINT('',(-2.378881691342E-06,74.600001427329));
#5245 = CARTESIAN_POINT('',(-2.973602117137E-06,74.600001784161));
#5246 = ( GEOMETRIC_REPRESENTATION_CONTEXT(2) 
PARAMETRIC_REPRESENTATION_CONTEXT() REPRESENTATION_CONTEXT('2D SPACE',''
  ) );
#5247 = ADVANCED_FACE('',(#5248),#2503,.F.);
#5248 = FACE_BOUND('',#5249,.F.);
#5249 = EDGE_LOOP('',(#5250,#5251,#5275,#5298,#5330));
#5250 = ORIENTED_EDGE('',*,*,#2487,.F.);
#5251 = ORIENTED_EDGE('',*,*,#5252,.T.);
#5252 = EDGE_CURVE('',#2462,#5253,#5255,.T.);
#5253 = VERTEX_POINT('',#5254);
#5254 = CARTESIAN_POINT('',(214.2,77.,109.));
#5255 = SURFACE_CURVE('',#5256,(#5261,#5268),.PCURVE_S1.);
#5256 = CIRCLE('',#5257,0.6);
#5257 = AXIS2_PLACEMENT_3D('',#5258,#5259,#5260);
#5258 = CARTESIAN_POINT('',(214.2,77.,108.4));
#5259 = DIRECTION('',(1.,0.,0.));
#5260 = DIRECTION('',(-0.,1.,0.));
#5261 = PCURVE('',#2503,#5262);
#5262 = DEFINITIONAL_REPRESENTATION('',(#5263),#5267);
#5263 = LINE('',#5264,#5265);
#5264 = CARTESIAN_POINT('',(0.,211.8));
#5265 = VECTOR('',#5266,1.);
#5266 = DIRECTION('',(1.,0.));
#5267 = ( GEOMETRIC_REPRESENTATION_CONTEXT(2) 
PARAMETRIC_REPRESENTATION_CONTEXT() REPRESENTATION_CONTEXT('2D SPACE',''
  ) );
#5268 = PCURVE('',#2476,#5269);
#5269 = DEFINITIONAL_REPRESENTATION('',(#5270),#5274);
#5270 = CIRCLE('',#5271,0.6);
#5271 = AXIS2_PLACEMENT_2D('',#5272,#5273);
#5272 = CARTESIAN_POINT('',(75.4,-70.6));
#5273 = DIRECTION('',(0.,-1.));
#5274 = ( GEOMETRIC_REPRESENTATION_CONTEXT(2) 
PARAMETRIC_REPRESENTATION_CONTEXT() REPRESENTATION_CONTEXT('2D SPACE',''
  ) );
#5275 = ORIENTED_EDGE('',*,*,#5276,.T.);
#5276 = EDGE_CURVE('',#5253,#5277,#5279,.T.);
#5277 = VERTEX_POINT('',#5278);
#5278 = CARTESIAN_POINT('',(231.,77.,109.));
#5279 = SURFACE_CURVE('',#5280,(#5284,#5291),.PCURVE_S1.);
#5280 = LINE('',#5281,#5282);
#5281 = CARTESIAN_POINT('',(2.4,77.,109.));
#5282 = VECTOR('',#5283,1.);
#5283 = DIRECTION('',(1.,0.,0.));
#5284 = PCURVE('',#2503,#5285);
#5285 = DEFINITIONAL_REPRESENTATION('',(#5286),#5290);
#5286 = LINE('',#5287,#5288);
#5287 = CARTESIAN_POINT('',(1.570796326795,0.));
#5288 = VECTOR('',#5289,1.);
#5289 = DIRECTION('',(0.,1.));
#5290 = ( GEOMETRIC_REPRESENTATION_CONTEXT(2) 
PARAMETRIC_REPRESENTATION_CONTEXT() REPRESENTATION_CONTEXT('2D SPACE',''
  ) );
#5291 = PCURVE('',#3737,#5292);
#5292 = DEFINITIONAL_REPRESENTATION('',(#5293),#5297);
#5293 = LINE('',#5294,#5295);
#5294 = CARTESIAN_POINT('',(0.,74.6));
#5295 = VECTOR('',#5296,1.);
#5296 = DIRECTION('',(1.,0.));
#5297 = ( GEOMETRIC_REPRESENTATION_CONTEXT(2) 
PARAMETRIC_REPRESENTATION_CONTEXT() REPRESENTATION_CONTEXT('2D SPACE',''
  ) );
#5298 = ORIENTED_EDGE('',*,*,#5299,.F.);
#5299 = EDGE_CURVE('',#5153,#5277,#5300,.T.);
#5300 = SURFACE_CURVE('',#5301,(#5306,#5318),.PCURVE_S1.);
#5301 = ELLIPSE('',#5302,0.848528137424,0.6);
#5302 = AXIS2_PLACEMENT_3D('',#5303,#5304,#5305);
#5303 = CARTESIAN_POINT('',(231.,77.,108.4));
#5304 = DIRECTION('',(0.707106781187,-0.707106781187,0.));
#5305 = DIRECTION('',(0.707106781187,0.707106781187,0.));
#5306 = PCURVE('',#2503,#5307);
#5307 = DEFINITIONAL_REPRESENTATION('',(#5308),#5317);
#5308 = B_SPLINE_CURVE_WITH_KNOTS('',7,(#5309,#5310,#5311,#5312,#5313,
    #5314,#5315,#5316),.UNSPECIFIED.,.F.,.F.,(8,8),(0.,1.570796326795),
  .PIECEWISE_BEZIER_KNOTS.);
#5309 = CARTESIAN_POINT('',(0.,229.2));
#5310 = CARTESIAN_POINT('',(0.224399475256,229.2));
#5311 = CARTESIAN_POINT('',(0.448798950513,229.1647507964));
#5312 = CARTESIAN_POINT('',(0.673198425769,229.09425750296));
#5313 = CARTESIAN_POINT('',(0.897597901026,228.99284809539));
#5314 = CARTESIAN_POINT('',(1.121997376282,228.86927882362));
#5315 = CARTESIAN_POINT('',(1.346396851538,228.73463968515));
#5316 = CARTESIAN_POINT('',(1.570796326795,228.6));
#5317 = ( GEOMETRIC_REPRESENTATION_CONTEXT(2) 
PARAMETRIC_REPRESENTATION_CONTEXT() REPRESENTATION_CONTEXT('2D SPACE',''
  ) );
#5318 = PCURVE('',#2725,#5319);
#5319 = DEFINITIONAL_REPRESENTATION('',(#5320),#5329);
#5320 = B_SPLINE_CURVE_WITH_KNOTS('',7,(#5321,#5322,#5323,#5324,#5325,
    #5326,#5327,#5328),.UNSPECIFIED.,.F.,.F.,(8,8),(0.,1.570796326795),
  .PIECEWISE_BEZIER_KNOTS.);
#5321 = CARTESIAN_POINT('',(0.,75.2));
#5322 = CARTESIAN_POINT('',(-0.224399475256,75.2));
#5323 = CARTESIAN_POINT('',(-0.448798950513,75.164750796423));
#5324 = CARTESIAN_POINT('',(-0.67319842577,75.094257502824));
#5325 = CARTESIAN_POINT('',(-0.897597901025,74.992848095433));
#5326 = CARTESIAN_POINT('',(-1.121997376282,74.869278823597));
#5327 = CARTESIAN_POINT('',(-1.346396851538,74.734639685154));
#5328 = CARTESIAN_POINT('',(-1.570796326795,74.6));
#5329 = ( GEOMETRIC_REPRESENTATION_CONTEXT(2) 
PARAMETRIC_REPRESENTATION_CONTEXT() REPRESENTATION_CONTEXT('2D SPACE',''
  ) );
#5330 = ORIENTED_EDGE('',*,*,#5152,.T.);
#5331 = ADVANCED_FACE('',(#5332),#2476,.T.);
#5332 = FACE_BOUND('',#5333,.T.);
#5333 = EDGE_LOOP('',(#5334,#5364,#5385,#5386,#5387,#5408,#5434,#5455,
    #5476,#5497,#5523,#5544,#5565,#5586,#5612,#5633,#5654,#5675,#5703,
    #5724,#5750));
#5334 = ORIENTED_EDGE('',*,*,#5335,.F.);
#5335 = EDGE_CURVE('',#5336,#5338,#5340,.T.);
#5336 = VERTEX_POINT('',#5337);
#5337 = CARTESIAN_POINT('',(214.2,6.4,33.));
#5338 = VERTEX_POINT('',#5339);
#5339 = CARTESIAN_POINT('',(214.2,6.4,94.));
#5340 = SURFACE_CURVE('',#5341,(#5345,#5352),.PCURVE_S1.);
#5341 = LINE('',#5342,#5343);
#5342 = CARTESIAN_POINT('',(214.2,6.4,33.));
#5343 = VECTOR('',#5344,1.);
#5344 = DIRECTION('',(0.,0.,1.));
#5345 = PCURVE('',#2476,#5346);
#5346 = DEFINITIONAL_REPRESENTATION('',(#5347),#5351);
#5347 = LINE('',#5348,#5349);
#5348 = CARTESIAN_POINT('',(0.,0.));
#5349 = VECTOR('',#5350,1.);
#5350 = DIRECTION('',(1.,0.));
#5351 = ( GEOMETRIC_REPRESENTATION_CONTEXT(2) 
PARAMETRIC_REPRESENTATION_CONTEXT() REPRESENTATION_CONTEXT('2D SPACE',''
  ) );
#5352 = PCURVE('',#5353,#5358);
#5353 = PLANE('',#5354);
#5354 = AXIS2_PLACEMENT_3D('',#5355,#5356,#5357);
#5355 = CARTESIAN_POINT('',(212.6,6.4,33.));
#5356 = DIRECTION('',(0.,1.,0.));
#5357 = DIRECTION('',(0.,0.,1.));
#5358 = DEFINITIONAL_REPRESENTATION('',(#5359),#5363);
#5359 = LINE('',#5360,#5361);
#5360 = CARTESIAN_POINT('',(0.,1.6));
#5361 = VECTOR('',#5362,1.);
#5362 = DIRECTION('',(1.,0.));
#5363 = ( GEOMETRIC_REPRESENTATION_CONTEXT(2) 
PARAMETRIC_REPRESENTATION_CONTEXT() REPRESENTATION_CONTEXT('2D SPACE',''
  ) );
#5364 = ORIENTED_EDGE('',*,*,#5365,.T.);
#5365 = EDGE_CURVE('',#5336,#2436,#5366,.T.);
#5366 = SURFACE_CURVE('',#5367,(#5371,#5378),.PCURVE_S1.);
#5367 = LINE('',#5368,#5369);
#5368 = CARTESIAN_POINT('',(214.2,6.4,33.));
#5369 = VECTOR('',#5370,1.);
#5370 = DIRECTION('',(0.,1.,0.));
#5371 = PCURVE('',#2476,#5372);
#5372 = DEFINITIONAL_REPRESENTATION('',(#5373),#5377);
#5373 = LINE('',#5374,#5375);
#5374 = CARTESIAN_POINT('',(0.,0.));
#5375 = VECTOR('',#5376,1.);
#5376 = DIRECTION('',(0.,-1.));
#5377 = ( GEOMETRIC_REPRESENTATION_CONTEXT(2) 
PARAMETRIC_REPRESENTATION_CONTEXT() REPRESENTATION_CONTEXT('2D SPACE',''
  ) );
#5378 = PCURVE('',#2450,#5379);
#5379 = DEFINITIONAL_REPRESENTATION('',(#5380),#5384);
#5380 = LINE('',#5381,#5382);
#5381 = CARTESIAN_POINT('',(1.6,0.));
#5382 = VECTOR('',#5383,1.);
#5383 = DIRECTION('',(0.,1.));
#5384 = ( GEOMETRIC_REPRESENTATION_CONTEXT(2) 
PARAMETRIC_REPRESENTATION_CONTEXT() REPRESENTATION_CONTEXT('2D SPACE',''
  ) );
#5385 = ORIENTED_EDGE('',*,*,#2461,.F.);
#5386 = ORIENTED_EDGE('',*,*,#5252,.T.);
#5387 = ORIENTED_EDGE('',*,*,#5388,.F.);
#5388 = EDGE_CURVE('',#5389,#5253,#5391,.T.);
#5389 = VERTEX_POINT('',#5390);
#5390 = CARTESIAN_POINT('',(214.2,56.643274706499,109.));
#5391 = SURFACE_CURVE('',#5392,(#5396,#5402),.PCURVE_S1.);
#5392 = LINE('',#5393,#5394);
#5393 = CARTESIAN_POINT('',(214.2,4.4,109.));
#5394 = VECTOR('',#5395,1.);
#5395 = DIRECTION('',(0.,1.,0.));
#5396 = PCURVE('',#2476,#5397);
#5397 = DEFINITIONAL_REPRESENTATION('',(#5398),#5401);
#5398 = B_SPLINE_CURVE_WITH_KNOTS('',1,(#5399,#5400),.UNSPECIFIED.,.F.,
  .F.,(2,2),(2.,72.6),.PIECEWISE_BEZIER_KNOTS.);
#5399 = CARTESIAN_POINT('',(76.,0.));
#5400 = CARTESIAN_POINT('',(76.,-70.6));
#5401 = ( GEOMETRIC_REPRESENTATION_CONTEXT(2) 
PARAMETRIC_REPRESENTATION_CONTEXT() REPRESENTATION_CONTEXT('2D SPACE',''
  ) );
#5402 = PCURVE('',#3737,#5403);
#5403 = DEFINITIONAL_REPRESENTATION('',(#5404),#5407);
#5404 = B_SPLINE_CURVE_WITH_KNOTS('',1,(#5405,#5406),.UNSPECIFIED.,.F.,
  .F.,(2,2),(2.,72.6),.PIECEWISE_BEZIER_KNOTS.);
#5405 = CARTESIAN_POINT('',(211.8,4.));
#5406 = CARTESIAN_POINT('',(211.8,74.6));
#5407 = ( GEOMETRIC_REPRESENTATION_CONTEXT(2) 
PARAMETRIC_REPRESENTATION_CONTEXT() REPRESENTATION_CONTEXT('2D SPACE',''
  ) );
#5408 = ORIENTED_EDGE('',*,*,#5409,.T.);
#5409 = EDGE_CURVE('',#5389,#5410,#5412,.T.);
#5410 = VERTEX_POINT('',#5411);
#5411 = CARTESIAN_POINT('',(214.2,56.643274706498,93.));
#5412 = SURFACE_CURVE('',#5413,(#5417,#5423),.PCURVE_S1.);
#5413 = LINE('',#5414,#5415);
#5414 = CARTESIAN_POINT('',(214.2,56.643274706498,93.));
#5415 = VECTOR('',#5416,1.);
#5416 = DIRECTION('',(-0.,-0.,-1.));
#5417 = PCURVE('',#2476,#5418);
#5418 = DEFINITIONAL_REPRESENTATION('',(#5419),#5422);
#5419 = B_SPLINE_CURVE_WITH_KNOTS('',1,(#5420,#5421),.UNSPECIFIED.,.F.,
  .F.,(2,2),(-17.0000006,6.000000070117E-07),.PIECEWISE_BEZIER_KNOTS.);
#5420 = CARTESIAN_POINT('',(77.0000006,-50.24327470649));
#5421 = CARTESIAN_POINT('',(59.9999994,-50.24327470649));
#5422 = ( GEOMETRIC_REPRESENTATION_CONTEXT(2) 
PARAMETRIC_REPRESENTATION_CONTEXT() REPRESENTATION_CONTEXT('2D SPACE',''
  ) );
#5423 = PCURVE('',#5424,#5429);
#5424 = CYLINDRICAL_SURFACE('',#5425,6.);
#5425 = AXIS2_PLACEMENT_3D('',#5426,#5427,#5428);
#5426 = CARTESIAN_POINT('',(218.,52.,93.));
#5427 = DIRECTION('',(-0.,-0.,-1.));
#5428 = DIRECTION('',(1.,0.,0.));
#5429 = DEFINITIONAL_REPRESENTATION('',(#5430),#5433);
#5430 = B_SPLINE_CURVE_WITH_KNOTS('',1,(#5431,#5432),.UNSPECIFIED.,.F.,
  .F.,(2,2),(-16.,-0.),.PIECEWISE_BEZIER_KNOTS.);
#5431 = CARTESIAN_POINT('',(-8.539834598593,-16.));
#5432 = CARTESIAN_POINT('',(-8.539834598593,0.));
#5433 = ( GEOMETRIC_REPRESENTATION_CONTEXT(2) 
PARAMETRIC_REPRESENTATION_CONTEXT() REPRESENTATION_CONTEXT('2D SPACE',''
  ) );
#5434 = ORIENTED_EDGE('',*,*,#5435,.T.);
#5435 = EDGE_CURVE('',#5410,#5436,#5438,.T.);
#5436 = VERTEX_POINT('',#5437);
#5437 = CARTESIAN_POINT('',(214.2,47.356725293502,93.));
#5438 = SURFACE_CURVE('',#5439,(#5443,#5449),.PCURVE_S1.);
#5439 = LINE('',#5440,#5441);
#5440 = CARTESIAN_POINT('',(214.2,29.2,93.));
#5441 = VECTOR('',#5442,1.);
#5442 = DIRECTION('',(0.,-1.,0.));
#5443 = PCURVE('',#2476,#5444);
#5444 = DEFINITIONAL_REPRESENTATION('',(#5445),#5448);
#5445 = B_SPLINE_CURVE_WITH_KNOTS('',1,(#5446,#5447),.UNSPECIFIED.,.F.,
  .F.,(2,2),(-28.8,-16.8),.PIECEWISE_BEZIER_KNOTS.);
#5446 = CARTESIAN_POINT('',(60.,-51.6));
#5447 = CARTESIAN_POINT('',(60.,-39.6));
#5448 = ( GEOMETRIC_REPRESENTATION_CONTEXT(2) 
PARAMETRIC_REPRESENTATION_CONTEXT() REPRESENTATION_CONTEXT('2D SPACE',''
  ) );
#5449 = PCURVE('',#4017,#5450);
#5450 = DEFINITIONAL_REPRESENTATION('',(#5451),#5454);
#5451 = B_SPLINE_CURVE_WITH_KNOTS('',1,(#5452,#5453),.UNSPECIFIED.,.F.,
  .F.,(2,2),(-28.8,-16.8),.PIECEWISE_BEZIER_KNOTS.);
#5452 = CARTESIAN_POINT('',(-3.8,6.));
#5453 = CARTESIAN_POINT('',(-3.8,-6.));
#5454 = ( GEOMETRIC_REPRESENTATION_CONTEXT(2) 
PARAMETRIC_REPRESENTATION_CONTEXT() REPRESENTATION_CONTEXT('2D SPACE',''
  ) );
#5455 = ORIENTED_EDGE('',*,*,#5456,.F.);
#5456 = EDGE_CURVE('',#5457,#5436,#5459,.T.);
#5457 = VERTEX_POINT('',#5458);
#5458 = CARTESIAN_POINT('',(214.2,47.356725293501,109.));
#5459 = SURFACE_CURVE('',#5460,(#5464,#5470),.PCURVE_S1.);
#5460 = LINE('',#5461,#5462);
#5461 = CARTESIAN_POINT('',(214.2,47.356725293502,93.));
#5462 = VECTOR('',#5463,1.);
#5463 = DIRECTION('',(-0.,-0.,-1.));
#5464 = PCURVE('',#2476,#5465);
#5465 = DEFINITIONAL_REPRESENTATION('',(#5466),#5469);
#5466 = B_SPLINE_CURVE_WITH_KNOTS('',1,(#5467,#5468),.UNSPECIFIED.,.F.,
  .F.,(2,2),(-17.0000006,6.000000070117E-07),.PIECEWISE_BEZIER_KNOTS.);
#5467 = CARTESIAN_POINT('',(77.0000006,-40.9567252935));
#5468 = CARTESIAN_POINT('',(59.9999994,-40.9567252935));
#5469 = ( GEOMETRIC_REPRESENTATION_CONTEXT(2) 
PARAMETRIC_REPRESENTATION_CONTEXT() REPRESENTATION_CONTEXT('2D SPACE',''
  ) );
#5470 = PCURVE('',#5424,#5471);
#5471 = DEFINITIONAL_REPRESENTATION('',(#5472),#5475);
#5472 = B_SPLINE_CURVE_WITH_KNOTS('',1,(#5473,#5474),.UNSPECIFIED.,.F.,
  .F.,(2,2),(-16.,-0.),.PIECEWISE_BEZIER_KNOTS.);
#5473 = CARTESIAN_POINT('',(-4.026536015766,-16.));
#5474 = CARTESIAN_POINT('',(-4.026536015766,0.));
#5475 = ( GEOMETRIC_REPRESENTATION_CONTEXT(2) 
PARAMETRIC_REPRESENTATION_CONTEXT() REPRESENTATION_CONTEXT('2D SPACE',''
  ) );
#5476 = ORIENTED_EDGE('',*,*,#5477,.F.);
#5477 = EDGE_CURVE('',#5478,#5457,#5480,.T.);
#5478 = VERTEX_POINT('',#5479);
#5479 = CARTESIAN_POINT('',(214.2,42.643274706498,109.));
#5480 = SURFACE_CURVE('',#5481,(#5485,#5491),.PCURVE_S1.);
#5481 = LINE('',#5482,#5483);
#5482 = CARTESIAN_POINT('',(214.2,4.4,109.));
#5483 = VECTOR('',#5484,1.);
#5484 = DIRECTION('',(0.,1.,0.));
#5485 = PCURVE('',#2476,#5486);
#5486 = DEFINITIONAL_REPRESENTATION('',(#5487),#5490);
#5487 = B_SPLINE_CURVE_WITH_KNOTS('',1,(#5488,#5489),.UNSPECIFIED.,.F.,
  .F.,(2,2),(2.,72.6),.PIECEWISE_BEZIER_KNOTS.);
#5488 = CARTESIAN_POINT('',(76.,0.));
#5489 = CARTESIAN_POINT('',(76.,-70.6));
#5490 = ( GEOMETRIC_REPRESENTATION_CONTEXT(2) 
PARAMETRIC_REPRESENTATION_CONTEXT() REPRESENTATION_CONTEXT('2D SPACE',''
  ) );
#5491 = PCURVE('',#3737,#5492);
#5492 = DEFINITIONAL_REPRESENTATION('',(#5493),#5496);
#5493 = B_SPLINE_CURVE_WITH_KNOTS('',1,(#5494,#5495),.UNSPECIFIED.,.F.,
  .F.,(2,2),(2.,72.6),.PIECEWISE_BEZIER_KNOTS.);
#5494 = CARTESIAN_POINT('',(211.8,4.));
#5495 = CARTESIAN_POINT('',(211.8,74.6));
#5496 = ( GEOMETRIC_REPRESENTATION_CONTEXT(2) 
PARAMETRIC_REPRESENTATION_CONTEXT() REPRESENTATION_CONTEXT('2D SPACE',''
  ) );
#5497 = ORIENTED_EDGE('',*,*,#5498,.T.);
#5498 = EDGE_CURVE('',#5478,#5499,#5501,.T.);
#5499 = VERTEX_POINT('',#5500);
#5500 = CARTESIAN_POINT('',(214.2,42.643274706498,93.));
#5501 = SURFACE_CURVE('',#5502,(#5506,#5512),.PCURVE_S1.);
#5502 = LINE('',#5503,#5504);
#5503 = CARTESIAN_POINT('',(214.2,42.643274706498,93.));
#5504 = VECTOR('',#5505,1.);
#5505 = DIRECTION('',(-0.,-0.,-1.));
#5506 = PCURVE('',#2476,#5507);
#5507 = DEFINITIONAL_REPRESENTATION('',(#5508),#5511);
#5508 = B_SPLINE_CURVE_WITH_KNOTS('',1,(#5509,#5510),.UNSPECIFIED.,.F.,
  .F.,(2,2),(-17.0000006,6.000000070117E-07),.PIECEWISE_BEZIER_KNOTS.);
#5509 = CARTESIAN_POINT('',(77.0000006,-36.24327470649));
#5510 = CARTESIAN_POINT('',(59.9999994,-36.24327470649));
#5511 = ( GEOMETRIC_REPRESENTATION_CONTEXT(2) 
PARAMETRIC_REPRESENTATION_CONTEXT() REPRESENTATION_CONTEXT('2D SPACE',''
  ) );
#5512 = PCURVE('',#5513,#5518);
#5513 = CYLINDRICAL_SURFACE('',#5514,6.);
#5514 = AXIS2_PLACEMENT_3D('',#5515,#5516,#5517);
#5515 = CARTESIAN_POINT('',(218.,38.,93.));
#5516 = DIRECTION('',(-0.,-0.,-1.));
#5517 = DIRECTION('',(1.,0.,0.));
#5518 = DEFINITIONAL_REPRESENTATION('',(#5519),#5522);
#5519 = B_SPLINE_CURVE_WITH_KNOTS('',1,(#5520,#5521),.UNSPECIFIED.,.F.,
  .F.,(2,2),(-16.,-0.),.PIECEWISE_BEZIER_KNOTS.);
#5520 = CARTESIAN_POINT('',(-8.539834598593,-16.));
#5521 = CARTESIAN_POINT('',(-8.539834598593,0.));
#5522 = ( GEOMETRIC_REPRESENTATION_CONTEXT(2) 
PARAMETRIC_REPRESENTATION_CONTEXT() REPRESENTATION_CONTEXT('2D SPACE',''
  ) );
#5523 = ORIENTED_EDGE('',*,*,#5524,.T.);
#5524 = EDGE_CURVE('',#5499,#5525,#5527,.T.);
#5525 = VERTEX_POINT('',#5526);
#5526 = CARTESIAN_POINT('',(214.2,33.356725293502,93.));
#5527 = SURFACE_CURVE('',#5528,(#5532,#5538),.PCURVE_S1.);
#5528 = LINE('',#5529,#5530);
#5529 = CARTESIAN_POINT('',(214.2,22.2,93.));
#5530 = VECTOR('',#5531,1.);
#5531 = DIRECTION('',(0.,-1.,0.));
#5532 = PCURVE('',#2476,#5533);
#5533 = DEFINITIONAL_REPRESENTATION('',(#5534),#5537);
#5534 = B_SPLINE_CURVE_WITH_KNOTS('',1,(#5535,#5536),.UNSPECIFIED.,.F.,
  .F.,(2,2),(-21.8,-9.8),.PIECEWISE_BEZIER_KNOTS.);
#5535 = CARTESIAN_POINT('',(60.,-37.6));
#5536 = CARTESIAN_POINT('',(60.,-25.6));
#5537 = ( GEOMETRIC_REPRESENTATION_CONTEXT(2) 
PARAMETRIC_REPRESENTATION_CONTEXT() REPRESENTATION_CONTEXT('2D SPACE',''
  ) );
#5538 = PCURVE('',#3958,#5539);
#5539 = DEFINITIONAL_REPRESENTATION('',(#5540),#5543);
#5540 = B_SPLINE_CURVE_WITH_KNOTS('',1,(#5541,#5542),.UNSPECIFIED.,.F.,
  .F.,(2,2),(-21.8,-9.8),.PIECEWISE_BEZIER_KNOTS.);
#5541 = CARTESIAN_POINT('',(-3.8,6.));
#5542 = CARTESIAN_POINT('',(-3.8,-6.));
#5543 = ( GEOMETRIC_REPRESENTATION_CONTEXT(2) 
PARAMETRIC_REPRESENTATION_CONTEXT() REPRESENTATION_CONTEXT('2D SPACE',''
  ) );
#5544 = ORIENTED_EDGE('',*,*,#5545,.F.);
#5545 = EDGE_CURVE('',#5546,#5525,#5548,.T.);
#5546 = VERTEX_POINT('',#5547);
#5547 = CARTESIAN_POINT('',(214.2,33.356725293502,109.));
#5548 = SURFACE_CURVE('',#5549,(#5553,#5559),.PCURVE_S1.);
#5549 = LINE('',#5550,#5551);
#5550 = CARTESIAN_POINT('',(214.2,33.356725293502,93.));
#5551 = VECTOR('',#5552,1.);
#5552 = DIRECTION('',(-0.,-0.,-1.));
#5553 = PCURVE('',#2476,#5554);
#5554 = DEFINITIONAL_REPRESENTATION('',(#5555),#5558);
#5555 = B_SPLINE_CURVE_WITH_KNOTS('',1,(#5556,#5557),.UNSPECIFIED.,.F.,
  .F.,(2,2),(-17.0000006,6.000000070117E-07),.PIECEWISE_BEZIER_KNOTS.);
#5556 = CARTESIAN_POINT('',(77.0000006,-26.9567252935));
#5557 = CARTESIAN_POINT('',(59.9999994,-26.9567252935));
#5558 = ( GEOMETRIC_REPRESENTATION_CONTEXT(2) 
PARAMETRIC_REPRESENTATION_CONTEXT() REPRESENTATION_CONTEXT('2D SPACE',''
  ) );
#5559 = PCURVE('',#5513,#5560);
#5560 = DEFINITIONAL_REPRESENTATION('',(#5561),#5564);
#5561 = B_SPLINE_CURVE_WITH_KNOTS('',1,(#5562,#5563),.UNSPECIFIED.,.F.,
  .F.,(2,2),(-16.,-0.),.PIECEWISE_BEZIER_KNOTS.);
#5562 = CARTESIAN_POINT('',(-4.026536015766,-16.));
#5563 = CARTESIAN_POINT('',(-4.026536015766,0.));
#5564 = ( GEOMETRIC_REPRESENTATION_CONTEXT(2) 
PARAMETRIC_REPRESENTATION_CONTEXT() REPRESENTATION_CONTEXT('2D SPACE',''
  ) );
#5565 = ORIENTED_EDGE('',*,*,#5566,.F.);
#5566 = EDGE_CURVE('',#5567,#5546,#5569,.T.);
#5567 = VERTEX_POINT('',#5568);
#5568 = CARTESIAN_POINT('',(214.2,28.643274706499,109.));
#5569 = SURFACE_CURVE('',#5570,(#5574,#5580),.PCURVE_S1.);
#5570 = LINE('',#5571,#5572);
#5571 = CARTESIAN_POINT('',(214.2,4.4,109.));
#5572 = VECTOR('',#5573,1.);
#5573 = DIRECTION('',(0.,1.,0.));
#5574 = PCURVE('',#2476,#5575);
#5575 = DEFINITIONAL_REPRESENTATION('',(#5576),#5579);
#5576 = B_SPLINE_CURVE_WITH_KNOTS('',1,(#5577,#5578),.UNSPECIFIED.,.F.,
  .F.,(2,2),(2.,72.6),.PIECEWISE_BEZIER_KNOTS.);
#5577 = CARTESIAN_POINT('',(76.,0.));
#5578 = CARTESIAN_POINT('',(76.,-70.6));
#5579 = ( GEOMETRIC_REPRESENTATION_CONTEXT(2) 
PARAMETRIC_REPRESENTATION_CONTEXT() REPRESENTATION_CONTEXT('2D SPACE',''
  ) );
#5580 = PCURVE('',#3737,#5581);
#5581 = DEFINITIONAL_REPRESENTATION('',(#5582),#5585);
#5582 = B_SPLINE_CURVE_WITH_KNOTS('',1,(#5583,#5584),.UNSPECIFIED.,.F.,
  .F.,(2,2),(2.,72.6),.PIECEWISE_BEZIER_KNOTS.);
#5583 = CARTESIAN_POINT('',(211.8,4.));
#5584 = CARTESIAN_POINT('',(211.8,74.6));
#5585 = ( GEOMETRIC_REPRESENTATION_CONTEXT(2) 
PARAMETRIC_REPRESENTATION_CONTEXT() REPRESENTATION_CONTEXT('2D SPACE',''
  ) );
#5586 = ORIENTED_EDGE('',*,*,#5587,.T.);
#5587 = EDGE_CURVE('',#5567,#5588,#5590,.T.);
#5588 = VERTEX_POINT('',#5589);
#5589 = CARTESIAN_POINT('',(214.2,28.643274706498,93.));
#5590 = SURFACE_CURVE('',#5591,(#5595,#5601),.PCURVE_S1.);
#5591 = LINE('',#5592,#5593);
#5592 = CARTESIAN_POINT('',(214.2,28.643274706498,93.));
#5593 = VECTOR('',#5594,1.);
#5594 = DIRECTION('',(-0.,-0.,-1.));
#5595 = PCURVE('',#2476,#5596);
#5596 = DEFINITIONAL_REPRESENTATION('',(#5597),#5600);
#5597 = B_SPLINE_CURVE_WITH_KNOTS('',1,(#5598,#5599),.UNSPECIFIED.,.F.,
  .F.,(2,2),(-17.0000006,6.000000070117E-07),.PIECEWISE_BEZIER_KNOTS.);
#5598 = CARTESIAN_POINT('',(77.0000006,-22.24327470649));
#5599 = CARTESIAN_POINT('',(59.9999994,-22.24327470649));
#5600 = ( GEOMETRIC_REPRESENTATION_CONTEXT(2) 
PARAMETRIC_REPRESENTATION_CONTEXT() REPRESENTATION_CONTEXT('2D SPACE',''
  ) );
#5601 = PCURVE('',#5602,#5607);
#5602 = CYLINDRICAL_SURFACE('',#5603,6.);
#5603 = AXIS2_PLACEMENT_3D('',#5604,#5605,#5606);
#5604 = CARTESIAN_POINT('',(218.,24.,93.));
#5605 = DIRECTION('',(-0.,-0.,-1.));
#5606 = DIRECTION('',(1.,0.,0.));
#5607 = DEFINITIONAL_REPRESENTATION('',(#5608),#5611);
#5608 = B_SPLINE_CURVE_WITH_KNOTS('',1,(#5609,#5610),.UNSPECIFIED.,.F.,
  .F.,(2,2),(-16.,-0.),.PIECEWISE_BEZIER_KNOTS.);
#5609 = CARTESIAN_POINT('',(-8.539834598593,-16.));
#5610 = CARTESIAN_POINT('',(-8.539834598593,0.));
#5611 = ( GEOMETRIC_REPRESENTATION_CONTEXT(2) 
PARAMETRIC_REPRESENTATION_CONTEXT() REPRESENTATION_CONTEXT('2D SPACE',''
  ) );
#5612 = ORIENTED_EDGE('',*,*,#5613,.T.);
#5613 = EDGE_CURVE('',#5588,#5614,#5616,.T.);
#5614 = VERTEX_POINT('',#5615);
#5615 = CARTESIAN_POINT('',(214.2,19.356725293502,93.));
#5616 = SURFACE_CURVE('',#5617,(#5621,#5627),.PCURVE_S1.);
#5617 = LINE('',#5618,#5619);
#5618 = CARTESIAN_POINT('',(214.2,15.2,93.));
#5619 = VECTOR('',#5620,1.);
#5620 = DIRECTION('',(0.,-1.,0.));
#5621 = PCURVE('',#2476,#5622);
#5622 = DEFINITIONAL_REPRESENTATION('',(#5623),#5626);
#5623 = B_SPLINE_CURVE_WITH_KNOTS('',1,(#5624,#5625),.UNSPECIFIED.,.F.,
  .F.,(2,2),(-14.8,-2.8),.PIECEWISE_BEZIER_KNOTS.);
#5624 = CARTESIAN_POINT('',(60.,-23.6));
#5625 = CARTESIAN_POINT('',(60.,-11.6));
#5626 = ( GEOMETRIC_REPRESENTATION_CONTEXT(2) 
PARAMETRIC_REPRESENTATION_CONTEXT() REPRESENTATION_CONTEXT('2D SPACE',''
  ) );
#5627 = PCURVE('',#3678,#5628);
#5628 = DEFINITIONAL_REPRESENTATION('',(#5629),#5632);
#5629 = B_SPLINE_CURVE_WITH_KNOTS('',1,(#5630,#5631),.UNSPECIFIED.,.F.,
  .F.,(2,2),(-14.8,-2.8),.PIECEWISE_BEZIER_KNOTS.);
#5630 = CARTESIAN_POINT('',(-3.8,6.));
#5631 = CARTESIAN_POINT('',(-3.8,-6.));
#5632 = ( GEOMETRIC_REPRESENTATION_CONTEXT(2) 
PARAMETRIC_REPRESENTATION_CONTEXT() REPRESENTATION_CONTEXT('2D SPACE',''
  ) );
#5633 = ORIENTED_EDGE('',*,*,#5634,.F.);
#5634 = EDGE_CURVE('',#5635,#5614,#5637,.T.);
#5635 = VERTEX_POINT('',#5636);
#5636 = CARTESIAN_POINT('',(214.2,19.356725293501,109.));
#5637 = SURFACE_CURVE('',#5638,(#5642,#5648),.PCURVE_S1.);
#5638 = LINE('',#5639,#5640);
#5639 = CARTESIAN_POINT('',(214.2,19.356725293502,93.));
#5640 = VECTOR('',#5641,1.);
#5641 = DIRECTION('',(-0.,-0.,-1.));
#5642 = PCURVE('',#2476,#5643);
#5643 = DEFINITIONAL_REPRESENTATION('',(#5644),#5647);
#5644 = B_SPLINE_CURVE_WITH_KNOTS('',1,(#5645,#5646),.UNSPECIFIED.,.F.,
  .F.,(2,2),(-17.0000006,6.000000070117E-07),.PIECEWISE_BEZIER_KNOTS.);
#5645 = CARTESIAN_POINT('',(77.0000006,-12.9567252935));
#5646 = CARTESIAN_POINT('',(59.9999994,-12.9567252935));
#5647 = ( GEOMETRIC_REPRESENTATION_CONTEXT(2) 
PARAMETRIC_REPRESENTATION_CONTEXT() REPRESENTATION_CONTEXT('2D SPACE',''
  ) );
#5648 = PCURVE('',#5602,#5649);
#5649 = DEFINITIONAL_REPRESENTATION('',(#5650),#5653);
#5650 = B_SPLINE_CURVE_WITH_KNOTS('',1,(#5651,#5652),.UNSPECIFIED.,.F.,
  .F.,(2,2),(-16.,-0.),.PIECEWISE_BEZIER_KNOTS.);
#5651 = CARTESIAN_POINT('',(-4.026536015766,-16.));
#5652 = CARTESIAN_POINT('',(-4.026536015766,0.));
#5653 = ( GEOMETRIC_REPRESENTATION_CONTEXT(2) 
PARAMETRIC_REPRESENTATION_CONTEXT() REPRESENTATION_CONTEXT('2D SPACE',''
  ) );
#5654 = ORIENTED_EDGE('',*,*,#5655,.F.);
#5655 = EDGE_CURVE('',#5656,#5635,#5658,.T.);
#5656 = VERTEX_POINT('',#5657);
#5657 = CARTESIAN_POINT('',(214.2,6.4,109.));
#5658 = SURFACE_CURVE('',#5659,(#5663,#5669),.PCURVE_S1.);
#5659 = LINE('',#5660,#5661);
#5660 = CARTESIAN_POINT('',(214.2,4.4,109.));
#5661 = VECTOR('',#5662,1.);
#5662 = DIRECTION('',(0.,1.,0.));
#5663 = PCURVE('',#2476,#5664);
#5664 = DEFINITIONAL_REPRESENTATION('',(#5665),#5668);
#5665 = B_SPLINE_CURVE_WITH_KNOTS('',1,(#5666,#5667),.UNSPECIFIED.,.F.,
  .F.,(2,2),(2.,72.6),.PIECEWISE_BEZIER_KNOTS.);
#5666 = CARTESIAN_POINT('',(76.,0.));
#5667 = CARTESIAN_POINT('',(76.,-70.6));
#5668 = ( GEOMETRIC_REPRESENTATION_CONTEXT(2) 
PARAMETRIC_REPRESENTATION_CONTEXT() REPRESENTATION_CONTEXT('2D SPACE',''
  ) );
#5669 = PCURVE('',#3737,#5670);
#5670 = DEFINITIONAL_REPRESENTATION('',(#5671),#5674);
#5671 = B_SPLINE_CURVE_WITH_KNOTS('',1,(#5672,#5673),.UNSPECIFIED.,.F.,
  .F.,(2,2),(2.,72.6),.PIECEWISE_BEZIER_KNOTS.);
#5672 = CARTESIAN_POINT('',(211.8,4.));
#5673 = CARTESIAN_POINT('',(211.8,74.6));
#5674 = ( GEOMETRIC_REPRESENTATION_CONTEXT(2) 
PARAMETRIC_REPRESENTATION_CONTEXT() REPRESENTATION_CONTEXT('2D SPACE',''
  ) );
#5675 = ORIENTED_EDGE('',*,*,#5676,.F.);
#5676 = EDGE_CURVE('',#5677,#5656,#5679,.T.);
#5677 = VERTEX_POINT('',#5678);
#5678 = CARTESIAN_POINT('',(214.2,6.4,99.));
#5679 = SURFACE_CURVE('',#5680,(#5684,#5691),.PCURVE_S1.);
#5680 = LINE('',#5681,#5682);
#5681 = CARTESIAN_POINT('',(214.2,6.4,33.));
#5682 = VECTOR('',#5683,1.);
#5683 = DIRECTION('',(0.,0.,1.));
#5684 = PCURVE('',#2476,#5685);
#5685 = DEFINITIONAL_REPRESENTATION('',(#5686),#5690);
#5686 = LINE('',#5687,#5688);
#5687 = CARTESIAN_POINT('',(0.,0.));
#5688 = VECTOR('',#5689,1.);
#5689 = DIRECTION('',(1.,0.));
#5690 = ( GEOMETRIC_REPRESENTATION_CONTEXT(2) 
PARAMETRIC_REPRESENTATION_CONTEXT() REPRESENTATION_CONTEXT('2D SPACE',''
  ) );
#5691 = PCURVE('',#5692,#5697);
#5692 = PLANE('',#5693);
#5693 = AXIS2_PLACEMENT_3D('',#5694,#5695,#5696);
#5694 = CARTESIAN_POINT('',(212.6,6.4,33.));
#5695 = DIRECTION('',(0.,1.,0.));
#5696 = DIRECTION('',(0.,0.,1.));
#5697 = DEFINITIONAL_REPRESENTATION('',(#5698),#5702);
#5698 = LINE('',#5699,#5700);
#5699 = CARTESIAN_POINT('',(0.,1.6));
#5700 = VECTOR('',#5701,1.);
#5701 = DIRECTION('',(1.,0.));
#5702 = ( GEOMETRIC_REPRESENTATION_CONTEXT(2) 
PARAMETRIC_REPRESENTATION_CONTEXT() REPRESENTATION_CONTEXT('2D SPACE',''
  ) );
#5703 = ORIENTED_EDGE('',*,*,#5704,.T.);
#5704 = EDGE_CURVE('',#5677,#5705,#5707,.T.);
#5705 = VERTEX_POINT('',#5706);
#5706 = CARTESIAN_POINT('',(214.2,6.9,99.));
#5707 = SURFACE_CURVE('',#5708,(#5712,#5718),.PCURVE_S1.);
#5708 = LINE('',#5709,#5710);
#5709 = CARTESIAN_POINT('',(214.2,4.15,99.));
#5710 = VECTOR('',#5711,1.);
#5711 = DIRECTION('',(0.,1.,0.));
#5712 = PCURVE('',#2476,#5713);
#5713 = DEFINITIONAL_REPRESENTATION('',(#5714),#5717);
#5714 = B_SPLINE_CURVE_WITH_KNOTS('',1,(#5715,#5716),.UNSPECIFIED.,.F.,
  .F.,(2,2),(2.25,2.75),.PIECEWISE_BEZIER_KNOTS.);
#5715 = CARTESIAN_POINT('',(66.,0.));
#5716 = CARTESIAN_POINT('',(66.,-0.5));
#5717 = ( GEOMETRIC_REPRESENTATION_CONTEXT(2) 
PARAMETRIC_REPRESENTATION_CONTEXT() REPRESENTATION_CONTEXT('2D SPACE',''
  ) );
#5718 = PCURVE('',#3429,#5719);
#5719 = DEFINITIONAL_REPRESENTATION('',(#5720),#5723);
#5720 = B_SPLINE_CURVE_WITH_KNOTS('',1,(#5721,#5722),.UNSPECIFIED.,.F.,
  .F.,(2,2),(2.25,2.75),.PIECEWISE_BEZIER_KNOTS.);
#5721 = CARTESIAN_POINT('',(203.2,4.5));
#5722 = CARTESIAN_POINT('',(203.2,5.));
#5723 = ( GEOMETRIC_REPRESENTATION_CONTEXT(2) 
PARAMETRIC_REPRESENTATION_CONTEXT() REPRESENTATION_CONTEXT('2D SPACE',''
  ) );
#5724 = ORIENTED_EDGE('',*,*,#5725,.T.);
#5725 = EDGE_CURVE('',#5705,#5726,#5728,.T.);
#5726 = VERTEX_POINT('',#5727);
#5727 = CARTESIAN_POINT('',(214.2,6.9,94.));
#5728 = SURFACE_CURVE('',#5729,(#5733,#5739),.PCURVE_S1.);
#5729 = LINE('',#5730,#5731);
#5730 = CARTESIAN_POINT('',(214.2,6.9,18.));
#5731 = VECTOR('',#5732,1.);
#5732 = DIRECTION('',(0.,0.,-1.));
#5733 = PCURVE('',#2476,#5734);
#5734 = DEFINITIONAL_REPRESENTATION('',(#5735),#5738);
#5735 = B_SPLINE_CURVE_WITH_KNOTS('',1,(#5736,#5737),.UNSPECIFIED.,.F.,
  .F.,(2,2),(-81.,-15.),.PIECEWISE_BEZIER_KNOTS.);
#5736 = CARTESIAN_POINT('',(66.,-0.5));
#5737 = CARTESIAN_POINT('',(0.,-0.5));
#5738 = ( GEOMETRIC_REPRESENTATION_CONTEXT(2) 
PARAMETRIC_REPRESENTATION_CONTEXT() REPRESENTATION_CONTEXT('2D SPACE',''
  ) );
#5739 = PCURVE('',#5740,#5745);
#5740 = PLANE('',#5741);
#5741 = AXIS2_PLACEMENT_3D('',#5742,#5743,#5744);
#5742 = CARTESIAN_POINT('',(11.,6.9,3.));
#5743 = DIRECTION('',(0.,1.,0.));
#5744 = DIRECTION('',(0.,0.,1.));
#5745 = DEFINITIONAL_REPRESENTATION('',(#5746),#5749);
#5746 = B_SPLINE_CURVE_WITH_KNOTS('',1,(#5747,#5748),.UNSPECIFIED.,.F.,
  .F.,(2,2),(-81.,-15.),.PIECEWISE_BEZIER_KNOTS.);
#5747 = CARTESIAN_POINT('',(96.,203.2));
#5748 = CARTESIAN_POINT('',(30.,203.2));
#5749 = ( GEOMETRIC_REPRESENTATION_CONTEXT(2) 
PARAMETRIC_REPRESENTATION_CONTEXT() REPRESENTATION_CONTEXT('2D SPACE',''
  ) );
#5750 = ORIENTED_EDGE('',*,*,#5751,.F.);
#5751 = EDGE_CURVE('',#5338,#5726,#5752,.T.);
#5752 = SURFACE_CURVE('',#5753,(#5757,#5763),.PCURVE_S1.);
#5753 = LINE('',#5754,#5755);
#5754 = CARTESIAN_POINT('',(214.2,4.15,94.));
#5755 = VECTOR('',#5756,1.);
#5756 = DIRECTION('',(0.,1.,0.));
#5757 = PCURVE('',#2476,#5758);
#5758 = DEFINITIONAL_REPRESENTATION('',(#5759),#5762);
#5759 = B_SPLINE_CURVE_WITH_KNOTS('',1,(#5760,#5761),.UNSPECIFIED.,.F.,
  .F.,(2,2),(2.25,2.75),.PIECEWISE_BEZIER_KNOTS.);
#5760 = CARTESIAN_POINT('',(61.,0.));
#5761 = CARTESIAN_POINT('',(61.,-0.5));
#5762 = ( GEOMETRIC_REPRESENTATION_CONTEXT(2) 
PARAMETRIC_REPRESENTATION_CONTEXT() REPRESENTATION_CONTEXT('2D SPACE',''
  ) );
#5763 = PCURVE('',#5764,#5769);
#5764 = PLANE('',#5765);
#5765 = AXIS2_PLACEMENT_3D('',#5766,#5767,#5768);
#5766 = CARTESIAN_POINT('',(11.,1.9,94.));
#5767 = DIRECTION('',(0.,0.,1.));
#5768 = DIRECTION('',(1.,0.,0.));
#5769 = DEFINITIONAL_REPRESENTATION('',(#5770),#5773);
#5770 = B_SPLINE_CURVE_WITH_KNOTS('',1,(#5771,#5772),.UNSPECIFIED.,.F.,
  .F.,(2,2),(2.25,2.75),.PIECEWISE_BEZIER_KNOTS.);
#5771 = CARTESIAN_POINT('',(203.2,4.5));
#5772 = CARTESIAN_POINT('',(203.2,5.));
#5773 = ( GEOMETRIC_REPRESENTATION_CONTEXT(2) 
PARAMETRIC_REPRESENTATION_CONTEXT() REPRESENTATION_CONTEXT('2D SPACE',''
  ) );
#5774 = ADVANCED_FACE('',(#5775),#2397,.F.);
#5775 = FACE_BOUND('',#5776,.F.);
#5776 = EDGE_LOOP('',(#5777,#5778,#5779,#5780,#5781,#5804));
#5777 = ORIENTED_EDGE('',*,*,#2381,.F.);
#5778 = ORIENTED_EDGE('',*,*,#4632,.T.);
#5779 = ORIENTED_EDGE('',*,*,#4539,.T.);
#5780 = ORIENTED_EDGE('',*,*,#4573,.T.);
#5781 = ORIENTED_EDGE('',*,*,#5782,.T.);
#5782 = EDGE_CURVE('',#4386,#5783,#5785,.T.);
#5783 = VERTEX_POINT('',#5784);
#5784 = CARTESIAN_POINT('',(212.6,77.,109.));
#5785 = SURFACE_CURVE('',#5786,(#5790,#5797),.PCURVE_S1.);
#5786 = LINE('',#5787,#5788);
#5787 = CARTESIAN_POINT('',(2.4,77.,109.));
#5788 = VECTOR('',#5789,1.);
#5789 = DIRECTION('',(1.,0.,0.));
#5790 = PCURVE('',#2397,#5791);
#5791 = DEFINITIONAL_REPRESENTATION('',(#5792),#5796);
#5792 = LINE('',#5793,#5794);
#5793 = CARTESIAN_POINT('',(1.570796326795,0.));
#5794 = VECTOR('',#5795,1.);
#5795 = DIRECTION('',(0.,1.));
#5796 = ( GEOMETRIC_REPRESENTATION_CONTEXT(2) 
PARAMETRIC_REPRESENTATION_CONTEXT() REPRESENTATION_CONTEXT('2D SPACE',''
  ) );
#5797 = PCURVE('',#3737,#5798);
#5798 = DEFINITIONAL_REPRESENTATION('',(#5799),#5803);
#5799 = LINE('',#5800,#5801);
#5800 = CARTESIAN_POINT('',(0.,74.6));
#5801 = VECTOR('',#5802,1.);
#5802 = DIRECTION('',(1.,0.));
#5803 = ( GEOMETRIC_REPRESENTATION_CONTEXT(2) 
PARAMETRIC_REPRESENTATION_CONTEXT() REPRESENTATION_CONTEXT('2D SPACE',''
  ) );
#5804 = ORIENTED_EDGE('',*,*,#5805,.F.);
#5805 = EDGE_CURVE('',#2382,#5783,#5806,.T.);
#5806 = SURFACE_CURVE('',#5807,(#5812,#5819),.PCURVE_S1.);
#5807 = CIRCLE('',#5808,0.6);
#5808 = AXIS2_PLACEMENT_3D('',#5809,#5810,#5811);
#5809 = CARTESIAN_POINT('',(212.6,77.,108.4));
#5810 = DIRECTION('',(1.,0.,0.));
#5811 = DIRECTION('',(-0.,1.,0.));
#5812 = PCURVE('',#2397,#5813);
#5813 = DEFINITIONAL_REPRESENTATION('',(#5814),#5818);
#5814 = LINE('',#5815,#5816);
#5815 = CARTESIAN_POINT('',(0.,210.2));
#5816 = VECTOR('',#5817,1.);
#5817 = DIRECTION('',(1.,0.));
#5818 = ( GEOMETRIC_REPRESENTATION_CONTEXT(2) 
PARAMETRIC_REPRESENTATION_CONTEXT() REPRESENTATION_CONTEXT('2D SPACE',''
  ) );
#5819 = PCURVE('',#2424,#5820);
#5820 = DEFINITIONAL_REPRESENTATION('',(#5821),#5825);
#5821 = CIRCLE('',#5822,0.6);
#5822 = AXIS2_PLACEMENT_2D('',#5823,#5824);
#5823 = CARTESIAN_POINT('',(75.4,-70.6));
#5824 = DIRECTION('',(0.,-1.));
#5825 = ( GEOMETRIC_REPRESENTATION_CONTEXT(2) 
PARAMETRIC_REPRESENTATION_CONTEXT() REPRESENTATION_CONTEXT('2D SPACE',''
  ) );
#5826 = ADVANCED_FACE('',(#5827),#2450,.F.);
#5827 = FACE_BOUND('',#5828,.F.);
#5828 = EDGE_LOOP('',(#5829,#5852,#5873,#5874));
#5829 = ORIENTED_EDGE('',*,*,#5830,.F.);
#5830 = EDGE_CURVE('',#5831,#2410,#5833,.T.);
#5831 = VERTEX_POINT('',#5832);
#5832 = CARTESIAN_POINT('',(212.6,6.4,33.));
#5833 = SURFACE_CURVE('',#5834,(#5838,#5845),.PCURVE_S1.);
#5834 = LINE('',#5835,#5836);
#5835 = CARTESIAN_POINT('',(212.6,6.4,33.));
#5836 = VECTOR('',#5837,1.);
#5837 = DIRECTION('',(0.,1.,0.));
#5838 = PCURVE('',#2450,#5839);
#5839 = DEFINITIONAL_REPRESENTATION('',(#5840),#5844);
#5840 = LINE('',#5841,#5842);
#5841 = CARTESIAN_POINT('',(0.,0.));
#5842 = VECTOR('',#5843,1.);
#5843 = DIRECTION('',(0.,1.));
#5844 = ( GEOMETRIC_REPRESENTATION_CONTEXT(2) 
PARAMETRIC_REPRESENTATION_CONTEXT() REPRESENTATION_CONTEXT('2D SPACE',''
  ) );
#5845 = PCURVE('',#2424,#5846);
#5846 = DEFINITIONAL_REPRESENTATION('',(#5847),#5851);
#5847 = LINE('',#5848,#5849);
#5848 = CARTESIAN_POINT('',(0.,0.));
#5849 = VECTOR('',#5850,1.);
#5850 = DIRECTION('',(0.,-1.));
#5851 = ( GEOMETRIC_REPRESENTATION_CONTEXT(2) 
PARAMETRIC_REPRESENTATION_CONTEXT() REPRESENTATION_CONTEXT('2D SPACE',''
  ) );
#5852 = ORIENTED_EDGE('',*,*,#5853,.T.);
#5853 = EDGE_CURVE('',#5831,#5336,#5854,.T.);
#5854 = SURFACE_CURVE('',#5855,(#5859,#5866),.PCURVE_S1.);
#5855 = LINE('',#5856,#5857);
#5856 = CARTESIAN_POINT('',(212.6,6.4,33.));
#5857 = VECTOR('',#5858,1.);
#5858 = DIRECTION('',(1.,0.,0.));
#5859 = PCURVE('',#2450,#5860);
#5860 = DEFINITIONAL_REPRESENTATION('',(#5861),#5865);
#5861 = LINE('',#5862,#5863);
#5862 = CARTESIAN_POINT('',(0.,0.));
#5863 = VECTOR('',#5864,1.);
#5864 = DIRECTION('',(1.,0.));
#5865 = ( GEOMETRIC_REPRESENTATION_CONTEXT(2) 
PARAMETRIC_REPRESENTATION_CONTEXT() REPRESENTATION_CONTEXT('2D SPACE',''
  ) );
#5866 = PCURVE('',#5353,#5867);
#5867 = DEFINITIONAL_REPRESENTATION('',(#5868),#5872);
#5868 = LINE('',#5869,#5870);
#5869 = CARTESIAN_POINT('',(0.,0.));
#5870 = VECTOR('',#5871,1.);
#5871 = DIRECTION('',(0.,1.));
#5872 = ( GEOMETRIC_REPRESENTATION_CONTEXT(2) 
PARAMETRIC_REPRESENTATION_CONTEXT() REPRESENTATION_CONTEXT('2D SPACE',''
  ) );
#5873 = ORIENTED_EDGE('',*,*,#5365,.T.);
#5874 = ORIENTED_EDGE('',*,*,#2435,.F.);
#5875 = ADVANCED_FACE('',(#5876),#2424,.F.);
#5876 = FACE_BOUND('',#5877,.F.);
#5877 = EDGE_LOOP('',(#5878,#5901,#5902,#5903,#5904,#5925,#5951,#5977,
    #5998,#6019,#6045,#6071,#6092,#6113,#6139,#6165,#6186,#6207,#6230,
    #6251,#6277));
#5878 = ORIENTED_EDGE('',*,*,#5879,.F.);
#5879 = EDGE_CURVE('',#5831,#5880,#5882,.T.);
#5880 = VERTEX_POINT('',#5881);
#5881 = CARTESIAN_POINT('',(212.6,6.4,94.));
#5882 = SURFACE_CURVE('',#5883,(#5887,#5894),.PCURVE_S1.);
#5883 = LINE('',#5884,#5885);
#5884 = CARTESIAN_POINT('',(212.6,6.4,33.));
#5885 = VECTOR('',#5886,1.);
#5886 = DIRECTION('',(0.,0.,1.));
#5887 = PCURVE('',#2424,#5888);
#5888 = DEFINITIONAL_REPRESENTATION('',(#5889),#5893);
#5889 = LINE('',#5890,#5891);
#5890 = CARTESIAN_POINT('',(0.,0.));
#5891 = VECTOR('',#5892,1.);
#5892 = DIRECTION('',(1.,0.));
#5893 = ( GEOMETRIC_REPRESENTATION_CONTEXT(2) 
PARAMETRIC_REPRESENTATION_CONTEXT() REPRESENTATION_CONTEXT('2D SPACE',''
  ) );
#5894 = PCURVE('',#5353,#5895);
#5895 = DEFINITIONAL_REPRESENTATION('',(#5896),#5900);
#5896 = LINE('',#5897,#5898);
#5897 = CARTESIAN_POINT('',(0.,0.));
#5898 = VECTOR('',#5899,1.);
#5899 = DIRECTION('',(1.,0.));
#5900 = ( GEOMETRIC_REPRESENTATION_CONTEXT(2) 
PARAMETRIC_REPRESENTATION_CONTEXT() REPRESENTATION_CONTEXT('2D SPACE',''
  ) );
#5901 = ORIENTED_EDGE('',*,*,#5830,.T.);
#5902 = ORIENTED_EDGE('',*,*,#2409,.F.);
#5903 = ORIENTED_EDGE('',*,*,#5805,.T.);
#5904 = ORIENTED_EDGE('',*,*,#5905,.F.);
#5905 = EDGE_CURVE('',#5906,#5783,#5908,.T.);
#5906 = VERTEX_POINT('',#5907);
#5907 = CARTESIAN_POINT('',(212.6,54.615339366125,109.));
#5908 = SURFACE_CURVE('',#5909,(#5913,#5919),.PCURVE_S1.);
#5909 = LINE('',#5910,#5911);
#5910 = CARTESIAN_POINT('',(212.6,4.4,109.));
#5911 = VECTOR('',#5912,1.);
#5912 = DIRECTION('',(0.,1.,0.));
#5913 = PCURVE('',#2424,#5914);
#5914 = DEFINITIONAL_REPRESENTATION('',(#5915),#5918);
#5915 = B_SPLINE_CURVE_WITH_KNOTS('',1,(#5916,#5917),.UNSPECIFIED.,.F.,
  .F.,(2,2),(2.,72.6),.PIECEWISE_BEZIER_KNOTS.);
#5916 = CARTESIAN_POINT('',(76.,0.));
#5917 = CARTESIAN_POINT('',(76.,-70.6));
#5918 = ( GEOMETRIC_REPRESENTATION_CONTEXT(2) 
PARAMETRIC_REPRESENTATION_CONTEXT() REPRESENTATION_CONTEXT('2D SPACE',''
  ) );
#5919 = PCURVE('',#3737,#5920);
#5920 = DEFINITIONAL_REPRESENTATION('',(#5921),#5924);
#5921 = B_SPLINE_CURVE_WITH_KNOTS('',1,(#5922,#5923),.UNSPECIFIED.,.F.,
  .F.,(2,2),(2.,72.6),.PIECEWISE_BEZIER_KNOTS.);
#5922 = CARTESIAN_POINT('',(210.2,4.));
#5923 = CARTESIAN_POINT('',(210.2,74.6));
#5924 = ( GEOMETRIC_REPRESENTATION_CONTEXT(2) 
PARAMETRIC_REPRESENTATION_CONTEXT() REPRESENTATION_CONTEXT('2D SPACE',''
  ) );
#5925 = ORIENTED_EDGE('',*,*,#5926,.T.);
#5926 = EDGE_CURVE('',#5906,#5927,#5929,.T.);
#5927 = VERTEX_POINT('',#5928);
#5928 = CARTESIAN_POINT('',(212.6,54.615339366124,93.));
#5929 = SURFACE_CURVE('',#5930,(#5934,#5940),.PCURVE_S1.);
#5930 = LINE('',#5931,#5932);
#5931 = CARTESIAN_POINT('',(212.6,54.615339366124,93.));
#5932 = VECTOR('',#5933,1.);
#5933 = DIRECTION('',(-0.,-0.,-1.));
#5934 = PCURVE('',#2424,#5935);
#5935 = DEFINITIONAL_REPRESENTATION('',(#5936),#5939);
#5936 = B_SPLINE_CURVE_WITH_KNOTS('',1,(#5937,#5938),.UNSPECIFIED.,.F.,
  .F.,(2,2),(-17.0000006,6.000000070117E-07),.PIECEWISE_BEZIER_KNOTS.);
#5937 = CARTESIAN_POINT('',(77.0000006,-48.21533936612));
#5938 = CARTESIAN_POINT('',(59.9999994,-48.21533936612));
#5939 = ( GEOMETRIC_REPRESENTATION_CONTEXT(2) 
PARAMETRIC_REPRESENTATION_CONTEXT() REPRESENTATION_CONTEXT('2D SPACE',''
  ) );
#5940 = PCURVE('',#5941,#5946);
#5941 = CYLINDRICAL_SURFACE('',#5942,6.);
#5942 = AXIS2_PLACEMENT_3D('',#5943,#5944,#5945);
#5943 = CARTESIAN_POINT('',(218.,52.,93.));
#5944 = DIRECTION('',(-0.,-0.,-1.));
#5945 = DIRECTION('',(1.,0.,0.));
#5946 = DEFINITIONAL_REPRESENTATION('',(#5947),#5950);
#5947 = B_SPLINE_CURVE_WITH_KNOTS('',1,(#5948,#5949),.UNSPECIFIED.,.F.,
  .F.,(2,2),(-17.0000006,6.000000070117E-07),.PIECEWISE_BEZIER_KNOTS.);
#5948 = CARTESIAN_POINT('',(-2.690565841794,-17.0000006));
#5949 = CARTESIAN_POINT('',(-2.690565841794,6.000000070117E-07));
#5950 = ( GEOMETRIC_REPRESENTATION_CONTEXT(2) 
PARAMETRIC_REPRESENTATION_CONTEXT() REPRESENTATION_CONTEXT('2D SPACE',''
  ) );
#5951 = ORIENTED_EDGE('',*,*,#5952,.T.);
#5952 = EDGE_CURVE('',#5927,#5953,#5955,.T.);
#5953 = VERTEX_POINT('',#5954);
#5954 = CARTESIAN_POINT('',(212.6,49.384660633876,93.));
#5955 = SURFACE_CURVE('',#5956,(#5960,#5966),.PCURVE_S1.);
#5956 = LINE('',#5957,#5958);
#5957 = CARTESIAN_POINT('',(212.6,29.2,93.));
#5958 = VECTOR('',#5959,1.);
#5959 = DIRECTION('',(0.,-1.,0.));
#5960 = PCURVE('',#2424,#5961);
#5961 = DEFINITIONAL_REPRESENTATION('',(#5962),#5965);
#5962 = B_SPLINE_CURVE_WITH_KNOTS('',1,(#5963,#5964),.UNSPECIFIED.,.F.,
  .F.,(2,2),(-28.8,-16.8),.PIECEWISE_BEZIER_KNOTS.);
#5963 = CARTESIAN_POINT('',(60.,-51.6));
#5964 = CARTESIAN_POINT('',(60.,-39.6));
#5965 = ( GEOMETRIC_REPRESENTATION_CONTEXT(2) 
PARAMETRIC_REPRESENTATION_CONTEXT() REPRESENTATION_CONTEXT('2D SPACE',''
  ) );
#5966 = PCURVE('',#5967,#5972);
#5967 = PLANE('',#5968);
#5968 = AXIS2_PLACEMENT_3D('',#5969,#5970,#5971);
#5969 = CARTESIAN_POINT('',(218.,52.,93.));
#5970 = DIRECTION('',(0.,0.,1.));
#5971 = DIRECTION('',(1.,0.,-0.));
#5972 = DEFINITIONAL_REPRESENTATION('',(#5973),#5976);
#5973 = B_SPLINE_CURVE_WITH_KNOTS('',1,(#5974,#5975),.UNSPECIFIED.,.F.,
  .F.,(2,2),(-28.8,-16.8),.PIECEWISE_BEZIER_KNOTS.);
#5974 = CARTESIAN_POINT('',(-5.4,6.));
#5975 = CARTESIAN_POINT('',(-5.4,-6.));
#5976 = ( GEOMETRIC_REPRESENTATION_CONTEXT(2) 
PARAMETRIC_REPRESENTATION_CONTEXT() REPRESENTATION_CONTEXT('2D SPACE',''
  ) );
#5977 = ORIENTED_EDGE('',*,*,#5978,.F.);
#5978 = EDGE_CURVE('',#5979,#5953,#5981,.T.);
#5979 = VERTEX_POINT('',#5980);
#5980 = CARTESIAN_POINT('',(212.6,49.384660633875,109.));
#5981 = SURFACE_CURVE('',#5982,(#5986,#5992),.PCURVE_S1.);
#5982 = LINE('',#5983,#5984);
#5983 = CARTESIAN_POINT('',(212.6,49.384660633876,93.));
#5984 = VECTOR('',#5985,1.);
#5985 = DIRECTION('',(-0.,-0.,-1.));
#5986 = PCURVE('',#2424,#5987);
#5987 = DEFINITIONAL_REPRESENTATION('',(#5988),#5991);
#5988 = B_SPLINE_CURVE_WITH_KNOTS('',1,(#5989,#5990),.UNSPECIFIED.,.F.,
  .F.,(2,2),(-17.0000006,6.000000070117E-07),.PIECEWISE_BEZIER_KNOTS.);
#5989 = CARTESIAN_POINT('',(77.0000006,-42.98466063387));
#5990 = CARTESIAN_POINT('',(59.9999994,-42.98466063387));
#5991 = ( GEOMETRIC_REPRESENTATION_CONTEXT(2) 
PARAMETRIC_REPRESENTATION_CONTEXT() REPRESENTATION_CONTEXT('2D SPACE',''
  ) );
#5992 = PCURVE('',#5941,#5993);
#5993 = DEFINITIONAL_REPRESENTATION('',(#5994),#5997);
#5994 = B_SPLINE_CURVE_WITH_KNOTS('',1,(#5995,#5996),.UNSPECIFIED.,.F.,
  .F.,(2,2),(-17.0000006,6.000000070117E-07),.PIECEWISE_BEZIER_KNOTS.);
#5995 = CARTESIAN_POINT('',(-3.592619465386,-17.0000006));
#5996 = CARTESIAN_POINT('',(-3.592619465386,6.000000070117E-07));
#5997 = ( GEOMETRIC_REPRESENTATION_CONTEXT(2) 
PARAMETRIC_REPRESENTATION_CONTEXT() REPRESENTATION_CONTEXT('2D SPACE',''
  ) );
#5998 = ORIENTED_EDGE('',*,*,#5999,.F.);
#5999 = EDGE_CURVE('',#6000,#5979,#6002,.T.);
#6000 = VERTEX_POINT('',#6001);
#6001 = CARTESIAN_POINT('',(212.6,40.615339366123,109.));
#6002 = SURFACE_CURVE('',#6003,(#6007,#6013),.PCURVE_S1.);
#6003 = LINE('',#6004,#6005);
#6004 = CARTESIAN_POINT('',(212.6,4.4,109.));
#6005 = VECTOR('',#6006,1.);
#6006 = DIRECTION('',(0.,1.,0.));
#6007 = PCURVE('',#2424,#6008);
#6008 = DEFINITIONAL_REPRESENTATION('',(#6009),#6012);
#6009 = B_SPLINE_CURVE_WITH_KNOTS('',1,(#6010,#6011),.UNSPECIFIED.,.F.,
  .F.,(2,2),(2.,72.6),.PIECEWISE_BEZIER_KNOTS.);
#6010 = CARTESIAN_POINT('',(76.,0.));
#6011 = CARTESIAN_POINT('',(76.,-70.6));
#6012 = ( GEOMETRIC_REPRESENTATION_CONTEXT(2) 
PARAMETRIC_REPRESENTATION_CONTEXT() REPRESENTATION_CONTEXT('2D SPACE',''
  ) );
#6013 = PCURVE('',#3737,#6014);
#6014 = DEFINITIONAL_REPRESENTATION('',(#6015),#6018);
#6015 = B_SPLINE_CURVE_WITH_KNOTS('',1,(#6016,#6017),.UNSPECIFIED.,.F.,
  .F.,(2,2),(2.,72.6),.PIECEWISE_BEZIER_KNOTS.);
#6016 = CARTESIAN_POINT('',(210.2,4.));
#6017 = CARTESIAN_POINT('',(210.2,74.6));
#6018 = ( GEOMETRIC_REPRESENTATION_CONTEXT(2) 
PARAMETRIC_REPRESENTATION_CONTEXT() REPRESENTATION_CONTEXT('2D SPACE',''
  ) );
#6019 = ORIENTED_EDGE('',*,*,#6020,.T.);
#6020 = EDGE_CURVE('',#6000,#6021,#6023,.T.);
#6021 = VERTEX_POINT('',#6022);
#6022 = CARTESIAN_POINT('',(212.6,40.615339366124,93.));
#6023 = SURFACE_CURVE('',#6024,(#6028,#6034),.PCURVE_S1.);
#6024 = LINE('',#6025,#6026);
#6025 = CARTESIAN_POINT('',(212.6,40.615339366124,93.));
#6026 = VECTOR('',#6027,1.);
#6027 = DIRECTION('',(-0.,-0.,-1.));
#6028 = PCURVE('',#2424,#6029);
#6029 = DEFINITIONAL_REPRESENTATION('',(#6030),#6033);
#6030 = B_SPLINE_CURVE_WITH_KNOTS('',1,(#6031,#6032),.UNSPECIFIED.,.F.,
  .F.,(2,2),(-17.0000006,6.000000070117E-07),.PIECEWISE_BEZIER_KNOTS.);
#6031 = CARTESIAN_POINT('',(77.0000006,-34.21533936612));
#6032 = CARTESIAN_POINT('',(59.9999994,-34.21533936612));
#6033 = ( GEOMETRIC_REPRESENTATION_CONTEXT(2) 
PARAMETRIC_REPRESENTATION_CONTEXT() REPRESENTATION_CONTEXT('2D SPACE',''
  ) );
#6034 = PCURVE('',#6035,#6040);
#6035 = CYLINDRICAL_SURFACE('',#6036,6.);
#6036 = AXIS2_PLACEMENT_3D('',#6037,#6038,#6039);
#6037 = CARTESIAN_POINT('',(218.,38.,93.));
#6038 = DIRECTION('',(-0.,-0.,-1.));
#6039 = DIRECTION('',(1.,0.,0.));
#6040 = DEFINITIONAL_REPRESENTATION('',(#6041),#6044);
#6041 = B_SPLINE_CURVE_WITH_KNOTS('',1,(#6042,#6043),.UNSPECIFIED.,.F.,
  .F.,(2,2),(-17.0000006,6.000000070117E-07),.PIECEWISE_BEZIER_KNOTS.);
#6042 = CARTESIAN_POINT('',(-2.690565841794,-17.0000006));
#6043 = CARTESIAN_POINT('',(-2.690565841794,6.000000070117E-07));
#6044 = ( GEOMETRIC_REPRESENTATION_CONTEXT(2) 
PARAMETRIC_REPRESENTATION_CONTEXT() REPRESENTATION_CONTEXT('2D SPACE',''
  ) );
#6045 = ORIENTED_EDGE('',*,*,#6046,.T.);
#6046 = EDGE_CURVE('',#6021,#6047,#6049,.T.);
#6047 = VERTEX_POINT('',#6048);
#6048 = CARTESIAN_POINT('',(212.6,35.384660633876,93.));
#6049 = SURFACE_CURVE('',#6050,(#6054,#6060),.PCURVE_S1.);
#6050 = LINE('',#6051,#6052);
#6051 = CARTESIAN_POINT('',(212.6,22.2,93.));
#6052 = VECTOR('',#6053,1.);
#6053 = DIRECTION('',(0.,-1.,0.));
#6054 = PCURVE('',#2424,#6055);
#6055 = DEFINITIONAL_REPRESENTATION('',(#6056),#6059);
#6056 = B_SPLINE_CURVE_WITH_KNOTS('',1,(#6057,#6058),.UNSPECIFIED.,.F.,
  .F.,(2,2),(-21.8,-9.8),.PIECEWISE_BEZIER_KNOTS.);
#6057 = CARTESIAN_POINT('',(60.,-37.6));
#6058 = CARTESIAN_POINT('',(60.,-25.6));
#6059 = ( GEOMETRIC_REPRESENTATION_CONTEXT(2) 
PARAMETRIC_REPRESENTATION_CONTEXT() REPRESENTATION_CONTEXT('2D SPACE',''
  ) );
#6060 = PCURVE('',#6061,#6066);
#6061 = PLANE('',#6062);
#6062 = AXIS2_PLACEMENT_3D('',#6063,#6064,#6065);
#6063 = CARTESIAN_POINT('',(218.,38.,93.));
#6064 = DIRECTION('',(0.,0.,1.));
#6065 = DIRECTION('',(1.,0.,-0.));
#6066 = DEFINITIONAL_REPRESENTATION('',(#6067),#6070);
#6067 = B_SPLINE_CURVE_WITH_KNOTS('',1,(#6068,#6069),.UNSPECIFIED.,.F.,
  .F.,(2,2),(-21.8,-9.8),.PIECEWISE_BEZIER_KNOTS.);
#6068 = CARTESIAN_POINT('',(-5.4,6.));
#6069 = CARTESIAN_POINT('',(-5.4,-6.));
#6070 = ( GEOMETRIC_REPRESENTATION_CONTEXT(2) 
PARAMETRIC_REPRESENTATION_CONTEXT() REPRESENTATION_CONTEXT('2D SPACE',''
  ) );
#6071 = ORIENTED_EDGE('',*,*,#6072,.F.);
#6072 = EDGE_CURVE('',#6073,#6047,#6075,.T.);
#6073 = VERTEX_POINT('',#6074);
#6074 = CARTESIAN_POINT('',(212.6,35.384660633877,109.));
#6075 = SURFACE_CURVE('',#6076,(#6080,#6086),.PCURVE_S1.);
#6076 = LINE('',#6077,#6078);
#6077 = CARTESIAN_POINT('',(212.6,35.384660633876,93.));
#6078 = VECTOR('',#6079,1.);
#6079 = DIRECTION('',(-0.,-0.,-1.));
#6080 = PCURVE('',#2424,#6081);
#6081 = DEFINITIONAL_REPRESENTATION('',(#6082),#6085);
#6082 = B_SPLINE_CURVE_WITH_KNOTS('',1,(#6083,#6084),.UNSPECIFIED.,.F.,
  .F.,(2,2),(-17.0000006,6.000000070117E-07),.PIECEWISE_BEZIER_KNOTS.);
#6083 = CARTESIAN_POINT('',(77.0000006,-28.98466063387));
#6084 = CARTESIAN_POINT('',(59.9999994,-28.98466063387));
#6085 = ( GEOMETRIC_REPRESENTATION_CONTEXT(2) 
PARAMETRIC_REPRESENTATION_CONTEXT() REPRESENTATION_CONTEXT('2D SPACE',''
  ) );
#6086 = PCURVE('',#6035,#6087);
#6087 = DEFINITIONAL_REPRESENTATION('',(#6088),#6091);
#6088 = B_SPLINE_CURVE_WITH_KNOTS('',1,(#6089,#6090),.UNSPECIFIED.,.F.,
  .F.,(2,2),(-17.0000006,6.000000070117E-07),.PIECEWISE_BEZIER_KNOTS.);
#6089 = CARTESIAN_POINT('',(-3.592619465386,-17.0000006));
#6090 = CARTESIAN_POINT('',(-3.592619465386,6.000000070117E-07));
#6091 = ( GEOMETRIC_REPRESENTATION_CONTEXT(2) 
PARAMETRIC_REPRESENTATION_CONTEXT() REPRESENTATION_CONTEXT('2D SPACE',''
  ) );
#6092 = ORIENTED_EDGE('',*,*,#6093,.F.);
#6093 = EDGE_CURVE('',#6094,#6073,#6096,.T.);
#6094 = VERTEX_POINT('',#6095);
#6095 = CARTESIAN_POINT('',(212.6,26.615339366123,109.));
#6096 = SURFACE_CURVE('',#6097,(#6101,#6107),.PCURVE_S1.);
#6097 = LINE('',#6098,#6099);
#6098 = CARTESIAN_POINT('',(212.6,4.4,109.));
#6099 = VECTOR('',#6100,1.);
#6100 = DIRECTION('',(0.,1.,0.));
#6101 = PCURVE('',#2424,#6102);
#6102 = DEFINITIONAL_REPRESENTATION('',(#6103),#6106);
#6103 = B_SPLINE_CURVE_WITH_KNOTS('',1,(#6104,#6105),.UNSPECIFIED.,.F.,
  .F.,(2,2),(2.,72.6),.PIECEWISE_BEZIER_KNOTS.);
#6104 = CARTESIAN_POINT('',(76.,0.));
#6105 = CARTESIAN_POINT('',(76.,-70.6));
#6106 = ( GEOMETRIC_REPRESENTATION_CONTEXT(2) 
PARAMETRIC_REPRESENTATION_CONTEXT() REPRESENTATION_CONTEXT('2D SPACE',''
  ) );
#6107 = PCURVE('',#3737,#6108);
#6108 = DEFINITIONAL_REPRESENTATION('',(#6109),#6112);
#6109 = B_SPLINE_CURVE_WITH_KNOTS('',1,(#6110,#6111),.UNSPECIFIED.,.F.,
  .F.,(2,2),(2.,72.6),.PIECEWISE_BEZIER_KNOTS.);
#6110 = CARTESIAN_POINT('',(210.2,4.));
#6111 = CARTESIAN_POINT('',(210.2,74.6));
#6112 = ( GEOMETRIC_REPRESENTATION_CONTEXT(2) 
PARAMETRIC_REPRESENTATION_CONTEXT() REPRESENTATION_CONTEXT('2D SPACE',''
  ) );
#6113 = ORIENTED_EDGE('',*,*,#6114,.T.);
#6114 = EDGE_CURVE('',#6094,#6115,#6117,.T.);
#6115 = VERTEX_POINT('',#6116);
#6116 = CARTESIAN_POINT('',(212.6,26.615339366124,93.));
#6117 = SURFACE_CURVE('',#6118,(#6122,#6128),.PCURVE_S1.);
#6118 = LINE('',#6119,#6120);
#6119 = CARTESIAN_POINT('',(212.6,26.615339366124,93.));
#6120 = VECTOR('',#6121,1.);
#6121 = DIRECTION('',(-0.,-0.,-1.));
#6122 = PCURVE('',#2424,#6123);
#6123 = DEFINITIONAL_REPRESENTATION('',(#6124),#6127);
#6124 = B_SPLINE_CURVE_WITH_KNOTS('',1,(#6125,#6126),.UNSPECIFIED.,.F.,
  .F.,(2,2),(-17.0000006,6.000000070117E-07),.PIECEWISE_BEZIER_KNOTS.);
#6125 = CARTESIAN_POINT('',(77.0000006,-20.21533936612));
#6126 = CARTESIAN_POINT('',(59.9999994,-20.21533936612));
#6127 = ( GEOMETRIC_REPRESENTATION_CONTEXT(2) 
PARAMETRIC_REPRESENTATION_CONTEXT() REPRESENTATION_CONTEXT('2D SPACE',''
  ) );
#6128 = PCURVE('',#6129,#6134);
#6129 = CYLINDRICAL_SURFACE('',#6130,6.);
#6130 = AXIS2_PLACEMENT_3D('',#6131,#6132,#6133);
#6131 = CARTESIAN_POINT('',(218.,24.,93.));
#6132 = DIRECTION('',(-0.,-0.,-1.));
#6133 = DIRECTION('',(1.,0.,0.));
#6134 = DEFINITIONAL_REPRESENTATION('',(#6135),#6138);
#6135 = B_SPLINE_CURVE_WITH_KNOTS('',1,(#6136,#6137),.UNSPECIFIED.,.F.,
  .F.,(2,2),(-17.0000006,6.000000070117E-07),.PIECEWISE_BEZIER_KNOTS.);
#6136 = CARTESIAN_POINT('',(-2.690565841794,-17.0000006));
#6137 = CARTESIAN_POINT('',(-2.690565841794,6.000000070117E-07));
#6138 = ( GEOMETRIC_REPRESENTATION_CONTEXT(2) 
PARAMETRIC_REPRESENTATION_CONTEXT() REPRESENTATION_CONTEXT('2D SPACE',''
  ) );
#6139 = ORIENTED_EDGE('',*,*,#6140,.T.);
#6140 = EDGE_CURVE('',#6115,#6141,#6143,.T.);
#6141 = VERTEX_POINT('',#6142);
#6142 = CARTESIAN_POINT('',(212.6,21.384660633876,93.));
#6143 = SURFACE_CURVE('',#6144,(#6148,#6154),.PCURVE_S1.);
#6144 = LINE('',#6145,#6146);
#6145 = CARTESIAN_POINT('',(212.6,15.2,93.));
#6146 = VECTOR('',#6147,1.);
#6147 = DIRECTION('',(0.,-1.,0.));
#6148 = PCURVE('',#2424,#6149);
#6149 = DEFINITIONAL_REPRESENTATION('',(#6150),#6153);
#6150 = B_SPLINE_CURVE_WITH_KNOTS('',1,(#6151,#6152),.UNSPECIFIED.,.F.,
  .F.,(2,2),(-14.8,-2.8),.PIECEWISE_BEZIER_KNOTS.);
#6151 = CARTESIAN_POINT('',(60.,-23.6));
#6152 = CARTESIAN_POINT('',(60.,-11.6));
#6153 = ( GEOMETRIC_REPRESENTATION_CONTEXT(2) 
PARAMETRIC_REPRESENTATION_CONTEXT() REPRESENTATION_CONTEXT('2D SPACE',''
  ) );
#6154 = PCURVE('',#6155,#6160);
#6155 = PLANE('',#6156);
#6156 = AXIS2_PLACEMENT_3D('',#6157,#6158,#6159);
#6157 = CARTESIAN_POINT('',(218.,24.,93.));
#6158 = DIRECTION('',(0.,0.,1.));
#6159 = DIRECTION('',(1.,0.,-0.));
#6160 = DEFINITIONAL_REPRESENTATION('',(#6161),#6164);
#6161 = B_SPLINE_CURVE_WITH_KNOTS('',1,(#6162,#6163),.UNSPECIFIED.,.F.,
  .F.,(2,2),(-14.8,-2.8),.PIECEWISE_BEZIER_KNOTS.);
#6162 = CARTESIAN_POINT('',(-5.4,6.));
#6163 = CARTESIAN_POINT('',(-5.4,-6.));
#6164 = ( GEOMETRIC_REPRESENTATION_CONTEXT(2) 
PARAMETRIC_REPRESENTATION_CONTEXT() REPRESENTATION_CONTEXT('2D SPACE',''
  ) );
#6165 = ORIENTED_EDGE('',*,*,#6166,.F.);
#6166 = EDGE_CURVE('',#6167,#6141,#6169,.T.);
#6167 = VERTEX_POINT('',#6168);
#6168 = CARTESIAN_POINT('',(212.6,21.384660633877,109.));
#6169 = SURFACE_CURVE('',#6170,(#6174,#6180),.PCURVE_S1.);
#6170 = LINE('',#6171,#6172);
#6171 = CARTESIAN_POINT('',(212.6,21.384660633876,93.));
#6172 = VECTOR('',#6173,1.);
#6173 = DIRECTION('',(-0.,-0.,-1.));
#6174 = PCURVE('',#2424,#6175);
#6175 = DEFINITIONAL_REPRESENTATION('',(#6176),#6179);
#6176 = B_SPLINE_CURVE_WITH_KNOTS('',1,(#6177,#6178),.UNSPECIFIED.,.F.,
  .F.,(2,2),(-17.0000006,6.000000070117E-07),.PIECEWISE_BEZIER_KNOTS.);
#6177 = CARTESIAN_POINT('',(77.0000006,-14.98466063387));
#6178 = CARTESIAN_POINT('',(59.9999994,-14.98466063387));
#6179 = ( GEOMETRIC_REPRESENTATION_CONTEXT(2) 
PARAMETRIC_REPRESENTATION_CONTEXT() REPRESENTATION_CONTEXT('2D SPACE',''
  ) );
#6180 = PCURVE('',#6129,#6181);
#6181 = DEFINITIONAL_REPRESENTATION('',(#6182),#6185);
#6182 = B_SPLINE_CURVE_WITH_KNOTS('',1,(#6183,#6184),.UNSPECIFIED.,.F.,
  .F.,(2,2),(-17.0000006,6.000000070117E-07),.PIECEWISE_BEZIER_KNOTS.);
#6183 = CARTESIAN_POINT('',(-3.592619465386,-17.0000006));
#6184 = CARTESIAN_POINT('',(-3.592619465386,6.000000070117E-07));
#6185 = ( GEOMETRIC_REPRESENTATION_CONTEXT(2) 
PARAMETRIC_REPRESENTATION_CONTEXT() REPRESENTATION_CONTEXT('2D SPACE',''
  ) );
#6186 = ORIENTED_EDGE('',*,*,#6187,.F.);
#6187 = EDGE_CURVE('',#6188,#6167,#6190,.T.);
#6188 = VERTEX_POINT('',#6189);
#6189 = CARTESIAN_POINT('',(212.6,6.4,109.));
#6190 = SURFACE_CURVE('',#6191,(#6195,#6201),.PCURVE_S1.);
#6191 = LINE('',#6192,#6193);
#6192 = CARTESIAN_POINT('',(212.6,4.4,109.));
#6193 = VECTOR('',#6194,1.);
#6194 = DIRECTION('',(0.,1.,0.));
#6195 = PCURVE('',#2424,#6196);
#6196 = DEFINITIONAL_REPRESENTATION('',(#6197),#6200);
#6197 = B_SPLINE_CURVE_WITH_KNOTS('',1,(#6198,#6199),.UNSPECIFIED.,.F.,
  .F.,(2,2),(2.,72.6),.PIECEWISE_BEZIER_KNOTS.);
#6198 = CARTESIAN_POINT('',(76.,0.));
#6199 = CARTESIAN_POINT('',(76.,-70.6));
#6200 = ( GEOMETRIC_REPRESENTATION_CONTEXT(2) 
PARAMETRIC_REPRESENTATION_CONTEXT() REPRESENTATION_CONTEXT('2D SPACE',''
  ) );
#6201 = PCURVE('',#3737,#6202);
#6202 = DEFINITIONAL_REPRESENTATION('',(#6203),#6206);
#6203 = B_SPLINE_CURVE_WITH_KNOTS('',1,(#6204,#6205),.UNSPECIFIED.,.F.,
  .F.,(2,2),(2.,72.6),.PIECEWISE_BEZIER_KNOTS.);
#6204 = CARTESIAN_POINT('',(210.2,4.));
#6205 = CARTESIAN_POINT('',(210.2,74.6));
#6206 = ( GEOMETRIC_REPRESENTATION_CONTEXT(2) 
PARAMETRIC_REPRESENTATION_CONTEXT() REPRESENTATION_CONTEXT('2D SPACE',''
  ) );
#6207 = ORIENTED_EDGE('',*,*,#6208,.F.);
#6208 = EDGE_CURVE('',#6209,#6188,#6211,.T.);
#6209 = VERTEX_POINT('',#6210);
#6210 = CARTESIAN_POINT('',(212.6,6.4,99.));
#6211 = SURFACE_CURVE('',#6212,(#6216,#6223),.PCURVE_S1.);
#6212 = LINE('',#6213,#6214);
#6213 = CARTESIAN_POINT('',(212.6,6.4,33.));
#6214 = VECTOR('',#6215,1.);
#6215 = DIRECTION('',(0.,0.,1.));
#6216 = PCURVE('',#2424,#6217);
#6217 = DEFINITIONAL_REPRESENTATION('',(#6218),#6222);
#6218 = LINE('',#6219,#6220);
#6219 = CARTESIAN_POINT('',(0.,0.));
#6220 = VECTOR('',#6221,1.);
#6221 = DIRECTION('',(1.,0.));
#6222 = ( GEOMETRIC_REPRESENTATION_CONTEXT(2) 
PARAMETRIC_REPRESENTATION_CONTEXT() REPRESENTATION_CONTEXT('2D SPACE',''
  ) );
#6223 = PCURVE('',#5692,#6224);
#6224 = DEFINITIONAL_REPRESENTATION('',(#6225),#6229);
#6225 = LINE('',#6226,#6227);
#6226 = CARTESIAN_POINT('',(0.,0.));
#6227 = VECTOR('',#6228,1.);
#6228 = DIRECTION('',(1.,0.));
#6229 = ( GEOMETRIC_REPRESENTATION_CONTEXT(2) 
PARAMETRIC_REPRESENTATION_CONTEXT() REPRESENTATION_CONTEXT('2D SPACE',''
  ) );
#6230 = ORIENTED_EDGE('',*,*,#6231,.T.);
#6231 = EDGE_CURVE('',#6209,#6232,#6234,.T.);
#6232 = VERTEX_POINT('',#6233);
#6233 = CARTESIAN_POINT('',(212.6,6.9,99.));
#6234 = SURFACE_CURVE('',#6235,(#6239,#6245),.PCURVE_S1.);
#6235 = LINE('',#6236,#6237);
#6236 = CARTESIAN_POINT('',(212.6,4.15,99.));
#6237 = VECTOR('',#6238,1.);
#6238 = DIRECTION('',(0.,1.,0.));
#6239 = PCURVE('',#2424,#6240);
#6240 = DEFINITIONAL_REPRESENTATION('',(#6241),#6244);
#6241 = B_SPLINE_CURVE_WITH_KNOTS('',1,(#6242,#6243),.UNSPECIFIED.,.F.,
  .F.,(2,2),(2.25,2.75),.PIECEWISE_BEZIER_KNOTS.);
#6242 = CARTESIAN_POINT('',(66.,0.));
#6243 = CARTESIAN_POINT('',(66.,-0.5));
#6244 = ( GEOMETRIC_REPRESENTATION_CONTEXT(2) 
PARAMETRIC_REPRESENTATION_CONTEXT() REPRESENTATION_CONTEXT('2D SPACE',''
  ) );
#6245 = PCURVE('',#3429,#6246);
#6246 = DEFINITIONAL_REPRESENTATION('',(#6247),#6250);
#6247 = B_SPLINE_CURVE_WITH_KNOTS('',1,(#6248,#6249),.UNSPECIFIED.,.F.,
  .F.,(2,2),(2.25,2.75),.PIECEWISE_BEZIER_KNOTS.);
#6248 = CARTESIAN_POINT('',(201.6,4.5));
#6249 = CARTESIAN_POINT('',(201.6,5.));
#6250 = ( GEOMETRIC_REPRESENTATION_CONTEXT(2) 
PARAMETRIC_REPRESENTATION_CONTEXT() REPRESENTATION_CONTEXT('2D SPACE',''
  ) );
#6251 = ORIENTED_EDGE('',*,*,#6252,.T.);
#6252 = EDGE_CURVE('',#6232,#6253,#6255,.T.);
#6253 = VERTEX_POINT('',#6254);
#6254 = CARTESIAN_POINT('',(212.6,6.9,94.));
#6255 = SURFACE_CURVE('',#6256,(#6260,#6266),.PCURVE_S1.);
#6256 = LINE('',#6257,#6258);
#6257 = CARTESIAN_POINT('',(212.6,6.9,18.));
#6258 = VECTOR('',#6259,1.);
#6259 = DIRECTION('',(0.,0.,-1.));
#6260 = PCURVE('',#2424,#6261);
#6261 = DEFINITIONAL_REPRESENTATION('',(#6262),#6265);
#6262 = B_SPLINE_CURVE_WITH_KNOTS('',1,(#6263,#6264),.UNSPECIFIED.,.F.,
  .F.,(2,2),(-81.,-15.),.PIECEWISE_BEZIER_KNOTS.);
#6263 = CARTESIAN_POINT('',(66.,-0.5));
#6264 = CARTESIAN_POINT('',(0.,-0.5));
#6265 = ( GEOMETRIC_REPRESENTATION_CONTEXT(2) 
PARAMETRIC_REPRESENTATION_CONTEXT() REPRESENTATION_CONTEXT('2D SPACE',''
  ) );
#6266 = PCURVE('',#6267,#6272);
#6267 = PLANE('',#6268);
#6268 = AXIS2_PLACEMENT_3D('',#6269,#6270,#6271);
#6269 = CARTESIAN_POINT('',(11.,6.9,3.));
#6270 = DIRECTION('',(0.,1.,0.));
#6271 = DIRECTION('',(0.,0.,1.));
#6272 = DEFINITIONAL_REPRESENTATION('',(#6273),#6276);
#6273 = B_SPLINE_CURVE_WITH_KNOTS('',1,(#6274,#6275),.UNSPECIFIED.,.F.,
  .F.,(2,2),(-81.,-15.),.PIECEWISE_BEZIER_KNOTS.);
#6274 = CARTESIAN_POINT('',(96.,201.6));
#6275 = CARTESIAN_POINT('',(30.,201.6));
#6276 = ( GEOMETRIC_REPRESENTATION_CONTEXT(2) 
PARAMETRIC_REPRESENTATION_CONTEXT() REPRESENTATION_CONTEXT('2D SPACE',''
  ) );
#6277 = ORIENTED_EDGE('',*,*,#6278,.F.);
#6278 = EDGE_CURVE('',#5880,#6253,#6279,.T.);
#6279 = SURFACE_CURVE('',#6280,(#6284,#6290),.PCURVE_S1.);
#6280 = LINE('',#6281,#6282);
#6281 = CARTESIAN_POINT('',(212.6,4.15,94.));
#6282 = VECTOR('',#6283,1.);
#6283 = DIRECTION('',(0.,1.,0.));
#6284 = PCURVE('',#2424,#6285);
#6285 = DEFINITIONAL_REPRESENTATION('',(#6286),#6289);
#6286 = B_SPLINE_CURVE_WITH_KNOTS('',1,(#6287,#6288),.UNSPECIFIED.,.F.,
  .F.,(2,2),(2.25,2.75),.PIECEWISE_BEZIER_KNOTS.);
#6287 = CARTESIAN_POINT('',(61.,0.));
#6288 = CARTESIAN_POINT('',(61.,-0.5));
#6289 = ( GEOMETRIC_REPRESENTATION_CONTEXT(2) 
PARAMETRIC_REPRESENTATION_CONTEXT() REPRESENTATION_CONTEXT('2D SPACE',''
  ) );
#6290 = PCURVE('',#5764,#6291);
#6291 = DEFINITIONAL_REPRESENTATION('',(#6292),#6295);
#6292 = B_SPLINE_CURVE_WITH_KNOTS('',1,(#6293,#6294),.UNSPECIFIED.,.F.,
  .F.,(2,2),(2.25,2.75),.PIECEWISE_BEZIER_KNOTS.);
#6293 = CARTESIAN_POINT('',(201.6,4.5));
#6294 = CARTESIAN_POINT('',(201.6,5.));
#6295 = ( GEOMETRIC_REPRESENTATION_CONTEXT(2) 
PARAMETRIC_REPRESENTATION_CONTEXT() REPRESENTATION_CONTEXT('2D SPACE',''
  ) );
#6296 = ADVANCED_FACE('',(#6297),#2725,.F.);
#6297 = FACE_BOUND('',#6298,.T.);
#6298 = EDGE_LOOP('',(#6299,#6300,#6334,#6368,#6398,#6419,#6420,#6421));
#6299 = ORIENTED_EDGE('',*,*,#2707,.F.);
#6300 = ORIENTED_EDGE('',*,*,#6301,.F.);
#6301 = EDGE_CURVE('',#6302,#2708,#6304,.T.);
#6302 = VERTEX_POINT('',#6303);
#6303 = CARTESIAN_POINT('',(231.42426406871,2.575735931288,
    108.82426406871));
#6304 = SURFACE_CURVE('',#6305,(#6310,#6322),.PCURVE_S1.);
#6305 = ELLIPSE('',#6306,0.848528137424,0.6);
#6306 = AXIS2_PLACEMENT_3D('',#6307,#6308,#6309);
#6307 = CARTESIAN_POINT('',(231.,3.,108.4));
#6308 = DIRECTION('',(0.,0.707106781187,0.707106781187));
#6309 = DIRECTION('',(0.,-0.707106781187,0.707106781187));
#6310 = PCURVE('',#2725,#6311);
#6311 = DEFINITIONAL_REPRESENTATION('',(#6312),#6321);
#6312 = B_SPLINE_CURVE_WITH_KNOTS('',7,(#6313,#6314,#6315,#6316,#6317,
    #6318,#6319,#6320),.UNSPECIFIED.,.F.,.F.,(8,8),(0.,1.570796326795),
  .PIECEWISE_BEZIER_KNOTS.);
#6313 = CARTESIAN_POINT('',(-1.570796326795,0.));
#6314 = CARTESIAN_POINT('',(-1.346396851538,0.));
#6315 = CARTESIAN_POINT('',(-1.121997376282,3.524920356598E-02));
#6316 = CARTESIAN_POINT('',(-0.897597901026,0.105742497225));
#6317 = CARTESIAN_POINT('',(-0.67319842577,0.207151904536));
#6318 = CARTESIAN_POINT('',(-0.448798950513,0.330721176409));
#6319 = CARTESIAN_POINT('',(-0.224399475256,0.465360314846));
#6320 = CARTESIAN_POINT('',(0.,0.6));
#6321 = ( GEOMETRIC_REPRESENTATION_CONTEXT(2) 
PARAMETRIC_REPRESENTATION_CONTEXT() REPRESENTATION_CONTEXT('2D SPACE',''
  ) );
#6322 = PCURVE('',#2753,#6323);
#6323 = DEFINITIONAL_REPRESENTATION('',(#6324),#6333);
#6324 = B_SPLINE_CURVE_WITH_KNOTS('',7,(#6325,#6326,#6327,#6328,#6329,
    #6330,#6331,#6332),.UNSPECIFIED.,.F.,.F.,(8,8),(0.,1.570796326795),
  .PIECEWISE_BEZIER_KNOTS.);
#6325 = CARTESIAN_POINT('',(-1.570796326795,110.));
#6326 = CARTESIAN_POINT('',(-1.346396851538,110.));
#6327 = CARTESIAN_POINT('',(-1.121997376282,109.96475079644));
#6328 = CARTESIAN_POINT('',(-0.897597901026,109.89425750271));
#6329 = CARTESIAN_POINT('',(-0.673198425769,109.7928480955));
#6330 = CARTESIAN_POINT('',(-0.448798950513,109.66927882358));
#6331 = CARTESIAN_POINT('',(-0.224399475256,109.53463968515));
#6332 = CARTESIAN_POINT('',(0.,109.4));
#6333 = ( GEOMETRIC_REPRESENTATION_CONTEXT(2) 
PARAMETRIC_REPRESENTATION_CONTEXT() REPRESENTATION_CONTEXT('2D SPACE',''
  ) );
#6334 = ORIENTED_EDGE('',*,*,#6335,.F.);
#6335 = EDGE_CURVE('',#6336,#6302,#6338,.T.);
#6336 = VERTEX_POINT('',#6337);
#6337 = CARTESIAN_POINT('',(231.00000087407,2.999999125929,
    108.99999999999));
#6338 = SURFACE_CURVE('',#6339,(#6344,#6356),.PCURVE_S1.);
#6339 = ELLIPSE('',#6340,0.848528137424,0.6);
#6340 = AXIS2_PLACEMENT_3D('',#6341,#6342,#6343);
#6341 = CARTESIAN_POINT('',(231.,3.,108.4));
#6342 = DIRECTION('',(0.707106781187,0.707106781187,0.));
#6343 = DIRECTION('',(0.707106781187,-0.707106781187,0.));
#6344 = PCURVE('',#2725,#6345);
#6345 = DEFINITIONAL_REPRESENTATION('',(#6346),#6355);
#6346 = B_SPLINE_CURVE_WITH_KNOTS('',7,(#6347,#6348,#6349,#6350,#6351,
    #6352,#6353,#6354),.UNSPECIFIED.,.F.,.F.,(8,8),(4.71239043717,
    6.28318530718),.PIECEWISE_BEZIER_KNOTS.);
#6347 = CARTESIAN_POINT('',(-1.57079487001,0.599999125929));
#6348 = CARTESIAN_POINT('',(-1.346395602866,0.465359565643));
#6349 = CARTESIAN_POINT('',(-1.121996335722,0.330720603418));
#6350 = CARTESIAN_POINT('',(-0.897597068577,0.207151528323));
#6351 = CARTESIAN_POINT('',(-0.673197801433,0.105742301106));
#6352 = CARTESIAN_POINT('',(-0.448798534289,3.524913818146E-02));
#6353 = CARTESIAN_POINT('',(-0.224399267144,3.297718130871E-17));
#6354 = CARTESIAN_POINT('',(0.,0.));
#6355 = ( GEOMETRIC_REPRESENTATION_CONTEXT(2) 
PARAMETRIC_REPRESENTATION_CONTEXT() REPRESENTATION_CONTEXT('2D SPACE',''
  ) );
#6356 = PCURVE('',#3137,#6357);
#6357 = DEFINITIONAL_REPRESENTATION('',(#6358),#6367);
#6358 = B_SPLINE_CURVE_WITH_KNOTS('',7,(#6359,#6360,#6361,#6362,#6363,
    #6364,#6365,#6366),.UNSPECIFIED.,.F.,.F.,(8,8),(4.71239043717,
    6.28318530718),.PIECEWISE_BEZIER_KNOTS.);
#6359 = CARTESIAN_POINT('',(1.456784867553E-06,228.60000087407));
#6360 = CARTESIAN_POINT('',(0.224400723929,228.73464043435));
#6361 = CARTESIAN_POINT('',(0.448799991073,228.8692793966));
#6362 = CARTESIAN_POINT('',(0.673199258218,228.99284847165));
#6363 = CARTESIAN_POINT('',(0.897598525362,229.09425769897));
#6364 = CARTESIAN_POINT('',(1.121997792506,229.16475086179));
#6365 = CARTESIAN_POINT('',(1.346397059651,229.2));
#6366 = CARTESIAN_POINT('',(1.570796326795,229.2));
#6367 = ( GEOMETRIC_REPRESENTATION_CONTEXT(2) 
PARAMETRIC_REPRESENTATION_CONTEXT() REPRESENTATION_CONTEXT('2D SPACE',''
  ) );
#6368 = ORIENTED_EDGE('',*,*,#6369,.F.);
#6369 = EDGE_CURVE('',#6370,#6336,#6372,.T.);
#6370 = VERTEX_POINT('',#6371);
#6371 = CARTESIAN_POINT('',(231.,3.,109.));
#6372 = SURFACE_CURVE('',#6373,(#6378,#6388),.PCURVE_S1.);
#6373 = ELLIPSE('',#6374,0.848528137424,0.6);
#6374 = AXIS2_PLACEMENT_3D('',#6375,#6376,#6377);
#6375 = CARTESIAN_POINT('',(231.,3.,108.4));
#6376 = DIRECTION('',(0.707106781187,0.707106781187,0.));
#6377 = DIRECTION('',(0.707106781187,-0.707106781187,0.));
#6378 = PCURVE('',#2725,#6379);
#6379 = DEFINITIONAL_REPRESENTATION('',(#6380),#6387);
#6380 = B_SPLINE_CURVE_WITH_KNOTS('',5,(#6381,#6382,#6383,#6384,#6385,
    #6386),.UNSPECIFIED.,.F.,.F.,(6,6),(4.712388980385,4.71239043717),
  .PIECEWISE_BEZIER_KNOTS.);
#6381 = CARTESIAN_POINT('',(-1.570796326795,0.6));
#6382 = CARTESIAN_POINT('',(-1.570796035438,0.599999825186));
#6383 = CARTESIAN_POINT('',(-1.570795744081,0.599999650372));
#6384 = CARTESIAN_POINT('',(-1.570795452724,0.599999475557));
#6385 = CARTESIAN_POINT('',(-1.570795161367,0.599999300743));
#6386 = CARTESIAN_POINT('',(-1.57079487001,0.599999125929));
#6387 = ( GEOMETRIC_REPRESENTATION_CONTEXT(2) 
PARAMETRIC_REPRESENTATION_CONTEXT() REPRESENTATION_CONTEXT('2D SPACE',''
  ) );
#6388 = PCURVE('',#3137,#6389);
#6389 = DEFINITIONAL_REPRESENTATION('',(#6390),#6397);
#6390 = B_SPLINE_CURVE_WITH_KNOTS('',5,(#6391,#6392,#6393,#6394,#6395,
    #6396),.UNSPECIFIED.,.F.,.F.,(6,6),(4.712388980385,4.71239043717),
  .PIECEWISE_BEZIER_KNOTS.);
#6391 = CARTESIAN_POINT('',(0.,228.6));
#6392 = CARTESIAN_POINT('',(2.913569735696E-07,228.60000017481));
#6393 = CARTESIAN_POINT('',(5.827139471707E-07,228.60000034962));
#6394 = CARTESIAN_POINT('',(8.740709234277E-07,228.60000052444));
#6395 = CARTESIAN_POINT('',(1.165427893983E-06,228.60000069925));
#6396 = CARTESIAN_POINT('',(1.456784867553E-06,228.60000087407));
#6397 = ( GEOMETRIC_REPRESENTATION_CONTEXT(2) 
PARAMETRIC_REPRESENTATION_CONTEXT() REPRESENTATION_CONTEXT('2D SPACE',''
  ) );
#6398 = ORIENTED_EDGE('',*,*,#6399,.T.);
#6399 = EDGE_CURVE('',#6370,#5277,#6400,.T.);
#6400 = SURFACE_CURVE('',#6401,(#6405,#6412),.PCURVE_S1.);
#6401 = LINE('',#6402,#6403);
#6402 = CARTESIAN_POINT('',(231.,2.4,109.));
#6403 = VECTOR('',#6404,1.);
#6404 = DIRECTION('',(-0.,1.,-0.));
#6405 = PCURVE('',#2725,#6406);
#6406 = DEFINITIONAL_REPRESENTATION('',(#6407),#6411);
#6407 = LINE('',#6408,#6409);
#6408 = CARTESIAN_POINT('',(-1.570796326795,0.));
#6409 = VECTOR('',#6410,1.);
#6410 = DIRECTION('',(-0.,1.));
#6411 = ( GEOMETRIC_REPRESENTATION_CONTEXT(2) 
PARAMETRIC_REPRESENTATION_CONTEXT() REPRESENTATION_CONTEXT('2D SPACE',''
  ) );
#6412 = PCURVE('',#3737,#6413);
#6413 = DEFINITIONAL_REPRESENTATION('',(#6414),#6418);
#6414 = LINE('',#6415,#6416);
#6415 = CARTESIAN_POINT('',(228.6,0.));
#6416 = VECTOR('',#6417,1.);
#6417 = DIRECTION('',(0.,1.));
#6418 = ( GEOMETRIC_REPRESENTATION_CONTEXT(2) 
PARAMETRIC_REPRESENTATION_CONTEXT() REPRESENTATION_CONTEXT('2D SPACE',''
  ) );
#6419 = ORIENTED_EDGE('',*,*,#5299,.F.);
#6420 = ORIENTED_EDGE('',*,*,#5186,.F.);
#6421 = ORIENTED_EDGE('',*,*,#5220,.F.);
#6422 = ADVANCED_FACE('',(#6423),#2910,.F.);
#6423 = FACE_BOUND('',#6424,.F.);
#6424 = EDGE_LOOP('',(#6425,#6426,#6427,#6428));
#6425 = ORIENTED_EDGE('',*,*,#4986,.F.);
#6426 = ORIENTED_EDGE('',*,*,#5067,.T.);
#6427 = ORIENTED_EDGE('',*,*,#5094,.T.);
#6428 = ORIENTED_EDGE('',*,*,#2894,.T.);
#6429 = ADVANCED_FACE('',(#6430,#6479),#2836,.F.);
#6430 = FACE_BOUND('',#6431,.F.);
#6431 = EDGE_LOOP('',(#6432,#6455,#6456,#6457,#6458));
#6432 = ORIENTED_EDGE('',*,*,#6433,.F.);
#6433 = EDGE_CURVE('',#3196,#6434,#6436,.T.);
#6434 = VERTEX_POINT('',#6435);
#6435 = CARTESIAN_POINT('',(224.,10.,3.));
#6436 = SURFACE_CURVE('',#6437,(#6441,#6448),.PCURVE_S1.);
#6437 = LINE('',#6438,#6439);
#6438 = CARTESIAN_POINT('',(224.,0.,3.));
#6439 = VECTOR('',#6440,1.);
#6440 = DIRECTION('',(0.,1.,0.));
#6441 = PCURVE('',#2836,#6442);
#6442 = DEFINITIONAL_REPRESENTATION('',(#6443),#6447);
#6443 = LINE('',#6444,#6445);
#6444 = CARTESIAN_POINT('',(0.,0.));
#6445 = VECTOR('',#6446,1.);
#6446 = DIRECTION('',(0.,1.));
#6447 = ( GEOMETRIC_REPRESENTATION_CONTEXT(2) 
PARAMETRIC_REPRESENTATION_CONTEXT() REPRESENTATION_CONTEXT('2D SPACE',''
  ) );
#6448 = PCURVE('',#3211,#6449);
#6449 = DEFINITIONAL_REPRESENTATION('',(#6450),#6454);
#6450 = LINE('',#6451,#6452);
#6451 = CARTESIAN_POINT('',(0.,0.));
#6452 = VECTOR('',#6453,1.);
#6453 = DIRECTION('',(0.,-1.));
#6454 = ( GEOMETRIC_REPRESENTATION_CONTEXT(2) 
PARAMETRIC_REPRESENTATION_CONTEXT() REPRESENTATION_CONTEXT('2D SPACE',''
  ) );
#6455 = ORIENTED_EDGE('',*,*,#3222,.T.);
#6456 = ORIENTED_EDGE('',*,*,#2993,.F.);
#6457 = ORIENTED_EDGE('',*,*,#2820,.T.);
#6458 = ORIENTED_EDGE('',*,*,#6459,.F.);
#6459 = EDGE_CURVE('',#6434,#2794,#6460,.T.);
#6460 = SURFACE_CURVE('',#6461,(#6465,#6472),.PCURVE_S1.);
#6461 = LINE('',#6462,#6463);
#6462 = CARTESIAN_POINT('',(224.,10.,3.));
#6463 = VECTOR('',#6464,1.);
#6464 = DIRECTION('',(1.,0.,0.));
#6465 = PCURVE('',#2836,#6466);
#6466 = DEFINITIONAL_REPRESENTATION('',(#6467),#6471);
#6467 = LINE('',#6468,#6469);
#6468 = CARTESIAN_POINT('',(0.,10.));
#6469 = VECTOR('',#6470,1.);
#6470 = DIRECTION('',(1.,0.));
#6471 = ( GEOMETRIC_REPRESENTATION_CONTEXT(2) 
PARAMETRIC_REPRESENTATION_CONTEXT() REPRESENTATION_CONTEXT('2D SPACE',''
  ) );
#6472 = PCURVE('',#2809,#6473);
#6473 = DEFINITIONAL_REPRESENTATION('',(#6474),#6478);
#6474 = LINE('',#6475,#6476);
#6475 = CARTESIAN_POINT('',(0.,0.));
#6476 = VECTOR('',#6477,1.);
#6477 = DIRECTION('',(0.,1.));
#6478 = ( GEOMETRIC_REPRESENTATION_CONTEXT(2) 
PARAMETRIC_REPRESENTATION_CONTEXT() REPRESENTATION_CONTEXT('2D SPACE',''
  ) );
#6479 = FACE_BOUND('',#6480,.F.);
#6480 = EDGE_LOOP('',(#6481));
#6481 = ORIENTED_EDGE('',*,*,#6482,.F.);
#6482 = EDGE_CURVE('',#6483,#6483,#6485,.T.);
#6483 = VERTEX_POINT('',#6484);
#6484 = CARTESIAN_POINT('',(227.85,7.,3.));
#6485 = SURFACE_CURVE('',#6486,(#6491,#6498),.PCURVE_S1.);
#6486 = CIRCLE('',#6487,0.85);
#6487 = AXIS2_PLACEMENT_3D('',#6488,#6489,#6490);
#6488 = CARTESIAN_POINT('',(227.,7.,3.));
#6489 = DIRECTION('',(0.,0.,1.));
#6490 = DIRECTION('',(1.,0.,0.));
#6491 = PCURVE('',#2836,#6492);
#6492 = DEFINITIONAL_REPRESENTATION('',(#6493),#6497);
#6493 = CIRCLE('',#6494,0.85);
#6494 = AXIS2_PLACEMENT_2D('',#6495,#6496);
#6495 = CARTESIAN_POINT('',(3.,7.));
#6496 = DIRECTION('',(1.,0.));
#6497 = ( GEOMETRIC_REPRESENTATION_CONTEXT(2) 
PARAMETRIC_REPRESENTATION_CONTEXT() REPRESENTATION_CONTEXT('2D SPACE',''
  ) );
#6498 = PCURVE('',#6499,#6504);
#6499 = CYLINDRICAL_SURFACE('',#6500,0.85);
#6500 = AXIS2_PLACEMENT_3D('',#6501,#6502,#6503);
#6501 = CARTESIAN_POINT('',(227.,7.,3.));
#6502 = DIRECTION('',(-0.,-0.,-1.));
#6503 = DIRECTION('',(1.,0.,0.));
#6504 = DEFINITIONAL_REPRESENTATION('',(#6505),#6509);
#6505 = LINE('',#6506,#6507);
#6506 = CARTESIAN_POINT('',(-0.,0.));
#6507 = VECTOR('',#6508,1.);
#6508 = DIRECTION('',(-1.,0.));
#6509 = ( GEOMETRIC_REPRESENTATION_CONTEXT(2) 
PARAMETRIC_REPRESENTATION_CONTEXT() REPRESENTATION_CONTEXT('2D SPACE',''
  ) );
#6510 = ADVANCED_FACE('',(#6511),#2809,.T.);
#6511 = FACE_BOUND('',#6512,.T.);
#6512 = EDGE_LOOP('',(#6513,#6514,#6537,#6558));
#6513 = ORIENTED_EDGE('',*,*,#6459,.F.);
#6514 = ORIENTED_EDGE('',*,*,#6515,.T.);
#6515 = EDGE_CURVE('',#6434,#6516,#6518,.T.);
#6516 = VERTEX_POINT('',#6517);
#6517 = CARTESIAN_POINT('',(224.,10.,15.));
#6518 = SURFACE_CURVE('',#6519,(#6523,#6530),.PCURVE_S1.);
#6519 = LINE('',#6520,#6521);
#6520 = CARTESIAN_POINT('',(224.,10.,3.));
#6521 = VECTOR('',#6522,1.);
#6522 = DIRECTION('',(0.,0.,1.));
#6523 = PCURVE('',#2809,#6524);
#6524 = DEFINITIONAL_REPRESENTATION('',(#6525),#6529);
#6525 = LINE('',#6526,#6527);
#6526 = CARTESIAN_POINT('',(0.,0.));
#6527 = VECTOR('',#6528,1.);
#6528 = DIRECTION('',(1.,0.));
#6529 = ( GEOMETRIC_REPRESENTATION_CONTEXT(2) 
PARAMETRIC_REPRESENTATION_CONTEXT() REPRESENTATION_CONTEXT('2D SPACE',''
  ) );
#6530 = PCURVE('',#3211,#6531);
#6531 = DEFINITIONAL_REPRESENTATION('',(#6532),#6536);
#6532 = LINE('',#6533,#6534);
#6533 = CARTESIAN_POINT('',(0.,-10.));
#6534 = VECTOR('',#6535,1.);
#6535 = DIRECTION('',(1.,0.));
#6536 = ( GEOMETRIC_REPRESENTATION_CONTEXT(2) 
PARAMETRIC_REPRESENTATION_CONTEXT() REPRESENTATION_CONTEXT('2D SPACE',''
  ) );
#6537 = ORIENTED_EDGE('',*,*,#6538,.T.);
#6538 = EDGE_CURVE('',#6516,#2766,#6539,.T.);
#6539 = SURFACE_CURVE('',#6540,(#6544,#6551),.PCURVE_S1.);
#6540 = LINE('',#6541,#6542);
#6541 = CARTESIAN_POINT('',(224.,10.,15.));
#6542 = VECTOR('',#6543,1.);
#6543 = DIRECTION('',(1.,0.,0.));
#6544 = PCURVE('',#2809,#6545);
#6545 = DEFINITIONAL_REPRESENTATION('',(#6546),#6550);
#6546 = LINE('',#6547,#6548);
#6547 = CARTESIAN_POINT('',(12.,0.));
#6548 = VECTOR('',#6549,1.);
#6549 = DIRECTION('',(0.,1.));
#6550 = ( GEOMETRIC_REPRESENTATION_CONTEXT(2) 
PARAMETRIC_REPRESENTATION_CONTEXT() REPRESENTATION_CONTEXT('2D SPACE',''
  ) );
#6551 = PCURVE('',#2781,#6552);
#6552 = DEFINITIONAL_REPRESENTATION('',(#6553),#6557);
#6553 = LINE('',#6554,#6555);
#6554 = CARTESIAN_POINT('',(0.,10.));
#6555 = VECTOR('',#6556,1.);
#6556 = DIRECTION('',(1.,0.));
#6557 = ( GEOMETRIC_REPRESENTATION_CONTEXT(2) 
PARAMETRIC_REPRESENTATION_CONTEXT() REPRESENTATION_CONTEXT('2D SPACE',''
  ) );
#6558 = ORIENTED_EDGE('',*,*,#2793,.T.);
#6559 = ADVANCED_FACE('',(#6560),#2781,.T.);
#6560 = FACE_BOUND('',#6561,.T.);
#6561 = EDGE_LOOP('',(#6562,#6583,#6584,#6610,#6611));
#6562 = ORIENTED_EDGE('',*,*,#6563,.F.);
#6563 = EDGE_CURVE('',#3173,#6516,#6564,.T.);
#6564 = SURFACE_CURVE('',#6565,(#6569,#6576),.PCURVE_S1.);
#6565 = LINE('',#6566,#6567);
#6566 = CARTESIAN_POINT('',(224.,0.,15.));
#6567 = VECTOR('',#6568,1.);
#6568 = DIRECTION('',(0.,1.,0.));
#6569 = PCURVE('',#2781,#6570);
#6570 = DEFINITIONAL_REPRESENTATION('',(#6571),#6575);
#6571 = LINE('',#6572,#6573);
#6572 = CARTESIAN_POINT('',(0.,0.));
#6573 = VECTOR('',#6574,1.);
#6574 = DIRECTION('',(0.,1.));
#6575 = ( GEOMETRIC_REPRESENTATION_CONTEXT(2) 
PARAMETRIC_REPRESENTATION_CONTEXT() REPRESENTATION_CONTEXT('2D SPACE',''
  ) );
#6576 = PCURVE('',#3211,#6577);
#6577 = DEFINITIONAL_REPRESENTATION('',(#6578),#6582);
#6578 = LINE('',#6579,#6580);
#6579 = CARTESIAN_POINT('',(12.,0.));
#6580 = VECTOR('',#6581,1.);
#6581 = DIRECTION('',(0.,-1.));
#6582 = ( GEOMETRIC_REPRESENTATION_CONTEXT(2) 
PARAMETRIC_REPRESENTATION_CONTEXT() REPRESENTATION_CONTEXT('2D SPACE',''
  ) );
#6583 = ORIENTED_EDGE('',*,*,#3172,.T.);
#6584 = ORIENTED_EDGE('',*,*,#6585,.F.);
#6585 = EDGE_CURVE('',#2738,#3150,#6586,.T.);
#6586 = SURFACE_CURVE('',#6587,(#6592,#6603),.PCURVE_S1.);
#6587 = CIRCLE('',#6588,0.6);
#6588 = AXIS2_PLACEMENT_3D('',#6589,#6590,#6591);
#6589 = CARTESIAN_POINT('',(231.,3.,15.));
#6590 = DIRECTION('',(-0.,-0.,-1.));
#6591 = DIRECTION('',(0.,-1.,0.));
#6592 = PCURVE('',#2781,#6593);
#6593 = DEFINITIONAL_REPRESENTATION('',(#6594),#6602);
#6594 = ( BOUNDED_CURVE() B_SPLINE_CURVE(2,(#6595,#6596,#6597,#6598,
#6599,#6600,#6601),.UNSPECIFIED.,.T.,.F.) B_SPLINE_CURVE_WITH_KNOTS((1,2
    ,2,2,2,1),(-2.094395102393,0.,2.094395102393,4.188790204786,
6.28318530718,8.377580409573),.UNSPECIFIED.) CURVE() 
GEOMETRIC_REPRESENTATION_ITEM() RATIONAL_B_SPLINE_CURVE((1.,0.5,1.,0.5,
1.,0.5,1.)) REPRESENTATION_ITEM('') );
#6595 = CARTESIAN_POINT('',(7.,2.4));
#6596 = CARTESIAN_POINT('',(5.960769515459,2.4));
#6597 = CARTESIAN_POINT('',(6.480384757729,3.3));
#6598 = CARTESIAN_POINT('',(7.,4.2));
#6599 = CARTESIAN_POINT('',(7.519615242271,3.3));
#6600 = CARTESIAN_POINT('',(8.039230484541,2.4));
#6601 = CARTESIAN_POINT('',(7.,2.4));
#6602 = ( GEOMETRIC_REPRESENTATION_CONTEXT(2) 
PARAMETRIC_REPRESENTATION_CONTEXT() REPRESENTATION_CONTEXT('2D SPACE',''
  ) );
#6603 = PCURVE('',#2753,#6604);
#6604 = DEFINITIONAL_REPRESENTATION('',(#6605),#6609);
#6605 = LINE('',#6606,#6607);
#6606 = CARTESIAN_POINT('',(4.712388980385,16.));
#6607 = VECTOR('',#6608,1.);
#6608 = DIRECTION('',(-1.,0.));
#6609 = ( GEOMETRIC_REPRESENTATION_CONTEXT(2) 
PARAMETRIC_REPRESENTATION_CONTEXT() REPRESENTATION_CONTEXT('2D SPACE',''
  ) );
#6610 = ORIENTED_EDGE('',*,*,#2765,.T.);
#6611 = ORIENTED_EDGE('',*,*,#6538,.F.);
#6612 = ADVANCED_FACE('',(#6613),#2753,.F.);
#6613 = FACE_BOUND('',#6614,.T.);
#6614 = EDGE_LOOP('',(#6615,#6616,#6617,#6618,#6650));
#6615 = ORIENTED_EDGE('',*,*,#2737,.F.);
#6616 = ORIENTED_EDGE('',*,*,#6585,.T.);
#6617 = ORIENTED_EDGE('',*,*,#3149,.T.);
#6618 = ORIENTED_EDGE('',*,*,#6619,.T.);
#6619 = EDGE_CURVE('',#3122,#6302,#6620,.T.);
#6620 = SURFACE_CURVE('',#6621,(#6626,#6638),.PCURVE_S1.);
#6621 = ELLIPSE('',#6622,0.848528137424,0.6);
#6622 = AXIS2_PLACEMENT_3D('',#6623,#6624,#6625);
#6623 = CARTESIAN_POINT('',(231.,3.,108.4));
#6624 = DIRECTION('',(-0.707106781187,0.,0.707106781187));
#6625 = DIRECTION('',(0.707106781187,0.,0.707106781187));
#6626 = PCURVE('',#2753,#6627);
#6627 = DEFINITIONAL_REPRESENTATION('',(#6628),#6637);
#6628 = B_SPLINE_CURVE_WITH_KNOTS('',7,(#6629,#6630,#6631,#6632,#6633,
    #6634,#6635,#6636),.UNSPECIFIED.,.F.,.F.,(8,8),(4.712388980385,
    6.28318530718),.PIECEWISE_BEZIER_KNOTS.);
#6629 = CARTESIAN_POINT('',(-1.570796326795,109.4));
#6630 = CARTESIAN_POINT('',(-1.346396851538,109.53463968515));
#6631 = CARTESIAN_POINT('',(-1.121997376282,109.66927882359));
#6632 = CARTESIAN_POINT('',(-0.897597901025,109.79284809545));
#6633 = CARTESIAN_POINT('',(-0.673198425769,109.89425750276));
#6634 = CARTESIAN_POINT('',(-0.448798950513,109.96475079643));
#6635 = CARTESIAN_POINT('',(-0.224399475256,110.));
#6636 = CARTESIAN_POINT('',(0.,110.));
#6637 = ( GEOMETRIC_REPRESENTATION_CONTEXT(2) 
PARAMETRIC_REPRESENTATION_CONTEXT() REPRESENTATION_CONTEXT('2D SPACE',''
  ) );
#6638 = PCURVE('',#3137,#6639);
#6639 = DEFINITIONAL_REPRESENTATION('',(#6640),#6649);
#6640 = B_SPLINE_CURVE_WITH_KNOTS('',7,(#6641,#6642,#6643,#6644,#6645,
    #6646,#6647,#6648),.UNSPECIFIED.,.F.,.F.,(8,8),(4.712388980385,
    6.28318530718),.PIECEWISE_BEZIER_KNOTS.);
#6641 = CARTESIAN_POINT('',(1.570796326795,228.6));
#6642 = CARTESIAN_POINT('',(1.346396851538,228.73463968515));
#6643 = CARTESIAN_POINT('',(1.121997376282,228.86927882362));
#6644 = CARTESIAN_POINT('',(0.897597901026,228.99284809542));
#6645 = CARTESIAN_POINT('',(0.673198425769,229.0942575029));
#6646 = CARTESIAN_POINT('',(0.448798950513,229.16475079641));
#6647 = CARTESIAN_POINT('',(0.224399475256,229.2));
#6648 = CARTESIAN_POINT('',(0.,229.2));
#6649 = ( GEOMETRIC_REPRESENTATION_CONTEXT(2) 
PARAMETRIC_REPRESENTATION_CONTEXT() REPRESENTATION_CONTEXT('2D SPACE',''
  ) );
#6650 = ORIENTED_EDGE('',*,*,#6301,.T.);
#6651 = ADVANCED_FACE('',(#6652),#3211,.F.);
#6652 = FACE_BOUND('',#6653,.F.);
#6653 = EDGE_LOOP('',(#6654,#6655,#6656,#6657));
#6654 = ORIENTED_EDGE('',*,*,#6563,.F.);
#6655 = ORIENTED_EDGE('',*,*,#3195,.F.);
#6656 = ORIENTED_EDGE('',*,*,#6433,.T.);
#6657 = ORIENTED_EDGE('',*,*,#6515,.T.);
#6658 = ADVANCED_FACE('',(#6659),#3064,.T.);
#6659 = FACE_BOUND('',#6660,.T.);
#6660 = EDGE_LOOP('',(#6661,#6662,#6663,#6664));
#6661 = ORIENTED_EDGE('',*,*,#4900,.F.);
#6662 = ORIENTED_EDGE('',*,*,#3048,.F.);
#6663 = ORIENTED_EDGE('',*,*,#4328,.T.);
#6664 = ORIENTED_EDGE('',*,*,#4851,.T.);
#6665 = ADVANCED_FACE('',(#6666),#3137,.F.);
#6666 = FACE_BOUND('',#6667,.F.);
#6667 = EDGE_LOOP('',(#6668,#6689,#6690,#6691,#6692,#6693,#6694,#6695));
#6668 = ORIENTED_EDGE('',*,*,#6669,.F.);
#6669 = EDGE_CURVE('',#4384,#6370,#6670,.T.);
#6670 = SURFACE_CURVE('',#6671,(#6675,#6682),.PCURVE_S1.);
#6671 = LINE('',#6672,#6673);
#6672 = CARTESIAN_POINT('',(2.4,3.,109.));
#6673 = VECTOR('',#6674,1.);
#6674 = DIRECTION('',(1.,0.,0.));
#6675 = PCURVE('',#3137,#6676);
#6676 = DEFINITIONAL_REPRESENTATION('',(#6677),#6681);
#6677 = LINE('',#6678,#6679);
#6678 = CARTESIAN_POINT('',(0.,0.));
#6679 = VECTOR('',#6680,1.);
#6680 = DIRECTION('',(0.,1.));
#6681 = ( GEOMETRIC_REPRESENTATION_CONTEXT(2) 
PARAMETRIC_REPRESENTATION_CONTEXT() REPRESENTATION_CONTEXT('2D SPACE',''
  ) );
#6682 = PCURVE('',#3737,#6683);
#6683 = DEFINITIONAL_REPRESENTATION('',(#6684),#6688);
#6684 = LINE('',#6685,#6686);
#6685 = CARTESIAN_POINT('',(0.,0.6));
#6686 = VECTOR('',#6687,1.);
#6687 = DIRECTION('',(1.,0.));
#6688 = ( GEOMETRIC_REPRESENTATION_CONTEXT(2) 
PARAMETRIC_REPRESENTATION_CONTEXT() REPRESENTATION_CONTEXT('2D SPACE',''
  ) );
#6689 = ORIENTED_EDGE('',*,*,#4408,.T.);
#6690 = ORIENTED_EDGE('',*,*,#4438,.T.);
#6691 = ORIENTED_EDGE('',*,*,#4927,.T.);
#6692 = ORIENTED_EDGE('',*,*,#3121,.T.);
#6693 = ORIENTED_EDGE('',*,*,#6619,.T.);
#6694 = ORIENTED_EDGE('',*,*,#6335,.F.);
#6695 = ORIENTED_EDGE('',*,*,#6369,.F.);
#6696 = ADVANCED_FACE('',(#6697),#3263,.F.);
#6697 = FACE_BOUND('',#6698,.F.);
#6698 = EDGE_LOOP('',(#6699,#6722,#6723,#6744,#6770,#6798));
#6699 = ORIENTED_EDGE('',*,*,#6700,.F.);
#6700 = EDGE_CURVE('',#3246,#6701,#6703,.T.);
#6701 = VERTEX_POINT('',#6702);
#6702 = CARTESIAN_POINT('',(11.,6.9,3.));
#6703 = SURFACE_CURVE('',#6704,(#6708,#6715),.PCURVE_S1.);
#6704 = LINE('',#6705,#6706);
#6705 = CARTESIAN_POINT('',(11.,1.9,3.));
#6706 = VECTOR('',#6707,1.);
#6707 = DIRECTION('',(0.,1.,0.));
#6708 = PCURVE('',#3263,#6709);
#6709 = DEFINITIONAL_REPRESENTATION('',(#6710),#6714);
#6710 = LINE('',#6711,#6712);
#6711 = CARTESIAN_POINT('',(0.,0.));
#6712 = VECTOR('',#6713,1.);
#6713 = DIRECTION('',(0.,1.));
#6714 = ( GEOMETRIC_REPRESENTATION_CONTEXT(2) 
PARAMETRIC_REPRESENTATION_CONTEXT() REPRESENTATION_CONTEXT('2D SPACE',''
  ) );
#6715 = PCURVE('',#3455,#6716);
#6716 = DEFINITIONAL_REPRESENTATION('',(#6717),#6721);
#6717 = LINE('',#6718,#6719);
#6718 = CARTESIAN_POINT('',(0.,0.));
#6719 = VECTOR('',#6720,1.);
#6720 = DIRECTION('',(0.,-1.));
#6721 = ( GEOMETRIC_REPRESENTATION_CONTEXT(2) 
PARAMETRIC_REPRESENTATION_CONTEXT() REPRESENTATION_CONTEXT('2D SPACE',''
  ) );
#6722 = ORIENTED_EDGE('',*,*,#3245,.T.);
#6723 = ORIENTED_EDGE('',*,*,#6724,.T.);
#6724 = EDGE_CURVE('',#3248,#6725,#6727,.T.);
#6725 = VERTEX_POINT('',#6726);
#6726 = CARTESIAN_POINT('',(13.7,5.7,3.));
#6727 = SURFACE_CURVE('',#6728,(#6732,#6738),.PCURVE_S1.);
#6728 = LINE('',#6729,#6730);
#6729 = CARTESIAN_POINT('',(13.7,2.15,3.));
#6730 = VECTOR('',#6731,1.);
#6731 = DIRECTION('',(0.,1.,0.));
#6732 = PCURVE('',#3263,#6733);
#6733 = DEFINITIONAL_REPRESENTATION('',(#6734),#6737);
#6734 = B_SPLINE_CURVE_WITH_KNOTS('',1,(#6735,#6736),.UNSPECIFIED.,.F.,
  .F.,(2,2),(0.25,3.55),.PIECEWISE_BEZIER_KNOTS.);
#6735 = CARTESIAN_POINT('',(2.7,0.5));
#6736 = CARTESIAN_POINT('',(2.7,3.8));
#6737 = ( GEOMETRIC_REPRESENTATION_CONTEXT(2) 
PARAMETRIC_REPRESENTATION_CONTEXT() REPRESENTATION_CONTEXT('2D SPACE',''
  ) );
#6738 = PCURVE('',#3290,#6739);
#6739 = DEFINITIONAL_REPRESENTATION('',(#6740),#6743);
#6740 = B_SPLINE_CURVE_WITH_KNOTS('',1,(#6741,#6742),.UNSPECIFIED.,.F.,
  .F.,(2,2),(0.25,3.55),.PIECEWISE_BEZIER_KNOTS.);
#6741 = CARTESIAN_POINT('',(4.,0.));
#6742 = CARTESIAN_POINT('',(4.,-3.3));
#6743 = ( GEOMETRIC_REPRESENTATION_CONTEXT(2) 
PARAMETRIC_REPRESENTATION_CONTEXT() REPRESENTATION_CONTEXT('2D SPACE',''
  ) );
#6744 = ORIENTED_EDGE('',*,*,#6745,.F.);
#6745 = EDGE_CURVE('',#6746,#6725,#6748,.T.);
#6746 = VERTEX_POINT('',#6747);
#6747 = CARTESIAN_POINT('',(19.,5.7,3.));
#6748 = SURFACE_CURVE('',#6749,(#6753,#6759),.PCURVE_S1.);
#6749 = LINE('',#6750,#6751);
#6750 = CARTESIAN_POINT('',(12.35,5.7,3.));
#6751 = VECTOR('',#6752,1.);
#6752 = DIRECTION('',(-1.,0.,0.));
#6753 = PCURVE('',#3263,#6754);
#6754 = DEFINITIONAL_REPRESENTATION('',(#6755),#6758);
#6755 = B_SPLINE_CURVE_WITH_KNOTS('',1,(#6756,#6757),.UNSPECIFIED.,.F.,
  .F.,(2,2),(-6.65,-1.35),.PIECEWISE_BEZIER_KNOTS.);
#6756 = CARTESIAN_POINT('',(8.,3.8));
#6757 = CARTESIAN_POINT('',(2.7,3.8));
#6758 = ( GEOMETRIC_REPRESENTATION_CONTEXT(2) 
PARAMETRIC_REPRESENTATION_CONTEXT() REPRESENTATION_CONTEXT('2D SPACE',''
  ) );
#6759 = PCURVE('',#6760,#6765);
#6760 = PLANE('',#6761);
#6761 = AXIS2_PLACEMENT_3D('',#6762,#6763,#6764);
#6762 = CARTESIAN_POINT('',(13.7,5.7,-1.));
#6763 = DIRECTION('',(0.,1.,0.));
#6764 = DIRECTION('',(0.,0.,1.));
#6765 = DEFINITIONAL_REPRESENTATION('',(#6766),#6769);
#6766 = B_SPLINE_CURVE_WITH_KNOTS('',1,(#6767,#6768),.UNSPECIFIED.,.F.,
  .F.,(2,2),(-6.65,-1.35),.PIECEWISE_BEZIER_KNOTS.);
#6767 = CARTESIAN_POINT('',(4.,5.3));
#6768 = CARTESIAN_POINT('',(4.,0.));
#6769 = ( GEOMETRIC_REPRESENTATION_CONTEXT(2) 
PARAMETRIC_REPRESENTATION_CONTEXT() REPRESENTATION_CONTEXT('2D SPACE',''
  ) );
#6770 = ORIENTED_EDGE('',*,*,#6771,.T.);
#6771 = EDGE_CURVE('',#6746,#6772,#6774,.T.);
#6772 = VERTEX_POINT('',#6773);
#6773 = CARTESIAN_POINT('',(19.,6.9,3.));
#6774 = SURFACE_CURVE('',#6775,(#6779,#6786),.PCURVE_S1.);
#6775 = LINE('',#6776,#6777);
#6776 = CARTESIAN_POINT('',(19.,1.9,3.));
#6777 = VECTOR('',#6778,1.);
#6778 = DIRECTION('',(0.,1.,0.));
#6779 = PCURVE('',#3263,#6780);
#6780 = DEFINITIONAL_REPRESENTATION('',(#6781),#6785);
#6781 = LINE('',#6782,#6783);
#6782 = CARTESIAN_POINT('',(8.,0.));
#6783 = VECTOR('',#6784,1.);
#6784 = DIRECTION('',(0.,1.));
#6785 = ( GEOMETRIC_REPRESENTATION_CONTEXT(2) 
PARAMETRIC_REPRESENTATION_CONTEXT() REPRESENTATION_CONTEXT('2D SPACE',''
  ) );
#6786 = PCURVE('',#6787,#6792);
#6787 = PLANE('',#6788);
#6788 = AXIS2_PLACEMENT_3D('',#6789,#6790,#6791);
#6789 = CARTESIAN_POINT('',(19.,1.9,3.));
#6790 = DIRECTION('',(1.,0.,0.));
#6791 = DIRECTION('',(0.,0.,1.));
#6792 = DEFINITIONAL_REPRESENTATION('',(#6793),#6797);
#6793 = LINE('',#6794,#6795);
#6794 = CARTESIAN_POINT('',(0.,0.));
#6795 = VECTOR('',#6796,1.);
#6796 = DIRECTION('',(0.,-1.));
#6797 = ( GEOMETRIC_REPRESENTATION_CONTEXT(2) 
PARAMETRIC_REPRESENTATION_CONTEXT() REPRESENTATION_CONTEXT('2D SPACE',''
  ) );
#6798 = ORIENTED_EDGE('',*,*,#6799,.F.);
#6799 = EDGE_CURVE('',#6701,#6772,#6800,.T.);
#6800 = SURFACE_CURVE('',#6801,(#6805,#6812),.PCURVE_S1.);
#6801 = LINE('',#6802,#6803);
#6802 = CARTESIAN_POINT('',(11.,6.9,3.));
#6803 = VECTOR('',#6804,1.);
#6804 = DIRECTION('',(1.,0.,0.));
#6805 = PCURVE('',#3263,#6806);
#6806 = DEFINITIONAL_REPRESENTATION('',(#6807),#6811);
#6807 = LINE('',#6808,#6809);
#6808 = CARTESIAN_POINT('',(0.,5.));
#6809 = VECTOR('',#6810,1.);
#6810 = DIRECTION('',(1.,0.));
#6811 = ( GEOMETRIC_REPRESENTATION_CONTEXT(2) 
PARAMETRIC_REPRESENTATION_CONTEXT() REPRESENTATION_CONTEXT('2D SPACE',''
  ) );
#6812 = PCURVE('',#6267,#6813);
#6813 = DEFINITIONAL_REPRESENTATION('',(#6814),#6818);
#6814 = LINE('',#6815,#6816);
#6815 = CARTESIAN_POINT('',(0.,0.));
#6816 = VECTOR('',#6817,1.);
#6817 = DIRECTION('',(0.,1.));
#6818 = ( GEOMETRIC_REPRESENTATION_CONTEXT(2) 
PARAMETRIC_REPRESENTATION_CONTEXT() REPRESENTATION_CONTEXT('2D SPACE',''
  ) );
#6819 = ADVANCED_FACE('',(#6820),#3455,.F.);
#6820 = FACE_BOUND('',#6821,.F.);
#6821 = EDGE_LOOP('',(#6822,#6845,#6866,#6867));
#6822 = ORIENTED_EDGE('',*,*,#6823,.F.);
#6823 = EDGE_CURVE('',#6824,#6701,#6826,.T.);
#6824 = VERTEX_POINT('',#6825);
#6825 = CARTESIAN_POINT('',(11.,6.9,99.));
#6826 = SURFACE_CURVE('',#6827,(#6831,#6838),.PCURVE_S1.);
#6827 = LINE('',#6828,#6829);
#6828 = CARTESIAN_POINT('',(11.,6.9,99.));
#6829 = VECTOR('',#6830,1.);
#6830 = DIRECTION('',(0.,0.,-1.));
#6831 = PCURVE('',#3455,#6832);
#6832 = DEFINITIONAL_REPRESENTATION('',(#6833),#6837);
#6833 = LINE('',#6834,#6835);
#6834 = CARTESIAN_POINT('',(96.,-5.));
#6835 = VECTOR('',#6836,1.);
#6836 = DIRECTION('',(-1.,0.));
#6837 = ( GEOMETRIC_REPRESENTATION_CONTEXT(2) 
PARAMETRIC_REPRESENTATION_CONTEXT() REPRESENTATION_CONTEXT('2D SPACE',''
  ) );
#6838 = PCURVE('',#6267,#6839);
#6839 = DEFINITIONAL_REPRESENTATION('',(#6840),#6844);
#6840 = LINE('',#6841,#6842);
#6841 = CARTESIAN_POINT('',(96.,0.));
#6842 = VECTOR('',#6843,1.);
#6843 = DIRECTION('',(-1.,0.));
#6844 = ( GEOMETRIC_REPRESENTATION_CONTEXT(2) 
PARAMETRIC_REPRESENTATION_CONTEXT() REPRESENTATION_CONTEXT('2D SPACE',''
  ) );
#6845 = ORIENTED_EDGE('',*,*,#6846,.F.);
#6846 = EDGE_CURVE('',#3414,#6824,#6847,.T.);
#6847 = SURFACE_CURVE('',#6848,(#6852,#6859),.PCURVE_S1.);
#6848 = LINE('',#6849,#6850);
#6849 = CARTESIAN_POINT('',(11.,1.9,99.));
#6850 = VECTOR('',#6851,1.);
#6851 = DIRECTION('',(0.,1.,0.));
#6852 = PCURVE('',#3455,#6853);
#6853 = DEFINITIONAL_REPRESENTATION('',(#6854),#6858);
#6854 = LINE('',#6855,#6856);
#6855 = CARTESIAN_POINT('',(96.,0.));
#6856 = VECTOR('',#6857,1.);
#6857 = DIRECTION('',(0.,-1.));
#6858 = ( GEOMETRIC_REPRESENTATION_CONTEXT(2) 
PARAMETRIC_REPRESENTATION_CONTEXT() REPRESENTATION_CONTEXT('2D SPACE',''
  ) );
#6859 = PCURVE('',#3429,#6860);
#6860 = DEFINITIONAL_REPRESENTATION('',(#6861),#6865);
#6861 = LINE('',#6862,#6863);
#6862 = CARTESIAN_POINT('',(0.,0.));
#6863 = VECTOR('',#6864,1.);
#6864 = DIRECTION('',(0.,1.));
#6865 = ( GEOMETRIC_REPRESENTATION_CONTEXT(2) 
PARAMETRIC_REPRESENTATION_CONTEXT() REPRESENTATION_CONTEXT('2D SPACE',''
  ) );
#6866 = ORIENTED_EDGE('',*,*,#3441,.T.);
#6867 = ORIENTED_EDGE('',*,*,#6700,.T.);
#6868 = ADVANCED_FACE('',(#6869),#3290,.T.);
#6869 = FACE_BOUND('',#6870,.T.);
#6870 = EDGE_LOOP('',(#6871,#6872,#6873,#6896));
#6871 = ORIENTED_EDGE('',*,*,#3274,.F.);
#6872 = ORIENTED_EDGE('',*,*,#6724,.T.);
#6873 = ORIENTED_EDGE('',*,*,#6874,.T.);
#6874 = EDGE_CURVE('',#6725,#6875,#6877,.T.);
#6875 = VERTEX_POINT('',#6876);
#6876 = CARTESIAN_POINT('',(13.7,5.7,96.3));
#6877 = SURFACE_CURVE('',#6878,(#6882,#6889),.PCURVE_S1.);
#6878 = LINE('',#6879,#6880);
#6879 = CARTESIAN_POINT('',(13.7,5.7,-1.));
#6880 = VECTOR('',#6881,1.);
#6881 = DIRECTION('',(0.,0.,1.));
#6882 = PCURVE('',#3290,#6883);
#6883 = DEFINITIONAL_REPRESENTATION('',(#6884),#6888);
#6884 = LINE('',#6885,#6886);
#6885 = CARTESIAN_POINT('',(0.,-3.3));
#6886 = VECTOR('',#6887,1.);
#6887 = DIRECTION('',(1.,0.));
#6888 = ( GEOMETRIC_REPRESENTATION_CONTEXT(2) 
PARAMETRIC_REPRESENTATION_CONTEXT() REPRESENTATION_CONTEXT('2D SPACE',''
  ) );
#6889 = PCURVE('',#6760,#6890);
#6890 = DEFINITIONAL_REPRESENTATION('',(#6891),#6895);
#6891 = LINE('',#6892,#6893);
#6892 = CARTESIAN_POINT('',(0.,0.));
#6893 = VECTOR('',#6894,1.);
#6894 = DIRECTION('',(1.,0.));
#6895 = ( GEOMETRIC_REPRESENTATION_CONTEXT(2) 
PARAMETRIC_REPRESENTATION_CONTEXT() REPRESENTATION_CONTEXT('2D SPACE',''
  ) );
#6896 = ORIENTED_EDGE('',*,*,#6897,.F.);
#6897 = EDGE_CURVE('',#3275,#6875,#6898,.T.);
#6898 = SURFACE_CURVE('',#6899,(#6903,#6910),.PCURVE_S1.);
#6899 = LINE('',#6900,#6901);
#6900 = CARTESIAN_POINT('',(13.7,2.4,96.3));
#6901 = VECTOR('',#6902,1.);
#6902 = DIRECTION('',(0.,1.,0.));
#6903 = PCURVE('',#3290,#6904);
#6904 = DEFINITIONAL_REPRESENTATION('',(#6905),#6909);
#6905 = LINE('',#6906,#6907);
#6906 = CARTESIAN_POINT('',(97.3,0.));
#6907 = VECTOR('',#6908,1.);
#6908 = DIRECTION('',(0.,-1.));
#6909 = ( GEOMETRIC_REPRESENTATION_CONTEXT(2) 
PARAMETRIC_REPRESENTATION_CONTEXT() REPRESENTATION_CONTEXT('2D SPACE',''
  ) );
#6910 = PCURVE('',#3318,#6911);
#6911 = DEFINITIONAL_REPRESENTATION('',(#6912),#6916);
#6912 = LINE('',#6913,#6914);
#6913 = CARTESIAN_POINT('',(0.,0.));
#6914 = VECTOR('',#6915,1.);
#6915 = DIRECTION('',(0.,1.));
#6916 = ( GEOMETRIC_REPRESENTATION_CONTEXT(2) 
PARAMETRIC_REPRESENTATION_CONTEXT() REPRESENTATION_CONTEXT('2D SPACE',''
  ) );
#6917 = ADVANCED_FACE('',(#6918),#3429,.T.);
#6918 = FACE_BOUND('',#6919,.T.);
#6919 = EDGE_LOOP('',(#6920,#6921,#6922,#6945,#6966,#6967,#6986,#6987));
#6920 = ORIENTED_EDGE('',*,*,#6846,.F.);
#6921 = ORIENTED_EDGE('',*,*,#3413,.F.);
#6922 = ORIENTED_EDGE('',*,*,#6923,.T.);
#6923 = EDGE_CURVE('',#3386,#6924,#6926,.T.);
#6924 = VERTEX_POINT('',#6925);
#6925 = CARTESIAN_POINT('',(223.,6.9,99.));
#6926 = SURFACE_CURVE('',#6927,(#6931,#6938),.PCURVE_S1.);
#6927 = LINE('',#6928,#6929);
#6928 = CARTESIAN_POINT('',(223.,1.9,99.));
#6929 = VECTOR('',#6930,1.);
#6930 = DIRECTION('',(0.,1.,0.));
#6931 = PCURVE('',#3429,#6932);
#6932 = DEFINITIONAL_REPRESENTATION('',(#6933),#6937);
#6933 = LINE('',#6934,#6935);
#6934 = CARTESIAN_POINT('',(212.,0.));
#6935 = VECTOR('',#6936,1.);
#6936 = DIRECTION('',(0.,1.));
#6937 = ( GEOMETRIC_REPRESENTATION_CONTEXT(2) 
PARAMETRIC_REPRESENTATION_CONTEXT() REPRESENTATION_CONTEXT('2D SPACE',''
  ) );
#6938 = PCURVE('',#3401,#6939);
#6939 = DEFINITIONAL_REPRESENTATION('',(#6940),#6944);
#6940 = LINE('',#6941,#6942);
#6941 = CARTESIAN_POINT('',(96.,0.));
#6942 = VECTOR('',#6943,1.);
#6943 = DIRECTION('',(0.,-1.));
#6944 = ( GEOMETRIC_REPRESENTATION_CONTEXT(2) 
PARAMETRIC_REPRESENTATION_CONTEXT() REPRESENTATION_CONTEXT('2D SPACE',''
  ) );
#6945 = ORIENTED_EDGE('',*,*,#6946,.T.);
#6946 = EDGE_CURVE('',#6924,#5705,#6947,.T.);
#6947 = SURFACE_CURVE('',#6948,(#6952,#6959),.PCURVE_S1.);
#6948 = LINE('',#6949,#6950);
#6949 = CARTESIAN_POINT('',(223.,6.9,99.));
#6950 = VECTOR('',#6951,1.);
#6951 = DIRECTION('',(-1.,0.,0.));
#6952 = PCURVE('',#3429,#6953);
#6953 = DEFINITIONAL_REPRESENTATION('',(#6954),#6958);
#6954 = LINE('',#6955,#6956);
#6955 = CARTESIAN_POINT('',(212.,5.));
#6956 = VECTOR('',#6957,1.);
#6957 = DIRECTION('',(-1.,0.));
#6958 = ( GEOMETRIC_REPRESENTATION_CONTEXT(2) 
PARAMETRIC_REPRESENTATION_CONTEXT() REPRESENTATION_CONTEXT('2D SPACE',''
  ) );
#6959 = PCURVE('',#5740,#6960);
#6960 = DEFINITIONAL_REPRESENTATION('',(#6961),#6965);
#6961 = LINE('',#6962,#6963);
#6962 = CARTESIAN_POINT('',(96.,212.));
#6963 = VECTOR('',#6964,1.);
#6964 = DIRECTION('',(0.,-1.));
#6965 = ( GEOMETRIC_REPRESENTATION_CONTEXT(2) 
PARAMETRIC_REPRESENTATION_CONTEXT() REPRESENTATION_CONTEXT('2D SPACE',''
  ) );
#6966 = ORIENTED_EDGE('',*,*,#5704,.F.);
#6967 = ORIENTED_EDGE('',*,*,#6968,.T.);
#6968 = EDGE_CURVE('',#5677,#6209,#6969,.T.);
#6969 = SURFACE_CURVE('',#6970,(#6974,#6980),.PCURVE_S1.);
#6970 = LINE('',#6971,#6972);
#6971 = CARTESIAN_POINT('',(111.8,6.4,99.));
#6972 = VECTOR('',#6973,1.);
#6973 = DIRECTION('',(-1.,0.,0.));
#6974 = PCURVE('',#3429,#6975);
#6975 = DEFINITIONAL_REPRESENTATION('',(#6976),#6979);
#6976 = B_SPLINE_CURVE_WITH_KNOTS('',1,(#6977,#6978),.UNSPECIFIED.,.F.,
  .F.,(2,2),(-102.4,-100.8),.PIECEWISE_BEZIER_KNOTS.);
#6977 = CARTESIAN_POINT('',(203.2,4.5));
#6978 = CARTESIAN_POINT('',(201.6,4.5));
#6979 = ( GEOMETRIC_REPRESENTATION_CONTEXT(2) 
PARAMETRIC_REPRESENTATION_CONTEXT() REPRESENTATION_CONTEXT('2D SPACE',''
  ) );
#6980 = PCURVE('',#5692,#6981);
#6981 = DEFINITIONAL_REPRESENTATION('',(#6982),#6985);
#6982 = B_SPLINE_CURVE_WITH_KNOTS('',1,(#6983,#6984),.UNSPECIFIED.,.F.,
  .F.,(2,2),(-102.4,-100.8),.PIECEWISE_BEZIER_KNOTS.);
#6983 = CARTESIAN_POINT('',(66.,1.6));
#6984 = CARTESIAN_POINT('',(66.,0.));
#6985 = ( GEOMETRIC_REPRESENTATION_CONTEXT(2) 
PARAMETRIC_REPRESENTATION_CONTEXT() REPRESENTATION_CONTEXT('2D SPACE',''
  ) );
#6986 = ORIENTED_EDGE('',*,*,#6231,.T.);
#6987 = ORIENTED_EDGE('',*,*,#6988,.T.);
#6988 = EDGE_CURVE('',#6232,#6824,#6989,.T.);
#6989 = SURFACE_CURVE('',#6990,(#6994,#7001),.PCURVE_S1.);
#6990 = LINE('',#6991,#6992);
#6991 = CARTESIAN_POINT('',(223.,6.9,99.));
#6992 = VECTOR('',#6993,1.);
#6993 = DIRECTION('',(-1.,0.,0.));
#6994 = PCURVE('',#3429,#6995);
#6995 = DEFINITIONAL_REPRESENTATION('',(#6996),#7000);
#6996 = LINE('',#6997,#6998);
#6997 = CARTESIAN_POINT('',(212.,5.));
#6998 = VECTOR('',#6999,1.);
#6999 = DIRECTION('',(-1.,0.));
#7000 = ( GEOMETRIC_REPRESENTATION_CONTEXT(2) 
PARAMETRIC_REPRESENTATION_CONTEXT() REPRESENTATION_CONTEXT('2D SPACE',''
  ) );
#7001 = PCURVE('',#6267,#7002);
#7002 = DEFINITIONAL_REPRESENTATION('',(#7003),#7007);
#7003 = LINE('',#7004,#7005);
#7004 = CARTESIAN_POINT('',(96.,212.));
#7005 = VECTOR('',#7006,1.);
#7006 = DIRECTION('',(0.,-1.));
#7007 = ( GEOMETRIC_REPRESENTATION_CONTEXT(2) 
PARAMETRIC_REPRESENTATION_CONTEXT() REPRESENTATION_CONTEXT('2D SPACE',''
  ) );
#7008 = ADVANCED_FACE('',(#7009),#3318,.F.);
#7009 = FACE_BOUND('',#7010,.F.);
#7010 = EDGE_LOOP('',(#7011,#7012,#7013,#7036));
#7011 = ORIENTED_EDGE('',*,*,#6897,.F.);
#7012 = ORIENTED_EDGE('',*,*,#3302,.T.);
#7013 = ORIENTED_EDGE('',*,*,#7014,.T.);
#7014 = EDGE_CURVE('',#3303,#7015,#7017,.T.);
#7015 = VERTEX_POINT('',#7016);
#7016 = CARTESIAN_POINT('',(220.3,5.7,96.3));
#7017 = SURFACE_CURVE('',#7018,(#7022,#7029),.PCURVE_S1.);
#7018 = LINE('',#7019,#7020);
#7019 = CARTESIAN_POINT('',(220.3,2.4,96.3));
#7020 = VECTOR('',#7021,1.);
#7021 = DIRECTION('',(0.,1.,0.));
#7022 = PCURVE('',#3318,#7023);
#7023 = DEFINITIONAL_REPRESENTATION('',(#7024),#7028);
#7024 = LINE('',#7025,#7026);
#7025 = CARTESIAN_POINT('',(206.6,0.));
#7026 = VECTOR('',#7027,1.);
#7027 = DIRECTION('',(0.,1.));
#7028 = ( GEOMETRIC_REPRESENTATION_CONTEXT(2) 
PARAMETRIC_REPRESENTATION_CONTEXT() REPRESENTATION_CONTEXT('2D SPACE',''
  ) );
#7029 = PCURVE('',#3346,#7030);
#7030 = DEFINITIONAL_REPRESENTATION('',(#7031),#7035);
#7031 = LINE('',#7032,#7033);
#7032 = CARTESIAN_POINT('',(97.3,0.));
#7033 = VECTOR('',#7034,1.);
#7034 = DIRECTION('',(0.,-1.));
#7035 = ( GEOMETRIC_REPRESENTATION_CONTEXT(2) 
PARAMETRIC_REPRESENTATION_CONTEXT() REPRESENTATION_CONTEXT('2D SPACE',''
  ) );
#7036 = ORIENTED_EDGE('',*,*,#7037,.F.);
#7037 = EDGE_CURVE('',#6875,#7015,#7038,.T.);
#7038 = SURFACE_CURVE('',#7039,(#7043,#7050),.PCURVE_S1.);
#7039 = LINE('',#7040,#7041);
#7040 = CARTESIAN_POINT('',(13.7,5.7,96.3));
#7041 = VECTOR('',#7042,1.);
#7042 = DIRECTION('',(1.,0.,0.));
#7043 = PCURVE('',#3318,#7044);
#7044 = DEFINITIONAL_REPRESENTATION('',(#7045),#7049);
#7045 = LINE('',#7046,#7047);
#7046 = CARTESIAN_POINT('',(0.,3.3));
#7047 = VECTOR('',#7048,1.);
#7048 = DIRECTION('',(1.,0.));
#7049 = ( GEOMETRIC_REPRESENTATION_CONTEXT(2) 
PARAMETRIC_REPRESENTATION_CONTEXT() REPRESENTATION_CONTEXT('2D SPACE',''
  ) );
#7050 = PCURVE('',#6760,#7051);
#7051 = DEFINITIONAL_REPRESENTATION('',(#7052),#7056);
#7052 = LINE('',#7053,#7054);
#7053 = CARTESIAN_POINT('',(97.3,0.));
#7054 = VECTOR('',#7055,1.);
#7055 = DIRECTION('',(0.,1.));
#7056 = ( GEOMETRIC_REPRESENTATION_CONTEXT(2) 
PARAMETRIC_REPRESENTATION_CONTEXT() REPRESENTATION_CONTEXT('2D SPACE',''
  ) );
#7057 = ADVANCED_FACE('',(#7058),#3401,.T.);
#7058 = FACE_BOUND('',#7059,.T.);
#7059 = EDGE_LOOP('',(#7060,#7061,#7062,#7085));
#7060 = ORIENTED_EDGE('',*,*,#6923,.F.);
#7061 = ORIENTED_EDGE('',*,*,#3385,.F.);
#7062 = ORIENTED_EDGE('',*,*,#7063,.T.);
#7063 = EDGE_CURVE('',#3359,#7064,#7066,.T.);
#7064 = VERTEX_POINT('',#7065);
#7065 = CARTESIAN_POINT('',(223.,6.9,3.));
#7066 = SURFACE_CURVE('',#7067,(#7071,#7078),.PCURVE_S1.);
#7067 = LINE('',#7068,#7069);
#7068 = CARTESIAN_POINT('',(223.,1.9,3.));
#7069 = VECTOR('',#7070,1.);
#7070 = DIRECTION('',(0.,1.,0.));
#7071 = PCURVE('',#3401,#7072);
#7072 = DEFINITIONAL_REPRESENTATION('',(#7073),#7077);
#7073 = LINE('',#7074,#7075);
#7074 = CARTESIAN_POINT('',(0.,0.));
#7075 = VECTOR('',#7076,1.);
#7076 = DIRECTION('',(0.,-1.));
#7077 = ( GEOMETRIC_REPRESENTATION_CONTEXT(2) 
PARAMETRIC_REPRESENTATION_CONTEXT() REPRESENTATION_CONTEXT('2D SPACE',''
  ) );
#7078 = PCURVE('',#3374,#7079);
#7079 = DEFINITIONAL_REPRESENTATION('',(#7080),#7084);
#7080 = LINE('',#7081,#7082);
#7081 = CARTESIAN_POINT('',(8.,0.));
#7082 = VECTOR('',#7083,1.);
#7083 = DIRECTION('',(0.,1.));
#7084 = ( GEOMETRIC_REPRESENTATION_CONTEXT(2) 
PARAMETRIC_REPRESENTATION_CONTEXT() REPRESENTATION_CONTEXT('2D SPACE',''
  ) );
#7085 = ORIENTED_EDGE('',*,*,#7086,.T.);
#7086 = EDGE_CURVE('',#7064,#6924,#7087,.T.);
#7087 = SURFACE_CURVE('',#7088,(#7092,#7099),.PCURVE_S1.);
#7088 = LINE('',#7089,#7090);
#7089 = CARTESIAN_POINT('',(223.,6.9,3.));
#7090 = VECTOR('',#7091,1.);
#7091 = DIRECTION('',(0.,0.,1.));
#7092 = PCURVE('',#3401,#7093);
#7093 = DEFINITIONAL_REPRESENTATION('',(#7094),#7098);
#7094 = LINE('',#7095,#7096);
#7095 = CARTESIAN_POINT('',(0.,-5.));
#7096 = VECTOR('',#7097,1.);
#7097 = DIRECTION('',(1.,0.));
#7098 = ( GEOMETRIC_REPRESENTATION_CONTEXT(2) 
PARAMETRIC_REPRESENTATION_CONTEXT() REPRESENTATION_CONTEXT('2D SPACE',''
  ) );
#7099 = PCURVE('',#5740,#7100);
#7100 = DEFINITIONAL_REPRESENTATION('',(#7101),#7105);
#7101 = LINE('',#7102,#7103);
#7102 = CARTESIAN_POINT('',(0.,212.));
#7103 = VECTOR('',#7104,1.);
#7104 = DIRECTION('',(1.,0.));
#7105 = ( GEOMETRIC_REPRESENTATION_CONTEXT(2) 
PARAMETRIC_REPRESENTATION_CONTEXT() REPRESENTATION_CONTEXT('2D SPACE',''
  ) );
#7106 = ADVANCED_FACE('',(#7107),#3346,.F.);
#7107 = FACE_BOUND('',#7108,.F.);
#7108 = EDGE_LOOP('',(#7109,#7110,#7131,#7152));
#7109 = ORIENTED_EDGE('',*,*,#3330,.F.);
#7110 = ORIENTED_EDGE('',*,*,#7111,.T.);
#7111 = EDGE_CURVE('',#3331,#7112,#7114,.T.);
#7112 = VERTEX_POINT('',#7113);
#7113 = CARTESIAN_POINT('',(220.3,5.7,3.));
#7114 = SURFACE_CURVE('',#7115,(#7119,#7125),.PCURVE_S1.);
#7115 = LINE('',#7116,#7117);
#7116 = CARTESIAN_POINT('',(220.3,2.15,3.));
#7117 = VECTOR('',#7118,1.);
#7118 = DIRECTION('',(0.,1.,0.));
#7119 = PCURVE('',#3346,#7120);
#7120 = DEFINITIONAL_REPRESENTATION('',(#7121),#7124);
#7121 = B_SPLINE_CURVE_WITH_KNOTS('',1,(#7122,#7123),.UNSPECIFIED.,.F.,
  .F.,(2,2),(0.25,3.55),.PIECEWISE_BEZIER_KNOTS.);
#7122 = CARTESIAN_POINT('',(4.,0.));
#7123 = CARTESIAN_POINT('',(4.,-3.3));
#7124 = ( GEOMETRIC_REPRESENTATION_CONTEXT(2) 
PARAMETRIC_REPRESENTATION_CONTEXT() REPRESENTATION_CONTEXT('2D SPACE',''
  ) );
#7125 = PCURVE('',#3374,#7126);
#7126 = DEFINITIONAL_REPRESENTATION('',(#7127),#7130);
#7127 = B_SPLINE_CURVE_WITH_KNOTS('',1,(#7128,#7129),.UNSPECIFIED.,.F.,
  .F.,(2,2),(0.25,3.55),.PIECEWISE_BEZIER_KNOTS.);
#7128 = CARTESIAN_POINT('',(5.3,0.5));
#7129 = CARTESIAN_POINT('',(5.3,3.8));
#7130 = ( GEOMETRIC_REPRESENTATION_CONTEXT(2) 
PARAMETRIC_REPRESENTATION_CONTEXT() REPRESENTATION_CONTEXT('2D SPACE',''
  ) );
#7131 = ORIENTED_EDGE('',*,*,#7132,.T.);
#7132 = EDGE_CURVE('',#7112,#7015,#7133,.T.);
#7133 = SURFACE_CURVE('',#7134,(#7138,#7145),.PCURVE_S1.);
#7134 = LINE('',#7135,#7136);
#7135 = CARTESIAN_POINT('',(220.3,5.7,-1.));
#7136 = VECTOR('',#7137,1.);
#7137 = DIRECTION('',(0.,0.,1.));
#7138 = PCURVE('',#3346,#7139);
#7139 = DEFINITIONAL_REPRESENTATION('',(#7140),#7144);
#7140 = LINE('',#7141,#7142);
#7141 = CARTESIAN_POINT('',(0.,-3.3));
#7142 = VECTOR('',#7143,1.);
#7143 = DIRECTION('',(1.,0.));
#7144 = ( GEOMETRIC_REPRESENTATION_CONTEXT(2) 
PARAMETRIC_REPRESENTATION_CONTEXT() REPRESENTATION_CONTEXT('2D SPACE',''
  ) );
#7145 = PCURVE('',#6760,#7146);
#7146 = DEFINITIONAL_REPRESENTATION('',(#7147),#7151);
#7147 = LINE('',#7148,#7149);
#7148 = CARTESIAN_POINT('',(0.,206.6));
#7149 = VECTOR('',#7150,1.);
#7150 = DIRECTION('',(1.,0.));
#7151 = ( GEOMETRIC_REPRESENTATION_CONTEXT(2) 
PARAMETRIC_REPRESENTATION_CONTEXT() REPRESENTATION_CONTEXT('2D SPACE',''
  ) );
#7152 = ORIENTED_EDGE('',*,*,#7014,.F.);
#7153 = ADVANCED_FACE('',(#7154),#3374,.F.);
#7154 = FACE_BOUND('',#7155,.F.);
#7155 = EDGE_LOOP('',(#7156,#7186,#7205,#7206,#7207,#7208));
#7156 = ORIENTED_EDGE('',*,*,#7157,.F.);
#7157 = EDGE_CURVE('',#7158,#7160,#7162,.T.);
#7158 = VERTEX_POINT('',#7159);
#7159 = CARTESIAN_POINT('',(215.,5.7,3.));
#7160 = VERTEX_POINT('',#7161);
#7161 = CARTESIAN_POINT('',(215.,6.9,3.));
#7162 = SURFACE_CURVE('',#7163,(#7167,#7174),.PCURVE_S1.);
#7163 = LINE('',#7164,#7165);
#7164 = CARTESIAN_POINT('',(215.,1.9,3.));
#7165 = VECTOR('',#7166,1.);
#7166 = DIRECTION('',(0.,1.,0.));
#7167 = PCURVE('',#3374,#7168);
#7168 = DEFINITIONAL_REPRESENTATION('',(#7169),#7173);
#7169 = LINE('',#7170,#7171);
#7170 = CARTESIAN_POINT('',(0.,0.));
#7171 = VECTOR('',#7172,1.);
#7172 = DIRECTION('',(0.,1.));
#7173 = ( GEOMETRIC_REPRESENTATION_CONTEXT(2) 
PARAMETRIC_REPRESENTATION_CONTEXT() REPRESENTATION_CONTEXT('2D SPACE',''
  ) );
#7174 = PCURVE('',#7175,#7180);
#7175 = PLANE('',#7176);
#7176 = AXIS2_PLACEMENT_3D('',#7177,#7178,#7179);
#7177 = CARTESIAN_POINT('',(215.,1.9,3.));
#7178 = DIRECTION('',(1.,0.,0.));
#7179 = DIRECTION('',(0.,0.,1.));
#7180 = DEFINITIONAL_REPRESENTATION('',(#7181),#7185);
#7181 = LINE('',#7182,#7183);
#7182 = CARTESIAN_POINT('',(0.,0.));
#7183 = VECTOR('',#7184,1.);
#7184 = DIRECTION('',(0.,-1.));
#7185 = ( GEOMETRIC_REPRESENTATION_CONTEXT(2) 
PARAMETRIC_REPRESENTATION_CONTEXT() REPRESENTATION_CONTEXT('2D SPACE',''
  ) );
#7186 = ORIENTED_EDGE('',*,*,#7187,.F.);
#7187 = EDGE_CURVE('',#7112,#7158,#7188,.T.);
#7188 = SURFACE_CURVE('',#7189,(#7193,#7199),.PCURVE_S1.);
#7189 = LINE('',#7190,#7191);
#7190 = CARTESIAN_POINT('',(114.35,5.7,3.));
#7191 = VECTOR('',#7192,1.);
#7192 = DIRECTION('',(-1.,0.,0.));
#7193 = PCURVE('',#3374,#7194);
#7194 = DEFINITIONAL_REPRESENTATION('',(#7195),#7198);
#7195 = B_SPLINE_CURVE_WITH_KNOTS('',1,(#7196,#7197),.UNSPECIFIED.,.F.,
  .F.,(2,2),(-105.95,-100.65),.PIECEWISE_BEZIER_KNOTS.);
#7196 = CARTESIAN_POINT('',(5.3,3.8));
#7197 = CARTESIAN_POINT('',(0.,3.8));
#7198 = ( GEOMETRIC_REPRESENTATION_CONTEXT(2) 
PARAMETRIC_REPRESENTATION_CONTEXT() REPRESENTATION_CONTEXT('2D SPACE',''
  ) );
#7199 = PCURVE('',#6760,#7200);
#7200 = DEFINITIONAL_REPRESENTATION('',(#7201),#7204);
#7201 = B_SPLINE_CURVE_WITH_KNOTS('',1,(#7202,#7203),.UNSPECIFIED.,.F.,
  .F.,(2,2),(-105.95,-100.65),.PIECEWISE_BEZIER_KNOTS.);
#7202 = CARTESIAN_POINT('',(4.,206.6));
#7203 = CARTESIAN_POINT('',(4.,201.3));
#7204 = ( GEOMETRIC_REPRESENTATION_CONTEXT(2) 
PARAMETRIC_REPRESENTATION_CONTEXT() REPRESENTATION_CONTEXT('2D SPACE',''
  ) );
#7205 = ORIENTED_EDGE('',*,*,#7111,.F.);
#7206 = ORIENTED_EDGE('',*,*,#3358,.T.);
#7207 = ORIENTED_EDGE('',*,*,#7063,.T.);
#7208 = ORIENTED_EDGE('',*,*,#7209,.F.);
#7209 = EDGE_CURVE('',#7160,#7064,#7210,.T.);
#7210 = SURFACE_CURVE('',#7211,(#7215,#7222),.PCURVE_S1.);
#7211 = LINE('',#7212,#7213);
#7212 = CARTESIAN_POINT('',(215.,6.9,3.));
#7213 = VECTOR('',#7214,1.);
#7214 = DIRECTION('',(1.,0.,0.));
#7215 = PCURVE('',#3374,#7216);
#7216 = DEFINITIONAL_REPRESENTATION('',(#7217),#7221);
#7217 = LINE('',#7218,#7219);
#7218 = CARTESIAN_POINT('',(0.,5.));
#7219 = VECTOR('',#7220,1.);
#7220 = DIRECTION('',(1.,0.));
#7221 = ( GEOMETRIC_REPRESENTATION_CONTEXT(2) 
PARAMETRIC_REPRESENTATION_CONTEXT() REPRESENTATION_CONTEXT('2D SPACE',''
  ) );
#7222 = PCURVE('',#5740,#7223);
#7223 = DEFINITIONAL_REPRESENTATION('',(#7224),#7228);
#7224 = LINE('',#7225,#7226);
#7225 = CARTESIAN_POINT('',(0.,204.));
#7226 = VECTOR('',#7227,1.);
#7227 = DIRECTION('',(0.,1.));
#7228 = ( GEOMETRIC_REPRESENTATION_CONTEXT(2) 
PARAMETRIC_REPRESENTATION_CONTEXT() REPRESENTATION_CONTEXT('2D SPACE',''
  ) );
#7229 = ADVANCED_FACE('',(#7230,#7255),#3678,.F.);
#7230 = FACE_BOUND('',#7231,.F.);
#7231 = EDGE_LOOP('',(#7232,#7254));
#7232 = ORIENTED_EDGE('',*,*,#7233,.T.);
#7233 = EDGE_CURVE('',#5614,#5588,#7234,.T.);
#7234 = SURFACE_CURVE('',#7235,(#7240,#7247),.PCURVE_S1.);
#7235 = CIRCLE('',#7236,6.);
#7236 = AXIS2_PLACEMENT_3D('',#7237,#7238,#7239);
#7237 = CARTESIAN_POINT('',(218.,24.,93.));
#7238 = DIRECTION('',(0.,0.,1.));
#7239 = DIRECTION('',(-0.633333333333,-0.77387911775,0.));
#7240 = PCURVE('',#3678,#7241);
#7241 = DEFINITIONAL_REPRESENTATION('',(#7242),#7246);
#7242 = CIRCLE('',#7243,6.);
#7243 = AXIS2_PLACEMENT_2D('',#7244,#7245);
#7244 = CARTESIAN_POINT('',(0.,0.));
#7245 = DIRECTION('',(-0.633333333333,-0.77387911775));
#7246 = ( GEOMETRIC_REPRESENTATION_CONTEXT(2) 
PARAMETRIC_REPRESENTATION_CONTEXT() REPRESENTATION_CONTEXT('2D SPACE',''
  ) );
#7247 = PCURVE('',#5602,#7248);
#7248 = DEFINITIONAL_REPRESENTATION('',(#7249),#7253);
#7249 = LINE('',#7250,#7251);
#7250 = CARTESIAN_POINT('',(-4.026536015766,0.));
#7251 = VECTOR('',#7252,1.);
#7252 = DIRECTION('',(-1.,0.));
#7253 = ( GEOMETRIC_REPRESENTATION_CONTEXT(2) 
PARAMETRIC_REPRESENTATION_CONTEXT() REPRESENTATION_CONTEXT('2D SPACE',''
  ) );
#7254 = ORIENTED_EDGE('',*,*,#5613,.T.);
#7255 = FACE_BOUND('',#7256,.F.);
#7256 = EDGE_LOOP('',(#7257));
#7257 = ORIENTED_EDGE('',*,*,#3661,.T.);
#7258 = ADVANCED_FACE('',(#7259,#7437,#7440,#7443,#7446),#3737,.F.);
#7259 = FACE_BOUND('',#7260,.F.);
#7260 = EDGE_LOOP('',(#7261,#7262,#7263,#7264,#7265,#7266,#7288,#7289,
    #7311,#7312,#7334,#7335,#7354,#7355,#7381,#7382,#7408,#7409,#7435,
    #7436));
#7261 = ORIENTED_EDGE('',*,*,#4383,.F.);
#7262 = ORIENTED_EDGE('',*,*,#6669,.T.);
#7263 = ORIENTED_EDGE('',*,*,#6399,.T.);
#7264 = ORIENTED_EDGE('',*,*,#5276,.F.);
#7265 = ORIENTED_EDGE('',*,*,#5388,.F.);
#7266 = ORIENTED_EDGE('',*,*,#7267,.F.);
#7267 = EDGE_CURVE('',#5457,#5389,#7268,.T.);
#7268 = SURFACE_CURVE('',#7269,(#7274,#7281),.PCURVE_S1.);
#7269 = CIRCLE('',#7270,6.);
#7270 = AXIS2_PLACEMENT_3D('',#7271,#7272,#7273);
#7271 = CARTESIAN_POINT('',(218.,52.,109.));
#7272 = DIRECTION('',(0.,0.,1.));
#7273 = DIRECTION('',(-0.633333333333,-0.77387911775,0.));
#7274 = PCURVE('',#3737,#7275);
#7275 = DEFINITIONAL_REPRESENTATION('',(#7276),#7280);
#7276 = CIRCLE('',#7277,6.);
#7277 = AXIS2_PLACEMENT_2D('',#7278,#7279);
#7278 = CARTESIAN_POINT('',(215.6,49.6));
#7279 = DIRECTION('',(-0.633333333333,-0.77387911775));
#7280 = ( GEOMETRIC_REPRESENTATION_CONTEXT(2) 
PARAMETRIC_REPRESENTATION_CONTEXT() REPRESENTATION_CONTEXT('2D SPACE',''
  ) );
#7281 = PCURVE('',#5424,#7282);
#7282 = DEFINITIONAL_REPRESENTATION('',(#7283),#7287);
#7283 = LINE('',#7284,#7285);
#7284 = CARTESIAN_POINT('',(-4.026536015766,-16.));
#7285 = VECTOR('',#7286,1.);
#7286 = DIRECTION('',(-1.,-0.));
#7287 = ( GEOMETRIC_REPRESENTATION_CONTEXT(2) 
PARAMETRIC_REPRESENTATION_CONTEXT() REPRESENTATION_CONTEXT('2D SPACE',''
  ) );
#7288 = ORIENTED_EDGE('',*,*,#5477,.F.);
#7289 = ORIENTED_EDGE('',*,*,#7290,.F.);
#7290 = EDGE_CURVE('',#5546,#5478,#7291,.T.);
#7291 = SURFACE_CURVE('',#7292,(#7297,#7304),.PCURVE_S1.);
#7292 = CIRCLE('',#7293,6.);
#7293 = AXIS2_PLACEMENT_3D('',#7294,#7295,#7296);
#7294 = CARTESIAN_POINT('',(218.,38.,109.));
#7295 = DIRECTION('',(0.,0.,1.));
#7296 = DIRECTION('',(-0.633333333333,-0.77387911775,0.));
#7297 = PCURVE('',#3737,#7298);
#7298 = DEFINITIONAL_REPRESENTATION('',(#7299),#7303);
#7299 = CIRCLE('',#7300,6.);
#7300 = AXIS2_PLACEMENT_2D('',#7301,#7302);
#7301 = CARTESIAN_POINT('',(215.6,35.6));
#7302 = DIRECTION('',(-0.633333333333,-0.77387911775));
#7303 = ( GEOMETRIC_REPRESENTATION_CONTEXT(2) 
PARAMETRIC_REPRESENTATION_CONTEXT() REPRESENTATION_CONTEXT('2D SPACE',''
  ) );
#7304 = PCURVE('',#5513,#7305);
#7305 = DEFINITIONAL_REPRESENTATION('',(#7306),#7310);
#7306 = LINE('',#7307,#7308);
#7307 = CARTESIAN_POINT('',(-4.026536015766,-16.));
#7308 = VECTOR('',#7309,1.);
#7309 = DIRECTION('',(-1.,-0.));
#7310 = ( GEOMETRIC_REPRESENTATION_CONTEXT(2) 
PARAMETRIC_REPRESENTATION_CONTEXT() REPRESENTATION_CONTEXT('2D SPACE',''
  ) );
#7311 = ORIENTED_EDGE('',*,*,#5566,.F.);
#7312 = ORIENTED_EDGE('',*,*,#7313,.F.);
#7313 = EDGE_CURVE('',#5635,#5567,#7314,.T.);
#7314 = SURFACE_CURVE('',#7315,(#7320,#7327),.PCURVE_S1.);
#7315 = CIRCLE('',#7316,6.);
#7316 = AXIS2_PLACEMENT_3D('',#7317,#7318,#7319);
#7317 = CARTESIAN_POINT('',(218.,24.,109.));
#7318 = DIRECTION('',(0.,0.,1.));
#7319 = DIRECTION('',(-0.633333333333,-0.77387911775,0.));
#7320 = PCURVE('',#3737,#7321);
#7321 = DEFINITIONAL_REPRESENTATION('',(#7322),#7326);
#7322 = CIRCLE('',#7323,6.);
#7323 = AXIS2_PLACEMENT_2D('',#7324,#7325);
#7324 = CARTESIAN_POINT('',(215.6,21.6));
#7325 = DIRECTION('',(-0.633333333333,-0.77387911775));
#7326 = ( GEOMETRIC_REPRESENTATION_CONTEXT(2) 
PARAMETRIC_REPRESENTATION_CONTEXT() REPRESENTATION_CONTEXT('2D SPACE',''
  ) );
#7327 = PCURVE('',#5602,#7328);
#7328 = DEFINITIONAL_REPRESENTATION('',(#7329),#7333);
#7329 = LINE('',#7330,#7331);
#7330 = CARTESIAN_POINT('',(-4.026536015766,-16.));
#7331 = VECTOR('',#7332,1.);
#7332 = DIRECTION('',(-1.,-0.));
#7333 = ( GEOMETRIC_REPRESENTATION_CONTEXT(2) 
PARAMETRIC_REPRESENTATION_CONTEXT() REPRESENTATION_CONTEXT('2D SPACE',''
  ) );
#7334 = ORIENTED_EDGE('',*,*,#5655,.F.);
#7335 = ORIENTED_EDGE('',*,*,#7336,.T.);
#7336 = EDGE_CURVE('',#5656,#6188,#7337,.T.);
#7337 = SURFACE_CURVE('',#7338,(#7342,#7348),.PCURVE_S1.);
#7338 = LINE('',#7339,#7340);
#7339 = CARTESIAN_POINT('',(107.5,6.4,109.));
#7340 = VECTOR('',#7341,1.);
#7341 = DIRECTION('',(-1.,0.,0.));
#7342 = PCURVE('',#3737,#7343);
#7343 = DEFINITIONAL_REPRESENTATION('',(#7344),#7347);
#7344 = B_SPLINE_CURVE_WITH_KNOTS('',1,(#7345,#7346),.UNSPECIFIED.,.F.,
  .F.,(2,2),(-106.7,-105.1),.PIECEWISE_BEZIER_KNOTS.);
#7345 = CARTESIAN_POINT('',(211.8,4.));
#7346 = CARTESIAN_POINT('',(210.2,4.));
#7347 = ( GEOMETRIC_REPRESENTATION_CONTEXT(2) 
PARAMETRIC_REPRESENTATION_CONTEXT() REPRESENTATION_CONTEXT('2D SPACE',''
  ) );
#7348 = PCURVE('',#5692,#7349);
#7349 = DEFINITIONAL_REPRESENTATION('',(#7350),#7353);
#7350 = B_SPLINE_CURVE_WITH_KNOTS('',1,(#7351,#7352),.UNSPECIFIED.,.F.,
  .F.,(2,2),(-106.7,-105.1),.PIECEWISE_BEZIER_KNOTS.);
#7351 = CARTESIAN_POINT('',(76.,1.6));
#7352 = CARTESIAN_POINT('',(76.,0.));
#7353 = ( GEOMETRIC_REPRESENTATION_CONTEXT(2) 
PARAMETRIC_REPRESENTATION_CONTEXT() REPRESENTATION_CONTEXT('2D SPACE',''
  ) );
#7354 = ORIENTED_EDGE('',*,*,#6187,.T.);
#7355 = ORIENTED_EDGE('',*,*,#7356,.T.);
#7356 = EDGE_CURVE('',#6167,#6094,#7357,.T.);
#7357 = SURFACE_CURVE('',#7358,(#7363,#7374),.PCURVE_S1.);
#7358 = CIRCLE('',#7359,6.);
#7359 = AXIS2_PLACEMENT_3D('',#7360,#7361,#7362);
#7360 = CARTESIAN_POINT('',(218.,24.,109.));
#7361 = DIRECTION('',(0.,0.,-1.));
#7362 = DIRECTION('',(1.,0.,0.));
#7363 = PCURVE('',#3737,#7364);
#7364 = DEFINITIONAL_REPRESENTATION('',(#7365),#7373);
#7365 = ( BOUNDED_CURVE() B_SPLINE_CURVE(2,(#7366,#7367,#7368,#7369,
#7370,#7371,#7372),.UNSPECIFIED.,.T.,.F.) B_SPLINE_CURVE_WITH_KNOTS((1,2
    ,2,2,2,1),(-2.094395102393,0.,2.094395102393,4.188790204786,
6.28318530718,8.377580409573),.UNSPECIFIED.) CURVE() 
GEOMETRIC_REPRESENTATION_ITEM() RATIONAL_B_SPLINE_CURVE((1.,0.5,1.,0.5,
1.,0.5,1.)) REPRESENTATION_ITEM('') );
#7366 = CARTESIAN_POINT('',(221.6,21.6));
#7367 = CARTESIAN_POINT('',(221.6,11.207695154587));
#7368 = CARTESIAN_POINT('',(212.6,16.403847577293));
#7369 = CARTESIAN_POINT('',(203.6,21.6));
#7370 = CARTESIAN_POINT('',(212.6,26.796152422707));
#7371 = CARTESIAN_POINT('',(221.6,31.992304845413));
#7372 = CARTESIAN_POINT('',(221.6,21.6));
#7373 = ( GEOMETRIC_REPRESENTATION_CONTEXT(2) 
PARAMETRIC_REPRESENTATION_CONTEXT() REPRESENTATION_CONTEXT('2D SPACE',''
  ) );
#7374 = PCURVE('',#6129,#7375);
#7375 = DEFINITIONAL_REPRESENTATION('',(#7376),#7380);
#7376 = LINE('',#7377,#7378);
#7377 = CARTESIAN_POINT('',(-6.28318530718,-16.));
#7378 = VECTOR('',#7379,1.);
#7379 = DIRECTION('',(1.,-0.));
#7380 = ( GEOMETRIC_REPRESENTATION_CONTEXT(2) 
PARAMETRIC_REPRESENTATION_CONTEXT() REPRESENTATION_CONTEXT('2D SPACE',''
  ) );
#7381 = ORIENTED_EDGE('',*,*,#6093,.T.);
#7382 = ORIENTED_EDGE('',*,*,#7383,.T.);
#7383 = EDGE_CURVE('',#6073,#6000,#7384,.T.);
#7384 = SURFACE_CURVE('',#7385,(#7390,#7401),.PCURVE_S1.);
#7385 = CIRCLE('',#7386,6.);
#7386 = AXIS2_PLACEMENT_3D('',#7387,#7388,#7389);
#7387 = CARTESIAN_POINT('',(218.,38.,109.));
#7388 = DIRECTION('',(0.,0.,-1.));
#7389 = DIRECTION('',(1.,0.,0.));
#7390 = PCURVE('',#3737,#7391);
#7391 = DEFINITIONAL_REPRESENTATION('',(#7392),#7400);
#7392 = ( BOUNDED_CURVE() B_SPLINE_CURVE(2,(#7393,#7394,#7395,#7396,
#7397,#7398,#7399),.UNSPECIFIED.,.T.,.F.) B_SPLINE_CURVE_WITH_KNOTS((1,2
    ,2,2,2,1),(-2.094395102393,0.,2.094395102393,4.188790204786,
6.28318530718,8.377580409573),.UNSPECIFIED.) CURVE() 
GEOMETRIC_REPRESENTATION_ITEM() RATIONAL_B_SPLINE_CURVE((1.,0.5,1.,0.5,
1.,0.5,1.)) REPRESENTATION_ITEM('') );
#7393 = CARTESIAN_POINT('',(221.6,35.6));
#7394 = CARTESIAN_POINT('',(221.6,25.207695154587));
#7395 = CARTESIAN_POINT('',(212.6,30.403847577293));
#7396 = CARTESIAN_POINT('',(203.6,35.6));
#7397 = CARTESIAN_POINT('',(212.6,40.796152422707));
#7398 = CARTESIAN_POINT('',(221.6,45.992304845413));
#7399 = CARTESIAN_POINT('',(221.6,35.6));
#7400 = ( GEOMETRIC_REPRESENTATION_CONTEXT(2) 
PARAMETRIC_REPRESENTATION_CONTEXT() REPRESENTATION_CONTEXT('2D SPACE',''
  ) );
#7401 = PCURVE('',#6035,#7402);
#7402 = DEFINITIONAL_REPRESENTATION('',(#7403),#7407);
#7403 = LINE('',#7404,#7405);
#7404 = CARTESIAN_POINT('',(-6.28318530718,-16.));
#7405 = VECTOR('',#7406,1.);
#7406 = DIRECTION('',(1.,-0.));
#7407 = ( GEOMETRIC_REPRESENTATION_CONTEXT(2) 
PARAMETRIC_REPRESENTATION_CONTEXT() REPRESENTATION_CONTEXT('2D SPACE',''
  ) );
#7408 = ORIENTED_EDGE('',*,*,#5999,.T.);
#7409 = ORIENTED_EDGE('',*,*,#7410,.T.);
#7410 = EDGE_CURVE('',#5979,#5906,#7411,.T.);
#7411 = SURFACE_CURVE('',#7412,(#7417,#7428),.PCURVE_S1.);
#7412 = CIRCLE('',#7413,6.);
#7413 = AXIS2_PLACEMENT_3D('',#7414,#7415,#7416);
#7414 = CARTESIAN_POINT('',(218.,52.,109.));
#7415 = DIRECTION('',(0.,0.,-1.));
#7416 = DIRECTION('',(1.,0.,0.));
#7417 = PCURVE('',#3737,#7418);
#7418 = DEFINITIONAL_REPRESENTATION('',(#7419),#7427);
#7419 = ( BOUNDED_CURVE() B_SPLINE_CURVE(2,(#7420,#7421,#7422,#7423,
#7424,#7425,#7426),.UNSPECIFIED.,.T.,.F.) B_SPLINE_CURVE_WITH_KNOTS((1,2
    ,2,2,2,1),(-2.094395102393,0.,2.094395102393,4.188790204786,
6.28318530718,8.377580409573),.UNSPECIFIED.) CURVE() 
GEOMETRIC_REPRESENTATION_ITEM() RATIONAL_B_SPLINE_CURVE((1.,0.5,1.,0.5,
1.,0.5,1.)) REPRESENTATION_ITEM('') );
#7420 = CARTESIAN_POINT('',(221.6,49.6));
#7421 = CARTESIAN_POINT('',(221.6,39.207695154587));
#7422 = CARTESIAN_POINT('',(212.6,44.403847577293));
#7423 = CARTESIAN_POINT('',(203.6,49.6));
#7424 = CARTESIAN_POINT('',(212.6,54.796152422707));
#7425 = CARTESIAN_POINT('',(221.6,59.992304845413));
#7426 = CARTESIAN_POINT('',(221.6,49.6));
#7427 = ( GEOMETRIC_REPRESENTATION_CONTEXT(2) 
PARAMETRIC_REPRESENTATION_CONTEXT() REPRESENTATION_CONTEXT('2D SPACE',''
  ) );
#7428 = PCURVE('',#5941,#7429);
#7429 = DEFINITIONAL_REPRESENTATION('',(#7430),#7434);
#7430 = LINE('',#7431,#7432);
#7431 = CARTESIAN_POINT('',(-6.28318530718,-16.));
#7432 = VECTOR('',#7433,1.);
#7433 = DIRECTION('',(1.,-0.));
#7434 = ( GEOMETRIC_REPRESENTATION_CONTEXT(2) 
PARAMETRIC_REPRESENTATION_CONTEXT() REPRESENTATION_CONTEXT('2D SPACE',''
  ) );
#7435 = ORIENTED_EDGE('',*,*,#5905,.T.);
#7436 = ORIENTED_EDGE('',*,*,#5782,.F.);
#7437 = FACE_BOUND('',#7438,.F.);
#7438 = EDGE_LOOP('',(#7439));
#7439 = ORIENTED_EDGE('',*,*,#3720,.T.);
#7440 = FACE_BOUND('',#7441,.F.);
#7441 = EDGE_LOOP('',(#7442));
#7442 = ORIENTED_EDGE('',*,*,#3779,.T.);
#7443 = FACE_BOUND('',#7444,.F.);
#7444 = EDGE_LOOP('',(#7445));
#7445 = ORIENTED_EDGE('',*,*,#3833,.T.);
#7446 = FACE_BOUND('',#7447,.F.);
#7447 = EDGE_LOOP('',(#7448));
#7448 = ORIENTED_EDGE('',*,*,#3887,.T.);
#7449 = ADVANCED_FACE('',(#7450,#7475),#3958,.F.);
#7450 = FACE_BOUND('',#7451,.F.);
#7451 = EDGE_LOOP('',(#7452,#7474));
#7452 = ORIENTED_EDGE('',*,*,#7453,.T.);
#7453 = EDGE_CURVE('',#5525,#5499,#7454,.T.);
#7454 = SURFACE_CURVE('',#7455,(#7460,#7467),.PCURVE_S1.);
#7455 = CIRCLE('',#7456,6.);
#7456 = AXIS2_PLACEMENT_3D('',#7457,#7458,#7459);
#7457 = CARTESIAN_POINT('',(218.,38.,93.));
#7458 = DIRECTION('',(0.,0.,1.));
#7459 = DIRECTION('',(-0.633333333333,-0.77387911775,0.));
#7460 = PCURVE('',#3958,#7461);
#7461 = DEFINITIONAL_REPRESENTATION('',(#7462),#7466);
#7462 = CIRCLE('',#7463,6.);
#7463 = AXIS2_PLACEMENT_2D('',#7464,#7465);
#7464 = CARTESIAN_POINT('',(0.,0.));
#7465 = DIRECTION('',(-0.633333333333,-0.77387911775));
#7466 = ( GEOMETRIC_REPRESENTATION_CONTEXT(2) 
PARAMETRIC_REPRESENTATION_CONTEXT() REPRESENTATION_CONTEXT('2D SPACE',''
  ) );
#7467 = PCURVE('',#5513,#7468);
#7468 = DEFINITIONAL_REPRESENTATION('',(#7469),#7473);
#7469 = LINE('',#7470,#7471);
#7470 = CARTESIAN_POINT('',(-4.026536015766,0.));
#7471 = VECTOR('',#7472,1.);
#7472 = DIRECTION('',(-1.,0.));
#7473 = ( GEOMETRIC_REPRESENTATION_CONTEXT(2) 
PARAMETRIC_REPRESENTATION_CONTEXT() REPRESENTATION_CONTEXT('2D SPACE',''
  ) );
#7474 = ORIENTED_EDGE('',*,*,#5524,.T.);
#7475 = FACE_BOUND('',#7476,.F.);
#7476 = EDGE_LOOP('',(#7477));
#7477 = ORIENTED_EDGE('',*,*,#3941,.T.);
#7478 = ADVANCED_FACE('',(#7479,#7504),#4017,.F.);
#7479 = FACE_BOUND('',#7480,.F.);
#7480 = EDGE_LOOP('',(#7481,#7503));
#7481 = ORIENTED_EDGE('',*,*,#7482,.T.);
#7482 = EDGE_CURVE('',#5436,#5410,#7483,.T.);
#7483 = SURFACE_CURVE('',#7484,(#7489,#7496),.PCURVE_S1.);
#7484 = CIRCLE('',#7485,6.);
#7485 = AXIS2_PLACEMENT_3D('',#7486,#7487,#7488);
#7486 = CARTESIAN_POINT('',(218.,52.,93.));
#7487 = DIRECTION('',(0.,0.,1.));
#7488 = DIRECTION('',(-0.633333333333,-0.77387911775,0.));
#7489 = PCURVE('',#4017,#7490);
#7490 = DEFINITIONAL_REPRESENTATION('',(#7491),#7495);
#7491 = CIRCLE('',#7492,6.);
#7492 = AXIS2_PLACEMENT_2D('',#7493,#7494);
#7493 = CARTESIAN_POINT('',(0.,0.));
#7494 = DIRECTION('',(-0.633333333333,-0.77387911775));
#7495 = ( GEOMETRIC_REPRESENTATION_CONTEXT(2) 
PARAMETRIC_REPRESENTATION_CONTEXT() REPRESENTATION_CONTEXT('2D SPACE',''
  ) );
#7496 = PCURVE('',#5424,#7497);
#7497 = DEFINITIONAL_REPRESENTATION('',(#7498),#7502);
#7498 = LINE('',#7499,#7500);
#7499 = CARTESIAN_POINT('',(-4.026536015766,0.));
#7500 = VECTOR('',#7501,1.);
#7501 = DIRECTION('',(-1.,0.));
#7502 = ( GEOMETRIC_REPRESENTATION_CONTEXT(2) 
PARAMETRIC_REPRESENTATION_CONTEXT() REPRESENTATION_CONTEXT('2D SPACE',''
  ) );
#7503 = ORIENTED_EDGE('',*,*,#5435,.T.);
#7504 = FACE_BOUND('',#7505,.F.);
#7505 = EDGE_LOOP('',(#7506));
#7506 = ORIENTED_EDGE('',*,*,#4000,.T.);
#7507 = ADVANCED_FACE('',(#7508),#4368,.F.);
#7508 = FACE_BOUND('',#7509,.T.);
#7509 = EDGE_LOOP('',(#7510,#7533,#7560,#7561));
#7510 = ORIENTED_EDGE('',*,*,#7511,.T.);
#7511 = EDGE_CURVE('',#4352,#7512,#7514,.T.);
#7512 = VERTEX_POINT('',#7513);
#7513 = CARTESIAN_POINT('',(7.85,7.,13.));
#7514 = SEAM_CURVE('',#7515,(#7519,#7526),.PCURVE_S1.);
#7515 = LINE('',#7516,#7517);
#7516 = CARTESIAN_POINT('',(7.85,7.,3.));
#7517 = VECTOR('',#7518,1.);
#7518 = DIRECTION('',(0.,0.,1.));
#7519 = PCURVE('',#4368,#7520);
#7520 = DEFINITIONAL_REPRESENTATION('',(#7521),#7525);
#7521 = LINE('',#7522,#7523);
#7522 = CARTESIAN_POINT('',(-0.,0.));
#7523 = VECTOR('',#7524,1.);
#7524 = DIRECTION('',(-0.,-1.));
#7525 = ( GEOMETRIC_REPRESENTATION_CONTEXT(2) 
PARAMETRIC_REPRESENTATION_CONTEXT() REPRESENTATION_CONTEXT('2D SPACE',''
  ) );
#7526 = PCURVE('',#4368,#7527);
#7527 = DEFINITIONAL_REPRESENTATION('',(#7528),#7532);
#7528 = LINE('',#7529,#7530);
#7529 = CARTESIAN_POINT('',(-6.28318530718,0.));
#7530 = VECTOR('',#7531,1.);
#7531 = DIRECTION('',(-0.,-1.));
#7532 = ( GEOMETRIC_REPRESENTATION_CONTEXT(2) 
PARAMETRIC_REPRESENTATION_CONTEXT() REPRESENTATION_CONTEXT('2D SPACE',''
  ) );
#7533 = ORIENTED_EDGE('',*,*,#7534,.T.);
#7534 = EDGE_CURVE('',#7512,#7512,#7535,.T.);
#7535 = SURFACE_CURVE('',#7536,(#7541,#7548),.PCURVE_S1.);
#7536 = CIRCLE('',#7537,0.85);
#7537 = AXIS2_PLACEMENT_3D('',#7538,#7539,#7540);
#7538 = CARTESIAN_POINT('',(7.,7.,13.));
#7539 = DIRECTION('',(0.,0.,1.));
#7540 = DIRECTION('',(1.,0.,0.));
#7541 = PCURVE('',#4368,#7542);
#7542 = DEFINITIONAL_REPRESENTATION('',(#7543),#7547);
#7543 = LINE('',#7544,#7545);
#7544 = CARTESIAN_POINT('',(-0.,-10.));
#7545 = VECTOR('',#7546,1.);
#7546 = DIRECTION('',(-1.,0.));
#7547 = ( GEOMETRIC_REPRESENTATION_CONTEXT(2) 
PARAMETRIC_REPRESENTATION_CONTEXT() REPRESENTATION_CONTEXT('2D SPACE',''
  ) );
#7548 = PCURVE('',#7549,#7554);
#7549 = PLANE('',#7550);
#7550 = AXIS2_PLACEMENT_3D('',#7551,#7552,#7553);
#7551 = CARTESIAN_POINT('',(7.,7.,13.));
#7552 = DIRECTION('',(0.,0.,1.));
#7553 = DIRECTION('',(1.,0.,-0.));
#7554 = DEFINITIONAL_REPRESENTATION('',(#7555),#7559);
#7555 = CIRCLE('',#7556,0.85);
#7556 = AXIS2_PLACEMENT_2D('',#7557,#7558);
#7557 = CARTESIAN_POINT('',(0.,0.));
#7558 = DIRECTION('',(1.,0.));
#7559 = ( GEOMETRIC_REPRESENTATION_CONTEXT(2) 
PARAMETRIC_REPRESENTATION_CONTEXT() REPRESENTATION_CONTEXT('2D SPACE',''
  ) );
#7560 = ORIENTED_EDGE('',*,*,#7511,.F.);
#7561 = ORIENTED_EDGE('',*,*,#4351,.F.);
#7562 = ADVANCED_FACE('',(#7563),#4811,.F.);
#7563 = FACE_BOUND('',#7564,.T.);
#7564 = EDGE_LOOP('',(#7565,#7588,#7615,#7616));
#7565 = ORIENTED_EDGE('',*,*,#7566,.T.);
#7566 = EDGE_CURVE('',#4795,#7567,#7569,.T.);
#7567 = VERTEX_POINT('',#7568);
#7568 = CARTESIAN_POINT('',(7.85,73.,13.));
#7569 = SEAM_CURVE('',#7570,(#7574,#7581),.PCURVE_S1.);
#7570 = LINE('',#7571,#7572);
#7571 = CARTESIAN_POINT('',(7.85,73.,3.));
#7572 = VECTOR('',#7573,1.);
#7573 = DIRECTION('',(0.,0.,1.));
#7574 = PCURVE('',#4811,#7575);
#7575 = DEFINITIONAL_REPRESENTATION('',(#7576),#7580);
#7576 = LINE('',#7577,#7578);
#7577 = CARTESIAN_POINT('',(-0.,0.));
#7578 = VECTOR('',#7579,1.);
#7579 = DIRECTION('',(-0.,-1.));
#7580 = ( GEOMETRIC_REPRESENTATION_CONTEXT(2) 
PARAMETRIC_REPRESENTATION_CONTEXT() REPRESENTATION_CONTEXT('2D SPACE',''
  ) );
#7581 = PCURVE('',#4811,#7582);
#7582 = DEFINITIONAL_REPRESENTATION('',(#7583),#7587);
#7583 = LINE('',#7584,#7585);
#7584 = CARTESIAN_POINT('',(-6.28318530718,0.));
#7585 = VECTOR('',#7586,1.);
#7586 = DIRECTION('',(-0.,-1.));
#7587 = ( GEOMETRIC_REPRESENTATION_CONTEXT(2) 
PARAMETRIC_REPRESENTATION_CONTEXT() REPRESENTATION_CONTEXT('2D SPACE',''
  ) );
#7588 = ORIENTED_EDGE('',*,*,#7589,.T.);
#7589 = EDGE_CURVE('',#7567,#7567,#7590,.T.);
#7590 = SURFACE_CURVE('',#7591,(#7596,#7603),.PCURVE_S1.);
#7591 = CIRCLE('',#7592,0.85);
#7592 = AXIS2_PLACEMENT_3D('',#7593,#7594,#7595);
#7593 = CARTESIAN_POINT('',(7.,73.,13.));
#7594 = DIRECTION('',(0.,0.,1.));
#7595 = DIRECTION('',(1.,0.,0.));
#7596 = PCURVE('',#4811,#7597);
#7597 = DEFINITIONAL_REPRESENTATION('',(#7598),#7602);
#7598 = LINE('',#7599,#7600);
#7599 = CARTESIAN_POINT('',(-0.,-10.));
#7600 = VECTOR('',#7601,1.);
#7601 = DIRECTION('',(-1.,0.));
#7602 = ( GEOMETRIC_REPRESENTATION_CONTEXT(2) 
PARAMETRIC_REPRESENTATION_CONTEXT() REPRESENTATION_CONTEXT('2D SPACE',''
  ) );
#7603 = PCURVE('',#7604,#7609);
#7604 = PLANE('',#7605);
#7605 = AXIS2_PLACEMENT_3D('',#7606,#7607,#7608);
#7606 = CARTESIAN_POINT('',(7.,73.,13.));
#7607 = DIRECTION('',(0.,0.,1.));
#7608 = DIRECTION('',(1.,0.,-0.));
#7609 = DEFINITIONAL_REPRESENTATION('',(#7610),#7614);
#7610 = CIRCLE('',#7611,0.85);
#7611 = AXIS2_PLACEMENT_2D('',#7612,#7613);
#7612 = CARTESIAN_POINT('',(0.,0.));
#7613 = DIRECTION('',(1.,0.));
#7614 = ( GEOMETRIC_REPRESENTATION_CONTEXT(2) 
PARAMETRIC_REPRESENTATION_CONTEXT() REPRESENTATION_CONTEXT('2D SPACE',''
  ) );
#7615 = ORIENTED_EDGE('',*,*,#7566,.F.);
#7616 = ORIENTED_EDGE('',*,*,#4794,.F.);
#7617 = ADVANCED_FACE('',(#7618),#5029,.F.);
#7618 = FACE_BOUND('',#7619,.T.);
#7619 = EDGE_LOOP('',(#7620,#7643,#7670,#7671));
#7620 = ORIENTED_EDGE('',*,*,#7621,.T.);
#7621 = EDGE_CURVE('',#5013,#7622,#7624,.T.);
#7622 = VERTEX_POINT('',#7623);
#7623 = CARTESIAN_POINT('',(227.85,73.,13.));
#7624 = SEAM_CURVE('',#7625,(#7629,#7636),.PCURVE_S1.);
#7625 = LINE('',#7626,#7627);
#7626 = CARTESIAN_POINT('',(227.85,73.,3.));
#7627 = VECTOR('',#7628,1.);
#7628 = DIRECTION('',(0.,0.,1.));
#7629 = PCURVE('',#5029,#7630);
#7630 = DEFINITIONAL_REPRESENTATION('',(#7631),#7635);
#7631 = LINE('',#7632,#7633);
#7632 = CARTESIAN_POINT('',(-0.,0.));
#7633 = VECTOR('',#7634,1.);
#7634 = DIRECTION('',(-0.,-1.));
#7635 = ( GEOMETRIC_REPRESENTATION_CONTEXT(2) 
PARAMETRIC_REPRESENTATION_CONTEXT() REPRESENTATION_CONTEXT('2D SPACE',''
  ) );
#7636 = PCURVE('',#5029,#7637);
#7637 = DEFINITIONAL_REPRESENTATION('',(#7638),#7642);
#7638 = LINE('',#7639,#7640);
#7639 = CARTESIAN_POINT('',(-6.28318530718,0.));
#7640 = VECTOR('',#7641,1.);
#7641 = DIRECTION('',(-0.,-1.));
#7642 = ( GEOMETRIC_REPRESENTATION_CONTEXT(2) 
PARAMETRIC_REPRESENTATION_CONTEXT() REPRESENTATION_CONTEXT('2D SPACE',''
  ) );
#7643 = ORIENTED_EDGE('',*,*,#7644,.T.);
#7644 = EDGE_CURVE('',#7622,#7622,#7645,.T.);
#7645 = SURFACE_CURVE('',#7646,(#7651,#7658),.PCURVE_S1.);
#7646 = CIRCLE('',#7647,0.85);
#7647 = AXIS2_PLACEMENT_3D('',#7648,#7649,#7650);
#7648 = CARTESIAN_POINT('',(227.,73.,13.));
#7649 = DIRECTION('',(0.,0.,1.));
#7650 = DIRECTION('',(1.,0.,0.));
#7651 = PCURVE('',#5029,#7652);
#7652 = DEFINITIONAL_REPRESENTATION('',(#7653),#7657);
#7653 = LINE('',#7654,#7655);
#7654 = CARTESIAN_POINT('',(-0.,-10.));
#7655 = VECTOR('',#7656,1.);
#7656 = DIRECTION('',(-1.,0.));
#7657 = ( GEOMETRIC_REPRESENTATION_CONTEXT(2) 
PARAMETRIC_REPRESENTATION_CONTEXT() REPRESENTATION_CONTEXT('2D SPACE',''
  ) );
#7658 = PCURVE('',#7659,#7664);
#7659 = PLANE('',#7660);
#7660 = AXIS2_PLACEMENT_3D('',#7661,#7662,#7663);
#7661 = CARTESIAN_POINT('',(227.,73.,13.));
#7662 = DIRECTION('',(0.,0.,1.));
#7663 = DIRECTION('',(1.,0.,-0.));
#7664 = DEFINITIONAL_REPRESENTATION('',(#7665),#7669);
#7665 = CIRCLE('',#7666,0.85);
#7666 = AXIS2_PLACEMENT_2D('',#7667,#7668);
#7667 = CARTESIAN_POINT('',(0.,0.));
#7668 = DIRECTION('',(1.,0.));
#7669 = ( GEOMETRIC_REPRESENTATION_CONTEXT(2) 
PARAMETRIC_REPRESENTATION_CONTEXT() REPRESENTATION_CONTEXT('2D SPACE',''
  ) );
#7670 = ORIENTED_EDGE('',*,*,#7621,.F.);
#7671 = ORIENTED_EDGE('',*,*,#5012,.F.);
#7672 = ADVANCED_FACE('',(#7673),#5353,.F.);
#7673 = FACE_BOUND('',#7674,.F.);
#7674 = EDGE_LOOP('',(#7675,#7676,#7677,#7678));
#7675 = ORIENTED_EDGE('',*,*,#5335,.F.);
#7676 = ORIENTED_EDGE('',*,*,#5853,.F.);
#7677 = ORIENTED_EDGE('',*,*,#5879,.T.);
#7678 = ORIENTED_EDGE('',*,*,#7679,.F.);
#7679 = EDGE_CURVE('',#5338,#5880,#7680,.T.);
#7680 = SURFACE_CURVE('',#7681,(#7685,#7691),.PCURVE_S1.);
#7681 = LINE('',#7682,#7683);
#7682 = CARTESIAN_POINT('',(111.8,6.4,94.));
#7683 = VECTOR('',#7684,1.);
#7684 = DIRECTION('',(-1.,0.,0.));
#7685 = PCURVE('',#5353,#7686);
#7686 = DEFINITIONAL_REPRESENTATION('',(#7687),#7690);
#7687 = B_SPLINE_CURVE_WITH_KNOTS('',1,(#7688,#7689),.UNSPECIFIED.,.F.,
  .F.,(2,2),(-102.4,-100.8),.PIECEWISE_BEZIER_KNOTS.);
#7688 = CARTESIAN_POINT('',(61.,1.6));
#7689 = CARTESIAN_POINT('',(61.,0.));
#7690 = ( GEOMETRIC_REPRESENTATION_CONTEXT(2) 
PARAMETRIC_REPRESENTATION_CONTEXT() REPRESENTATION_CONTEXT('2D SPACE',''
  ) );
#7691 = PCURVE('',#5764,#7692);
#7692 = DEFINITIONAL_REPRESENTATION('',(#7693),#7696);
#7693 = B_SPLINE_CURVE_WITH_KNOTS('',1,(#7694,#7695),.UNSPECIFIED.,.F.,
  .F.,(2,2),(-102.4,-100.8),.PIECEWISE_BEZIER_KNOTS.);
#7694 = CARTESIAN_POINT('',(203.2,4.5));
#7695 = CARTESIAN_POINT('',(201.6,4.5));
#7696 = ( GEOMETRIC_REPRESENTATION_CONTEXT(2) 
PARAMETRIC_REPRESENTATION_CONTEXT() REPRESENTATION_CONTEXT('2D SPACE',''
  ) );
#7697 = ADVANCED_FACE('',(#7698),#5764,.F.);
#7698 = FACE_BOUND('',#7699,.F.);
#7699 = EDGE_LOOP('',(#7700,#7723,#7744,#7765,#7786,#7807,#7808,#7809));
#7700 = ORIENTED_EDGE('',*,*,#7701,.F.);
#7701 = EDGE_CURVE('',#7702,#6253,#7704,.T.);
#7702 = VERTEX_POINT('',#7703);
#7703 = CARTESIAN_POINT('',(19.,6.9,94.));
#7704 = SURFACE_CURVE('',#7705,(#7709,#7716),.PCURVE_S1.);
#7705 = LINE('',#7706,#7707);
#7706 = CARTESIAN_POINT('',(11.,6.9,94.));
#7707 = VECTOR('',#7708,1.);
#7708 = DIRECTION('',(1.,0.,0.));
#7709 = PCURVE('',#5764,#7710);
#7710 = DEFINITIONAL_REPRESENTATION('',(#7711),#7715);
#7711 = LINE('',#7712,#7713);
#7712 = CARTESIAN_POINT('',(0.,5.));
#7713 = VECTOR('',#7714,1.);
#7714 = DIRECTION('',(1.,0.));
#7715 = ( GEOMETRIC_REPRESENTATION_CONTEXT(2) 
PARAMETRIC_REPRESENTATION_CONTEXT() REPRESENTATION_CONTEXT('2D SPACE',''
  ) );
#7716 = PCURVE('',#6267,#7717);
#7717 = DEFINITIONAL_REPRESENTATION('',(#7718),#7722);
#7718 = LINE('',#7719,#7720);
#7719 = CARTESIAN_POINT('',(91.,0.));
#7720 = VECTOR('',#7721,1.);
#7721 = DIRECTION('',(0.,1.));
#7722 = ( GEOMETRIC_REPRESENTATION_CONTEXT(2) 
PARAMETRIC_REPRESENTATION_CONTEXT() REPRESENTATION_CONTEXT('2D SPACE',''
  ) );
#7723 = ORIENTED_EDGE('',*,*,#7724,.T.);
#7724 = EDGE_CURVE('',#7702,#7725,#7727,.T.);
#7725 = VERTEX_POINT('',#7726);
#7726 = CARTESIAN_POINT('',(19.,5.7,94.));
#7727 = SURFACE_CURVE('',#7728,(#7732,#7738),.PCURVE_S1.);
#7728 = LINE('',#7729,#7730);
#7729 = CARTESIAN_POINT('',(19.,1.9,94.));
#7730 = VECTOR('',#7731,1.);
#7731 = DIRECTION('',(0.,-1.,0.));
#7732 = PCURVE('',#5764,#7733);
#7733 = DEFINITIONAL_REPRESENTATION('',(#7734),#7737);
#7734 = B_SPLINE_CURVE_WITH_KNOTS('',1,(#7735,#7736),.UNSPECIFIED.,.F.,
  .F.,(2,2),(-5.,-0.5),.PIECEWISE_BEZIER_KNOTS.);
#7735 = CARTESIAN_POINT('',(8.,5.));
#7736 = CARTESIAN_POINT('',(8.,0.5));
#7737 = ( GEOMETRIC_REPRESENTATION_CONTEXT(2) 
PARAMETRIC_REPRESENTATION_CONTEXT() REPRESENTATION_CONTEXT('2D SPACE',''
  ) );
#7738 = PCURVE('',#6787,#7739);
#7739 = DEFINITIONAL_REPRESENTATION('',(#7740),#7743);
#7740 = B_SPLINE_CURVE_WITH_KNOTS('',1,(#7741,#7742),.UNSPECIFIED.,.F.,
  .F.,(2,2),(-5.,-0.5),.PIECEWISE_BEZIER_KNOTS.);
#7741 = CARTESIAN_POINT('',(91.,-5.));
#7742 = CARTESIAN_POINT('',(91.,-0.5));
#7743 = ( GEOMETRIC_REPRESENTATION_CONTEXT(2) 
PARAMETRIC_REPRESENTATION_CONTEXT() REPRESENTATION_CONTEXT('2D SPACE',''
  ) );
#7744 = ORIENTED_EDGE('',*,*,#7745,.F.);
#7745 = EDGE_CURVE('',#7746,#7725,#7748,.T.);
#7746 = VERTEX_POINT('',#7747);
#7747 = CARTESIAN_POINT('',(215.,5.7,94.));
#7748 = SURFACE_CURVE('',#7749,(#7753,#7759),.PCURVE_S1.);
#7749 = LINE('',#7750,#7751);
#7750 = CARTESIAN_POINT('',(12.35,5.7,94.));
#7751 = VECTOR('',#7752,1.);
#7752 = DIRECTION('',(-1.,0.,0.));
#7753 = PCURVE('',#5764,#7754);
#7754 = DEFINITIONAL_REPRESENTATION('',(#7755),#7758);
#7755 = B_SPLINE_CURVE_WITH_KNOTS('',1,(#7756,#7757),.UNSPECIFIED.,.F.,
  .F.,(2,2),(-202.65,-6.65),.PIECEWISE_BEZIER_KNOTS.);
#7756 = CARTESIAN_POINT('',(204.,3.8));
#7757 = CARTESIAN_POINT('',(8.,3.8));
#7758 = ( GEOMETRIC_REPRESENTATION_CONTEXT(2) 
PARAMETRIC_REPRESENTATION_CONTEXT() REPRESENTATION_CONTEXT('2D SPACE',''
  ) );
#7759 = PCURVE('',#6760,#7760);
#7760 = DEFINITIONAL_REPRESENTATION('',(#7761),#7764);
#7761 = B_SPLINE_CURVE_WITH_KNOTS('',1,(#7762,#7763),.UNSPECIFIED.,.F.,
  .F.,(2,2),(-202.65,-6.65),.PIECEWISE_BEZIER_KNOTS.);
#7762 = CARTESIAN_POINT('',(95.,201.3));
#7763 = CARTESIAN_POINT('',(95.,5.3));
#7764 = ( GEOMETRIC_REPRESENTATION_CONTEXT(2) 
PARAMETRIC_REPRESENTATION_CONTEXT() REPRESENTATION_CONTEXT('2D SPACE',''
  ) );
#7765 = ORIENTED_EDGE('',*,*,#7766,.F.);
#7766 = EDGE_CURVE('',#7767,#7746,#7769,.T.);
#7767 = VERTEX_POINT('',#7768);
#7768 = CARTESIAN_POINT('',(215.,6.9,94.));
#7769 = SURFACE_CURVE('',#7770,(#7774,#7780),.PCURVE_S1.);
#7770 = LINE('',#7771,#7772);
#7771 = CARTESIAN_POINT('',(215.,1.9,94.));
#7772 = VECTOR('',#7773,1.);
#7773 = DIRECTION('',(0.,-1.,0.));
#7774 = PCURVE('',#5764,#7775);
#7775 = DEFINITIONAL_REPRESENTATION('',(#7776),#7779);
#7776 = B_SPLINE_CURVE_WITH_KNOTS('',1,(#7777,#7778),.UNSPECIFIED.,.F.,
  .F.,(2,2),(-5.,-0.5),.PIECEWISE_BEZIER_KNOTS.);
#7777 = CARTESIAN_POINT('',(204.,5.));
#7778 = CARTESIAN_POINT('',(204.,0.5));
#7779 = ( GEOMETRIC_REPRESENTATION_CONTEXT(2) 
PARAMETRIC_REPRESENTATION_CONTEXT() REPRESENTATION_CONTEXT('2D SPACE',''
  ) );
#7780 = PCURVE('',#7175,#7781);
#7781 = DEFINITIONAL_REPRESENTATION('',(#7782),#7785);
#7782 = B_SPLINE_CURVE_WITH_KNOTS('',1,(#7783,#7784),.UNSPECIFIED.,.F.,
  .F.,(2,2),(-5.,-0.5),.PIECEWISE_BEZIER_KNOTS.);
#7783 = CARTESIAN_POINT('',(91.,-5.));
#7784 = CARTESIAN_POINT('',(91.,-0.5));
#7785 = ( GEOMETRIC_REPRESENTATION_CONTEXT(2) 
PARAMETRIC_REPRESENTATION_CONTEXT() REPRESENTATION_CONTEXT('2D SPACE',''
  ) );
#7786 = ORIENTED_EDGE('',*,*,#7787,.F.);
#7787 = EDGE_CURVE('',#5726,#7767,#7788,.T.);
#7788 = SURFACE_CURVE('',#7789,(#7793,#7800),.PCURVE_S1.);
#7789 = LINE('',#7790,#7791);
#7790 = CARTESIAN_POINT('',(11.,6.9,94.));
#7791 = VECTOR('',#7792,1.);
#7792 = DIRECTION('',(1.,0.,0.));
#7793 = PCURVE('',#5764,#7794);
#7794 = DEFINITIONAL_REPRESENTATION('',(#7795),#7799);
#7795 = LINE('',#7796,#7797);
#7796 = CARTESIAN_POINT('',(0.,5.));
#7797 = VECTOR('',#7798,1.);
#7798 = DIRECTION('',(1.,0.));
#7799 = ( GEOMETRIC_REPRESENTATION_CONTEXT(2) 
PARAMETRIC_REPRESENTATION_CONTEXT() REPRESENTATION_CONTEXT('2D SPACE',''
  ) );
#7800 = PCURVE('',#5740,#7801);
#7801 = DEFINITIONAL_REPRESENTATION('',(#7802),#7806);
#7802 = LINE('',#7803,#7804);
#7803 = CARTESIAN_POINT('',(91.,0.));
#7804 = VECTOR('',#7805,1.);
#7805 = DIRECTION('',(0.,1.));
#7806 = ( GEOMETRIC_REPRESENTATION_CONTEXT(2) 
PARAMETRIC_REPRESENTATION_CONTEXT() REPRESENTATION_CONTEXT('2D SPACE',''
  ) );
#7807 = ORIENTED_EDGE('',*,*,#5751,.F.);
#7808 = ORIENTED_EDGE('',*,*,#7679,.T.);
#7809 = ORIENTED_EDGE('',*,*,#6278,.T.);
#7810 = ADVANCED_FACE('',(#7811),#5740,.T.);
#7811 = FACE_BOUND('',#7812,.T.);
#7812 = EDGE_LOOP('',(#7813,#7814,#7815,#7816,#7837,#7838));
#7813 = ORIENTED_EDGE('',*,*,#6946,.F.);
#7814 = ORIENTED_EDGE('',*,*,#7086,.F.);
#7815 = ORIENTED_EDGE('',*,*,#7209,.F.);
#7816 = ORIENTED_EDGE('',*,*,#7817,.T.);
#7817 = EDGE_CURVE('',#7160,#7767,#7818,.T.);
#7818 = SURFACE_CURVE('',#7819,(#7823,#7830),.PCURVE_S1.);
#7819 = LINE('',#7820,#7821);
#7820 = CARTESIAN_POINT('',(215.,6.9,3.));
#7821 = VECTOR('',#7822,1.);
#7822 = DIRECTION('',(0.,0.,1.));
#7823 = PCURVE('',#5740,#7824);
#7824 = DEFINITIONAL_REPRESENTATION('',(#7825),#7829);
#7825 = LINE('',#7826,#7827);
#7826 = CARTESIAN_POINT('',(0.,204.));
#7827 = VECTOR('',#7828,1.);
#7828 = DIRECTION('',(1.,0.));
#7829 = ( GEOMETRIC_REPRESENTATION_CONTEXT(2) 
PARAMETRIC_REPRESENTATION_CONTEXT() REPRESENTATION_CONTEXT('2D SPACE',''
  ) );
#7830 = PCURVE('',#7175,#7831);
#7831 = DEFINITIONAL_REPRESENTATION('',(#7832),#7836);
#7832 = LINE('',#7833,#7834);
#7833 = CARTESIAN_POINT('',(0.,-5.));
#7834 = VECTOR('',#7835,1.);
#7835 = DIRECTION('',(1.,0.));
#7836 = ( GEOMETRIC_REPRESENTATION_CONTEXT(2) 
PARAMETRIC_REPRESENTATION_CONTEXT() REPRESENTATION_CONTEXT('2D SPACE',''
  ) );
#7837 = ORIENTED_EDGE('',*,*,#7787,.F.);
#7838 = ORIENTED_EDGE('',*,*,#5725,.F.);
#7839 = ADVANCED_FACE('',(#7840),#5692,.F.);
#7840 = FACE_BOUND('',#7841,.F.);
#7841 = EDGE_LOOP('',(#7842,#7843,#7844,#7845));
#7842 = ORIENTED_EDGE('',*,*,#5676,.F.);
#7843 = ORIENTED_EDGE('',*,*,#6968,.T.);
#7844 = ORIENTED_EDGE('',*,*,#6208,.T.);
#7845 = ORIENTED_EDGE('',*,*,#7336,.F.);
#7846 = ADVANCED_FACE('',(#7847),#5602,.T.);
#7847 = FACE_BOUND('',#7848,.F.);
#7848 = EDGE_LOOP('',(#7849,#7850,#7851,#7852));
#7849 = ORIENTED_EDGE('',*,*,#7313,.T.);
#7850 = ORIENTED_EDGE('',*,*,#5587,.T.);
#7851 = ORIENTED_EDGE('',*,*,#7233,.F.);
#7852 = ORIENTED_EDGE('',*,*,#5634,.F.);
#7853 = ADVANCED_FACE('',(#7854),#5513,.T.);
#7854 = FACE_BOUND('',#7855,.F.);
#7855 = EDGE_LOOP('',(#7856,#7857,#7858,#7859));
#7856 = ORIENTED_EDGE('',*,*,#7290,.T.);
#7857 = ORIENTED_EDGE('',*,*,#5498,.T.);
#7858 = ORIENTED_EDGE('',*,*,#7453,.F.);
#7859 = ORIENTED_EDGE('',*,*,#5545,.F.);
#7860 = ADVANCED_FACE('',(#7861),#5424,.T.);
#7861 = FACE_BOUND('',#7862,.F.);
#7862 = EDGE_LOOP('',(#7863,#7864,#7865,#7866));
#7863 = ORIENTED_EDGE('',*,*,#7267,.T.);
#7864 = ORIENTED_EDGE('',*,*,#5409,.T.);
#7865 = ORIENTED_EDGE('',*,*,#7482,.F.);
#7866 = ORIENTED_EDGE('',*,*,#5456,.F.);
#7867 = ADVANCED_FACE('',(#7868),#6267,.T.);
#7868 = FACE_BOUND('',#7869,.T.);
#7869 = EDGE_LOOP('',(#7870,#7871,#7872,#7873,#7894,#7895));
#7870 = ORIENTED_EDGE('',*,*,#6988,.F.);
#7871 = ORIENTED_EDGE('',*,*,#6252,.T.);
#7872 = ORIENTED_EDGE('',*,*,#7701,.F.);
#7873 = ORIENTED_EDGE('',*,*,#7874,.F.);
#7874 = EDGE_CURVE('',#6772,#7702,#7875,.T.);
#7875 = SURFACE_CURVE('',#7876,(#7880,#7887),.PCURVE_S1.);
#7876 = LINE('',#7877,#7878);
#7877 = CARTESIAN_POINT('',(19.,6.9,3.));
#7878 = VECTOR('',#7879,1.);
#7879 = DIRECTION('',(0.,0.,1.));
#7880 = PCURVE('',#6267,#7881);
#7881 = DEFINITIONAL_REPRESENTATION('',(#7882),#7886);
#7882 = LINE('',#7883,#7884);
#7883 = CARTESIAN_POINT('',(0.,8.));
#7884 = VECTOR('',#7885,1.);
#7885 = DIRECTION('',(1.,0.));
#7886 = ( GEOMETRIC_REPRESENTATION_CONTEXT(2) 
PARAMETRIC_REPRESENTATION_CONTEXT() REPRESENTATION_CONTEXT('2D SPACE',''
  ) );
#7887 = PCURVE('',#6787,#7888);
#7888 = DEFINITIONAL_REPRESENTATION('',(#7889),#7893);
#7889 = LINE('',#7890,#7891);
#7890 = CARTESIAN_POINT('',(0.,-5.));
#7891 = VECTOR('',#7892,1.);
#7892 = DIRECTION('',(1.,0.));
#7893 = ( GEOMETRIC_REPRESENTATION_CONTEXT(2) 
PARAMETRIC_REPRESENTATION_CONTEXT() REPRESENTATION_CONTEXT('2D SPACE',''
  ) );
#7894 = ORIENTED_EDGE('',*,*,#6799,.F.);
#7895 = ORIENTED_EDGE('',*,*,#6823,.F.);
#7896 = ADVANCED_FACE('',(#7897),#6129,.T.);
#7897 = FACE_BOUND('',#7898,.F.);
#7898 = EDGE_LOOP('',(#7899,#7921,#7922,#7923));
#7899 = ORIENTED_EDGE('',*,*,#7900,.F.);
#7900 = EDGE_CURVE('',#6115,#6141,#7901,.T.);
#7901 = SURFACE_CURVE('',#7902,(#7907,#7914),.PCURVE_S1.);
#7902 = CIRCLE('',#7903,6.);
#7903 = AXIS2_PLACEMENT_3D('',#7904,#7905,#7906);
#7904 = CARTESIAN_POINT('',(218.,24.,93.));
#7905 = DIRECTION('',(0.,0.,1.));
#7906 = DIRECTION('',(1.,0.,0.));
#7907 = PCURVE('',#6129,#7908);
#7908 = DEFINITIONAL_REPRESENTATION('',(#7909),#7913);
#7909 = LINE('',#7910,#7911);
#7910 = CARTESIAN_POINT('',(-0.,0.));
#7911 = VECTOR('',#7912,1.);
#7912 = DIRECTION('',(-1.,0.));
#7913 = ( GEOMETRIC_REPRESENTATION_CONTEXT(2) 
PARAMETRIC_REPRESENTATION_CONTEXT() REPRESENTATION_CONTEXT('2D SPACE',''
  ) );
#7914 = PCURVE('',#6155,#7915);
#7915 = DEFINITIONAL_REPRESENTATION('',(#7916),#7920);
#7916 = CIRCLE('',#7917,6.);
#7917 = AXIS2_PLACEMENT_2D('',#7918,#7919);
#7918 = CARTESIAN_POINT('',(0.,0.));
#7919 = DIRECTION('',(1.,0.));
#7920 = ( GEOMETRIC_REPRESENTATION_CONTEXT(2) 
PARAMETRIC_REPRESENTATION_CONTEXT() REPRESENTATION_CONTEXT('2D SPACE',''
  ) );
#7921 = ORIENTED_EDGE('',*,*,#6114,.F.);
#7922 = ORIENTED_EDGE('',*,*,#7356,.F.);
#7923 = ORIENTED_EDGE('',*,*,#6166,.T.);
#7924 = ADVANCED_FACE('',(#7925),#6155,.F.);
#7925 = FACE_BOUND('',#7926,.F.);
#7926 = EDGE_LOOP('',(#7927,#7928));
#7927 = ORIENTED_EDGE('',*,*,#6140,.F.);
#7928 = ORIENTED_EDGE('',*,*,#7900,.T.);
#7929 = ADVANCED_FACE('',(#7930),#6035,.T.);
#7930 = FACE_BOUND('',#7931,.F.);
#7931 = EDGE_LOOP('',(#7932,#7954,#7955,#7956));
#7932 = ORIENTED_EDGE('',*,*,#7933,.F.);
#7933 = EDGE_CURVE('',#6021,#6047,#7934,.T.);
#7934 = SURFACE_CURVE('',#7935,(#7940,#7947),.PCURVE_S1.);
#7935 = CIRCLE('',#7936,6.);
#7936 = AXIS2_PLACEMENT_3D('',#7937,#7938,#7939);
#7937 = CARTESIAN_POINT('',(218.,38.,93.));
#7938 = DIRECTION('',(0.,0.,1.));
#7939 = DIRECTION('',(1.,0.,0.));
#7940 = PCURVE('',#6035,#7941);
#7941 = DEFINITIONAL_REPRESENTATION('',(#7942),#7946);
#7942 = LINE('',#7943,#7944);
#7943 = CARTESIAN_POINT('',(-0.,0.));
#7944 = VECTOR('',#7945,1.);
#7945 = DIRECTION('',(-1.,0.));
#7946 = ( GEOMETRIC_REPRESENTATION_CONTEXT(2) 
PARAMETRIC_REPRESENTATION_CONTEXT() REPRESENTATION_CONTEXT('2D SPACE',''
  ) );
#7947 = PCURVE('',#6061,#7948);
#7948 = DEFINITIONAL_REPRESENTATION('',(#7949),#7953);
#7949 = CIRCLE('',#7950,6.);
#7950 = AXIS2_PLACEMENT_2D('',#7951,#7952);
#7951 = CARTESIAN_POINT('',(0.,0.));
#7952 = DIRECTION('',(1.,0.));
#7953 = ( GEOMETRIC_REPRESENTATION_CONTEXT(2) 
PARAMETRIC_REPRESENTATION_CONTEXT() REPRESENTATION_CONTEXT('2D SPACE',''
  ) );
#7954 = ORIENTED_EDGE('',*,*,#6020,.F.);
#7955 = ORIENTED_EDGE('',*,*,#7383,.F.);
#7956 = ORIENTED_EDGE('',*,*,#6072,.T.);
#7957 = ADVANCED_FACE('',(#7958),#6061,.F.);
#7958 = FACE_BOUND('',#7959,.F.);
#7959 = EDGE_LOOP('',(#7960,#7961));
#7960 = ORIENTED_EDGE('',*,*,#6046,.F.);
#7961 = ORIENTED_EDGE('',*,*,#7933,.T.);
#7962 = ADVANCED_FACE('',(#7963),#5941,.T.);
#7963 = FACE_BOUND('',#7964,.F.);
#7964 = EDGE_LOOP('',(#7965,#7987,#7988,#7989));
#7965 = ORIENTED_EDGE('',*,*,#7966,.F.);
#7966 = EDGE_CURVE('',#5927,#5953,#7967,.T.);
#7967 = SURFACE_CURVE('',#7968,(#7973,#7980),.PCURVE_S1.);
#7968 = CIRCLE('',#7969,6.);
#7969 = AXIS2_PLACEMENT_3D('',#7970,#7971,#7972);
#7970 = CARTESIAN_POINT('',(218.,52.,93.));
#7971 = DIRECTION('',(0.,0.,1.));
#7972 = DIRECTION('',(1.,0.,0.));
#7973 = PCURVE('',#5941,#7974);
#7974 = DEFINITIONAL_REPRESENTATION('',(#7975),#7979);
#7975 = LINE('',#7976,#7977);
#7976 = CARTESIAN_POINT('',(-0.,0.));
#7977 = VECTOR('',#7978,1.);
#7978 = DIRECTION('',(-1.,0.));
#7979 = ( GEOMETRIC_REPRESENTATION_CONTEXT(2) 
PARAMETRIC_REPRESENTATION_CONTEXT() REPRESENTATION_CONTEXT('2D SPACE',''
  ) );
#7980 = PCURVE('',#5967,#7981);
#7981 = DEFINITIONAL_REPRESENTATION('',(#7982),#7986);
#7982 = CIRCLE('',#7983,6.);
#7983 = AXIS2_PLACEMENT_2D('',#7984,#7985);
#7984 = CARTESIAN_POINT('',(0.,0.));
#7985 = DIRECTION('',(1.,0.));
#7986 = ( GEOMETRIC_REPRESENTATION_CONTEXT(2) 
PARAMETRIC_REPRESENTATION_CONTEXT() REPRESENTATION_CONTEXT('2D SPACE',''
  ) );
#7987 = ORIENTED_EDGE('',*,*,#5926,.F.);
#7988 = ORIENTED_EDGE('',*,*,#7410,.F.);
#7989 = ORIENTED_EDGE('',*,*,#5978,.T.);
#7990 = ADVANCED_FACE('',(#7991),#5967,.F.);
#7991 = FACE_BOUND('',#7992,.F.);
#7992 = EDGE_LOOP('',(#7993,#7994));
#7993 = ORIENTED_EDGE('',*,*,#5952,.F.);
#7994 = ORIENTED_EDGE('',*,*,#7966,.T.);
#7995 = ADVANCED_FACE('',(#7996),#6499,.F.);
#7996 = FACE_BOUND('',#7997,.T.);
#7997 = EDGE_LOOP('',(#7998,#8021,#8048,#8049));
#7998 = ORIENTED_EDGE('',*,*,#7999,.T.);
#7999 = EDGE_CURVE('',#6483,#8000,#8002,.T.);
#8000 = VERTEX_POINT('',#8001);
#8001 = CARTESIAN_POINT('',(227.85,7.,13.));
#8002 = SEAM_CURVE('',#8003,(#8007,#8014),.PCURVE_S1.);
#8003 = LINE('',#8004,#8005);
#8004 = CARTESIAN_POINT('',(227.85,7.,3.));
#8005 = VECTOR('',#8006,1.);
#8006 = DIRECTION('',(0.,0.,1.));
#8007 = PCURVE('',#6499,#8008);
#8008 = DEFINITIONAL_REPRESENTATION('',(#8009),#8013);
#8009 = LINE('',#8010,#8011);
#8010 = CARTESIAN_POINT('',(-0.,0.));
#8011 = VECTOR('',#8012,1.);
#8012 = DIRECTION('',(-0.,-1.));
#8013 = ( GEOMETRIC_REPRESENTATION_CONTEXT(2) 
PARAMETRIC_REPRESENTATION_CONTEXT() REPRESENTATION_CONTEXT('2D SPACE',''
  ) );
#8014 = PCURVE('',#6499,#8015);
#8015 = DEFINITIONAL_REPRESENTATION('',(#8016),#8020);
#8016 = LINE('',#8017,#8018);
#8017 = CARTESIAN_POINT('',(-6.28318530718,0.));
#8018 = VECTOR('',#8019,1.);
#8019 = DIRECTION('',(-0.,-1.));
#8020 = ( GEOMETRIC_REPRESENTATION_CONTEXT(2) 
PARAMETRIC_REPRESENTATION_CONTEXT() REPRESENTATION_CONTEXT('2D SPACE',''
  ) );
#8021 = ORIENTED_EDGE('',*,*,#8022,.T.);
#8022 = EDGE_CURVE('',#8000,#8000,#8023,.T.);
#8023 = SURFACE_CURVE('',#8024,(#8029,#8036),.PCURVE_S1.);
#8024 = CIRCLE('',#8025,0.85);
#8025 = AXIS2_PLACEMENT_3D('',#8026,#8027,#8028);
#8026 = CARTESIAN_POINT('',(227.,7.,13.));
#8027 = DIRECTION('',(0.,0.,1.));
#8028 = DIRECTION('',(1.,0.,0.));
#8029 = PCURVE('',#6499,#8030);
#8030 = DEFINITIONAL_REPRESENTATION('',(#8031),#8035);
#8031 = LINE('',#8032,#8033);
#8032 = CARTESIAN_POINT('',(-0.,-10.));
#8033 = VECTOR('',#8034,1.);
#8034 = DIRECTION('',(-1.,0.));
#8035 = ( GEOMETRIC_REPRESENTATION_CONTEXT(2) 
PARAMETRIC_REPRESENTATION_CONTEXT() REPRESENTATION_CONTEXT('2D SPACE',''
  ) );
#8036 = PCURVE('',#8037,#8042);
#8037 = PLANE('',#8038);
#8038 = AXIS2_PLACEMENT_3D('',#8039,#8040,#8041);
#8039 = CARTESIAN_POINT('',(227.,7.,13.));
#8040 = DIRECTION('',(0.,0.,1.));
#8041 = DIRECTION('',(1.,0.,-0.));
#8042 = DEFINITIONAL_REPRESENTATION('',(#8043),#8047);
#8043 = CIRCLE('',#8044,0.85);
#8044 = AXIS2_PLACEMENT_2D('',#8045,#8046);
#8045 = CARTESIAN_POINT('',(0.,0.));
#8046 = DIRECTION('',(1.,0.));
#8047 = ( GEOMETRIC_REPRESENTATION_CONTEXT(2) 
PARAMETRIC_REPRESENTATION_CONTEXT() REPRESENTATION_CONTEXT('2D SPACE',''
  ) );
#8048 = ORIENTED_EDGE('',*,*,#7999,.F.);
#8049 = ORIENTED_EDGE('',*,*,#6482,.F.);
#8050 = ADVANCED_FACE('',(#8051),#6787,.T.);
#8051 = FACE_BOUND('',#8052,.T.);
#8052 = EDGE_LOOP('',(#8053,#8054,#8055,#8074));
#8053 = ORIENTED_EDGE('',*,*,#7874,.T.);
#8054 = ORIENTED_EDGE('',*,*,#7724,.T.);
#8055 = ORIENTED_EDGE('',*,*,#8056,.F.);
#8056 = EDGE_CURVE('',#6746,#7725,#8057,.T.);
#8057 = SURFACE_CURVE('',#8058,(#8062,#8068),.PCURVE_S1.);
#8058 = LINE('',#8059,#8060);
#8059 = CARTESIAN_POINT('',(19.,5.7,1.));
#8060 = VECTOR('',#8061,1.);
#8061 = DIRECTION('',(0.,0.,1.));
#8062 = PCURVE('',#6787,#8063);
#8063 = DEFINITIONAL_REPRESENTATION('',(#8064),#8067);
#8064 = B_SPLINE_CURVE_WITH_KNOTS('',1,(#8065,#8066),.UNSPECIFIED.,.F.,
  .F.,(2,2),(2.,93.),.PIECEWISE_BEZIER_KNOTS.);
#8065 = CARTESIAN_POINT('',(0.,-3.8));
#8066 = CARTESIAN_POINT('',(91.,-3.8));
#8067 = ( GEOMETRIC_REPRESENTATION_CONTEXT(2) 
PARAMETRIC_REPRESENTATION_CONTEXT() REPRESENTATION_CONTEXT('2D SPACE',''
  ) );
#8068 = PCURVE('',#6760,#8069);
#8069 = DEFINITIONAL_REPRESENTATION('',(#8070),#8073);
#8070 = B_SPLINE_CURVE_WITH_KNOTS('',1,(#8071,#8072),.UNSPECIFIED.,.F.,
  .F.,(2,2),(2.,93.),.PIECEWISE_BEZIER_KNOTS.);
#8071 = CARTESIAN_POINT('',(4.,5.3));
#8072 = CARTESIAN_POINT('',(95.,5.3));
#8073 = ( GEOMETRIC_REPRESENTATION_CONTEXT(2) 
PARAMETRIC_REPRESENTATION_CONTEXT() REPRESENTATION_CONTEXT('2D SPACE',''
  ) );
#8074 = ORIENTED_EDGE('',*,*,#6771,.T.);
#8075 = ADVANCED_FACE('',(#8076),#6760,.F.);
#8076 = FACE_BOUND('',#8077,.F.);
#8077 = EDGE_LOOP('',(#8078,#8079,#8080,#8099,#8100,#8101,#8102,#8103));
#8078 = ORIENTED_EDGE('',*,*,#7132,.F.);
#8079 = ORIENTED_EDGE('',*,*,#7187,.T.);
#8080 = ORIENTED_EDGE('',*,*,#8081,.T.);
#8081 = EDGE_CURVE('',#7158,#7746,#8082,.T.);
#8082 = SURFACE_CURVE('',#8083,(#8087,#8093),.PCURVE_S1.);
#8083 = LINE('',#8084,#8085);
#8084 = CARTESIAN_POINT('',(215.,5.7,1.));
#8085 = VECTOR('',#8086,1.);
#8086 = DIRECTION('',(0.,0.,1.));
#8087 = PCURVE('',#6760,#8088);
#8088 = DEFINITIONAL_REPRESENTATION('',(#8089),#8092);
#8089 = B_SPLINE_CURVE_WITH_KNOTS('',1,(#8090,#8091),.UNSPECIFIED.,.F.,
  .F.,(2,2),(2.,93.),.PIECEWISE_BEZIER_KNOTS.);
#8090 = CARTESIAN_POINT('',(4.,201.3));
#8091 = CARTESIAN_POINT('',(95.,201.3));
#8092 = ( GEOMETRIC_REPRESENTATION_CONTEXT(2) 
PARAMETRIC_REPRESENTATION_CONTEXT() REPRESENTATION_CONTEXT('2D SPACE',''
  ) );
#8093 = PCURVE('',#7175,#8094);
#8094 = DEFINITIONAL_REPRESENTATION('',(#8095),#8098);
#8095 = B_SPLINE_CURVE_WITH_KNOTS('',1,(#8096,#8097),.UNSPECIFIED.,.F.,
  .F.,(2,2),(2.,93.),.PIECEWISE_BEZIER_KNOTS.);
#8096 = CARTESIAN_POINT('',(0.,-3.8));
#8097 = CARTESIAN_POINT('',(91.,-3.8));
#8098 = ( GEOMETRIC_REPRESENTATION_CONTEXT(2) 
PARAMETRIC_REPRESENTATION_CONTEXT() REPRESENTATION_CONTEXT('2D SPACE',''
  ) );
#8099 = ORIENTED_EDGE('',*,*,#7745,.T.);
#8100 = ORIENTED_EDGE('',*,*,#8056,.F.);
#8101 = ORIENTED_EDGE('',*,*,#6745,.T.);
#8102 = ORIENTED_EDGE('',*,*,#6874,.T.);
#8103 = ORIENTED_EDGE('',*,*,#7037,.T.);
#8104 = ADVANCED_FACE('',(#8105),#7175,.F.);
#8105 = FACE_BOUND('',#8106,.F.);
#8106 = EDGE_LOOP('',(#8107,#8108,#8109,#8110));
#8107 = ORIENTED_EDGE('',*,*,#7817,.T.);
#8108 = ORIENTED_EDGE('',*,*,#7766,.T.);
#8109 = ORIENTED_EDGE('',*,*,#8081,.F.);
#8110 = ORIENTED_EDGE('',*,*,#7157,.T.);
#8111 = ADVANCED_FACE('',(#8112),#7549,.F.);
#8112 = FACE_BOUND('',#8113,.F.);
#8113 = EDGE_LOOP('',(#8114));
#8114 = ORIENTED_EDGE('',*,*,#7534,.T.);
#8115 = ADVANCED_FACE('',(#8116),#7604,.F.);
#8116 = FACE_BOUND('',#8117,.F.);
#8117 = EDGE_LOOP('',(#8118));
#8118 = ORIENTED_EDGE('',*,*,#7589,.T.);
#8119 = ADVANCED_FACE('',(#8120),#7659,.F.);
#8120 = FACE_BOUND('',#8121,.F.);
#8121 = EDGE_LOOP('',(#8122));
#8122 = ORIENTED_EDGE('',*,*,#7644,.T.);
#8123 = ADVANCED_FACE('',(#8124),#8037,.F.);
#8124 = FACE_BOUND('',#8125,.F.);
#8125 = EDGE_LOOP('',(#8126));
#8126 = ORIENTED_EDGE('',*,*,#8022,.T.);
#8127 = ( GEOMETRIC_REPRESENTATION_CONTEXT(3) 
GLOBAL_UNCERTAINTY_ASSIGNED_CONTEXT((#8131)) 
GLOBAL_UNIT_ASSIGNED_CONTEXT((#8128,#8129,#8130)) REPRESENTATION_CONTEXT
('Context #1','3D Context with UNIT and UNCERTAINTY') );
#8128 = ( LENGTH_UNIT() NAMED_UNIT(*) SI_UNIT(.MILLI.,.METRE.) );
#8129 = ( NAMED_UNIT(*) PLANE_ANGLE_UNIT() SI_UNIT($,.RADIAN.) );
#8130 = ( NAMED_UNIT(*) SI_UNIT($,.STERADIAN.) SOLID_ANGLE_UNIT() );
#8131 = UNCERTAINTY_MEASURE_WITH_UNIT(LENGTH_MEASURE(1.E-07),#8128,
  'distance_accuracy_value','confusion accuracy');
#8132 = PRODUCT_RELATED_PRODUCT_CATEGORY('part',$,(#7));
ENDSEC;
END-ISO-10303-21;
